# max_attributes; 15
# description; Austrailan macroeconomic dataset
# number_predictions; 75
# predict; Cap-MacEqu
# lag_parameter; 4
# horizon; 1
# name_prefix; aus_macrodata
# predict_model; lstm
# method; Part-GFS_granger_graph(n_components=15)
# prediction_type; rolling
0
1.1476057254690275
9.671447504495696
-0.07489658455700976
0.9486957536324496
7.2165943122460305
-4.907604074440677
13.563898091679725
-7.88001231661309
29.64716579896902
31.739181147639933
-15.934919947575505
-27.77926330547027
5.063556090358055
32.36051654597366
-5.986789990198872
-0.5754195229354693
2.8786473359861375
11.34002031971707
-15.16580812326805
-6.3771924953655414
29.523270122816605
-9.22726438911743
11.978426812788385
13.660703992417126
-7.234659727281517
3.5206969856674206
14.418799520691401
10.47111329253164
12.085754631789413
15.972981471071591
14.52138202189014
-3.7913203343700204
17.790852828768635
-12.546885302209677
-6.847712550611661
19.055141578082804
20.691670208413733
25.393688314731243
12.833533789546543
9.023961471312752
16.407218805137845
5.448132380090094
3.4348559940265773
-1.5802822087088657
-0.13606475876726876
0.755413537337347
5.288421781077368
21.943314227392896
22.562976892341503
5.669415160952717
6.149585328503271
-12.071463996388072
-20.983642171336644
-3.871129562829765
2.88625969045912
1.8482364828962972
1.085243247973203
-4.22055364398755
-17.942666036080787
-12.822702026568674
-10.67394486809009
-6.6833664955232095
4.703790831196471
17.41766317540609
21.41020842727115
14.503095360307007
1.9883562553137608
-2.733720475918588
-7.691815635079969
-8.836188537884716
-12.771740361149
-16.680003949105114
-11.965022159052893
-10.67822238757281
-0.8430745841886562
