# max_attributes; 15
# description; Austrailan macroeconomic dataset
# number_predictions; 75
# predict; Cons-Alc
# lag_parameter; 4
# horizon; 1
# name_prefix; aus_macrodata
# predict_model; lstm
# method; dm_FactorAnalysis(copy=True, iterated_power=3, max_iter=1000, n_components=11, noise_variance_init=None, random_state=0, svd_method='randomized', tol=0.01)
# prediction_type; rolling
0
-9.3626006390465
-2.1423634090535337
-0.3402516667219331
1.4296898672389933
4.500663033947271
7.176637930152268
2.463953975390906
2.177017398742837
3.1861208156279037
4.7285311430116845
6.7118840438734715
9.13488496377401
10.29305314100911
5.218321924367782
7.23841576577
7.401221903159708
3.9790884651835867
5.594980673648234
0.5369062343103952
6.516592017829748
1.9865490027989452
6.486468867879076
1.3850516140639844
0.9117734758764104
4.409359807122678
-2.7776323982968023
4.005182933423013
1.6812790947375245
3.2577342585051134
2.713271542811258
2.001114508757599
3.5159678043483087
1.2734705713916608
4.230964192435069
7.425549622922606
6.910826288991828
7.442568061951274
6.245312122125334
3.762733401747006
1.9418444302366797
2.8073822903630674
3.6415643441943004
4.887078691480989
3.736744160268694
2.594408631418103
1.318532384386618
1.7387726979384492
2.995071461851639
2.655937106139751
5.5226642452661
0.8900826149508543
-0.012037903445046183
0.4490931757725196
1.2255331497652353
7.2075126998251875
5.125863855946417
2.9703847331390563
-0.6621518243319446
-1.4012442564554508
-3.0887843938786794
-1.3649640145918305
1.0539728532575907
2.723423714612574
3.512449339789695
3.2276730066492156
4.793640864645214
2.25420785995912
0.0034083239763802453
-1.1769025702761216
-3.46145469520949
-3.8835541622507614
-3.027040160083823
-2.0124967849266806
-1.0231556611857346
1.9028822323523826
