# max_attributes; 15
# description; Austrailan macroeconomic dataset
# number_predictions; 75
# predict; UrateLabForce
# lag_parameter; 4
# horizon; 1
# name_prefix; aus_macrodata
# predict_model; lstm
# method; dm_PCA(copy=True, iterated_power='auto', n_components=13, random_state=None, svd_solver='auto', tol=0.0, whiten=False)
# prediction_type; rolling
0
-34.924687231409806
-6.674056864590042
0.7832811624366798
2.7989440956579585
8.808906966371367
-6.435820354894574
-9.2162766934713
9.940902578699607
2.1814816120070333
-7.16409923915802
10.876699407295419
24.6645507507003
-12.095605218011428
-34.00628963461973
2.420627291228598
32.96883701438469
8.339104978378188
5.391418270094405
14.17189343769283
-12.832634858963601
14.919378528195153
6.378867292391789
7.956003669317738
-13.350270528648721
-25.447282481269767
-22.962232368651584
-2.9830331517667616
-11.85249328673224
23.406953368341334
8.760811898440664
-23.265866578821345
11.043895683145237
20.718243599567188
-11.644066172873792
-10.969735135365298
7.859529417979431
3.414235937065314
35.82064043152215
24.98685134770281
9.984576809809639
-18.45006946909281
-30.39752303467037
-28.390991572876857
-5.633319143444112
10.119440744387518
-3.586073933809928
11.945144069749247
8.095299805335358
5.461106114269981
3.3186026675386557
24.088569126677697
-5.40975435697608
23.75627902950717
11.861534567205268
-17.808309429856862
-44.855318672620314
-42.266498223216885
-28.178120892959583
-5.473055285230799
24.62088788420934
41.44169467282714
40.29680021784736
0.6030837623636245
-16.970776780103847
-11.43821882754564
-22.86670706300616
-9.646950297984944
-7.832134277698273
11.910016032184558
13.717865540977485
-13.925604369383976
-10.776934372736676
-22.47246274494144
-6.214267106003035
12.128125801495983
