# max_attributes; 15
# description; Austrailan macroeconomic dataset
# number_predictions; 75
# predict; 5yrT-bond
# lag_parameter; 4
# horizon; 1
# name_prefix; aus_macrodata
# predict_model; lstm
# method; Part-GFS_granger_graph(n_components=4)
# prediction_type; rolling
0
-0.19484186428440298
-0.19607528286788978
-0.1852170153255619
-0.0998548146150724
-0.10354902466641525
-0.16496785778389977
-0.3857107270924822
-0.518283024505191
-0.48486076840347203
-0.4669623322203327
-0.46465844103910237
-0.30512482061192414
0.020649499650902126
0.36008729184666466
0.37698895538320953
0.3330939170305236
0.16597563118802983
-0.2604772366643031
-0.429572849972194
-0.2557936431541763
-0.02595689081085073
0.11449064942873521
0.18283756584465838
0.13266498061129295
-0.04624884806372709
-0.16955587166988018
-0.07511744520461061
-0.1109577890264497
0.0295489606790984
0.1138732204109063
0.12690985890516382
0.0036000523581469768
-0.28030818536858604
-0.1464945044037116
0.06074035380638976
0.1091422209426185
0.21592289417491384
0.19874869436068265
-0.13630174358171976
-0.22633506255018854
-0.16425340968975366
-0.09465397795820985
0.013421338556574014
0.09854228708322421
0.1549818632146831
0.4143271931340651
0.4878666933477376
0.17906332225261457
-0.20586806791333334
-0.3699278057831443
-0.4595120156742989
-0.46293282577665296
-0.18252821463383873
-0.13594178457552197
-0.12421341617763693
-0.2646778459893613
-0.2894534088640903
-0.08041175028910219
-0.003004154201844189
0.2432306453451747
0.20266208499591154
0.10754097434773313
-0.022525236835476026
-0.074544735167557
-0.3712467278255813
-0.5330379850375655
-0.5207167542722346
-0.5071289975234865
-0.3317567969696966
-0.1587637229639347
0.0018466076870606862
0.09474865886861261
0.19117237776795815
0.20751956432828056
0.0395044038198511
