# max_attributes; 15
# description; Austrailan macroeconomic dataset
# number_predictions; 75
# predict; M3
# lag_parameter; 4
# horizon; 1
# name_prefix; aus_macrodata
# predict_model; lstm
# method; dm_PCA(copy=True, iterated_power='auto', n_components=5, random_state=None, svd_solver='auto', tol=0.0, whiten=False)
# prediction_type; rolling
0
0.382433918679574
0.8466116556910421
-0.5283173386912416
2.0432214576869363
0.6242755907405417
3.7882272990381836
-3.4317004726777522
-0.7561908604261021
2.203307560661397
-0.30543470312063903
2.2675306636791213
0.8454868597817153
-2.2923824563183928
-4.354675708106274
0.11373220471640977
0.6643546224663872
-2.765347529476994
-2.9108081201633347
-0.5876825051550014
0.0019532371271822058
-2.718790897293985
1.7975094747484874
8.019631428396757
2.0334422752407733
0.6365364992455511
-0.694706941442714
-7.01208623571193
-5.866014168118442
-0.5286423266275193
5.686359436780496
2.702069078839834
0.5488150801859497
3.7190386335914916
-0.5732057698117359
-1.4341389089247585
-2.2080016600063708
-2.483729655358079
-2.1498921287509525
0.016244265078288578
2.9206783340795184
-0.6332188018367795
0.5356741718794602
1.8467008305577437
-1.0042452888792823
-2.818571690131879
2.0618344031282803
2.4816154115462155
1.119284975472869
3.036922720325645
0.24552325412198783
-1.4300259122507022
2.516397561972994
2.711706870430607
0.5696016462400557
-3.6084179388067703
-5.1488997975201745
-5.782171501181423
-5.983880328579044
-4.000753293943825
-2.47655565218032
-0.664896684378725
3.2972464985289314
3.084938632754991
4.962953173117221
5.365047662743333
-1.1013976890247505
1.5065545283954194
-1.7425967769887656
-1.7451122680280022
-1.887446432561127
-1.4576245630989852
0.0714837730003488
0.2554775924039383
1.5836399786313962
1.1649436702085687
