# max_attributes; 15
# description; Austrailan macroeconomic dataset
# number_predictions; 75
# predict; ExrateHKD
# lag_parameter; 4
# horizon; 1
# name_prefix; aus_macrodata
# predict_model; lstm
# method; Part-GFS_granger_graph(n_components=11)
# prediction_type; rolling
0
13.268071027991326
13.553532509860702
21.909508690279267
3.2566615869717026
-2.973506105413165
-0.1643542341426496
-7.482803904130549
-12.957996695984804
-24.555909904283197
-11.31088749422284
-34.32501420502737
-8.16683673438449
5.66883392135307
10.336268560159851
19.897347431877023
9.250328674629685
-7.26027474042715
-18.426436962641915
-10.493862362151091
-22.944221043025962
-24.126617607929745
-9.16188114184827
-7.965122787242194
5.03165307148339
0.702767334864518
-3.444631613423269
-0.24252535917241858
-1.5527889984358438
9.019546424574244
22.948363400110566
33.00646259868688
26.200180812081385
10.139563242818426
9.600861788203474
-5.670267973965792
-2.6912485243880724
36.99710360091953
19.792926625562956
-1.0243177208838006
0.11869418316679514
-4.755990256772705
-7.377348927290797
-5.178955862851382
-2.51011659849226
6.507738857291784
20.419613686274957
14.44824209847954
9.63679414450769
7.583418148978865
-8.379632528434371
-23.903186079748053
-11.933478428538976
-6.6504182980743565
8.019108108094144
-2.0267838227083814
-18.644525276440902
-39.51594697782883
-15.88130274322289
23.141378148125042
44.036165006144756
41.00950273989844
31.00566707714046
33.223182157378346
7.3332705488836325
-5.579291384485629
-12.226250076575212
-4.702700057919742
-1.6670648415240947
-2.5754112865845684
4.338322845424997
-3.954285042978512
-2.4549101424887567
-17.86634237264269
-18.47973730042162
-13.72702414895268
