# max_attributes; 15
# description; Austrailan macroeconomic dataset
# number_predictions; 75
# predict; BM
# lag_parameter; 4
# horizon; 1
# name_prefix; aus_macrodata
# predict_model; lstm
# method; dm_KernelPCA_fit_inverse_transform_True_kernel_rbf(alpha=1.0, coef0=1, copy_X=True, degree=3, eigen_solver='auto', fit_inverse_transform=True, gamma=None, kernel='rbf', kernel_params=None, max_iter=None, n_components=7, n_jobs=1, random_state=None, remove_zero_eig=False, tol=0)
# prediction_type; rolling
0
2.555786475560737
-0.5288253287952607
-0.510592445055984
1.462849541650698
-0.2279077331229935
-1.9909707852572893
-0.0353154453153266
-0.7668542860183294
-0.8833965092075893
2.834648680536361
-0.34174432408144284
-0.7431485878899089
-0.18644103403298828
-0.23079801513637932
-0.28486321501676315
0.6012646801173673
-1.5027003393579648
-0.26729968673932447
0.977723271215801
0.4481784697499869
-1.0739909889509889
-0.9318927229370715
2.2455209846455304
-2.1119189574252495
1.387715032204234
-4.581482852661232
-1.122703909716968
0.6342413360793238
0.27276887004319406
-1.0696581305112254
0.4045921450308221
2.4550651483258505
0.9675239353087619
-1.7892947539789823
0.9166490733384478
-0.4209719037083559
-1.8547890060267633
2.7370715287659024
2.729885574727298
-0.7149587210832209
-0.9887969132245722
0.20362009104858814
-0.3181386445852503
1.8560048328805863
1.5992698268503887
0.17075884120074392
1.9705338605236982
3.052473874049177
2.8112468851750947
0.4411848592349017
-0.7992077489640899
-1.2392230516834069
-1.0151761863298852
-2.592207147098609
-3.6814164635228828
-2.2884210683456203
-3.526324751350298
-3.721422634124316
-0.8719097539831395
2.4240773243970644
2.637370904495814
4.278748467621998
0.815750790061923
-0.36517817669662733
0.5757612111891355
1.744122452121072
-0.8542103029490811
-0.9187094978351986
-1.066147220061957
-2.9287185529428257
-0.13232454254632842
0.9353205003113452
2.6623319646877235
0.13618701628375263
2.362973633846103
