# max_attributes; 15
# description; Austrailan macroeconomic dataset
# number_predictions; 75
# predict; BusInv
# lag_parameter; 4
# horizon; 1
# name_prefix; aus_macrodata
# predict_model; lstm
# method; Hits_granger__graph(n_components=9)
# prediction_type; rolling
0
31.38577062123843
27.39828648138006
24.116351901425922
-0.12840115634877947
13.074182113377248
17.264510893709293
6.0075290981503215
3.4022604070421636
17.336404327802462
16.30270112104639
9.476668716746815
-9.244277874861304
-19.51322945492408
1.2509588724488978
0.09481237525259445
2.206680285741868
11.25436669291215
22.310552749093183
-0.4692943691426663
-0.7113392580511473
-7.32412121262697
-13.493674723466093
14.582900902812682
26.695503109554842
23.798247136330083
10.372007607630238
10.355685038767
-7.704866752931352
0.8678040715595685
5.536628477638118
13.119333441376568
12.454837407280174
17.86552188179386
11.953484693932921
-1.2126027395248826
-7.15399721377274
6.510604673055468
22.219769613775604
12.005465692251384
23.69409981195586
29.264859403567776
12.621495091047805
2.123059724271556
-1.5886327185134306
2.406058611128948
7.191900323338899
18.773339506989053
26.710535248247233
13.44108298530604
14.556179388689642
12.54536657495774
2.9823283462835235
8.211504894079368
4.785659894114026
10.237418486406362
11.972813690534636
-0.4108028760526352
-15.346124985672262
-25.57322166906312
-16.805900092483924
0.534011656700514
12.785441498658585
28.461985325618194
21.921295860853384
20.457467567787
19.498623038920947
17.443489440012463
10.613455329385182
1.2326937943391059
5.2230882660721605
0.44596725350086786
-4.233225209881262
-2.2204012470001047
-6.824511952808422
-1.4064315287782705
