# max_attributes; 15
# description; Austrailan macroeconomic dataset
# number_predictions; 75
# predict; Cons-EGF
# lag_parameter; 4
# horizon; 1
# name_prefix; aus_macrodata
# predict_model; lstm
# method; Part-GFS_granger_graph(n_components=3)
# prediction_type; rolling
0
-2.161753000388554
0.04576215722390842
2.378213886644584
5.081952876891918
1.6611950081619824
-0.7849956136207652
2.0676632848818457
2.758471827693061
10.867482693652263
9.764203945797313
14.55191796702318
9.65436883159077
2.9655461902822644
2.2960360481840247
0.28007764793234813
3.640842351475438
8.473780650147194
5.797254928763746
2.132437794767668
2.3587890208537097
4.283053905740289
-8.399955668862178
-6.3507646593881475
4.064323927195176
3.5472979368332034
0.18962386943019993
7.268220128691727
2.2955833352846327
7.91713183386759
4.946140748277525
-6.652682374400152
3.2801381252738118
5.9505487401085375
10.455994527359515
8.783241258544468
5.138801428631446
1.7757191832841563
1.940832283710023
1.6347565748374393
-9.875133710559703
0.24919043976954214
-5.639791239315901
-1.261334902751539
11.492038444840787
-2.5429842741707276
2.1481312615454655
3.5731234665401033
2.3126401643709897
2.3101868086969723
2.018740691288613
4.927283514814356
11.395150919556883
-2.2968686476192666
-4.239990765969015
6.134632252222424
3.5655283370510595
1.9191891247121262
0.5481481089009002
2.7162702794523526
0.4605307508337937
4.318294122551102
6.000122543795513
2.5567708189789577
-4.79032597850555
-12.45435227662558
-7.211443270475769
-4.484441802013478
-4.923440982961637
-7.926309150881064
-9.073676040924772
-3.0178539875819332
-3.7450205998247696
-7.494435845089695
1.167295682145145
-4.619789029304265
