# max_attributes; 15
# description; Austrailan macroeconomic dataset
# number_predictions; 75
# predict; HCE-MaiRep
# lag_parameter; 4
# horizon; 1
# name_prefix; aus_macrodata
# predict_model; lstm
# method; Part-GFS_granger_graph(n_components=1)
# prediction_type; rolling
0
1.8812845957717705
1.6703903739819914
0.5823232781445355
1.3881344035004588
0.9222639657495648
-1.4414134958828502
0.037147500641250275
-1.8562360374792561
-0.696113999717042
-0.13468162011531604
-1.22267016113004
1.550122940382625
-0.05659494166689427
1.6841502065796128
0.6020065689966501
-2.427592863536402
0.9409196745962412
-5.359418080562284
-0.4262357215737467
1.462946195082374
-2.3499042669599213
4.562876609646764
1.7047570473746312
1.3788415802818506
1.2496188968912882
1.6052939031787687
-1.5394944998193303
-0.11695158431486163
-1.1358999901149964
-0.7408743253981633
-0.4283556402357931
-0.7365007325650978
0.1596696699632929
0.12177652196107758
-0.7603559214351598
0.6894678101413838
0.2928806029348827
0.36629433098254083
-2.1367648634123917
2.260651311973902
-1.4296525650582037
0.43091204198777433
0.5180431405667107
-0.32170897596678927
0.40741141137165116
-0.26969082159642355
0.21118146419254558
0.581566391812018
-1.0749127857818728
0.9340365736424552
-1.2483013259247908
-0.45142209622358465
0.9755644745234129
-0.2726705971018646
0.9093661130986561
-0.27247633314835795
0.23787311909415365
-0.15858351725835362
-0.6266375667708033
-0.8212773095654562
-1.0026030714590668
-1.7271672790791772
1.957512497266137
-3.363678669976471
3.218495742758474
-0.8526514688327538
0.187257274464681
0.48619765236303536
0.0688263252345429
0.30460119479650416
-0.4205160812376896
-0.4068677115642103
-2.5540618819247882
-0.39694857286708185
-2.2391727519089635
