# max_attributes; 15
# description; Austrailan macroeconomic dataset
# number_predictions; 75
# predict; Emp-TotalPer
# lag_parameter; 4
# horizon; 1
# name_prefix; aus_macrodata
# predict_model; lstm
# method; Hits_granger__graph(n_components=3)
# prediction_type; rolling
0
1.5273133653765965
2.1386806991863287
1.3722600643197334
0.9650373243790273
0.13258309451467687
0.6566611205518336
0.6229413700077129
0.9368992477731837
0.956236352252585
1.4202003282100732
2.0993516101002165
3.005954234212988
3.412867901572834
1.2186580211627267
1.8274738621772744
0.656689918950784
0.8518317251416692
1.4795370482771308
1.4777454250479485
2.7121058022404996
2.959186994872017
1.0287758910635874
2.1369142462113477
1.3327173682114855
0.7601666480419786
1.2116305315417182
2.1452476411831802
2.6165912635614395
2.5595101157334246
2.8765002154734076
2.2392270211150485
1.8979578302285582
2.5800753472105797
2.9306570786332116
1.9398769611478213
1.8881822477187433
1.8710111456548773
2.777396081082671
1.7982464351103506
3.0189983216241365
2.9449832616952647
2.8632452421486865
3.250583254511842
3.5451772702303823
2.939421769312158
2.6418077766076347
3.9161568849535926
2.9237155306909606
3.2690609422036725
2.4801929757710455
1.7463353935505745
0.1072974199591914
-0.16771050984650326
-0.3261227926643939
0.3327507882200029
1.3974566225698055
1.4952065519327382
2.7283734962617037
2.1801349740595444
2.9939682045144544
2.6119327257028995
2.453243570088802
1.7838436074904616
1.371811534925059
1.3871842109883366
0.3471259512361762
0.6533003247184315
0.17086228921386226
0.12210954765864956
0.33726737491521286
0.5092824794356963
0.9819796265646188
0.7802654361597581
1.0649752517850408
1.1813405115812432
