# max_attributes; 15
# description; Austrailan macroeconomic dataset
# number_predictions; 75
# predict; LabForce
# lag_parameter; 4
# horizon; 1
# name_prefix; aus_macrodata
# predict_model; lstm
# method; dm_FactorAnalysis(copy=True, iterated_power=3, max_iter=1000, n_components=9, noise_variance_init=None, random_state=0, svd_method='randomized', tol=0.01)
# prediction_type; rolling
0
1.2333728984743952
1.3542471602781487
0.7581982186183065
1.2231295752435012
0.6419902107036866
0.855576893332753
0.7188725084143186
0.532823810503255
0.061277888442205386
-0.16129063526193876
1.4113292737276322
2.262678630109731
1.6839254515077922
0.22710670361908925
0.5484773151004136
1.3880965948681505
1.980178963689044
2.144268214984926
3.0524916715313184
1.5988562796460652
1.2821513712684764
0.6636485613014702
1.4062701262548216
2.189205694010729
1.9711703177246125
1.9433024125534002
1.7304495596691745
1.5427620916048845
1.095872812251448
1.1209566808325275
1.8515573544815436
1.3667966219691234
1.6120494258717935
1.413238846701384
1.006703410294269
1.1103751753674584
1.1471402842576388
2.25749537232731
3.014498861989713
4.002887297216901
3.317176735049488
2.27336203087337
1.7942991732999352
1.8039834493521856
2.0879981428067538
1.907623636062575
2.782613068903305
3.002269590209922
2.8119941651570723
3.381263920781781
2.77356329762918
2.670865688329352
2.4671195212103436
1.5832716232236164
1.6605148689648603
2.075906934566648
1.7306548190273758
1.670684203357333
1.5338650714810493
1.4167978383460504
1.4992702406528557
1.8713529488643779
2.2240564564537104
1.5115492667135701
1.6435572881411311
1.0149244331400198
1.0764796583991842
0.8999870871378446
0.9055195428623939
1.3918294511033513
1.7383926194842305
1.5974216672802448
1.5720568981463494
1.3836704834124054
1.360507754298429
