# max_attributes; 15
# description; Austrailan macroeconomic dataset
# number_predictions; 75
# predict; Emp.HoursPer
# lag_parameter; 4
# horizon; 1
# name_prefix; aus_macrodata
# predict_model; lstm
# method; Hits_te_(n_components=15)
# prediction_type; rolling
0
-0.05978050745923991
2.0336797609543593
2.4615507271596835
-0.014366446543289335
-0.5471958591410759
1.101318590805886
0.019460706667111083
0.8486279024854708
2.6177636577774193
1.65334271609325
-1.0151521390681637
-0.6553374214471956
3.1181030918702417
2.0968042166011918
0.753778696382386
4.425752713789293
5.7268606958220625
2.9161402479392935
1.208296723829906
3.1728570084377834
-2.616627717429747
-2.144067599443157
-0.8687948968062296
-1.189187276662902
-0.8347362215843503
2.0567854083046297
2.471603853496547
2.9383098314298666
1.3750308127143542
3.4570072568314627
2.898786488551047
3.371446364675438
2.303680980136641
1.2123934580222544
1.0635842438649599
1.2552753248736979
1.9880046662444952
2.7273870440887853
3.5490707169364635
2.649415252265949
2.515623794436734
2.035216867594305
0.8073047565371629
2.3633313586345652
2.5458796063138687
3.177936360287469
3.368693040072139
2.6096948870649728
2.1571329504361616
2.340899910032264
3.105807070068491
2.220830184057534
0.9443117516748201
-1.2994557655987133
-2.0246433917517797
-1.2543181178562515
-1.015480925263999
0.5398498638222433
1.9983246455999781
4.045783111402417
3.374405024779045
2.5251615037282944
1.6833458073546224
1.4844014784099597
2.4871844119853863
1.655901512327838
-0.38715180037288555
-0.8117041458607073
-1.6368968112055242
-1.7776626098437296
-1.3417390836233523
0.2636453511043886
0.862747004255529
1.7357736966757775
2.2022768330622347
