# max_attributes; 15
# description; Austrailan macroeconomic dataset
# number_predictions; 75
# predict; IP-NMM
# lag_parameter; 4
# horizon; 1
# name_prefix; aus_macrodata
# predict_model; lstm
# method; Hits_te_(n_components=1)
# prediction_type; rolling
0
-1.5730981089558327
-5.180725329786753
-12.172452285665997
-8.032606275389199
-7.0694026140015325
2.011194974759178
0.09989398620827217
5.67434058979957
-1.1491184346565717
8.036182627044369
6.073174248032913
2.7297399055887723
9.81108602910723
-0.29942430833996525
-3.3626011800048303
12.553037139691796
21.12163849069168
26.14004753140631
13.74007669178971
2.2160639624183887
-1.1628754973225028
-6.592410335530019
-6.2469417442433866
10.716816229333304
-9.798141877774412
10.74739237501835
3.558991190986248
-1.1639824507235659
12.187797589649875
4.892181635409457
2.5906272542911353
3.7980600822305206
9.36332613199312
2.66094908502825
8.564215921043456
-1.7048310709130448
1.2941039528742664
2.2864463726948685
1.5490116400461602
6.740584540410467
3.6211017405244377
4.326192506384913
9.523894954686455
6.229645690973072
5.12206446559415
6.0827458152520535
9.132374899023304
-6.047602016358638
7.560941647983512
-2.497073764991441
8.006718941991238
-5.583865642545618
-7.169755374569434
-3.3824106893760586
-5.272949417618506
14.140793822974118
17.368086174000382
-0.07001510000846167
6.200754757928436
-10.484722840744482
-7.552585019949618
-10.533996035168869
-8.941211250119522
-3.4271624472717264
-16.032101404702857
-3.364754507267591
-8.574969384062726
-1.426115624772038
11.99555117510127
9.187678511229592
1.5502727959110416
2.910839684894839
4.013403822968442
8.058475897529448
3.971670027579151
