# max_attributes; 15
# description; Austrailan macroeconomic dataset
# number_predictions; 75
# predict; ExrateHKD
# lag_parameter; 4
# horizon; 1
# name_prefix; aus_macrodata
# predict_model; lstm
# method; dm_FactorAnalysis(copy=True, iterated_power=3, max_iter=1000, n_components=2, noise_variance_init=None, random_state=0, svd_method='randomized', tol=0.01)
# prediction_type; rolling
0
-13.850049885802363
-8.718211847402443
-8.489264743083766
-0.22002708077539523
-0.1370399655524892
-0.9200692763239999
1.7022525922327105
-2.6679695486334225
-6.108087107692782
-12.80366195341631
-14.948683707588984
-14.077263233651507
-10.725181975322812
-10.879780329986076
-12.816741168888214
-10.817202874255372
0.8548816524807847
1.9082654443053002
3.3173734801854664
5.544033872326963
-5.135125282630412
-17.414207074383654
-21.848441329111708
-23.081061067534932
-20.696360155107925
-8.80868149054649
-0.08620338696633212
11.024975435632811
20.95898431005358
21.54742733916865
16.39614283931516
16.81503259685141
22.760914922866704
20.095948728515538
22.561411261749896
21.292352220686325
5.045229094364686
-0.6391094779193764
-4.86415232704735
-4.9204233703567155
-3.7846912156928028
-4.671847303903448
-2.7663374156942098
-0.6203626024096422
2.587827007874651
9.19282068226019
11.79409413894119
11.491974400466887
16.82522221820743
21.452009899784073
16.683682801162632
7.681633932138823
2.2613535674131384
-16.235871149632203
-38.861342382386695
-31.10565656695833
-16.122538226729134
-1.5642257077787178
18.579996682834647
26.98822889158049
21.072844457146218
17.39340767173114
16.71369402426096
8.859412215920543
7.280162850711662
-3.172229069172346
-1.5771021447161644
-0.5613946045921239
-5.540905407914593
-5.68544594726923
-9.452199169617671
-7.815766257694406
-9.67724278714823
-9.467356865067671
-8.395195780953273
