# max_attributes; 15
# description; Austrailan macroeconomic dataset
# number_predictions; 75
# predict; EXrateKRW
# lag_parameter; 4
# horizon; 1
# name_prefix; aus_macrodata
# predict_model; lstm
# method; dm_FactorAnalysis(copy=True, iterated_power=3, max_iter=1000, n_components=1, noise_variance_init=None, random_state=0, svd_method='randomized', tol=0.01)
# prediction_type; rolling
0
-2.076598385232458
-5.920109745029585
8.575440808009432
-3.2359261777996124
15.666290625269852
4.246647228027342
12.655026649169429
7.630651588314365
24.57172813377497
28.362473478836236
15.237557891985048
24.23153979189084
6.032694269143732
5.090295677108045
-4.835565040154393
-5.9286896671799525
-17.41784360255214
-10.960489855468573
-6.413389425117401
-14.129195909517179
-7.888938504305671
-11.005025425402572
-17.018087099858988
-9.22888024249395
-8.673373334814968
-3.0449038850598384
2.6649330082287435
4.025671181097906
8.63541922483627
5.983033031431589
10.623210928935848
4.632470220782082
14.61415108091299
21.914555620162417
14.687409636983205
18.486253739729506
8.601793426042704
-2.7313112758862275
-0.11699278902355559
-7.906574448182646
-9.152927165417836
-8.911666237607513
-13.050541670675564
-10.696842117797189
-6.359230565876608
-4.470421989631028
-3.4369009776382597
4.331828533059749
3.326615186296266
10.214763076531938
26.907898105447643
21.593958269351276
23.266668286879238
6.557680155052864
2.4846634750670233
0.6580770615234997
4.342692720198201
13.486909360850305
11.630207116665645
14.425276301155364
6.794727095124642
11.452900543632595
3.710756635866872
8.485209808535501
0.3036665110217598
4.965263824567302
0.9028834117100075
1.7715676076556974
0.5994459051996017
-1.3287421838671776
-6.096555286914125
-7.770637889390578
-11.609094489857085
-11.120803725541471
-12.24933699232691
