# max_attributes; 15
# description; Austrailan macroeconomic dataset
# number_predictions; 75
# predict; Gov-NatLoc
# lag_parameter; 4
# horizon; 1
# name_prefix; aus_macrodata
# predict_model; lstm
# method; Hits_te_(n_components=12)
# prediction_type; rolling
0
1.2859428783948186
10.2366009051888
10.708671921473671
-0.052447071704772696
2.1585343542718114
2.800672135458962
-0.9268671248540503
3.39309864010192
5.134719005850448
8.358229136044963
3.075085069870001
1.3633332315148614
7.917158443429583
4.668164739863261
0.7413604890598116
0.024655036508056227
2.8654621764276147
0.9874550635705983
5.600345743606015
-5.626700904419453
2.648831375962814
-0.7743689248739898
4.4450601554849545
11.03849369777337
3.430230787847485
0.9971797355846466
-1.6253276582918508
-1.4682621761467987
1.4575310619543451
1.6897399487301197
4.601211727268021
5.656699514337493
5.386312173499409
3.4117868965272358
4.292682246686645
1.0622829875548412
0.4745781009327068
0.21670179954509017
2.226877902666166
3.4971883397326025
7.494788112012525
7.196606699255032
5.195192938693992
3.4149424595403524
1.5398586493643904
-2.001705148122629
-2.282823370230922
-1.6342034830988217
5.885376833588639
3.390894814866435
3.1785869314615596
2.3447678000725034
-1.134434476530279
-0.11327052986887765
2.387848687202421
4.009357173149617
4.101092438830603
5.336051642880047
6.105440093749079
1.4155933193252235
1.3861840167577668
1.0334017557097894
2.205139999991541
2.0932586092862735
3.937252823091823
4.890172329187859
2.434699454575531
0.2541887684494082
1.7196667303436026
-0.6604683067215875
0.3638254803102914
0.5314016881664969
2.9904840547796834
0.273383912244368
2.925580531564096
