# max_attributes; 15
# description; Austrailan macroeconomic dataset
# number_predictions; 75
# predict; ExrateCNY
# lag_parameter; 4
# horizon; 1
# name_prefix; aus_macrodata
# predict_model; lstm
# method; Part-GFS_granger_graph(n_components=1)
# prediction_type; rolling
0
4.636416470970147
5.0016240448385645
7.734989198136759
4.894434629877523
5.0753349298019685
2.187122807316797
-4.293963870007559
-8.568072900560708
-14.850192295145362
-16.616347585838568
-16.153961088319377
-14.492840802545473
-18.378755205110295
-7.966240960525113
-9.938137399949767
1.8169951621437264
3.9159717324963026
1.976401464209772
0.23729153492442379
-9.493166551977396
-14.473481173705167
-16.616868652453306
-19.280345746048226
-15.114002309885905
-9.998140224740524
-1.5047744453484313
3.056111613041523
8.082330199426366
12.512809316963441
15.548874091383766
25.15194141149118
24.04142820931827
22.58899510275151
18.182274618744643
6.0343480137364764
8.919824536494204
6.933989565125017
5.000561870585429
-0.2425907762361561
-3.0712509969625614
-1.0955267220218587
-4.3873851017250445
0.7473456071813729
-2.1763291066422283
-1.4362441649970634
0.7127648208832795
1.6251925453568248
7.307163445892002
5.059512541634859
6.209897360347924
1.9248659719086874
-14.634150060260794
-19.703922801280413
-20.89563221074782
-12.596308632534871
-8.178816098319231
-6.873914987309334
0.7732887122887888
0.8360872598779281
14.332594386928548
9.55989474964295
9.64488873091804
8.262468940452337
2.621000948702104
7.267782834431131
9.14189911949569
2.9599247200611387
-1.2807959651007508
-1.3026607218965864
-11.049792940470383
-10.990571715601746
-10.457781102020448
-12.468787599086781
-9.711794078912064
-0.06821382950789712
