# max_attributes; 15
# description; Austrailan macroeconomic dataset
# number_predictions; 75
# predict; Cons-Edu
# lag_parameter; 4
# horizon; 1
# name_prefix; aus_macrodata
# predict_model; lstm
# method; dm_FactorAnalysis(copy=True, iterated_power=3, max_iter=1000, n_components=2, noise_variance_init=None, random_state=0, svd_method='randomized', tol=0.01)
# prediction_type; rolling
0
1.4116299917076933
-0.41240915137213285
3.8283126689938456
-0.020897745194904616
-0.693662856596843
3.7996457183867207
5.85572255718688
8.170208620644622
2.6830896167122873
7.349157720153105
6.960405209424984
3.292892008856878
4.954205378945275
0.34631420841185445
1.2149312033941975
2.3929782691495696
1.3477842193445042
2.0102715737645305
6.85601774600503
7.636756755809429
-1.4117773926318087
0.745481323533026
3.9181775236599385
-0.6659021973351926
1.1804340366672026
4.4517752729994555
4.404047801844548
3.8429204846263403
2.2091831588958897
0.43655345693861136
-0.7397571959112632
0.45190102319924996
-0.6629264116495612
7.002075246116995
8.368800034474447
1.2114945259559562
3.411843393456703
1.6790117588881088
1.3486698544769737
3.33691039876458
0.9493594368780993
2.894388474578406
1.5824065237167346
0.46126603376912456
4.853115163525796
1.5654710110815522
1.828889367392172
3.45641433706221
3.724676575321844
1.4957382180127343
8.586624964635945
13.812763045391922
6.988888836141712
-4.318251801039709
-4.28009913011798
1.620275817216342
0.9368998673978322
5.285360621743372
4.595530896374989
1.0043785512227856
0.8392592395497225
2.7786297659007353
3.883089072835755
3.669991833425133
2.71578452885484
2.1122706625561065
5.480157747447354
3.0399269873386885
3.9624128038041597
3.3347466604525984
3.989627364434565
2.83703004411122
2.4317267427150817
2.833626933019108
1.8370408254481667
