# max_attributes; 15
# description; Austrailan macroeconomic dataset
# number_predictions; 75
# predict; Cons-RecCul
# lag_parameter; 4
# horizon; 1
# name_prefix; aus_macrodata
# predict_model; lstm
# method; Hits_granger__graph(n_components=6)
# prediction_type; rolling
0
5.607796038685379
7.753519085270522
6.337121880496241
5.2170475038132125
5.731105630869745
7.584443154577983
8.7499589840737
8.410617808981925
6.574973018773704
6.9218445801644215
5.131289283265442
2.315017631944457
5.162853475656654
3.9319099215455786
5.276314003274887
4.476640739174162
8.621366131650834
8.92506850625384
5.792783633083037
1.855719182246439
4.465281342892702
-5.831410927866559
-3.6669460377230614
1.5456186866701263
3.209965560089895
8.969740289383175
13.763355240229949
14.961096636568403
10.876434487044722
6.452038592213885
6.42088437462888
3.894538397347553
4.600555624350715
8.104668308318473
10.022818594432756
9.298039218515271
4.6798064617716335
6.701048007056553
5.9084313376155215
3.5011366292955834
4.035072732922956
3.736274585247049
1.7609724574568908
5.1229486165712075
5.954423935804481
4.971107098486833
4.638257835774503
8.172923312021933
6.949711263926055
4.740476931560234
2.2903862682337035
0.7567981518733777
0.40040918006399906
-1.3416433898797049
-3.3453150007221293
-4.082223442604427
-3.2203355347398332
2.683511496675827
5.1039157295773165
7.662510479822487
8.093045909331146
8.43843227897107
7.9705678698197495
4.879582156844183
3.9708227189537375
2.871529423721263
-0.0534242281135171
-1.0693534009590078
-1.69118365519763
-0.24305401365411683
-0.7574786040397861
-0.7786387188017407
1.14460531089534
-0.13171684611709544
1.3361447668186326
