# max_attributes; 15
# description; Austrailan macroeconomic dataset
# number_predictions; 75
# predict; IP-PCCR
# lag_parameter; 4
# horizon; 1
# name_prefix; aus_macrodata
# predict_model; lstm
# method; dm_KernelPCA_fit_inverse_transform_True_kernel_rbf(alpha=1.0, coef0=1, copy_X=True, degree=3, eigen_solver='auto', fit_inverse_transform=True, gamma=None, kernel='rbf', kernel_params=None, max_iter=None, n_components=8, n_jobs=1, random_state=None, remove_zero_eig=False, tol=0)
# prediction_type; rolling
0
11.454893692026687
16.81850939692984
1.3779475125141971
9.370847353852724
6.900831522886563
4.472485787104048
-5.190158761452217
3.1151376964459914
-1.046052996477215
4.926643853365896
2.537197343508943
3.1247727645479983
2.6378680615995975
-0.9059603657600448
1.1187075036989924
-0.32703761372238915
4.7612040663672985
7.383283942731623
-3.1717946195553495
-2.5129196945614325
7.68105792652473
-11.623714143217654
9.09333850022449
2.479242094003851
-6.732415144362051
-1.9952142608372583
5.859526260834642
6.8041533754996095
10.869453099802385
8.36233910792842
0.5484122309422261
-12.65513873739242
-4.0615837126306005
-3.3060369376798633
-5.234524156732384
2.83429750227792
6.268897003997466
-4.175397167406807
-5.433995256164479
-4.910502484148971
-7.526835955517818
-10.440442764984276
-5.324262536113828
-7.371024939191095
-1.7206840916614752
8.29699697287846
9.864880747710586
8.352458440051265
7.420054637272557
1.9540993952937527
-5.276836589789504
-8.922585775121
-13.364645000647876
-12.376839556282626
-14.73813970216446
-8.074586428401908
-3.8385224399239135
5.21235196102603
14.626361373109432
4.633019876029799
6.802484556514628
8.190538916496465
-2.985478851669072
12.797745098520807
3.1386963825699254
-9.958875134072763
-0.78899819591782
-1.6578231440835367
-12.422536858035706
-20.278281819813657
-13.668240958598048
-4.507378791677105
5.070502347302018
2.859229028170631
0.35929410664718375
