# max_attributes; 15
# description; Austrailan macroeconomic dataset
# number_predictions; 75
# predict; HCE-MV
# lag_parameter; 4
# horizon; 1
# name_prefix; aus_macrodata
# predict_model; lstm
# method; dm_PCA(copy=True, iterated_power='auto', n_components=11, random_state=None, svd_solver='auto', tol=0.0, whiten=False)
# prediction_type; rolling
0
-3.5188451293431875
1.288000214714316
-5.120501293422187
-2.2899498027697653
2.4076095711383836
0.19555000816343693
-0.5307123569099339
1.415270841426036
-1.783348353516626
0.234867544642821
5.416741003351635
-0.8037832564885363
-1.0460446799526828
-2.3373117068113682
3.4317624447044004
0.9859093720672263
0.690302199345517
-0.9611507578213647
3.175031196269014
-7.060676287755344
0.9703244763085124
-2.6895175040581574
11.714809353300904
1.4763116831476673
-0.22768308835259177
0.3321567181020697
-6.161721474585892
-6.022370747065834
-2.297227370978579
-0.5160458137799679
0.6390350383875614
4.940169183226573
6.591260821326404
-1.3159108801393753
-1.752262869781509
-3.751553678140187
-1.132741182762949
0.55663823247518
-2.3684373371094907
4.552305208718344
-0.670912184237558
2.208661270836739
-1.909880283469045
-0.8519420698057978
-0.26936726472114714
0.9127422609897984
-0.07805684803129154
-1.801469508393211
2.190834189534172
2.872225744800428
-2.2096416217977435
4.863689980701192
-1.73705434805097
5.444687025859729
1.4909069661282999
-5.163456108509866
-3.5796862419138673
-1.6408802453791953
-2.045768369929883
-1.095556432443228
1.5338196273248208
2.9059147331464494
3.9733757115545885
-2.3530210569153986
3.3240733040985866
-7.579940966644477
2.9226658865604698
-0.36820609551240935
-2.3815833291656254
-2.192624497403811
-2.3653008868746905
-3.1832800824621543
4.159724013056973
3.209609430985605
6.651546907663533
