# max_attributes; 15
# description; Austrailan macroeconomic dataset
# number_predictions; 75
# predict; Unum-LFT
# lag_parameter; 4
# horizon; 1
# name_prefix; aus_macrodata
# predict_model; lstm
# method; Hits_te_(n_components=4)
# prediction_type; rolling
0
3.1778663338496322
-2.484508538288818
1.803345174070838
-4.9614929539655925
0.7306760202550393
5.355348050609994
4.475678544614414
-4.945792996686755
-7.877088242307359
-5.474899719978769
-9.345977195901956
-3.9213695111355378
-8.602095600227841
-12.979221282881717
-15.136039621984464
-12.22536192216435
-15.055619990019695
-12.075344068944357
-3.964891103164092
-8.932239441845113
-7.241632938252412
0.9601510364402266
9.127252177624246
14.491524768702806
15.231200018378768
5.616172057067157
-6.859902795229164
-17.121033479995823
-15.02328476608148
-9.72942857978159
-4.14248615456248
-4.7061721653155395
-8.47248310828462
-6.378235439011604
-11.343047748265164
-16.26719786413178
-11.1603076465357
-10.259896678977775
-6.651542685368064
-2.926529640618984
2.2418202486406464
-0.23245160008493215
-1.174870010910169
-4.1416068618962
-8.785460373195129
-10.226738179087537
-14.403147487162677
-10.061100149969626
-8.963620684164699
-12.061219369569592
-2.241750770918973
3.0107158534466656
12.66843194597767
24.366219057710186
39.52169047897557
35.15550333288833
17.967562190799054
14.776357878387554
5.936652166736284
-9.60903508102481
-11.846505606330322
-14.740741551776686
-9.749716815201275
-5.910293875264223
-3.522620471834035
-0.12459056803694679
4.47468042861485
9.10244865553987
10.338727354426847
12.425740380179224
9.627369402548009
11.493724103444674
12.010843249884797
12.351285679545175
10.315916669389221
