# max_attributes; 15
# description; Austrailan macroeconomic dataset
# number_predictions; 75
# predict; Cons-Food
# lag_parameter; 4
# horizon; 1
# name_prefix; aus_macrodata
# predict_model; lstm
# method; Part-GFS_te(n_components=2)
# prediction_type; rolling
0
3.2088227042996964
1.643935313995195
1.7613047333019276
1.417966907345348
1.3686623676383292
1.4563613000312872
0.2571678155513144
1.7330427656157257
1.8004082830954893
1.0408050299516853
1.2281816749139542
0.9206249389317964
1.129855180894321
1.6810382375562698
1.0690743438786425
0.5950018379336734
3.602916197387249
0.7408580198937331
1.364818814474912
3.773866158270242
3.3303941733187257
0.7776058751516128
2.3690871467413723
2.2598441389586696
2.1593842966235606
5.209609574584667
5.488427816730266
5.160762950551423
3.8671212974214777
3.146517767201888
2.836287979083397
2.1832047271488255
2.5499579608903344
2.687098562817755
3.69756810178085
3.1467734163801877
2.8042534718944188
1.831188542112768
3.0376533356927977
3.3301992530640065
2.358292090825465
1.3269636358604462
2.6543069030815465
2.048477610184368
1.739785635130752
3.540528982392977
3.0708955648620266
3.1556633471934328
4.8762978980115586
2.4462765471091314
2.6539650580117113
2.4070231340041515
1.5813007755621449
0.8057086742881063
1.7566996198468292
0.6690397010172076
1.8619511701522322
2.9350204753421343
3.425329152856114
4.195062382252737
2.9883708347080455
2.5021378515653643
2.2825435331446045
3.262644202572745
3.469044182846763
2.7976408757154614
3.3917176526515638
1.6839963238339255
1.642314733284473
4.479576409730975
2.6743949535534997
2.909104896953324
2.7157890612147098
3.393241752733693
1.0197766606629948
