# max_attributes; 15
# description; Austrailan macroeconomic dataset
# number_predictions; 75
# predict; ResInv
# lag_parameter; 4
# horizon; 1
# name_prefix; aus_macrodata
# predict_model; lstm
# method; Part-GFS_granger_graph(n_components=5)
# prediction_type; rolling
0
-6.812148266305385
0.4196187960300506
-12.598254650955809
-1.9013770004193589
18.19811644540978
8.959111234578913
26.6455050294646
27.916936508420648
16.290499817369806
12.653002107529701
7.757465317035653
9.805222049241692
-2.6254626543443607
14.778218536978557
15.47658623431279
13.07153766933746
12.246834777611141
20.315331574757806
-1.4597550207206638
-19.557444089856205
-9.022704784563047
-5.378749136508219
-12.941741573951134
-8.629389320673113
13.3863479327714
40.92433358647449
38.10914193446382
16.924565510960363
9.849673716468544
-1.8085619192496978
10.26111834832028
5.916533302102721
4.409799589781372
5.047919275423027
2.135694968056214
12.325674254604678
19.753071326338812
19.128230242731163
-2.599253951347407
6.8655799535293625
1.4828102166284935
-2.489056490225366
1.1760225900956698
-1.0575492233853652
2.7597537023206655
-3.7209579905499055
3.153837291020281
11.746102748900867
5.202646638706241
3.294076966920926
-10.557240347634746
-4.245615684628362
5.616253399651896
17.95857530105772
20.15559717567814
5.052037277874916
-5.1036253215744125
-13.310861106336148
-0.025552204780026955
8.358978165682643
11.657619038185786
10.15579278992628
9.571598310830879
2.2130479812976915
0.28646293781868337
4.356798977913456
-11.462311853707213
-7.8226235657061665
-1.8126372481010549
1.5006122203195105
9.931137619895154
11.818228246076458
8.946750114956473
9.886792636669654
5.85686849628415
