# max_attributes; 15
# description; Austrailan macroeconomic dataset
# number_predictions; 75
# predict; HStartsNT
# lag_parameter; 4
# horizon; 1
# name_prefix; aus_macrodata
# predict_model; lstm
# method; Part-GFS_granger_graph(n_components=2)
# prediction_type; rolling
0
12.678797747226355
6.664808713412569
7.783037218259537
-2.6890730874545596
-4.489752219853102
-0.35210771329029456
-4.432995494754323
-3.5687132505560584
1.36869181130875
-1.501555795683771
-0.31291430424924727
6.678335968382527
9.87101386799705
17.583072706433114
22.116718080331964
24.737983106065286
22.892538711647617
13.527279764456964
1.7477252498405136
-8.019389003372098
-21.359050065519313
-19.095280532847852
-21.287850753483923
-23.543216432931544
-15.407045592398973
-13.126007615712709
-15.745331400496667
-14.072645164237656
-6.577532288228653
-6.350327235974248
-5.740691573526689
-1.6356857162170257
4.931464840653348
8.009326938547318
17.11142487374731
20.29245532766562
24.19715092030421
27.968502917857364
33.13991966163451
30.570625833469705
26.15148910291336
28.784118988635072
18.21134673926163
6.110215832314182
-0.17590323812974873
-4.667615350255218
-12.6416802851804
-15.823103901822634
-21.69341038954535
-26.82028302533554
-23.88976480139918
-20.94323133963053
-14.351692407541819
-19.8220602575217
-13.910256672922458
-10.710120967888514
-10.492130666976053
-12.07935929928992
-16.750949500777594
-18.39142096634518
-20.67000167600692
-17.79928718827975
-17.413017098360783
-14.05404979602963
-16.22490391933654
-7.95820305446162
4.568944236526349
3.8149932817289027
6.147394282395126
11.910226053633025
8.003196057321148
8.38522736162281
4.890747926057102
4.433757691172545
4.082503656352955
