# max_attributes; 15
# description; Austrailan macroeconomic dataset
# number_predictions; 75
# predict; Credit-Bus
# lag_parameter; 4
# horizon; 1
# name_prefix; aus_macrodata
# predict_model; lstm
# method; Part-GFS_granger_graph(n_components=7)
# prediction_type; rolling
0
6.5729886896724565
3.141334630056548
-0.9459582535329432
-2.9495910241334933
-3.8245808503846064
-2.014086642534796
-1.1627744293756734
3.0823949979103062
1.0686753752991471
0.7412867395585181
0.6752789674828463
-1.0313345648957615
1.1567609217443753
-2.0005404671227325
-1.855555738573969
-1.476525095679179
-1.1857465398179308
-1.6446209370510019
2.0005289773869848
-2.7934887278070484
3.411476577741638
-0.2886972980022726
-0.3936991719223961
0.711056344420637
-1.1987708006303848
1.5052962781718335
-0.402972991139638
0.8542996091797335
-4.096001357704429
-1.9725839411198471
-3.123914434433864
-5.701550979837883
-0.35010618942256144
3.4606047399524407
2.4691138711279272
4.500749064743889
4.665217730782725
3.587325080201179
1.3456861387449734
-1.0196360720737836
0.4841952795501818
2.741928336285408
1.6563918661029966
0.028218950822502364
-1.5515050780326192
-1.1139216492400408
-1.0692009115752157
2.0665236360305066
3.705773467449017
1.1159624116359375
0.15367122218222917
-7.839005014196982
-8.34987089155104
-7.167792678200778
-6.997767850959532
-1.7172155860961595
-1.3643737785502879
-0.17995022785980552
1.7085374290517628
3.101210150360675
1.0199432387393053
1.629289024533147
-2.690438132591005
0.3482286582917169
1.145320763535775
0.8310442486030105
1.8771997706925134
-2.415042943986194
-2.390766047044899
-4.176263430528323
-2.140734858906704
0.8459109466326886
-0.05218868109827213
2.060836340506583
3.6982883203771806
