# max_attributes; 15
# description; Austrailan macroeconomic dataset
# number_predictions; 75
# predict; Cons-HCR
# lag_parameter; 4
# horizon; 1
# name_prefix; aus_macrodata
# predict_model; lstm
# method; Hits_granger__graph(n_components=7)
# prediction_type; rolling
0
11.492767773262088
12.67628885213741
-0.8645421585000044
-4.676628169360868
-5.392246027479688
-6.855395185441847
-2.650498580829735
4.466947747886945
2.7882048997741258
4.938492238843885
7.341613285423961
7.879139108105122
12.045046333881206
7.506549472976879
9.777476893479346
7.408608687441863
5.209126308359817
2.8562558731831373
0.12549087998956487
1.4258339393341952
0.7675056396216977
-0.7391565167961627
2.682793916702032
1.7892211572066188
0.5396276246322884
-0.14706847956792757
-0.7916833731737132
-0.1750320994546044
2.763020951217367
5.12332369162478
6.092092830869014
7.122936785492598
5.746376058523303
6.566883429403056
5.7969261995863945
4.134303821231121
1.9619938345913077
0.6302200093292036
-3.7659163588253772
-2.1449087548173473
-0.8897793367252032
0.1942807533723503
4.394687119682285
5.219539475023215
6.236191858721895
6.200800444593341
7.566708020292371
3.8904920914225904
3.093225335102634
1.4913822161287307
-0.19547860752015467
-3.452680510601626
-5.837052985319623
-7.096156133490518
-3.7193674648730255
-0.7019931862469768
2.1364716657616327
5.814786106644846
6.1818506826285144
5.591167367328445
5.336029446713098
3.9118687653891975
2.1062895415580876
2.8815571074500177
2.9662049110392275
2.0518076226125572
1.9283544885324382
0.14078764318293757
-1.590676936025794
-2.4354462093411815
-2.9495545866995947
-2.0640177027431594
-2.2092237272600492
-0.6599994888362559
2.840139012216671
