# max_attributes; 15
# description; Austrailan macroeconomic dataset
# number_predictions; 75
# predict; RHDI
# lag_parameter; 4
# horizon; 1
# name_prefix; aus_macrodata
# predict_model; lstm
# method; Part-GFS_granger_graph(n_components=13)
# prediction_type; rolling
0
4.106861652496832
5.4796170297387015
1.052055574591959
4.796624329608612
0.4603621463698051
4.691504669833446
3.334859696735869
1.2100748430925616
0.19912807411312095
5.194900981632841
-2.0666056523069347
2.4669528367373843
4.2915267963676165
6.4448065273446495
5.5221126569940004
7.070267223018103
5.385066586347982
3.7661530773401033
-0.3506259401568048
8.380200751293408
-0.6228667522329818
-1.6260137350817487
10.898010812114201
11.645435819812207
2.997086950373369
1.848708950489927
2.0360085439802624
-6.414177118166065
4.275785261715107
-0.03159572030583391
-0.19568329921543004
8.20778859085631
5.148529315648428
12.630133509941022
5.856231617223376
6.626550969561251
5.538586112499289
1.4749347744545993
3.530597907117098
3.582850539699219
4.234909402070418
5.42886431127301
1.5724152285087616
5.697999405136034
2.3086938612484307
8.112745933601161
9.795952115038109
7.615803092468738
6.202065965601886
3.6254695113271644
4.1965562839342
0.34525042878409096
5.723301292294828
5.5619249623311475
3.74775149329259
2.0637354280503395
1.134271580718
8.15730816091137
1.9325237789557477
6.0424187841075785
5.227737348158506
5.178081929158907
2.456566309659598
2.340107112984027
4.680202368970065
1.3247560190001675
-0.2461509292726447
0.20010086558040996
-2.6652948009852455
1.0490871642653357
1.7635734063358601
4.192860607259426
0.5253099403252914
1.8692678974326036
2.8722484817409146
