# max_attributes; 15
# description; Austrailan macroeconomic dataset
# number_predictions; 75
# predict; Cons-OpeVeh
# lag_parameter; 4
# horizon; 1
# name_prefix; aus_macrodata
# predict_model; lstm
# method; Part-GFS_granger_graph(n_components=7)
# prediction_type; rolling
0
-3.300618475950513
2.9268265176718593
-0.5057432369029655
-2.8941011046824983
-2.261247567261478
2.397161118018058
2.3982541032971625
5.428310513384307
11.016384937281721
1.81177928767994
7.7691514916186115
6.982428002976565
3.1796568191139727
4.749271893283737
2.80027689533674
-0.6455560634763273
-1.1586104535881816
3.103642705116563
-4.529630936747104
-0.21487360527477506
-0.6087151443147754
0.043318348363250436
1.8335809015247087
4.355601402136827
-2.3714572748285985
7.229601890444741
7.629748534524918
4.286269989471879
-0.7292845450292944
1.403235160244769
0.7034836084868807
4.339985482538943
2.7205406070620732
7.727846114870175
8.46689349957595
6.722396477658162
9.090544875503426
-1.4903239553853496
-1.4092806030219904
0.6071137194391021
-4.541462287238803
-4.83487827335089
-1.3900608441672233
1.8158973463889971
5.682169253730773
9.50322212246843
10.001010219178962
-0.12558983240164423
3.137208971532459
-0.1279845029048765
-4.022094185903473
-5.0020781267307335
-3.7161648092731596
-7.226984133957579
-2.9879192603818225
-2.5891334690359624
-2.061305489516714
3.183381144937055
3.502971761783236
9.894114967955257
3.826917107379227
5.096867030588179
3.626453279771898
1.7762615692007628
3.6556067257007108
-0.9560875966263254
-3.1770487445830256
-6.069451404332204
-2.8846730308773285
1.2192392643820291
-1.2096063927324394
0.06916271681320652
1.3152519968228553
-1.4076529586053752
0.5425759508722621
