# max_attributes; 15
# description; Austrailan macroeconomic dataset
# number_predictions; 75
# predict; RetSales
# lag_parameter; 4
# horizon; 1
# name_prefix; aus_macrodata
# predict_model; lstm
# method; Part-GFS_granger_graph(n_components=2)
# prediction_type; rolling
0
5.858308685157185
6.361367434345821
5.704066452531341
4.109051426504211
5.548396410662113
2.925092714166979
2.9658875413661256
4.3122145720276155
2.84963500209499
3.7971236497498904
4.210329444172917
4.044694510594189
3.5859075565355543
4.02845398949944
5.4815884006429805
3.887477567504792
4.526011854390918
7.546463345613528
5.083937701209198
4.958208935676774
7.569380784276165
5.269338019499845
6.009851931135287
6.775178397237825
7.62230810661006
7.287336032348268
6.486574525240814
8.29494606386935
7.7605415297046765
7.248923691923782
7.77138796093797
7.723919452365957
7.442150424253873
6.912400833007796
6.716411684607548
6.376687581576521
5.594619631389941
4.909944323129528
4.812256540217421
3.963636886657392
3.793141835395719
3.7378870416025247
3.0712392813276086
4.111669508276419
5.295542137826086
5.202039402315487
5.968128315965036
6.8162224114536105
6.422728280905149
6.625246776380315
5.837215166008535
6.034720148156747
5.41964762793584
3.7461082714345633
3.528682567213412
5.419373198598036
4.60898271682429
5.747645054687785
4.164823364261803
3.280175798768962
3.6776549798666167
2.621964798914501
3.166967224534835
1.9803043476378281
3.493859167067516
2.7209405874450745
3.1255102718343366
2.564473147122605
3.1396537385553014
2.812499664225898
2.151445343425749
3.2749066260353263
3.921273799350937
3.2529082667587303
3.521408895283601
