# max_attributes; 15
# description; Austrailan macroeconomic dataset
# number_predictions; 75
# predict; Cap-MacEqu
# lag_parameter; 4
# horizon; 1
# name_prefix; aus_macrodata
# predict_model; lstm
# method; Part-GFS_granger_graph(n_components=5)
# prediction_type; rolling
0
-25.187951217046436
4.782136417944223
39.32019313320934
-14.11183015786661
-4.27372671964519
-3.4764920653003344
7.902446895486925
29.014298463272603
-22.35405734851296
35.91400472351025
33.33026246243944
-27.719328417738872
4.789277430170976
9.691187176010828
-15.857685381836724
4.190711760649592
5.480513238013572
-8.988860898543933
-3.3533654212338675
2.5913660088710415
2.252201595403797
1.7773225103616923
10.928109723630236
1.207731985240251
8.139400920055095
27.383730717589522
-3.6162149179314937
-3.757830227400902
14.898852738662072
15.05892836212113
-3.6502188942668
13.836000780895482
8.378056029421693
-5.611403102305019
7.788211963418931
8.138677959015759
8.69680742530776
14.863813935741042
9.788960568727333
27.936980196866024
20.331812807158897
21.761142221187548
4.32490254375918
7.687149806758789
0.04563236126518433
-10.655725541113554
-3.2334460307977793
2.2344181714068583
3.8697560423788815
7.964894427222674
10.16187379581013
5.237513274557649
1.5085759196961703
8.537188968388286
1.1386643984972764
-9.911015423846933
-3.9434008592764513
-5.099415561170467
-17.46269610038671
-0.8805303450941224
-8.15498204249954
-5.555295655370095
-4.180220214631412
0.8149160660158117
14.667682402408566
9.26218422162642
8.622689743069444
9.753298034713552
5.04022287720624
-3.067817074257178
-10.69316712631236
-3.7894526850184107
-17.969146256109706
-17.377081920052326
-4.760187357023277
