# max_attributes; 15
# description; Austrailan macroeconomic dataset
# number_predictions; 75
# predict; 10yrNSWT-bond
# lag_parameter; 4
# horizon; 1
# name_prefix; aus_macrodata
# predict_model; lstm
# method; dm_KernelPCA_fit_inverse_transform_True_kernel_rbf(alpha=1.0, coef0=1, copy_X=True, degree=3, eigen_solver='auto', fit_inverse_transform=True, gamma=None, kernel='rbf', kernel_params=None, max_iter=None, n_components=9, n_jobs=1, random_state=None, remove_zero_eig=False, tol=0)
# prediction_type; rolling
0
-0.13793595021811833
0.07912881778594905
-0.7667325092841042
-0.31094739317974307
-0.657205186968439
-0.1823490173058443
-0.06003825196071677
-0.24472245576270701
-0.38857710746420704
-0.38452926692990674
-0.322794939872483
-0.18997407261642973
-0.5493478255682632
-0.21754091564013855
-0.040883090586291804
0.2228001783502913
0.6487995621356235
0.1895956365588798
-0.15138303046822044
-0.009892982941028139
-0.3186288803798438
-0.2918095123839256
-0.14420087998746722
0.10105760202990077
-0.2872582399931597
0.12138037249951261
0.19315813584244435
0.16451971693903977
0.09207323120520083
-0.05869297691672104
-0.24293103578039
-0.22195268335985385
-0.11479446536917548
0.3754776004656064
0.24102668863058718
0.1850329337853891
-0.10777801043642499
-0.3296578496640642
-0.3217170637818364
-0.07702983089166726
0.09173058973249781
0.13329110130778643
0.3685620389110804
0.19194174511389672
-0.07317878194656191
-0.1501756400410308
-0.28264189542357465
-0.21630445423956224
-0.02273281285849893
0.2332801292516673
0.2655234388580332
-0.02667683491663353
-0.13503794318382245
-0.11109354145072325
-0.3179014760240819
-0.15838769500619176
0.03151083338761573
0.06713672625339795
0.2604962305314509
0.1986286090109135
-0.07221547969220388
-0.12419104999607655
-0.12194817489763721
0.001794898405619083
-0.16775061850601358
-0.11470410234354023
-0.3532109182941131
-0.3390493941222047
-0.2375290549052561
-0.2693857115652779
-0.17361818497040216
-0.06824562676917156
0.2569857529897359
0.3112514499741781
0.3090449360932255
