# max_attributes; 15
# description; Austrailan macroeconomic dataset
# number_predictions; 75
# predict; IP-ME
# lag_parameter; 4
# horizon; 1
# name_prefix; aus_macrodata
# predict_model; lstm
# method; Part-GFS_te(n_components=3)
# prediction_type; rolling
0
7.003021616720382
5.3454183482066355
6.331828764511613
2.501574420835283
7.645931183256906
-3.7395340729398114
-1.5689102789790539
-6.555950513394436
9.604205903301896
-4.849416272807332
-3.270186413091338
15.960709117457064
-0.4010902567351522
5.636106303016469
1.0847120281782594
9.667105878692979
0.6024090056129907
-2.0180295198282465
-5.920817124022598
-1.2722120026499297
7.406687338652631
1.633168047917117
2.228759588737937
6.871524561830881
3.7705710659792757
2.2148497761122385
0.09452080642024185
6.696818301763699
1.8158675176864065
4.46596057983178
9.572459962146233
16.50094256356222
9.431285229110777
7.315494212473965
6.986324909011877
-0.8671429680609393
-10.090293323689796
1.0894966091168854
6.312646047738092
-0.7890433162137995
6.31798800769328
1.8877817422170153
3.365001376786914
-0.6270507235376499
-4.61707800893922
0.08787911751935695
-5.751758642486056
2.347084248373207
2.6579093698654503
3.0637355520565848
2.0841887897475857
3.212831972707953
10.201898713689573
-2.914600797034609
-4.628040618357872
-0.01561087492734714
0.06021980039219699
-3.5874830502448987
-2.407864350057494
11.04449794488518
-1.3808392539085617
6.1918625081049825
-0.9993059182357058
4.02537959630709
3.6683043478344075
-6.102266190422878
7.539826935245799
-2.7186500110883927
4.7873857677540315
-8.832979441384087
-0.6053795314202759
1.6346478152177255
-11.36349004168867
-5.402597682792788
-12.247503027070561
