# max_attributes; 15
# description; Austrailan macroeconomic dataset
# number_predictions; 75
# predict; Unum-Total
# lag_parameter; 4
# horizon; 1
# name_prefix; aus_macrodata
# predict_model; lstm
# method; FCBF(n_components=7)
# prediction_type; rolling
0
0.8949865289559469
0.3657604487090005
2.5856930502645454
4.61516862981853
7.25089835589668
3.4228899299339126
-4.68994762198659
-2.5813190436566913
-14.514334306354064
-15.775359435454416
2.165619535928343
-8.296590247057285
-13.050002355398743
-13.09958092089966
-0.7301491730777556
-7.5603615538966125
-15.28488684849243
-9.213460306620485
-21.64070215457417
5.423751127199655
2.732643479276195
2.7129679600511167
6.477417031968329
10.703571790866071
10.510783532239728
4.779209882075573
-9.470824703913806
-18.703636517128643
-17.316866075976566
-5.7114448190947265
4.8078478419782265
-1.8081132830967555
-0.5791920232173169
-4.501123349782915
-13.463035004631783
-14.165057000086357
-15.227349364527264
-8.679599751541089
4.167037754334515
0.1488139769178929
-6.410213103760729
1.9934292706908678
-0.47823857271762904
-5.129590556283031
-2.160386419995426
-6.723506549636191
-12.635460002043017
-5.873876899168291
-2.050225911068658
-9.728482347786352
-1.1133266680642286
6.13359941703742
13.253921080762282
30.123415365286064
32.726997014116286
15.810046886188928
14.124686588947782
8.46050954957439
5.096638252078176
-5.343445413384639
-13.434440515955698
-16.634090781884993
-5.178555367008837
-3.229195047618873
1.5124194119122194
5.7918330545601755
6.060998047865663
8.810625334754555
10.186105045806073
7.219705172032352
8.3472014291239
9.587823080154266
10.005568305067492
10.853873188325728
8.180230658276422
