# max_attributes; 15
# description; Austrailan macroeconomic dataset
# number_predictions; 75
# predict; COMMP
# lag_parameter; 4
# horizon; 1
# name_prefix; aus_macrodata
# predict_model; lstm
# method; Part-GFS_granger_graph(n_components=14)
# prediction_type; rolling
0
-3.9599475944741584
3.756441131324266
-1.0446238518571391
-14.751452514547708
-8.784147974946848
-6.785951277479427
5.3793009745202625
-1.8290376368263281
2.2347900528892097
-11.317737662257471
11.799431045445019
-14.109405113901275
-10.875482416514629
24.21989493228193
5.255954225532619
0.6485020220615212
9.939977944617468
8.338384782281409
-2.378073403070232
-10.854754567999919
-4.84350653096719
-0.296747485702312
-20.68722962969312
-4.020571965572458
6.26837434416349
19.428643576494665
-14.222170112789883
4.878851835491673
16.290552784934548
-8.826188362393424
-13.960056838126391
16.964849874669383
12.694947474195146
-9.84890361817375
0.18596604400535455
2.9028619093588475
-7.819122173660972
11.539587745342317
2.466304529053957
-2.945165785138613
3.4540988630556484
0.4082515831931346
-6.762540731756516
-18.309259309494536
-13.391405281612222
9.383478777166104
9.905137274464707
4.6794380096815615
7.445023682912236
15.614398443286333
0.144154946918448
-24.66752684137873
-30.70964882534183
13.621028307890072
16.913408582476094
7.154168861663379
-6.8143259594893095
-8.668104123914887
8.828619035786431
14.479800956502146
-8.856156612403069
2.538129734222423
-15.955284225436017
-19.87953714095785
-20.87298921458455
-7.378552212061749
-4.736370610408628
-12.102031069787827
18.93981945870165
-10.138405626300525
-13.118876492360457
7.394029506920319
-3.867715547294523
-2.749615501889025
-1.208921859082892
