# max_attributes; 15
# description; Austrailan macroeconomic dataset
# number_predictions; 75
# predict; Emp-PtPer
# lag_parameter; 4
# horizon; 1
# name_prefix; aus_macrodata
# predict_model; lstm
# method; Hits_granger__graph(n_components=10)
# prediction_type; rolling
0
0.33242213312986735
3.6420138337246444
2.8619013905614867
0.25484204133434485
1.8133516475529667
6.130887064213526
2.439196534586981
2.5462490321032094
3.923852656524388
3.5537630310290407
4.271571871577561
4.756465948255758
3.611881601372553
2.938005731427535
1.866910192380054
2.4098160829515454
3.1337391973358315
3.686574334890559
5.018405009889784
3.9189615963009867
3.0091391690107745
3.109069486205363
4.789442926016581
6.2980613854626375
6.71835973574212
6.2553085670462005
5.470388495171156
3.5638681121655758
4.0599249662391825
4.330096834122322
4.560959900499815
3.5926295558123558
0.9107164412788551
-0.8121200494410661
-0.6397198205312109
0.5513172631701844
2.0754965966266976
4.206532074230464
4.971596343478116
4.905595738079064
4.058413330788627
2.3509372093176193
1.8073916771578515
1.7641423066809505
2.228317109443232
2.2390241534209085
2.670934286165834
2.456099489685883
2.424944997039484
3.013266337491655
3.1714349896188647
3.7133504674085085
2.4593497301828346
1.2802117293937911
0.6629710534020816
1.4785172183506008
3.55834279303206
5.580833874155636
6.205812150005534
5.85045312041412
3.4249344604510483
2.4835237863658657
1.2059653096067358
1.2545282805427718
1.430085674473025
0.3140573323534097
0.9754238582494352
0.7197439542050397
0.618918766765983
1.083371226010132
1.7122752684663398
2.3794277248302347
2.988955023015487
3.5440872184759415
2.52838392328281
