# max_attributes; 15
# description; Austrailan macroeconomic dataset
# number_predictions; 75
# predict; Cap-BioRes
# lag_parameter; 4
# horizon; 1
# name_prefix; aus_macrodata
# predict_model; lstm
# method; FCBF(n_components=6)
# prediction_type; rolling
0
-42.139428841685636
-33.534934370396485
-18.382431193268133
24.989965547335956
-6.926987669465703
-5.388515060803726
24.31917714311291
19.49423669204451
-0.7470969090629893
-2.0486998833486183
7.98869254053767
19.715299461711993
10.909409133826301
-2.0939604504125384
17.573499294035358
11.465142763209286
-4.665599336817422
-9.578200886180625
-15.089203266165455
-16.080635687696827
6.752677054656047
18.90739600625848
46.45036775533312
46.25412529663619
18.331028785026504
19.75183325277257
-0.24143057363345122
-27.814669368586742
-50.32335137701555
-52.576032933911065
-42.71634606980859
-4.98208330200498
30.18955069228032
56.732736581831105
73.80972387057737
52.83203437709339
13.084063046456677
-9.587054330437638
-19.719987951347505
-19.222175047645962
-17.543427348161785
-16.30131178585306
-8.834424900838755
-1.0430339501540686
-1.5392268335585868
-6.422201345061708
-10.196635301133824
-12.281621423661136
-6.124177611160064
-1.841143949573265
-3.398370126529656
-2.9309509369604427
-3.3530695589645774
2.783660660685186
4.521782437393
1.4000099917676891
-6.2622526744183915
-8.04280164935787
-4.468010194581396
10.257180962142058
10.797747734834758
25.76340190428887
24.841330351771063
13.234198260815106
7.833863934042981
-5.364461426105436
-10.781769298870316
-17.867984747833702
-22.98324216958003
-16.550628242840745
-11.593439468183163
-8.82925816943876
-5.82080714360319
-12.217747290056863
-20.964356875221632
