# max_attributes; 15
# description; Austrailan macroeconomic dataset
# number_predictions; 75
# predict; HCE-DTA
# lag_parameter; 4
# horizon; 1
# name_prefix; aus_macrodata
# predict_model; lstm
# method; dm_FactorAnalysis(copy=True, iterated_power=3, max_iter=1000, n_components=7, noise_variance_init=None, random_state=0, svd_method='randomized', tol=0.01)
# prediction_type; rolling
0
2.4801075994438477
-1.51687290344951
-3.8844570514912533
-7.052297635525875
8.695258443689362
-6.453130708298147
1.5563252273000003
4.59825561231095
-4.680578542082515
0.13491551460521123
-4.784041100679943
4.491158303320162
-0.10323288654969787
-3.0160073627055937
-7.616178583782016
6.5464373613712965
-1.6305227670485039
5.642679462724793
16.394059932824156
-2.922682089608905
-5.926314210154075
-2.042511164463015
-8.17457961783655
2.6424097641795896
7.4375681149203885
-2.571934234372357
5.547564603042993
-2.2484470070859786
-2.3834329666484138
-7.037230650332617
-6.368670002292291
-4.607555628598867
-1.038247415490133
-3.326650693724318
5.297428194856792
7.1438202597362235
-0.0022713029935701456
6.2578859765507175
5.170328643257925
-2.0375370029919893
-1.4789025446002668
-0.4283818728079609
-1.398121050766271
1.5562752077991746
3.052853114790814
-3.236760093017679
-4.40938948177088
3.432740108119667
-3.2352428348259537
-1.2592891473625514
7.747733481820113
-1.4610233519161255
8.121840443942396
3.5573498001218624
-4.85421290261651
-3.2553395587133807
-6.027420294490369
-7.015205396802237
0.46282113113122136
-0.5557537528002143
-2.123287100574693
1.2946732184791898
8.02629763964243
6.177688043559705
0.7391399691386766
-2.248813816758698
-6.865736012889521
-6.836769164188951
-2.196148840111235
3.179652549384727
2.3392915891740245
6.9227729701415015
3.489201009107596
-3.2323806078342443
-3.347642210904297
