# max_attributes; 15
# description; Austrailan macroeconomic dataset
# number_predictions; 75
# predict; Cons-Food
# lag_parameter; 4
# horizon; 1
# name_prefix; aus_macrodata
# predict_model; lstm
# method; dm_FactorAnalysis(copy=True, iterated_power=3, max_iter=1000, n_components=14, noise_variance_init=None, random_state=0, svd_method='randomized', tol=0.01)
# prediction_type; rolling
0
2.7654996031608308
1.1440833799900894
2.5719575032069377
0.5796496640022717
-1.0475480506432575
-0.8774037274964819
-0.4103689201955367
3.774619392822399
4.641686394237861
6.004128040792479
0.2416510858269838
2.0170200277694077
-0.22157738926370651
0.17444718564384765
0.9724379749822187
1.3089555510211435
6.0025863097325365
1.1467921838314323
1.3025207338684757
3.400332344311159
2.115468469385588
4.33139195920072
2.525439147743888
3.9523905831218125
2.9770958243960957
3.5407621030996266
5.911157935782566
3.1073730784600935
3.6964191497266468
1.7079362532088176
0.5121039187493004
-0.20166956656496193
2.4398848279022305
3.642655441880877
7.812924337171176
7.136020164961955
2.495051667732352
2.2502298688069056
1.355220706052811
0.1570439412934359
1.2534669458459193
1.5618479300408747
2.506228238418175
2.588967968551608
2.6931841886598304
2.7540796270312997
2.6316853790476236
3.6015027806658404
3.9156652563355836
2.868778932698002
2.505730163294934
3.0406799868841743
2.7229109967527334
1.3883791880774226
3.455997259264522
3.1752660560261203
2.0311140355340385
2.747899969307549
1.7064586793181409
1.4927442919982967
1.9681430392743744
2.734480836193682
2.4204074949117746
3.458550812551226
2.86429576683945
3.286697753804659
4.487211602623135
3.477033954292735
3.2979854976005862
2.4933728068449676
2.9852158691781367
3.5451874785309014
4.066445378599544
3.482579876313955
2.6418427812659298
