# max_attributes; 15
# description; Austrailan macroeconomic dataset
# number_predictions; 75
# predict; EXrateIDR
# lag_parameter; 4
# horizon; 1
# name_prefix; aus_macrodata
# predict_model; lstm
# method; Hits_te_(n_components=7)
# prediction_type; rolling
0
-18.54269949687992
29.174708151123667
22.386771332625557
10.45817264601132
27.081465831434457
-5.200079482982147
15.357049165014928
29.43086272299678
58.63035460630445
163.47812616346917
106.75874809844711
71.65252067349621
26.944552632308415
8.686470655797308
-9.777415672510557
-24.523280096621406
-45.886374393430515
-15.573803695010554
-3.722772738116987
26.08005267989205
-4.931018683810976
3.0288644107863263
2.5843600369416038
3.233987962714366
31.16853920487955
11.87035436513898
-2.569657096683869
-27.044948325171248
-26.689809797920674
8.738950186101306
51.78756270051366
56.73731090332288
33.867027092943914
-5.562438834371989
-22.680789405166507
-18.66838674072423
2.623368420907582
16.51417718014227
27.387347763929625
37.388732388195166
-4.392926055675787
-23.796417598510516
-40.436173104162904
-31.44161181763036
-8.789719914067206
8.272370514386495
21.306023268724573
34.13366887981567
27.92597634089762
7.391009901392152
1.6650049972325576
-26.674419375357047
-41.23749627727457
-1.398246769417483
-0.9546115017880936
37.74418234517293
34.69469142693271
10.511782014395294
-1.151058476666151
7.461204713385882
-6.953298481016219
-4.578147075272113
4.238790628496673
8.393277674046345
21.360820415602888
2.2511012586626578
5.47477554756415
11.217177588986857
8.80287294824089
12.75371392242863
6.25479837584777
1.9857776162175185
2.9058858813132247
-7.677075652062598
3.495835180298087
