# max_attributes; 15
# description; Austrailan macroeconomic dataset
# number_predictions; 75
# predict; ExrateGBP
# lag_parameter; 4
# horizon; 1
# name_prefix; aus_macrodata
# predict_model; lstm
# method; Part-GFS_granger_graph(n_components=5)
# prediction_type; rolling
0
-3.8753536853944013
22.915403161256734
1.2526254991488344
11.534967411452683
12.4504929284696
-10.102984040601076
-0.35076910585157606
-7.6278763393299585
-18.519914185035717
-20.509900180432226
-25.00238803013591
-21.735745039438974
-22.91327322287237
-15.11173404667855
-1.849540743556723
3.0728290450058537
16.096603338709592
6.11841770523899
-1.9196455869628863
4.280665168391074
-11.6075397627808
-7.623666155392684
-10.143451922705523
-5.508167804911771
-1.9956774084450402
-8.919955488974168
-2.744311482698876
-1.0168728061416203
-3.0416420034124627
3.3733570689162704
3.018902242385728
5.829731211949991
13.836478025303116
8.521299939222104
9.137763644934402
6.523982880796595
0.43555574442707723
-1.2925124923450966
-2.52631797459577
-2.210543824691136
2.9703308434359457
5.417439682517191
5.859589761879981
3.2080353848469727
-6.16349857020834
-6.103996846211359
-4.5961297201380305
-0.5295020792360816
1.7683471449433696
6.027371700999694
5.739832498365523
8.289563794322255
14.293749975354544
9.47090454471509
8.887919360168567
9.381958455140037
5.378945388849644
6.204215993739439
16.1637219129384
20.685140539623774
16.687329628793513
21.418155721966663
15.922587925093467
12.814544406434152
5.595679776522907
4.42647048579785
0.8621283503141157
1.888924493474633
1.0390223451760932
-5.1464274756309365
-0.4495934922199467
-1.8815282010555876
-9.909901650344263
-9.769946686908373
-16.94595152008282
