# max_attributes; 15
# description; Austrailan macroeconomic dataset
# number_predictions; 75
# predict; Cons-Other
# lag_parameter; 4
# horizon; 1
# name_prefix; aus_macrodata
# predict_model; lstm
# method; Part-GFS_te(n_components=13)
# prediction_type; rolling
0
-1.8239975596528
6.284306101996088
6.2218809903985575
3.6626947349537327
6.2618546902702095
4.0301188305167726
2.830036748574396
2.6586199334703666
2.894278649907462
2.928025519245053
5.087628878674148
6.468510196997648
10.93646981972028
8.167438942708674
4.04077192318628
2.0792240583585198
-0.0059768949992751175
-1.27415236437181
0.38979074257182766
2.825985199321903
2.7040407582812422
6.092381732040958
4.670342556250323
4.885794353280651
3.7186507773857977
1.8263025951664416
1.729291430401097
2.218719445240187
3.121650966732326
5.886045244939699
4.005857117590129
3.7079793005344444
4.7050162046375315
4.232817412457112
4.219518079024
7.1255057036886
9.517716005368076
8.005685178010527
6.4618789144629405
4.698955913162563
4.688086536000729
6.490539853963491
7.438439084255083
8.85033019166579
7.742273376229419
7.027273612964076
6.749034427811574
5.94795343660057
5.964468920434567
6.312293315303044
4.129076555713051
1.0263127592192216
0.6246578577670103
0.10632233910611788
-1.0455077540208393
-1.1242401756285014
1.7262115392303778
4.787538471261972
6.645946750234336
9.234835355010262
7.802082526892268
5.6971131709358955
3.289826218007623
2.898417253668115
2.1422980234330256
2.5084801052988857
2.036511115391562
2.0162349849472507
1.268882305897356
0.3143442231138245
0.11692784918731203
0.4310410616594318
0.4456943360145029
0.9732132942195495
2.601832817876539
