# max_attributes; 15
# description; Austrailan macroeconomic dataset
# number_predictions; 75
# predict; M3
# lag_parameter; 4
# horizon; 1
# name_prefix; aus_macrodata
# predict_model; lstm
# method; Hits_te_(n_components=11)
# prediction_type; rolling
0
-0.10744107872182695
2.6351553289470857
2.121528778150868
0.41757693233429904
-1.7960488512612969
2.3402351077091765
-3.7826863887016966
0.6501859925692024
0.4727404690504713
0.5229300020925827
-3.280343672290382
3.2654103426413954
1.6881320413896752
-1.064505227323444
0.674579080591478
-1.3996078855396483
-4.242310073982729
0.382334734049671
1.2578775581162525
-4.5428827639694624
2.6739154161263485
4.146627793725184
-0.5906411615618907
2.5303994772794915
0.756993066795637
-4.329081852968793
-2.102698182563035
-2.9733366432276114
-0.5183862138333097
5.087463648625679
1.432195600326132
-4.583747886645069
0.05304598339479227
3.3224288429678808
-1.493932468577249
0.2199716052099987
1.1627616083507029
-0.3820727673664166
-1.4263180953413546
-1.9806546609345013
1.751738933515238
2.733561253989624
3.4994164289400373
0.5481925383599631
0.1306885558072466
1.0085463913419837
3.62072767255631
0.4030622113880895
2.0246823731402053
-2.4087017586147645
-4.910715294897965
-5.714771324539894
-0.6204598598709801
-1.9708163897726507
-0.8025100825907288
-0.31239239939275976
-2.2861886927276522
-4.294650014213586
1.520995388447016
3.530822081327571
3.549979487077742
-0.0795723080304036
-2.8160382614468062
0.9408539365889332
-3.0038116483430777
-0.0619955254248552
-0.022815486301958288
0.08318966964015928
-2.063484378459748
-0.6076650426135117
-0.6049174173340752
2.019799112850947
0.17710907291304778
0.016362442509663566
0.23031002014391433
