# max_attributes; 15
# description; Austrailan macroeconomic dataset
# number_predictions; 75
# predict; IP-Min
# lag_parameter; 4
# horizon; 1
# name_prefix; aus_macrodata
# predict_model; lstm
# method; Hits_granger__graph(n_components=8)
# prediction_type; rolling
0
12.826845776183394
11.625796007951234
12.090632043916482
-6.60894101681461
7.328413083819363
-10.121902699447961
3.11744469291758
1.9424498538170099
6.720188218762985
7.554885132669597
-3.8514454731064767
3.779711774394915
-5.527107602445895
6.253992496405598
7.141960974157122
5.9918953551174
4.63626020667332
0.011405568692786971
14.28950182419035
4.798234688867044
4.549353175724779
16.28160764537724
0.2022476164899203
-1.1575991237391854
-6.700462145989166
-4.827181625660046
1.2489754335223608
-0.31433340401354926
3.473888689492508
-2.078198438696898
2.4307408890978444
-5.97833041243935
-4.419760024712854
-8.421391524094886
-4.142122207910221
3.1969806201398043
8.973972312746632
11.10033530267025
15.983553262027005
7.522031771577328
0.8269474301412494
-2.0535555545188693
-5.136619087506167
3.9072850455241017
7.142118049841411
9.538037639851957
12.201893986955188
8.13483801075883
-1.474147532709516
-7.1999570953134935
-4.585905193565486
-5.502656154258094
3.689365440442444
10.996586813196746
10.056848807831333
9.384443799897117
7.973570369144408
5.104713891992372
6.759345877892429
7.538333282437545
3.401192099357072
4.286981151989075
1.0530693311119208
4.1726055107503335
6.954798751505489
7.2263826096427834
8.938231049750492
10.631906160426865
11.276135717491577
8.54498225690038
9.08791763205862
11.010975600359725
10.707704995327028
8.526918553207036
12.972867259191421
