# max_attributes; 15
# description; Austrailan macroeconomic dataset
# number_predictions; 75
# predict; EXrateKRW
# lag_parameter; 4
# horizon; 1
# name_prefix; aus_macrodata
# predict_model; lstm
# method; dm_FactorAnalysis(copy=True, iterated_power=3, max_iter=1000, n_components=11, noise_variance_init=None, random_state=0, svd_method='randomized', tol=0.01)
# prediction_type; rolling
0
-9.054769614488585
-19.071109510791274
-7.356725021638226
9.029822139741384
25.729703600950074
8.908462331804543
18.313034532207297
20.345635310252746
54.55306570952165
52.180428536265325
-4.944465220883487
-16.453969880694984
-16.48501765093215
-16.070010767132295
-30.82983963653674
-6.0521615338751715
-14.24701535996693
9.698818017682072
-17.435003446852882
-23.999312457247747
-10.263145793185721
-5.28272890490625
-3.8703845769071563
8.837579208726382
18.574636054678706
7.100985744868666
-7.904872645442076
-14.700717996558303
-0.24211074467913818
1.0467313272900753
5.895840965422963
36.103508175887114
19.89336097239007
20.137397459432037
15.796828012271902
7.236324646745885
5.391616059970957
-11.333893740128445
-14.249628842747093
-7.610820378450342
-6.997234387360329
-10.197803658792623
-12.153245916154063
-12.232607663600419
-5.232865071629753
-5.036636072886097
6.270744057259051
15.442837847566196
7.889548460001663
18.771336088109493
26.164068490923896
37.6296200430489
30.030007179694962
4.694803811044537
0.36392856163870135
-1.1024226789279226
5.9773046418495
-3.3629485317601393
1.4891139367232
1.0205205261518557
0.5397055381608737
2.585095161206141
16.275308086383703
22.570357461974595
9.104559643431372
9.383457762209474
-2.245152829885427
-3.3895949133617194
3.0864735989789978
-8.570176219222418
-5.24055863818608
-6.689147312648011
-20.086386792214014
-21.65329634114748
-14.614316053250661
