# max_attributes; 15
# description; Austrailan macroeconomic dataset
# number_predictions; 75
# predict; FedFunds
# lag_parameter; 4
# horizon; 1
# name_prefix; aus_macrodata
# predict_model; lstm
# method; dm_FactorAnalysis(copy=True, iterated_power=3, max_iter=1000, n_components=1, noise_variance_init=None, random_state=0, svd_method='randomized', tol=0.01)
# prediction_type; rolling
0
-0.2880344036508713
-0.18791177245866408
-0.2905522933889544
-0.19142595502626047
-0.387159398524872
-0.3734685769964372
-0.45547685417424777
-0.44295736285935994
-0.3754698953319704
-0.33399131330739595
-0.10380439016114829
-0.11860291811715706
-0.007612710921875099
-0.01731960865747073
-0.04812426897775279
-0.13714248630296333
0.06808155325163256
0.24176604417074588
0.32432419207800267
0.5049597015689695
0.397146077425369
-0.0189995453048859
-0.14534410092126482
-0.43417161854993447
-0.5370526239563143
-0.44470034751187915
-0.33893391224633795
-0.16884210201989758
-0.02959506484758001
0.11051372435797102
0.08473755028952001
0.17936061051596042
0.24805702594030743
0.15771470454443337
0.2244738092731322
0.12365880158651699
-0.008071992128006134
0.02989806917417903
-0.06779850932847609
-0.02282273027192705
0.026078146965393012
-0.007178764073959565
0.08401014712561028
0.14997793701399198
0.16000189808119192
0.18860822704542546
0.23897043612707503
0.15068576362837183
0.23498315361250288
0.32590068009603845
0.2134048059295499
-0.0036279234577332176
-0.41552236410867316
-0.6444506302763138
-0.9044625225950395
-0.8624236098219071
-0.7493583843399201
-0.6808465066839371
-0.39406867298375703
-0.138410355775467
0.12353078630674741
0.14896053221929906
0.3163653650592648
0.18741424945104956
0.17883012440908796
-0.009730816810241905
-0.09507363292466753
-0.1809315809894716
-0.2989728966642533
-0.3320072683979187
-0.3229368004490052
-0.33915482017289755
-0.25847909185182205
-0.22036527725946065
-0.14434915158044448
