# max_attributes; 15
# description; Austrailan macroeconomic dataset
# number_predictions; 75
# predict; Cons-InsFin
# lag_parameter; 4
# horizon; 1
# name_prefix; aus_macrodata
# predict_model; lstm
# method; Part-GFS_te(n_components=12)
# prediction_type; rolling
0
0.531327773819001
1.5462065878804285
4.52303251201668
4.544912893042227
10.635207969090281
10.95843285433001
6.579930442169108
5.558666782592049
8.9532300852953
7.179205296143689
5.310664589237078
8.156886263911979
10.23745726301027
10.868127270477647
8.651039747430076
11.413344108195982
9.868642971307892
4.7681273662229415
3.0465245729762263
-0.20923982469103386
-0.2974051412077756
2.5685095612756648
2.1479966840278344
-0.9799997464512433
-1.694028029999549
-2.101536642916132
-1.521616654511062
0.15892639406211728
3.1038143929092623
3.004464039296554
2.7732227075003166
8.120595890969145
10.370657228696267
7.413134803713469
6.273796875764734
5.219434409895726
3.763537245297325
5.021360372946177
5.778396900550369
9.921762694364197
6.058145251241179
6.080700244530913
3.8453844926393046
4.106949132046655
6.121254030006305
10.940564190398355
12.660798068657208
9.338589499608979
6.509269088030031
2.857390860741047
-3.5547302218161727
-6.044992050406449
-4.623536923879837
-3.47021705748094
-5.688697894564001
-5.29648705645552
-2.5855212882692147
0.2906992294887196
2.857709332520587
2.4792415790276117
3.1001553918722813
2.1711766353795703
1.9353945124040735
-0.41046347905168545
1.1317326889467925
-2.3039793935511543
0.9499709135224332
-0.1753191557422049
4.02103708898086
7.624014488185519
4.570058465915
7.4302072881962715
5.659110384759796
3.4206732669859132
5.432742013633305
