# max_attributes; 15
# description; Austrailan macroeconomic dataset
# number_predictions; 75
# predict; BM
# lag_parameter; 4
# horizon; 1
# name_prefix; aus_macrodata
# predict_model; lstm
# method; Hits_granger__graph(n_components=3)
# prediction_type; rolling
0
3.162004534661154
4.8825994190929976
2.0362486664784463
-0.8358530370645951
-1.4742963300950933
-0.5429253913592333
-1.4871589826577711
-1.6277505577374711
0.3004509499477983
-2.6357306396000943
-1.0603448571025211
-0.06865627168180666
0.794376295438532
1.9574391134426428
0.46148864157738245
1.5013695379604215
-1.2131656334074457
-2.012313222626762
0.9144332759475304
-0.39070216226736676
-0.5728258332350684
-0.24380813106708743
-1.5370451989172054
0.7082576885090752
-0.31744620790058775
-2.171501851850266
0.12870998237955789
-2.8343048109891456
-0.9345252646289453
0.6703531914746073
0.7844359821431581
2.8877816554727644
3.0627296307231155
3.0306928934460835
2.3826106253070556
-0.44490841406499726
-1.0444752341221886
1.033141287211592
1.1558718426974792
-0.9499973776606723
-0.16630138483057522
-0.36134669370816397
-0.2147168142801803
-0.29279289734630254
-0.5105001201646964
2.235198548883435
3.3761880241287088
3.9908538107820064
2.3470424609382476
0.49312915119596923
-3.0076960859891635
-3.6620718342176737
-4.284285180733786
-10.314434804766634
-10.032121315834033
-3.783667562914811
1.2335119471102978
2.8356488668586515
3.7963252648375985
4.956425992579547
5.054169842070387
3.9038709402868754
1.2997345399671296
-1.2221814154997794
-2.712951435131643
-3.3032216515521675
-1.7331419857233534
-1.74526860373604
-2.4444026898870135
-1.4145967472658079
-0.21730704039687865
-0.5819018829647682
-0.7273148690339681
0.5942159311255395
0.8679105067693342
