# max_attributes; 15
# description; Austrailan macroeconomic dataset
# number_predictions; 75
# predict; Emp-JobVac
# lag_parameter; 4
# horizon; 1
# name_prefix; aus_macrodata
# predict_model; lstm
# method; dm_FactorAnalysis(copy=True, iterated_power=3, max_iter=1000, n_components=3, noise_variance_init=None, random_state=0, svd_method='randomized', tol=0.01)
# prediction_type; rolling
0
-2.2134622603654854
1.5481449246406562
3.5102875262498863
0.10671288073062968
2.1146432042121894
0.7588362425565727
0.3886035114526756
1.205426591634751
1.2529445767402656
4.510809946060181
3.259607034921647
4.569283205270768
-1.3180223524570458
3.028590503335
-5.8703472137451165
-1.6372444450855248
0.38717386424541544
2.2254603683948524
3.5017842233181007
8.503144520521165
6.072716730833054
0.7832595735788352
-1.6968903362751
-3.906563845276832
-6.769735288619994
-7.615022805333137
-6.554571662843227
-3.719086152315139
-0.9085236608982079
0.19894233644008708
3.7389978051185615
-0.7104590058326714
3.2915939569473274
2.9615829616785057
2.8395305603742607
8.529174196720124
2.946701321005822
7.431354302167893
5.279056000709534
4.4112578511238105
3.647000122070313
1.0926760762929923
2.892450454831124
2.440924036502839
0.9938560158014305
3.0584604918956764
2.635867792367936
4.471725273132325
4.8221242308616645
8.343914407491685
7.405712443590165
7.4719810664653785
6.287595230340958
3.2940734654665
-3.1374079108238213
-4.9730760723352425
-6.751606535911559
-6.453506734967231
-3.4436300814151757
-3.937549096345901
-0.06931271851062704
2.749984848499299
3.214616748690606
3.074351835250855
3.748124140501023
1.83921926021576
2.620521458983422
1.1768921643495567
-0.5145181685686104
-1.973332014679908
-5.3831496059894555
-5.036722910404205
-5.901893538236617
-7.227421467006206
-4.345972684025764
