# max_attributes; 15
# description; Austrailan macroeconomic dataset
# number_predictions; 75
# predict; Hstarts-PDA
# lag_parameter; 4
# horizon; 1
# name_prefix; aus_macrodata
# predict_model; lstm
# method; FCBF(n_components=7)
# prediction_type; rolling
0
-23.1679765395633
-10.000820101290074
-5.5157976977839525
24.89183694698002
13.109717223133089
31.057020108670002
40.139326199168096
16.287024120881455
-0.8318661686064814
-1.6892457444659925
-0.1472001534520757
-1.5844887943255515
10.615165456331454
1.4770387682168575
31.363432289601462
11.70457193250806
-12.435552333987587
-14.368291488867882
-59.55465397640917
-20.348751625527655
-33.005398263654044
5.568646812461566
28.738864467503504
17.74935673425165
34.38019960417978
44.201410449660955
30.585968169182507
-19.729485938752774
-28.204599081112605
-14.399966609211148
26.983280729996494
31.630298025837448
30.814008787874286
2.689159444141211
-20.59095303513601
-39.482245374131026
-47.73061502118506
-5.028901870693659
-7.649129075021833
-6.47268245592835
-3.936825218571215
9.063046594924714
3.485795680948513
-5.944519122869465
18.270230866624274
9.584945771143822
-4.536589762537886
2.162299561899488
-1.4368698255664043
-10.656316658837127
-11.985874456929068
-4.782005507171078
-10.130772882274869
-8.618213120425878
-16.36891132513901
-17.44434683333361
-7.357269985738313
27.656367546144082
46.28111052046066
33.12124328287371
-10.505255567531691
-25.42404109884238
-23.740488837561443
-20.72258891280704
-9.07993842639641
0.0005200542054950574
-10.319216436822018
-6.855125049573459
6.915845488603253
17.60716670142031
35.03393713586678
25.119054999622165
27.642042242017595
3.674251890357965
7.596601151306174
