# max_attributes; 15
# description; Austrailan macroeconomic dataset
# number_predictions; 75
# predict; Imports
# lag_parameter; 4
# horizon; 1
# name_prefix; aus_macrodata
# predict_model; lstm
# method; Part-GFS_granger_graph(n_components=4)
# prediction_type; rolling
0
9.229848896947637
10.533921798200957
9.910611670702458
8.964140970572458
9.500891876515098
11.427234012959424
11.268999177565533
9.808823157636624
8.536000071194202
5.5040075301940945
2.7014184355307407
1.1826989449346996
3.6059116004999368
11.162858889649549
13.529728928024383
14.51677906442248
11.374571007689973
4.9529030650149295
2.1016801017262594
-0.3871164510730196
1.5460010876975616
1.2208739583817945
-2.248815718384172
-3.51437368379478
-3.389892950239407
-0.5430505687835563
3.2004782853353078
9.45909102418139
17.125650802892643
18.851085360266936
17.809916505741313
12.485502692403692
7.870166996329495
4.745258492928883
7.735450181595283
14.757282801418462
17.773262500979705
16.799909124613038
13.591556394716996
8.567503387452682
5.842478053887085
4.38940775635249
3.901110195277049
4.559618614679074
7.505866211500404
11.411735856277758
14.45126046301585
15.048698079136983
11.047734664068535
7.325054383547702
4.320893228747174
1.4407096455378792
3.322327981139267
5.476729238061964
0.5553212714818372
-8.343964194247253
-9.732504930113887
-5.601368521712573
2.931712977865054
14.932870963178587
21.026058643753935
20.834242548417606
17.62036271877809
14.55285308859947
10.531747831241397
7.041870221013525
5.712831268104495
5.385998765414087
3.1732191978582946
1.7024191627171206
-1.0984683995026217
-3.1425120262450292
-4.06040812002232
-3.6021735260713754
-3.059474938438143
