# max_attributes; 15
# description; Austrailan macroeconomic dataset
# number_predictions; 75
# predict; Cap-BioRes
# lag_parameter; 4
# horizon; 1
# name_prefix; aus_macrodata
# predict_model; lstm
# method; dm_PCA(copy=True, iterated_power='auto', n_components=7, random_state=None, svd_solver='auto', tol=0.0, whiten=False)
# prediction_type; rolling
0
-36.045465824527405
-11.661566988410911
-20.092852622921797
-6.0401165579697675
9.164460604920308
29.054976477343544
0.9986982971175848
0.54588595722241
-31.967688067899196
20.206412281469028
91.7692422164436
45.92249447500892
-23.021749318697893
-9.274363746110211
-26.266289969137162
9.63229979975172
10.855728461267944
26.73096736012738
-4.232647245748794
22.001901443592217
16.435631704502967
7.674315268411263
2.683672741282521
27.963922807670173
63.55116867577071
6.787070818904496
-14.131457933362043
-41.20806383939804
-60.774680653730954
-64.17005652729898
-48.671937353324864
-16.255431211021147
36.13085179675676
82.36356437389604
72.90688589236792
25.00068568164717
8.804029422456964
-13.506850107729619
-20.57483866166389
-16.632302599461752
-12.574518426663957
3.2192527848304593
-0.32890500292283775
-0.7771706191860233
-5.409675325918002
-5.4469224592492935
-22.419135101953955
-19.32248963780809
-11.314949312348574
11.694765640125254
4.223365365229924
4.295766272331733
13.453094336669679
-2.470831838853144
5.757751256023269
7.78044993149237
-24.88971272217502
-15.700970930925124
-21.554264266096688
-14.706685140310924
13.916813479881483
64.40361935601742
45.0994574966161
26.58421885486726
14.491667348819533
4.376613951928746
-22.67524497738885
-22.835846989551136
-30.365914666149592
-22.19138558184237
-12.59266532069077
-1.540006843331227
-18.26083633648821
-15.685024064462183
-6.888727190105001
