# max_attributes; 15
# description; Austrailan macroeconomic dataset
# number_predictions; 75
# predict; Credit-Bus
# lag_parameter; 4
# horizon; 1
# name_prefix; aus_macrodata
# predict_model; lstm
# method; Part-GFS_te(n_components=14)
# prediction_type; rolling
0
0.9851782187635791
3.5090431356320977
-1.731825260855679
-1.2384704051245627
-1.8800240916246693
-1.9053657992566286
0.08621703854029406
0.38409258388170286
3.783509893240616
-3.529238820134786
-0.215012922745359
1.1035335006431453
-0.953393569562607
1.048735090370215
0.9448990005683235
0.5021541248810841
-5.583042270802149
-4.811354817664379
4.537707961918493
3.442825548642009
-0.43387610534687227
0.9565371716024096
-1.7727981796117227
-6.014326006789348
-1.7961217300356331
2.352935418985439
7.890579143857149
1.0708862999598168
-2.538062673681896
-2.9975848744632287
-1.532401430074927
-2.950212600817455
1.1551623943651599
1.1901162477638607
0.8973313367835019
4.257410972375606
5.335109544161316
0.5104221438523382
-1.680259311607987
1.4832421079801499
0.4489385058687887
4.865158230790229
2.356861580571472
-2.2839230472507666
-1.1248726764294084
2.1417855571751936
3.6218684831735537
2.8256051468414434
0.7201688684224195
-2.6958998770819314
-5.992962914472026
-5.711981403770851
-6.736305684015239
-8.634629726383332
-6.609871216587393
-1.640470535775183
0.2831611193012762
1.6403777427601014
2.6240215337854096
2.408301640870512
0.9457107220184788
1.168791184399776
1.998640643157227
1.1584092801657668
3.110504951069359
1.7551150287091808
-0.9487212536871752
-3.2550448219150123
-4.277611902251154
-0.16749377865949455
-0.1321688151309175
0.2858179006550863
1.418768607466152
1.5206468618478866
0.3259423803509591
