# max_attributes; 15
# description; Austrailan macroeconomic dataset
# number_predictions; 75
# predict; HCE-ParAcc
# lag_parameter; 4
# horizon; 1
# name_prefix; aus_macrodata
# predict_model; lstm
# method; dm_KernelPCA_fit_inverse_transform_True_kernel_rbf(alpha=1.0, coef0=1, copy_X=True, degree=3, eigen_solver='auto', fit_inverse_transform=True, gamma=None, kernel='rbf', kernel_params=None, max_iter=None, n_components=8, n_jobs=1, random_state=None, remove_zero_eig=False, tol=0)
# prediction_type; rolling
0
-1.3180050825978853
-0.6486616414024873
-1.186562093562463
0.90864185779715
1.3837479514299424
1.588165377833775
-0.6580318842976975
-0.6523920985696687
-1.69775900722024
-0.028137877304397207
-0.5478480911174746
-0.09496437693409554
0.7404936558717559
-0.15240058822437774
0.13214449231362657
0.6623605234363179
-1.1355454357799157
-0.8589754352202164
-2.3169617765449964
-4.238654367381262
1.3602055794794055
3.979284185686387
6.000837165935556
4.353193861049787
-0.9339474011039925
-3.336601359826318
-4.558515511525597
-4.577104654212242
-0.6795697118273942
0.5877273255596638
2.9703909650451816
2.7378046781675156
0.7793246881200258
-1.038337058635781
-2.3916581175709073
-1.3499685456603636
-0.9978362408849524
-0.6360540592676251
-0.6983142067066535
1.9600945633093865
3.088516763220765
-0.5973302701458696
0.6335812791863411
-1.7759893600600876
-0.7362492075988101
0.8929262295377765
1.0991387254704712
0.3613882013695431
1.3902897821473488
0.8493624679119076
-0.5426322665344525
-0.7012258074779218
-1.4203310616484206
4.337085342083929
-0.2789645161394798
-1.2652424666247892
-1.5992125966751942
-3.311180729753458
-1.8445277406251819
-2.665805626198024
1.0749428720387417
1.215502529100137
-1.0178907055432305
6.285807209890779
1.4524677432651227
-2.1903347054806375
-3.8865611512220575
0.25326407758173275
-0.2410936606687919
0.054206802959221534
1.4749887998332412
-0.24963001308493205
0.6425445995641201
0.6344652832759312
1.2696522898124538
