# max_attributes; 15
# description; Austrailan macroeconomic dataset
# number_predictions; 75
# predict; PIMP
# lag_parameter; 4
# horizon; 1
# name_prefix; aus_macrodata
# predict_model; lstm
# method; Hits_te_(n_components=5)
# prediction_type; rolling
0
-1.9360742628868337
3.53597324873229
0.8593662265407858
11.344726012789309
14.225969886009423
13.725455454536188
10.398285552391116
7.086997794490415
-4.005736584731309
-7.568965304487762
-3.62085530872163
-10.91260646299456
-19.222566263311393
-3.7269273337403064
-0.43626646092091903
11.352997465355685
6.665121869706965
2.3709323879297273
-2.29311601086512
-9.15346991478252
-23.94500841049352
-22.862534797325395
-20.849120741224652
1.80039322423913
6.31339009175926
3.942603907236048
15.7307453360999
9.247391343379164
6.155388629694883
17.970509801337798
1.6685196806760558
15.540079995421621
2.1756257990838037
11.354844411453271
18.2647951868707
12.840601093323272
10.412782487062302
3.0258339990177348
2.2176756667022772
-1.1901389077213338
-3.365132883950537
-9.175322789945852
-3.0424666241162583
5.635051371570768
0.631411681030059
6.470651183189688
7.62180810436206
15.45723013319035
3.733429300709048
4.285268135161516
-4.121831476719251
-4.99354226893594
2.9839353899158567
-13.396844495952266
-18.070844112945352
-16.14903301060305
-18.873788006924926
13.035310609077314
44.3508469229655
47.7235774825094
14.03682509147184
3.7751686903197452
-0.4102181521652142
1.1297129615760042
-5.973474549302125
7.048395028855808
-1.182568020916122
1.1485804712798569
2.664182846770018
10.063303664914685
4.753874980603911
-1.8015895196685392
-16.523580941635686
-9.433807672888776
-11.50366105812266
