# max_attributes; 15
# description; Austrailan macroeconomic dataset
# number_predictions; 75
# predict; Hstarts-PDA
# lag_parameter; 4
# horizon; 1
# name_prefix; aus_macrodata
# predict_model; lstm
# method; Hits_te_(n_components=4)
# prediction_type; rolling
0
1.4415545343205451
-11.187377955363289
-15.607202508286719
0.3398222222612475
26.937761190294253
13.022828938563833
29.7689322943435
23.139581438258574
10.304880887535433
13.666252757474268
2.3553241766001634
-0.10776760251735595
8.742005393171524
15.17533243219006
16.274166780782053
16.690878741542463
25.11384119635352
-0.4272649110696136
-48.174161617458
-31.56288316464962
-49.04079822509182
-54.35570118867402
-31.727738055864833
-8.152134541823258
15.427607112191225
57.18004740421321
42.64838043816843
32.963804140967795
0.18378777007090719
-15.217597262578366
-12.014423826283604
-9.625274407599846
-10.319520153517288
-11.893329448910578
-9.954364101777443
2.746106324502648
6.780767488385919
2.0336881963187636
-3.340148461006379
-8.788281814909737
-3.400132508320425
-9.020131547154605
-7.275203203706326
-0.3374027338592782
-3.294186001123549
-7.683664194245466
-1.5705937555173648
6.554814921974042
4.24680848037417
-1.6952568040596958
-21.473965034589312
-13.808971884820139
6.779590586191773
9.021399443087034
-9.479477739012268
-22.275796092371806
-24.97968459138208
-12.645977384354254
1.8480540212027847
43.05887886153829
44.45325486434385
27.8690957814498
5.01106092454927
-4.9235248323004015
-18.52624897616481
-19.008335955580137
-22.752612321638125
-11.599825227527731
0.49690702802270437
17.231722246628493
24.31300354526178
19.92238641453261
18.18195054720175
5.833437151279952
16.963641643611453
