# max_attributes; 15
# description; Austrailan macroeconomic dataset
# number_predictions; 75
# predict; 10yrNSWT-bond
# lag_parameter; 4
# horizon; 1
# name_prefix; aus_macrodata
# predict_model; lstm
# method; Part-GFS_granger_graph(n_components=12)
# prediction_type; rolling
0
-0.29820458651091264
-0.013051458696627494
-0.562951151049942
-0.4577388432143924
0.06318523394513598
-0.4158463105220034
-0.54868900350885
-0.7823800957140026
-0.1295436192167545
0.24429379802357887
-0.21392648461773767
-0.6652872325804822
-0.22029410782558256
0.13520105525898973
0.05691850411551558
0.2477759246160156
0.4590908500974582
0.12893756553785818
0.029723463540910045
0.02020564485471521
-0.28204760552489905
-0.3310283255518627
-0.27489533604465477
0.11537024126161177
0.06135412263382989
-0.0374894369562051
0.2388109044392357
0.05635553526556625
-0.21602481487636604
-0.23455229523407695
-0.20354031685651308
-0.08999035485035023
-0.055815670575548815
-0.12837349003718745
0.29135034362319345
0.013657025586558902
-0.2661234623350197
-0.02085075984150575
0.13747246131273427
-0.1400367105581133
0.09047324763277076
0.2371917502249128
-0.0801382649717155
0.08550319121981231
0.10503573523018273
0.11046876714500198
0.0020060454754802226
0.3267195478942424
0.2611115811353044
0.09946265862623127
-0.06916410752276603
0.04401594209757875
-0.3741065129436615
-0.5033607407775252
-0.21838199380205336
0.02025451649108989
0.0760616950891344
0.09763073728780292
0.21035465163531897
-0.329246715898026
-0.3591521972266245
-0.02480783233660966
-0.10904552287668667
-0.21521793785961196
-0.0990613985771287
-0.1565715241951401
-0.38628248063295856
-0.47680611664605554
-0.2808467853177009
-0.17739867155286004
-0.10343050486840655
0.3846686182094885
0.36832992113905494
0.28425963620423844
-0.033207093570019275
