# max_attributes; 15
# description; Austrailan macroeconomic dataset
# number_predictions; 75
# predict; FedFunds
# lag_parameter; 4
# horizon; 1
# name_prefix; aus_macrodata
# predict_model; lstm
# method; Part-GFS_te(n_components=3)
# prediction_type; rolling
0
-0.1530914244342958
-0.13143803331147774
-0.11432198735963461
-0.22167824956666582
-0.33697712096463794
-0.41555038544427503
-0.551926003425232
-0.6070766941000139
-0.4781924650360261
-0.3651015213419113
-0.09310004803430183
0.03811810878027333
0.03474787142980951
0.10727706816900628
-0.05689686629068014
-0.017378338306060837
0.028919433624633673
0.18042561319578532
0.4023436513255918
0.460734740764984
0.37041065242994664
0.06532874491918927
-0.14424455138932823
-0.3724820724416886
-0.5184820595670854
-0.5610507867027437
-0.4490730193544541
-0.1970091101814424
-0.005056435792556879
0.29012626317251566
0.23424980071295165
0.21784772303808575
0.17174859550703436
0.05826237824667335
0.0641783347438658
-0.0315671143222962
0.00375320342291241
0.08522408512342827
0.06609146264303578
0.12037876990545637
0.13534254697073367
0.10621571210134872
0.11151020911444087
0.12152131107557684
0.12612563875425709
0.11764150765646342
0.14997179535139438
0.2243081763099517
0.1763481250118102
0.17317039039839166
0.26712420132864345
-0.11011955472718826
-0.4294624027897034
-0.5692429969001924
-0.78792006048452
-0.8393410346199188
-0.7825424590994035
-0.5837705239940796
-0.3106299642015611
-0.006802971093765375
0.2851438393901673
0.3405387571166836
0.3960584273647152
0.2523634829830015
0.0811116662334288
-0.1338067958046114
-0.23515536042939766
-0.2934985640932237
-0.36676130565892806
-0.2747736904312288
-0.3228974554229891
-0.28210309299718483
-0.1893441233326112
-0.17506130310784918
-0.09047237607728587
