# max_attributes; 15
# description; Austrailan macroeconomic dataset
# number_predictions; 75
# predict; ExrateUSD
# lag_parameter; 4
# horizon; 1
# name_prefix; aus_macrodata
# predict_model; lstm
# method; Part-GFS_te(n_components=13)
# prediction_type; rolling
0
15.63869140182301
3.2277801305909435
14.791721704053202
1.2392848315248273
4.570568734708374
-0.2691607864632317
-10.592903887167935
-12.577391759227794
-13.62115617870677
-17.054819823332352
-25.997934190413147
-2.638111186934708
4.805714532867299
-8.009536104727346
-5.357400874859593
11.143109693380183
11.145944947987104
-11.334538366078604
-40.97786164611969
2.3568860935938574
-13.825074101919526
-11.769464419066324
-18.67777766802385
-3.561763000469
14.695523418768303
-9.21729445586935
15.85994144683778
-3.037190805351571
0.7651360867134827
27.26229354484073
28.910257734051214
20.752058057548524
10.183100498331726
22.02032855648484
7.601606188016561
3.4008208287205974
12.724189925856436
-6.3755177614986
-6.108823494233022
11.390588348150814
2.0130789121606085
-17.37298949049314
0.951341182558636
11.292646832118194
15.766668583267446
13.27362820554761
-3.366841750885257
19.51891265632196
14.941709678329431
1.3797651852287345
-2.453679377539814
-25.106291700091234
-20.444316613065354
-23.35288709706269
-0.026270635614750404
6.046103358407663
17.81473428478138
30.013121683304774
14.047292044805687
11.46513650903448
10.211573267211094
21.176123983349342
15.721354602394328
-13.650761045715399
0.8519169185337034
8.492867972772885
-8.40292517679535
-2.660452592494522
11.993004812864541
4.136343981446743
-2.9118485071637537
-15.854174655126414
-20.442468187358728
-5.891861396114933
-8.73350784910798
