# max_attributes; 15
# description; Austrailan macroeconomic dataset
# number_predictions; 75
# predict; FedFunds
# lag_parameter; 4
# horizon; 1
# name_prefix; aus_macrodata
# predict_model; lstm
# method; dm_PCA(copy=True, iterated_power='auto', n_components=12, random_state=None, svd_solver='auto', tol=0.0, whiten=False)
# prediction_type; rolling
0
-0.1500572511840974
-0.1601472351242219
-0.14844506475221264
-0.2869076004911577
-0.20355804178010573
-0.3046084478784714
-0.37103858980428317
-0.4719661626506959
-0.22084202381860374
-0.07039547297250381
-0.15637222382318128
-0.08625286194573989
-0.09868262740861522
0.00278474000204465
-0.0977569636989748
-0.07139003845941172
0.13231240418661505
0.3367466643165433
0.3982880428146207
0.20645896938551322
0.2549427893470608
-0.2771456197191393
-0.19073271486055
-0.28681576344262716
-0.33374468716870886
-0.3722194204021607
-0.3591375831056749
-0.09633363339196799
-0.05555990311395287
0.04821596172560105
0.28391435530889897
0.23288750317800888
0.24703712609518425
0.1992619004558409
0.10313989070166008
0.024978021652587667
0.03886911895979295
-0.0333422467399751
0.009595268041976857
0.03075655844915759
0.07117541578520181
0.16556125429380764
0.12440232661474582
0.031513518364318704
0.04949400332678211
0.04307366278875713
0.08324243930090325
0.2041339662383881
0.3711518743347013
0.17873512056578056
0.11378511932600377
-0.059939100473037854
-0.7610359880615387
-1.0075944724966202
-0.8365811249900972
-0.7330587956596528
-0.5702188495088731
-0.2321664819408571
0.2775442996333921
0.4421479585479582
0.5429218938659512
0.3909669890712584
-0.034489202230087335
-0.042710201470962605
-0.11088476750146503
-0.2660421654869234
-0.3530237499166642
-0.25330435725938427
-0.1885029074836886
-0.274134381740204
-0.28805849048387167
-0.16418960067521682
-0.19203033301126116
-0.13644502374421696
-0.0393689450908814
