# max_attributes; 15
# description; Austrailan macroeconomic dataset
# number_predictions; 75
# predict; Credit-Total
# lag_parameter; 4
# horizon; 1
# name_prefix; aus_macrodata
# predict_model; lstm
# method; FCBF(n_components=7)
# prediction_type; rolling
0
2.1302939979703286
1.6856003276106826
0.31331164898630526
-1.273714535242921
-1.5013344509592539
-1.0343857709621727
-1.0259713430343442
1.1235346096935164
1.5576737543219288
0.7111331205921596
1.0984381256616436
-0.6618970849826642
-1.5087819243978364
0.35923947782802124
-1.9527047915032947
1.0459423671922812
0.61812732240465
0.9028201375636611
-1.8093019275916804
-0.6956405344406438
2.0223873976449056
-1.4928740174112631
-0.5899463862121559
-0.8128457070668462
-0.6065025542101177
1.1868165949265688
2.0463513069549464
1.1714641012452374
-1.2855580548045404
0.11513658487307676
-0.7540676720477588
-1.0108066359298604
0.26649465697670927
0.5925072107687388
1.0877715135103774
1.274079218786083
0.8157954882302629
-0.8910845376478269
-0.08803008902784626
-0.5392272811469097
-1.521022765224501
0.07879967313663183
-0.025375453160653372
0.5768042379083473
1.1772842304287776
0.613395853487332
0.15896864859990956
0.7206324446900148
0.9800798849009906
-0.7789429108699384
-1.3305946293138255
-2.0296140596615633
-2.1637484640419586
-2.8552756700296835
-2.7644139428582286
-2.326859299165617
-1.8934303140193576
-1.002868157054265
-0.4974968377957083
0.43618805987988374
0.45385923681743456
0.4666015389038769
0.40741614502989165
0.10781583600639877
0.9532226403156034
0.3807358129656775
-0.20612317012319537
-0.3269552585498907
-0.42714964400433786
-0.1512179718560196
-0.28542431229703347
0.5833738404676359
-0.6750760222277457
0.24464115093342365
0.8453001471395796
