# max_attributes; 15
# description; Austrailan macroeconomic dataset
# number_predictions; 75
# predict; M3
# lag_parameter; 4
# horizon; 1
# name_prefix; aus_macrodata
# predict_model; lstm
# method; FCBF(n_components=3)
# prediction_type; rolling
0
3.546294883592413
0.22530858242328122
-0.16888912241354603
-1.2393424061068536
-1.6396114764804999
-0.6267591390254452
1.9869078013261436
-0.741034604852441
2.469238435921106
-0.7181482790801788
0.7782523425752395
-0.5012652584630608
0.42830153423145134
1.3078054125603238
-0.8134098403236685
1.1386027648799022
-0.8006382364902223
-2.6056518340883237
0.8197030766295264
-3.5463389120439643
1.1211061741027848
-3.283798251846786
4.046708775498807
-0.17428518834251605
3.788109121606812
2.1247702162685442
-1.8076281292246357
-0.15418658376390582
-1.8152073121671037
-2.9648658537716557
-0.8421269561474531
-1.4188602552971723
4.389146875705276
4.652986432491925
2.548712758519848
1.1207432005635667
-0.759411195431035
-4.8912297357446075
-1.3373051657817427
-2.8522195482485984
-2.0206134049177003
-0.2554414290270586
-0.08851580721185215
-0.7312512017837243
2.5888888645643213
5.093788251515441
4.303763681537852
3.967061407375553
4.581389901880996
-1.1931498026187022
-2.9904702604655107
-2.079713727316509
-3.4164260396727144
-3.8897519760592623
-2.7328329085146983
-2.671080979999445
-2.462086302926515
-3.8828227689893478
-1.3579946575172208
-0.2305545281665431
3.1744833607557865
0.3373872142134893
0.30474491941908255
0.8479960198871304
1.5104586042532944
1.8094095200255538
0.7422272188077628
-0.9183851643638157
-1.6715520927761247
-0.6083403422213607
-0.12120241854302449
0.05747974738257611
-0.9121766285941533
-1.2115116210183743
-0.2560133233824544
