# max_attributes; 15
# description; Austrailan macroeconomic dataset
# number_predictions; 75
# predict; Cap-MacEqu
# lag_parameter; 4
# horizon; 1
# name_prefix; aus_macrodata
# predict_model; lstm
# method; Hits_te_(n_components=2)
# prediction_type; rolling
0
35.4400399715473
1.3285054620022194
16.76426232862194
18.233673553213634
3.0171439899917587
11.63254311436733
-5.042227216603202
13.282680423085708
11.022583720623118
7.671457299493255
-1.1411896951137592
8.491507753697071
6.114036200142721
-2.2643096697181093
5.114028693898177
-4.316519634105724
0.6773408329426687
7.780163705966352
4.959828900847036
5.27776873752719
-1.1919210053003155
4.677611844933942
9.5884097588456
-2.6016028899070847
-0.8956841755068154
-6.325543308173167
-2.614513414741843
17.926634834950093
-4.573514563955413
11.708259107530843
15.17530736982048
-0.2770882324838979
22.916547367695465
13.110381796564589
8.466544334280094
3.4221722804982733
8.70611377672585
10.326361607965119
13.685422880894329
13.039485543663297
10.727608528721788
22.397581834960683
14.742841999085933
5.251873265397741
1.6392369518490213
1.6227222535975798
3.071451122181678
10.347664151138808
5.749167686585842
13.535645908319111
7.644363980151574
1.732236675349931
6.048597594303061
3.123865797533348
-14.201626171663808
2.3012991553985174
-7.440611481398271
-10.778501336440343
-9.28469372069781
-2.2770146468063928
-8.514509858574677
-7.35311547600562
-3.5814915244835106
-3.991768370378516
6.175310692152884
4.040201195255044
8.753219649935744
0.8515567237886899
-3.095643986418189
-0.38172975507407614
-8.620271261990489
-14.305147813428349
-3.2596356488403018
-15.47802983427681
-4.630086265283246
