# max_attributes; 15
# description; Austrailan macroeconomic dataset
# number_predictions; 75
# predict; Gov
# lag_parameter; 4
# horizon; 1
# name_prefix; aus_macrodata
# predict_model; lstm
# method; Part-GFS_te(n_components=2)
# prediction_type; rolling
0
-2.9287487713209526
18.593196566405926
1.6459352243284915
6.24996002278098
-0.3810882833599525
3.6721808031651992
-0.25324267035728454
-0.4298111593875227
8.155677618734984
-0.9916025741398471
-0.6800610176850093
3.98214100734835
9.639600675384301
5.566497503830602
2.443648550041715
6.54644393601439
-0.17500810901539232
5.4777488447485485
2.883054323643595
-2.7433405575441014
4.359291112497411
1.7896136532347882
5.333610824572004
6.751454716578705
-0.09973574088308013
2.984379384321656
3.300981268045893
-1.1131896151670313
3.9602832048374736
2.029842768139183
-1.2749023503944041
6.8549667977841455
1.5666546966474186
0.7408456677193591
5.685976075162204
2.834036537475594
2.056138003604161
6.731832167562098
1.787617497447826
1.6865880359525764
2.983200432802329
2.3177584393253436
6.082149262453637
1.1927920127132676
3.684480209722766
3.8770978739652673
2.690485581410371
3.0703105490948097
3.27973120091786
1.50120531674394
0.9083883905592582
4.404096782570935
5.881632416318926
4.898214588603654
1.5802839550064487
3.9916056935374105
1.3322741734999237
1.8596465430778153
2.316042034746358
1.2583220105756947
1.9915919582663388
2.7766269041106977
4.095620775683301
2.3026256904840388
4.549771367264194
3.4247139870574053
5.996356595199703
3.881393364188229
0.7045145299288347
4.428006553301891
1.9868217178406784
0.33323024259627587
1.392674250812151
0.017406287723774838
0.3826104650583524
