# max_attributes; 15
# description; Austrailan macroeconomic dataset
# number_predictions; 75
# predict; HCE-MV
# lag_parameter; 4
# horizon; 1
# name_prefix; aus_macrodata
# predict_model; lstm
# method; FCBF(n_components=7)
# prediction_type; rolling
0
-4.851861570735311
-6.476497627478629
-2.4036900340845744
-3.1178441957555005
-5.929107270211954
-0.7190629682422163
3.300344678034218
5.139011095136251
5.121450988477669
10.209367438456685
6.901346851996028
-4.617067407990177
-9.425578834412407
2.2645131692899163
-1.2473244919008692
2.6268439297266823
6.818241459246604
-0.36215600846748686
-5.537076082463761
-15.59197247968826
-6.380324528470929
0.38553960293041456
10.065600589006028
1.7901835347087065
0.017471898640170735
5.275087870443215
0.8778448610973157
-0.19328952782582576
3.147472588093926
-3.565174263051473
-3.7203186484578747
-1.0537959776049597
-0.7428528178151694
1.453418105593812
5.020042777654059
-0.39468877579895434
4.710016966828942
-2.058885255727839
-4.836882888077978
-0.23105740697319987
-4.492135318573526
-2.0961051342901893
0.02654301455125463
-0.5391672230788807
0.598920592632517
2.9417615992540114
4.310060847543472
-4.616296593980472
2.7837788518431275
-3.880529530115563
-3.187113075565099
-4.577577241289868
-5.41752965447429
0.9024165649847973
4.042598422816731
3.927058621815206
5.266833737089296
-2.723055942792909
-2.2714894094357856
0.723969107081885
-0.8560590998420032
-2.0856961341669518
-2.2790239156478336
-2.1367284377313265
-2.819011246696304
0.126748835812851
2.0416997446096836
-2.121210787465646
-0.21086167845330905
-0.982455535144279
-2.1325260962487302
-0.1907984335913362
-0.3895841403128095
2.15331722640558
0.4664489786834416
