# max_attributes; 15
# description; Austrailan macroeconomic dataset
# number_predictions; 75
# predict; HCE-Pet
# lag_parameter; 4
# horizon; 1
# name_prefix; aus_macrodata
# predict_model; lstm
# method; Part-GFS_granger_graph(n_components=4)
# prediction_type; rolling
0
1.3522762877296017
-1.9633781765015463
5.613399222482034
-7.842923620172755
2.0195236331868323
-4.695637708558557
-0.48547981460459155
-0.5204495642408382
0.6064947817471484
2.8079423602316176
-2.7031996589900196
1.7790403162760597
-0.04508322452698721
-3.609491403812857
-8.189454484613677
3.521837993851836
-5.607989120226506
5.1034279291293
0.03258623437485042
1.5060732668962657
-5.9707213180133465
0.10785749736808725
-1.6577027748950925
2.9859830733898036
5.837130634310125
2.4203837681796934
1.0615220557375693
2.2458795495515176
-2.555624478222846
-0.3183154265530135
-2.7205274688648338
-4.320213650030077
-1.3166320283221289
-1.021782285711538
-0.9084675290301867
0.6528694729121156
-1.324748739263491
3.139940495240495
4.176498188529635
0.7527019775242039
4.262093516022357
0.774066187555043
-2.430783181346989
-0.21596650510725368
0.17162755322219425
-5.0376069341620635
-2.1157902819745154
2.0443196277854696
-2.2941518805007526
0.846214729256026
0.2797980107925646
0.07908252420560302
-0.37957413218452274
2.4159217726934124
-6.331899755070669
8.02985519739465
4.778634515068372
-2.1179250141072394
1.1672672954736107
-1.4340186514370288
-8.189484884280123
-1.8675060728793618
-0.13557965379911963
-3.0658187024628596
0.8328844755189984
1.5965308521501598
0.18978459844286988
0.29370923593280196
-0.885922798618985
-2.8153609172167435
-3.865345129853324
0.560684173281814
2.3326570862949616
-2.764856938026057
-0.5266156299185134
