# max_attributes; 15
# description; Austrailan macroeconomic dataset
# number_predictions; 75
# predict; Cons-PurVeh
# lag_parameter; 4
# horizon; 1
# name_prefix; aus_macrodata
# predict_model; lstm
# method; Part-GFS_te(n_components=10)
# prediction_type; rolling
0
-18.229842571661024
8.17752720129738
18.01122774846523
1.3250301465693468
3.12797540423027
41.17435937978536
12.80419715458578
24.549838393621272
32.16885608444825
6.375363220078555
12.93143711350666
8.834580689111334
19.759331330840723
0.5695210859846611
12.110531775135613
-16.386880236361492
5.314630582421515
-9.89716078994121
22.70968177434969
-19.97251652844829
-4.189641559033525
8.100652547606813
11.50074796891343
-8.979278898982294
2.8701050414510405
1.067685548439833
8.29679224408278
18.773154085989503
-14.488398136789037
-6.132631847364635
29.5064919994021
15.42416102316048
-6.005495075898359
8.417128470920872
8.736297095431652
2.394725351713234
4.020384734963443
13.720226585049886
0.05870387611797412
-4.314970093199818
6.190520093039126
2.1653347264086307
6.394433244429663
-4.270850085818061
2.833792884802051
14.760906460692794
12.453625148052865
5.668475105372309
15.850860802760053
-1.947368342803074
-14.26945892653076
-4.646766896680532
-17.814424620433037
-33.228551850237125
-25.458860820914296
-5.6227236698362475
5.20615599917619
23.252948981849656
35.07830007273357
18.452216533685274
20.129690760218764
-13.186540986130794
-5.715292644005416
-15.557606886789728
2.7393272269432316
16.784722008119857
16.907126897738635
20.516034417686
13.259204692568957
14.473706292360404
5.069211505832868
-1.8910132515165827
3.515287058295584
0.9202847263618636
-3.9213689180911118
