# max_attributes; 15
# description; Austrailan macroeconomic dataset
# number_predictions; 75
# predict; IP-EGWWS
# lag_parameter; 4
# horizon; 1
# name_prefix; aus_macrodata
# predict_model; lstm
# method; Hits_granger__graph(n_components=2)
# prediction_type; rolling
0
5.6259091488827195
3.4402773698782028
3.5859670242689603
0.6532902282431454
-0.4702734334647989
-0.962485321848753
-1.8673392573029837
-0.6228994908541186
0.5778298743841681
3.2562321341505402
3.739651121338781
2.687973917550398
1.61610852805706
2.3995551483717765
2.9152377741402518
0.6751081893565747
0.36129537256676514
2.0138339680789556
1.805664113300871
3.92565252566828
4.083412156538454
4.905096068039462
4.002003341494387
2.15358830463469
0.34052449834211274
1.6599996503310788
0.0524003592608544
-1.3238770658859202
0.36106426866139607
1.217639393477132
-0.743576254785669
-1.2819935903348387
-1.110713833361043
-0.2894395562704979
0.9405250006364465
-0.11069985285375061
2.047127169081209
2.3777612834001385
0.432852151455446
2.5991927783971693
0.46016622345578284
1.4922937892966956
2.1774752481047077
2.8511267030652796
1.77675202898806
1.4664123424538076
0.682068688496928
0.7086379706600585
-0.5027846051379878
-1.2495295156660617
0.5688420134957752
-0.9053785610810277
3.963779193658162
1.1347859052047191
7.833919671936911
5.880695180515655
3.0377611787564014
3.194663206034619
-0.8848344096450553
-0.7511150613290294
-0.24418262086854625
0.6191076605529346
2.7985270160918176
0.436973686981041
0.2338914039585731
2.4891785572085503
1.985515525077565
1.3908315078858706
1.65382118051979
2.3415896887329204
0.9389653230950046
-1.1305285288682239
-1.53689243572253
-1.9454994743218297
-2.5745391133129676
