# max_attributes; 15
# description; Austrailan macroeconomic dataset
# number_predictions; 75
# predict; RHDI
# lag_parameter; 4
# horizon; 1
# name_prefix; aus_macrodata
# predict_model; lstm
# method; dm_KernelPCA_fit_inverse_transform_True_kernel_rbf(alpha=1.0, coef0=1, copy_X=True, degree=3, eigen_solver='auto', fit_inverse_transform=True, gamma=None, kernel='rbf', kernel_params=None, max_iter=None, n_components=15, n_jobs=1, random_state=None, remove_zero_eig=False, tol=0)
# prediction_type; rolling
0
4.492622341575881
2.520193387926838
5.3646240020210065
4.41734969272893
5.58312855816483
1.5530664527694107
2.767489546074433
3.5496988304849992
-1.3863404918889586
3.43529459760277
2.571523264966423
2.798457128991881
2.0896319281753843
6.249692020583598
5.391481657351772
3.394639826927918
7.128448530870372
6.005105947755762
-0.7702167324996356
0.9898667382548272
5.858544906023582
5.488535060606299
3.941466157786717
4.590300612076742
4.338277804479226
1.0290239220655604
3.0576339102029095
-2.183142811935028
-1.5614825192904842
1.2195421055062834
6.617074398138275
4.320829230254333
4.346716421370122
8.011573293750693
6.450315133572101
8.234126105294877
6.067206348504957
4.85247373064216
4.663524115261133
4.722831813233423
1.28238722699599
3.358300945669548
1.794723678559965
3.8975136705828
6.116446352966488
6.346918804135523
8.032064750376264
7.283380699176334
4.209038501720826
3.847295056523194
4.746081063851189
1.6299507238438693
10.833920610636458
8.916418302478426
8.300157235202573
3.7299584857252093
-5.131880874746743
4.280376930530807
-4.949956652288878
4.848254422196714
5.771357888954643
4.6359089393021335
6.645540184818074
2.5731511779601295
4.528606316856351
1.5668193503195305
2.444137618676196
0.06417420329747081
0.8523831441737588
2.1347398961532473
-1.6033777154487456
-0.07139522575525703
2.947852764042622
4.194830626343304
0.5945026425016806
