# max_attributes; 15
# description; Austrailan macroeconomic dataset
# number_predictions; 75
# predict; Emp-JobVac
# lag_parameter; 4
# horizon; 1
# name_prefix; aus_macrodata
# predict_model; lstm
# method; dm_PCA(copy=True, iterated_power='auto', n_components=13, random_state=None, svd_solver='auto', tol=0.0, whiten=False)
# prediction_type; rolling
0
2.1936834186315544
1.2686833173036582
0.9716918945312507
1.5731316238641746
-0.9773429304361336
-0.18918737471103597
2.073536831140519
4.629895198345185
5.573840993642808
2.149837079644204
1.385744574666024
2.7429559409618385
2.200523006916047
-2.9128316760063164
4.060916262865067
9.84980105161667
3.458874154090882
-0.737138104438781
-2.249259662628173
3.431426304578782
-1.8133767515420907
-3.5812479674816124
-7.3880261525511735
1.892610731720925
-8.438908067345618
-0.4385254204273217
1.1596824705600746
2.4150205731391914
1.9192198395729072
1.7302746355533607
4.9434606611728675
3.031526672840119
5.999348062276841
-3.4663977295160286
4.002568069100381
13.814846116304398
-2.1950845241546624
14.690595674514771
2.764981228113175
-0.15631122589111257
-3.5299424499273293
2.0273429334163673
8.53748129606247
2.2735727012157447
1.7952432662248619
1.0091174423694618
5.395231473445893
6.4869724988937385
8.701099026203156
4.784170883893967
1.9500765830278404
6.730560976266862
-3.9498123943805687
-6.95237788259983
-9.678599220514297
-6.486243475973605
-7.438300167024135
-3.090508368611335
1.3577138513326652
5.382656085491181
13.798970836400986
10.105586278438569
6.591164636611939
-0.9169982790946953
-1.5040348291397088
-5.557331350445747
-1.6578538537025445
-4.081295189261436
-5.445420724153518
-5.326797869801521
-7.160110440850257
-8.295057561993598
-5.216768962144851
-7.383457821607589
-2.7823138356208794
