# max_attributes; 15
# description; Austrailan macroeconomic dataset
# number_predictions; 75
# predict; Cons-Other
# lag_parameter; 4
# horizon; 1
# name_prefix; aus_macrodata
# predict_model; lstm
# method; dm_KernelPCA_fit_inverse_transform_True_kernel_rbf(alpha=1.0, coef0=1, copy_X=True, degree=3, eigen_solver='auto', fit_inverse_transform=True, gamma=None, kernel='rbf', kernel_params=None, max_iter=None, n_components=14, n_jobs=1, random_state=None, remove_zero_eig=False, tol=0)
# prediction_type; rolling
0
4.6084116547177585
0.6410165353440709
2.7496043308570526
4.6668117119131045
4.991938130734453
2.3066747783118515
2.9177119932284983
3.819057608680658
4.44317679111563
0.9961578345879296
8.041286686869814
6.225725447249649
5.87154661399664
5.827386727776024
6.418547397847932
4.674083196545097
0.41935791409522327
-2.41953177251515
1.6146579459122776
2.050762100590908
1.61531004365664
5.0395693830568975
4.834511137305285
6.564240957568425
6.139425771966738
-0.5999189836424925
3.3761118347985315
2.60303481894264
2.9660559029531575
3.3870774585594488
3.6379615218338186
3.7330282890131548
3.7009727644055497
3.8971406361001124
6.291447815932684
7.939364782706211
8.355324199769619
6.609965662091018
3.80908689358444
4.2576814776948835
4.222861837275356
7.152848389208427
11.182258761066684
9.58511782313402
6.429925043566729
6.275121581029473
6.053153132245369
4.701943883424042
5.974475322472018
5.585817496874895
5.016596725704516
3.338180401245668
1.116335231326289
-0.006419737497312283
0.36896957520685536
2.6582652269029525
5.390101659769294
6.194342567413178
5.961232223006911
5.748300140312177
5.121302211284349
3.360797270608175
3.390365523554032
3.4551973408399173
4.74328882697704
4.710574716090304
2.2238183521467674
1.122229524453398
1.587797574810339
0.828989387624409
-0.5513090439922728
-1.1067211317501133
1.0598282041500244
2.027111391355084
2.737671915415439
