# max_attributes; 15
# description; Austrailan macroeconomic dataset
# number_predictions; 75
# predict; PEXP
# lag_parameter; 4
# horizon; 1
# name_prefix; aus_macrodata
# predict_model; lstm
# method; dm_PCA(copy=True, iterated_power='auto', n_components=3, random_state=None, svd_solver='auto', tol=0.0, whiten=False)
# prediction_type; rolling
0
12.769618802024326
2.3465094451308914
20.87959339612067
2.089595688812082
16.536397378932122
-3.9514770698283144
3.9376108656613837
6.529119249201031
15.249136037339014
9.65147309195926
-1.0129428471266095
-15.399903600500764
-7.30607630484198
-15.982157607965135
-7.761828361691187
-1.75839501213963
-4.8786286654375175
-4.519647537417299
5.356372323137393
-7.64105817802016
1.3410559475127002
0.7944098368025436
-14.22235198653459
-5.205121719217416
-7.578460188820131
-3.8467493843553626
4.604035588545898
7.762545513926426
10.974938885515954
7.934829046082726
13.443702003948118
4.872469309651166
-0.3536042327426543
14.877586942137484
10.533520276805532
12.900175715751857
21.569799711811385
7.934490460693624
7.687113526167948
1.2819083046587991
-0.8845303075300706
-0.3599083702255115
2.02914207374306
-5.519127421384837
4.406777353164657
4.792361618900273
3.4277012696691287
9.541876226128693
4.5072565981600405
-4.638942456178654
3.129947666178751
6.302436331195182
14.670920869873257
-7.624596478864149
-12.440812407746265
-15.930716813491813
-19.805286467488287
-1.2607792903946518
10.52637773740679
25.501283957405036
18.770077437085874
24.01949724821418
20.220528874670748
14.522354438068078
8.263006965251265
0.08689535848306207
-1.6266369264364613
-3.976798419999241
2.4393543957576327
4.4072852312483235
2.9483449742651686
0.9771330851229152
-5.6506355988246355
-9.897794288860595
-9.946340984412757
