# max_attributes; 15
# description; Austrailan macroeconomic dataset
# number_predictions; 75
# predict; Emp.HoursPer
# lag_parameter; 4
# horizon; 1
# name_prefix; aus_macrodata
# predict_model; lstm
# method; Hits_te_(n_components=5)
# prediction_type; rolling
0
2.3846172512877883
3.207319288458847
1.5326952242370906
0.427236227330301
-1.0380782217703937
0.48641109203804245
-1.4091390067927607
1.004756038686076
2.300098000353965
1.289240476841388
0.27678931707744514
1.3120302234219574
0.8184070059565647
-0.3890451266965611
0.9852051063127698
2.511749022100992
3.7295223810863236
6.7960601035917465
6.240078074187141
2.977198047498022
0.6512065477778979
-1.7904636572180967
-2.8585391233018917
-2.7346469980137655
-1.9495321645303774
-0.028685064588948705
0.1431350266877054
1.931893207685051
3.0200583000862755
4.287551114951472
3.2115457082303367
2.849404547704075
1.6121376172746738
1.5123886239699447
0.5394009522021408
0.4337155183804553
1.3766202923766455
2.0117313080025765
3.356823484309486
3.9427678704025295
3.066037657116431
2.14682460953009
2.662535110022371
1.9306819776285868
1.8332490357564657
2.262923961620353
2.5842507427010917
1.9505762442594916
3.186147286346281
3.466314691088267
3.054706795297901
3.453726876733451
1.2707494746822148
0.04934408816312352
0.18181125671303455
-0.13328313470860564
-1.1998593191130382
-0.3146376100055619
0.005916045507222023
-0.23041015162480605
2.2626554459661046
2.2393045598604084
3.7960145052017458
3.9091036554838707
2.9477818666140427
2.4023126822980005
0.09831286405603912
-0.23136533579424778
-1.0401544380133707
-1.3272778945724193
-1.4057501397198893
-1.0317406704076966
-0.14511777512302793
0.7117106896718335
0.1305530315575929
