# max_attributes; 15
# description; Austrailan macroeconomic dataset
# number_predictions; 75
# predict; ExrateNZD
# lag_parameter; 4
# horizon; 1
# name_prefix; aus_macrodata
# predict_model; lstm
# method; dm_PCA(copy=True, iterated_power='auto', n_components=7, random_state=None, svd_solver='auto', tol=0.0, whiten=False)
# prediction_type; rolling
0
2.020689010693985
-23.461750113700237
-2.1093078394616356
3.3535144460138824
2.030057541927164
-0.16321483979389484
-8.252855501444316
11.859165479536166
17.63171289250606
14.269051397712978
-5.570283227489284
-12.48511648467904
-12.573452689660414
17.127540119456313
1.431787727147114
10.240080117609594
-10.70867624621144
4.415600803120945
-3.6954396627620127
9.886718423528428
11.33306642859668
19.415334771630796
0.5335595461798945
-24.327769750014507
-16.16595199671515
-4.671358143892508
-8.518881627975894
-5.580765452997294
-2.962834694618703
-3.179600098475568
-10.633353390089976
-0.5001782293858739
-6.685599108686848
4.640459052041628
5.313491500974585
5.472179435814283
-0.24848332327276168
-8.362318149336225
-11.461045912901966
-6.05252972264929
-5.012988924945393
1.8179426553755178
14.89514332037713
9.52850709710502
-2.204815560606729
9.843088606603914
-2.474888109670214
-6.118669663250053
-6.311758939273229
-8.18452023318967
0.25268585006605804
9.467844507437775
18.734307347736966
31.90605053217881
3.4920006416742666
-7.243813052715264
-15.421113265704314
-3.72318752436113
-3.4516621104936505
5.566691581774293
3.426798904129278
9.09560063315142
6.889679384333121
9.229237196469562
-2.375651200119986
3.3785658175354385
-8.427563759685981
-3.924764500691019
-1.3633216658646
-1.908262399035646
-8.926966208925176
-6.821069892727337
-9.006067188503241
-9.26409834007395
-13.681529558071539
