# max_attributes; 15
# description; Austrailan macroeconomic dataset
# number_predictions; 75
# predict; Credit-Per
# lag_parameter; 4
# horizon; 1
# name_prefix; aus_macrodata
# predict_model; lstm
# method; Hits_granger__graph(n_components=5)
# prediction_type; rolling
0
-3.2096730194245
2.166687692780428
-0.5525574754044058
7.089953418628582
-4.484214097947891
4.8964588175365975
3.2377004638641864
-3.7765277779333246
1.2326800662852904
8.088979238921986
8.28910481574674
-3.053410008379281
-13.30536732403112
0.06004437024913045
-5.391099181001053
2.957634991284074
5.5045413426328835
-1.6031891699907206
2.792008954299199
-9.92384088455535
-16.015286980167648
-2.264389158531138
1.2945073726197904
3.8176917044420122
4.572713935234695
7.317212572392769
11.179682545799778
1.191083780882856
2.9305190679405655
-7.390377746504768
-3.127905976490723
6.314934077049855
4.964553150425097
-4.366268216861705
-0.6965666841769647
-3.8819418126109966
-1.4754455431651792
-0.559486511805666
6.20080357938334
5.812786367711084
-2.241580712593766
0.7050802850191076
1.7863586221342729
-4.737627054077571
-2.6015110531465453
-0.3688276757966378
0.6446167189699494
8.3564621110053
1.9418912156480275
-7.0460752517461565
-18.710668900058483
-12.131136184263081
-14.366381539721857
-5.61064371334524
-6.676115462007484
9.385362229005764
13.74253009427045
5.979648156410839
8.741968098656976
-2.910707165705297
-4.901421530485045
-5.41772963045657
3.1424019396525438
-0.12671302106008397
3.0831344047274243
1.2647787170791247
-1.2403592263069712
-7.160468346652081
-3.7997510833749786
1.42761107250859
1.9633359213000645
2.4158108250999035
9.765038116602625
-0.41394585358645486
-2.079458914400348
