# max_attributes; 15
# description; Austrailan macroeconomic dataset
# number_predictions; 75
# predict; IP-WPP
# lag_parameter; 4
# horizon; 1
# name_prefix; aus_macrodata
# predict_model; lstm
# method; dm_PCA(copy=True, iterated_power='auto', n_components=11, random_state=None, svd_solver='auto', tol=0.0, whiten=False)
# prediction_type; rolling
0
0.5178407304212129
1.0919317882326567
-3.9053021510117887
-3.6425124754439295
-3.6971810610213325
11.510153336768369
-4.262763008992479
-1.7165781592457847
-6.341963998469218
3.575339946588599
-0.05939967608973973
2.5409647299331866
-2.9514553893794755
-6.249028870075534
-10.125307400039539
3.2855851953544146
8.532248529658844
12.015535777765912
18.853035880230145
1.9728251587169439
6.001081769750982
-8.28179897255302
-10.974954243325797
-5.319824294928999
2.330735923654707
3.079200159383099
2.269729518334181
-1.4474017610046914
-0.2832430581126957
6.528416736077894
16.040334951640695
-7.4763505975061975
-1.5919881641875904
-0.682462128120001
2.3933903577201647
-0.5549721893058859
-0.8356456664174061
-4.126680825356864
-2.3804207647003253
-1.0942199094092118
-1.5715320685197938
-6.45475860678328
-6.836925225058906
-3.6901830517216396
-5.924127582966513
-7.17786178295318
-1.0602470438571672
3.3584065485911196
1.4295820692230876
-4.265980821794152
0.7247441374517649
1.0543890087821026
-0.8558768086066664
-7.494542487509591
-10.617065484706586
-20.291087133020074
-15.498052268770728
-8.206999495793092
4.783633543910874
13.661877371608107
14.478487840454058
1.5801150687081744
-13.199311355121296
-10.876674024670358
-9.303456982231587
-10.332044537107691
-14.349975294447596
-7.1583592944226595
-10.05796806526891
-4.169407315399788
2.1149566348079887
1.4142363297524838
2.3560285191110424
2.930740644134964
9.401214475487684
