# max_attributes; 15
# description; Austrailan macroeconomic dataset
# number_predictions; 75
# predict; COMMP
# lag_parameter; 4
# horizon; 1
# name_prefix; aus_macrodata
# predict_model; lstm
# method; Hits_te_(n_components=15)
# prediction_type; rolling
0
27.592240219804935
29.080174150849658
-0.07239833327743384
11.308096198213548
-4.733401300250833
-3.9650034469050013
-6.400617363526123
11.488971898443864
-1.90605626864145
-11.035962739251772
-13.854262266171943
-3.452837570496982
-4.488289905757313
4.610685295332743
14.532778494105273
11.581823029594617
19.5780950329314
-11.357760294538892
-4.838760220521891
-2.6452998527544906
-2.68362573637431
1.5364518689423505
10.958680619103475
-4.804859640843816
-2.2525025375937275
3.0704158396920036
-13.190145668406714
1.9221297184351727
-6.993355872324244
-11.308382615582701
12.756076284084742
24.019426370817328
-16.34956046341668
-6.789253058658758
4.239922783736844
-8.052425114631191
-21.035349718271036
28.16932966155518
23.6936735568258
7.673740816688934
1.3425983343543777
-5.509938961365151
-5.549617658107053
-17.106843466577217
-20.873568172742722
-7.466519458551403
9.887562168395561
5.665363627251892
5.766652643638707
11.545262681744305
3.821433483774399
-11.542270246970077
-8.914212931473003
14.700951508409545
16.78626707803582
-20.72043660603319
-5.349504496699922
-15.199749561268007
-16.496919645321384
16.581992296600575
14.638664782203591
14.34219234714267
-13.35454685629432
-10.1623320753327
-2.268656043432898
-23.453669409513594
0.2780490524511805
-17.582024807969518
22.45415280145393
3.873448001866876
-8.994109157302063
13.082757724032959
16.204557435538106
-9.221840342532147
-26.05966326015087
