# max_attributes; 15
# description; Austrailan macroeconomic dataset
# number_predictions; 75
# predict; ExrateNZD
# lag_parameter; 4
# horizon; 1
# name_prefix; aus_macrodata
# predict_model; lstm
# method; dm_PCA(copy=True, iterated_power='auto', n_components=9, random_state=None, svd_solver='auto', tol=0.0, whiten=False)
# prediction_type; rolling
0
3.284759011282823
-9.448715102530528
10.337042390974247
-17.683499657964617
17.976597010773922
-6.644564536905818
-5.838499619428045
-8.506462249395895
4.024133890684688
2.6771375394252814
6.920832450548332
7.7492522494701035
6.934939244696267
7.517796205678799
2.987885240753826
11.264594479681037
-6.0325608468183525
-0.7314115343222127
-2.461204856829834
2.809376922653172
1.9000590465734888
20.09468827928123
-3.6661495033338056
-5.592867597450521
-7.417912153936911
-4.65696955134473
-7.051623169189796
-5.349640142657304
-11.438549288550263
-4.634884656391602
-0.8371044958353586
-2.7477668308231777
-10.5247361373976
-0.3037563076160268
-1.3014171383393567
1.376993968825147
0.8124083436122085
-2.6069351275233608
-2.6602270859898702
-3.117950370701081
-3.3485424577216065
-2.686503521213748
10.418672806488651
11.420535301976138
5.1521981964979915
5.190030053531089
-3.2048758962676622
-10.974678748925069
-3.304853581252214
-9.547057681829752
-4.967794873789405
18.88948208336422
23.88991538008319
14.789149998892889
8.755053172893149
-3.8235263162772206
-14.88653157670482
-12.709051717284062
-0.020827339340446116
0.39678438990539533
7.495704561063398
15.53533528752694
14.381045168956796
6.253716080596554
-0.8191368948679916
2.151770826842281
-5.022571757955692
-7.645409520805842
-8.767864857271334
-1.9488481182756061
-5.487147637288288
-7.994549301136036
-10.895108667819116
-13.449783278802546
-14.9435560984076
