# max_attributes; 15
# description; Austrailan macroeconomic dataset
# number_predictions; 75
# predict; HCE-Pet
# lag_parameter; 4
# horizon; 1
# name_prefix; aus_macrodata
# predict_model; lstm
# method; Part-GFS_te(n_components=9)
# prediction_type; rolling
0
17.556485779865536
-7.882012524612577
7.114122667269644
1.6628561688561767
-5.175766662682445
-4.572005642859146
3.852481654833465
1.6440100645293683
4.736807951777955
-7.1126341219857885
-5.322531185677697
1.5067319263359522
1.4140686763942902
-1.3857743807855734
-3.2708424973335113
-0.9725027375305224
5.885030375408515
-7.39786068129553
2.1835264559279146
-3.857089931542596
-7.340449222339931
3.5468366528934574
4.293371395055651
10.969938671376159
-1.70058825990008
1.0633392802429604
0.43552536877862025
-12.999061712366533
0.6984858612862617
16.83978662145076
-6.404389448584002
-3.77732289565591
1.826482373507389
-6.111655860532199
-0.15605214028084546
5.970294684311039
-3.899722085993858
5.162480970073041
4.112493379695742
0.33547668876068215
5.2846403408201255
1.8812777722781853
-0.6022060894094459
-0.09203044274337202
-4.104141265276283
-6.171806667208749
3.4273456973122762
3.7882876925194573
1.889967010270965
2.64952632063536
-14.53931570119263
-11.608574213597334
-4.923209611581125
2.050024631855365
-1.913629122360959
11.357166244837881
8.224399551692866
-2.105293952698492
6.4169975163060435
-7.66346256704335
-11.23675251554283
-2.4154364164023043
6.535897367261864
3.0333085985664177
4.80484240528644
-0.13816024770640212
-3.2454959309981106
-0.37258896438313727
-0.9655665469695229
-1.8203291682942684
-3.346527533564501
2.394966269289249
2.6024237263460215
-1.524528591672027
-1.3605038136162868
