# max_attributes; 15
# description; Austrailan macroeconomic dataset
# number_predictions; 75
# predict; ExrateCNY
# lag_parameter; 4
# horizon; 1
# name_prefix; aus_macrodata
# predict_model; lstm
# method; Hits_te_(n_components=1)
# prediction_type; rolling
0
11.214241169425108
3.165615766233472
16.116546106617804
6.634296097549509
-1.4116939110328985
2.5741049533746576
-6.26319485328753
-11.349526490093169
-5.758110954894349
-12.213925901403371
-17.122373412343023
-14.274914711438342
-15.615298454810329
-12.222373192869398
-9.243094658944955
-9.247032720091042
4.2044221858074025
-12.129713520050402
-6.115823185919837
2.3155657278525297
-19.75217657595975
-10.062031008118254
-6.243664875746248
-4.987433390656307
-1.6232669976448193
-4.340178470531114
0.7586186829812362
6.109642139567768
6.757388064772243
22.217825324348937
16.658836165406456
16.08209558697341
21.52850429559456
10.98860930472678
9.10621607689717
12.044129938019978
11.083683920894913
-4.488051163489899
0.049076261369833674
-4.835602595527774
-2.8205878937326077
7.630324952154879
6.674809026846276
11.5823847532574
2.9124675760716485
-3.896279817323702
3.5919785237522035
5.675984449442552
12.285504026790832
12.119193592079355
3.900009057163686
-21.37636626541328
-35.90595809978741
-32.376247841218856
-36.75733585598479
-21.35190118579962
-5.74139674117508
-0.9501892185540584
12.189457420975955
10.041841286238892
9.856582063671823
20.713375740913648
7.598159109205923
16.32341957318515
4.457119452937235
-4.328865312683959
-1.870693475556223
-13.144701183023187
-11.228508768817619
-9.960242649029325
-3.9901619925850014
-5.617142394580995
-8.78771249918941
-2.8429737171431952
-9.955583111032041
