# max_attributes; 15
# description; Austrailan macroeconomic dataset
# number_predictions; 75
# predict; EXrateIDR
# lag_parameter; 4
# horizon; 1
# name_prefix; aus_macrodata
# predict_model; lstm
# method; FCBF(n_components=7)
# prediction_type; rolling
0
-2.618761597851602
12.098712023224238
17.884569375414827
0.7565717256298399
16.312370716936186
5.443357357878966
31.670259737902
44.42372713351233
121.37972195941106
159.52128835639544
89.62614418572073
32.325812071042776
53.11933760961716
-1.6929606870453142
-7.779919887546583
-45.250543528826555
-49.70395241459674
-25.954835641799775
19.71490706495831
11.03746090875444
-31.782402849775735
34.62759642710711
2.747621639496572
-7.85359112440176
38.055858319103805
6.138526449336467
-8.343260051237905
-12.112095698826153
-17.433633055461854
4.197131470573851
21.810568396946934
13.40845508976841
44.94035283812815
37.59124862147712
14.153279116330026
2.6643322938581093
-10.065379531865773
11.320775049857502
17.775728307044858
3.278239954179668
-17.430402877361445
5.703625699171454
-5.5247775650398125
-14.635907722707202
19.02806690806466
-5.39316591382746
18.519103823247548
21.455132925072775
18.672848712744326
-18.867904557563207
17.925171120775616
-12.160142787431852
-6.404486876224951
-6.546701623264681
-7.171951119696644
4.242209112943755
-2.0131973571974697
6.223698858441537
18.00518683300291
8.474466679664346
-4.729429497158719
1.7374015449718456
1.381024541364411
3.8656398749328105
11.235675066270375
1.061975649706568
-9.668241446758032
3.3565609092869977
11.564660738990483
-7.198473344368637
8.870431471381352
5.703596728964271
14.764550487798346
8.869287148197799
3.1829279725620836
