# max_attributes; 15
# description; Austrailan macroeconomic dataset
# number_predictions; 75
# predict; HSexfinVal
# lag_parameter; 4
# horizon; 1
# name_prefix; aus_macrodata
# predict_model; lstm
# method; dm_PCA(copy=True, iterated_power='auto', n_components=8, random_state=None, svd_solver='auto', tol=0.0, whiten=False)
# prediction_type; rolling
0
6.456813173049866
-3.8001405340611427
9.774515425484736
0.9510011889571501
14.453271023465277
12.513585035481626
30.959210641465106
16.71269880856407
24.20748342996191
19.551157335514205
8.243862020108821
0.44775498176974793
4.87859659752003
11.497897495632543
26.706741837251542
32.445548785315566
16.063884152474444
12.39058202649727
-6.705805038804556
-9.095605526905636
-18.065207683521166
-14.181791600098705
7.568122250038016
24.875853506014792
41.25131361385267
25.02719925128153
4.106783787316942
-15.194736137892356
-14.410912377096153
1.3975910528051259
25.472021942123902
39.081963103331375
33.11448202639221
9.624577592777413
-1.6445827117512692
-4.816459207126513
-9.614683468080166
-6.774117927161782
5.795065140897151
11.953915518757753
23.51818886035352
21.950444241343234
14.092903666704515
5.881734296106686
1.0502978633634115
5.069587218511671
5.819533690205688
4.113852479339414
10.054253086428787
3.1882810530349985
-9.088177574436969
-13.144592127315875
-10.777371643745354
-6.9881886043861385
3.5957212379893235
-1.2350209482160324
2.4237748235282197
5.5952192353938415
0.5011003031590775
-4.92439269685417
-2.1548636268648806
-7.019541360623151
-13.22439164020961
-4.285923770640835
-6.216366084441262
-7.945637112984173
-1.726018316136475
-1.503437050233984
1.660521150712242
7.72534238908716
8.93387025573871
15.345936134846411
11.226034435279459
19.82289416922403
14.028159108454787
