# max_attributes; 15
# description; Austrailan macroeconomic dataset
# number_predictions; 75
# predict; ExrateHKD
# lag_parameter; 4
# horizon; 1
# name_prefix; aus_macrodata
# predict_model; lstm
# method; dm_FactorAnalysis(copy=True, iterated_power=3, max_iter=1000, n_components=5, noise_variance_init=None, random_state=0, svd_method='randomized', tol=0.01)
# prediction_type; rolling
0
1.6199853408070908
0.3619270352373434
10.74828412537832
6.854936263973897
1.416304441880655
-11.342480389889857
-9.942527804840026
-14.147738913298966
-28.337582557303662
-20.781547417429593
-25.923798133573413
-5.330542956278094
-14.096273721256026
-0.3433671243534775
8.743078170707648
19.87346012051904
5.316232466727911
9.360194084593687
-5.117432855499814
-25.349752380404155
-14.207518025254274
-8.284995786407421
-21.054487324796796
-8.444572354091392
5.481892390445324
-8.490248218975836
1.4996261416853969
7.239495615628087
15.830958508101276
17.04713290738077
17.936590531957393
23.07918597160979
13.38740619551406
12.409496574211147
10.051101107165422
10.64024372222434
6.650900502612174
10.465539875870547
14.601644059789564
10.905173877480848
2.6987874219246777
-4.533309009168477
-12.185684230758866
-8.315422705501362
1.7165991735449069
14.630489306314814
4.75197077784577
22.408283051461368
22.86299363710789
6.280981761145142
20.160219385008887
-3.6857859855157216
-12.26368299403434
-14.980712577105066
-37.20549849525338
-14.487017818210887
-5.099263898813263
3.379930658062719
20.464792743749996
21.66834417926009
10.569920126477726
13.03188472999284
20.059722343336375
14.324243024664497
7.514361919072542
4.847773496445811
-3.015521817750823
-0.32342385549050334
-5.219420319400498
-0.6424350458843264
-5.470064726905136
-5.422746355891661
-9.000885124423164
-13.27356065129301
-11.386878750007284
