# max_attributes; 15
# description; Austrailan macroeconomic dataset
# number_predictions; 75
# predict; PEXP
# lag_parameter; 4
# horizon; 1
# name_prefix; aus_macrodata
# predict_model; lstm
# method; Part-GFS_granger_graph(n_components=12)
# prediction_type; rolling
0
19.57517706147958
1.8867588560674875
21.102301966582985
5.43668155281037
17.67098895626637
-4.806195576839684
6.776971815582826
-7.653069897776504
-2.503887484937067
-5.052597062982457
-3.9055020109219782
-8.453775973668726
15.731241323640234
21.590711390367062
-11.049847198404393
12.298848064701232
-4.79044329468941
-23.331883049388892
-20.95855667212149
-20.23820013368666
3.350326446701743
4.226714418615828
4.186688788689466
8.057235725801092
-5.280336044940043
-13.846256173250808
0.5891706601066744
3.895473107831563
10.4563066849758
25.677566021775533
18.443947153365727
9.671699538179837
1.9655525130463758
0.6293413980569369
9.294926554117836
16.206260501440894
26.752002261645444
11.416599340932876
-5.401356136874455
-2.9741261595058432
1.0248091325316722
-4.229100965780717
-2.583253512454675
5.519336695536424
-7.1273918965202085
9.712079876609067
6.235662455529521
18.23557203104221
10.410952365949484
1.5929554154499925
-18.834030094169705
-20.23434670949638
4.355247881565617
2.5772150800215883
-14.234444321859783
-21.29494125619739
-13.283446640989325
10.324177767655982
11.515901598623273
34.55734674422982
27.110314280444328
21.3880519118739
5.141652755546588
13.276577868197222
-1.795058972845581
-12.050310592311732
-2.8615142714008783
-4.128484674318329
1.6518450884836255
5.85664029709703
6.598488946183153
2.7192597123080446
-23.541217496981545
-4.22848828745758
-10.675226650030282
