# max_attributes; 15
# description; Austrailan macroeconomic dataset
# number_predictions; 75
# predict; ExrateMYR
# lag_parameter; 4
# horizon; 1
# name_prefix; aus_macrodata
# predict_model; lstm
# method; Part-GFS_te(n_components=10)
# prediction_type; rolling
0
32.466980215081676
-17.120375866667246
-3.9370537535371
4.162932755973799
-0.7458315711498784
-6.793484753312725
19.701749975335588
19.85610464236734
15.801076097727758
25.397520580832165
23.551999475223596
1.9278358784464444
1.6397759981664564
-5.788197864252865
-7.795269177326986
7.7626011341988885
7.49203769495162
-12.745538906555524
-18.05297667840913
-21.265297043094783
-26.778347779948916
-1.5755186820737777
-11.146111637460763
-9.674456834700294
3.757869893717384
-6.37955851012461
4.074052741630993
12.444753590243735
13.87590369519809
25.523148680812014
26.039980682720497
18.424152385554464
7.737591468828015
17.93855665354235
12.469151714098714
10.86584075927314
15.439202362269313
0.164205741284718
-5.1760209805478326
-2.9509549723006927
-9.565951897165547
-5.535424723649854
-5.898886878630108
3.2904615652299753
8.459321646952205
12.04983278663407
-4.168017894105688
4.24270318435903
1.0930737671503579
-12.679476538643499
-3.685471927575449
-3.660946730158713
-11.356196003415164
-27.58538402849183
-18.944695542708473
14.73480184112806
12.58485219206726
18.453482552024667
18.41251721255722
12.434174716228497
0.7045304679207476
11.891308518357562
12.75818053028702
6.298666050314409
-1.0978968160611515
-2.223951241364105
-4.662087844266651
-10.349153910783713
5.197557753601458
3.780774903221854
-0.40517117840518324
-2.368306807506073
-18.484145215506473
-12.899941226172928
-8.180405316682311
