# max_attributes; 15
# description; Austrailan macroeconomic dataset
# number_predictions; 75
# predict; Cons-FurEqu
# lag_parameter; 4
# horizon; 1
# name_prefix; aus_macrodata
# predict_model; lstm
# method; FCBF(n_components=10)
# prediction_type; rolling
0
-1.7011342874574247
-6.156599211741625
0.7056680838248397
0.5391037575304836
0.2966125511260529
6.98381948332603
4.170873082623153
1.7385541257648
4.557757767009278
4.262581876590723
5.86165920517189
3.65874392714602
-2.2709097841244485
9.736838034768951
-4.185445645459968
2.322545446506439
15.246559007939524
2.947746284307634
2.0646674079851977
0.5800427681729943
-1.4998525981125468
7.9062356875584925
5.268424395416282
6.830552683006324
5.885015298706591
9.374501807729494
11.484871857471937
-4.207967084326299
11.616124418457268
5.826899130581836
3.474479227010143
1.233671694828459
5.245046946111813
12.363369921179448
13.845556443943295
2.3811563566307896
1.0453885506815013
6.482934140630995
-5.059416285976965
-5.016069412293273
-8.128411247591085
0.020852614720269003
8.960865462415775
7.893753240129932
11.822773524603477
10.176763332665317
6.996419387488302
6.2150900762186865
6.49790453523736
-0.5786536727567828
1.2278949591065995
-2.895936216472549
-2.13859655324071
-1.9556025214059396
2.779199430719949
6.3058022675971515
3.3818948464821403
-0.5202207273804902
-0.9245246013062136
-2.4058996048189343
8.233448791921859
3.5607102660325864
6.030978425766129
6.681375512596915
-1.3455678394339685
3.1253551028662656
-0.23218478265388853
0.4310079695620317
-3.04596761767262
-0.5540197923310473
2.7460268016825466
3.171978307561652
6.308411230803628
7.529598213365354
5.387130441663757
