# max_attributes; 15
# description; Austrailan macroeconomic dataset
# number_predictions; 75
# predict; Exports
# lag_parameter; 4
# horizon; 1
# name_prefix; aus_macrodata
# predict_model; lstm
# method; Hits_granger__graph(n_components=9)
# prediction_type; rolling
0
5.021448375512083
8.170727900349913
1.9230256992786323
5.045699314465107
10.594501142109642
3.260746449259262
18.54659049866499
9.74323864459408
-5.532697581439397
4.134140606886014
5.706187758883527
-7.135837553761222
-5.872847679154278
17.58453140206612
6.631504248135329
20.080535432440804
10.830103396738114
8.736041635677257
11.4882816713896
7.983469746434309
4.156120333403763
11.170543726573797
-8.277680840198363
-4.976843660170315
-7.454781227991637
-7.683984740896355
-0.4183410988387841
5.736734202631428
9.035939070463279
6.722576750203505
2.0354195489596485
-3.6108866362087184
-5.6631686069399745
-0.247953417394843
6.441902810720894
6.108293648990291
7.68302106540542
7.451197671947142
5.638047490091978
-4.70155946752168
1.5506306181558465
0.2794704171683051
-1.8769970934650075
3.711243188876871
10.537165689251623
4.270111433682484
3.9723410692046315
5.073205138477615
3.1401228632668783
-1.1258101373622686
8.823008034989371
4.2271707148696755
-5.970053039157682
-0.1804832147076958
-6.3562477810847025
-2.386379787740367
-0.7505419530301864
0.4865013647636012
16.291763517078103
7.47736336375084
14.574403570154104
4.287359792271165
-2.6866395257107456
-5.121929528639933
-1.691591360669431
5.631944824088777
3.6129363103210217
12.32184000953616
9.14390152366894
8.06627745059263
4.653597667126437
3.6428302187637627
2.204206084072716
1.9312301133244283
4.610820569106565
