# max_attributes; 15
# description; Austrailan macroeconomic dataset
# number_predictions; 75
# predict; ExrateCNY
# lag_parameter; 4
# horizon; 1
# name_prefix; aus_macrodata
# predict_model; lstm
# method; Part-GFS_te(n_components=1)
# prediction_type; rolling
0
13.308818735087783
-2.059159261906359
17.417950059001797
-7.362214528400486
14.130300294263904
-5.479691033917177
-6.000647423036568
-1.292630189562658
-24.362203224325313
-9.913146243465434
-24.073271786446753
-12.688797956652905
-19.932410511848033
-4.723683498986688
-5.090534436793931
5.845180791558789
-5.741516987316956
18.34676132030448
-24.06683861785696
0.07561057667477655
-16.449085202503994
-16.072303937481053
-6.674496781537627
-13.25823358196763
-8.927979623675228
0.3478478418576998
-11.35908605837146
13.213403421517697
8.685615113676164
14.021768130718684
23.21424497891536
19.613033358240173
22.69475158452201
24.87736936705369
20.226559235572168
12.788062756204837
10.535070919146506
2.646663479478505
3.2458600249048857
-0.24082716615546929
-9.404384817233549
-4.397856536579141
-7.890956855205644
-5.444488975886131
-2.709420335578187
4.3033346580033935
1.4694737916413203
6.578592072330437
9.627643430072197
0.6568804264514085
4.131693311002564
-10.967935379395612
-23.258453867632326
-14.817284934321577
-22.31930143812923
-9.67782454383513
-7.243170847953877
1.7602289626715049
-5.192503165095673
10.328247555138276
13.252252945852007
17.386706103140483
16.83844381930585
14.551111688233178
5.817644425071649
0.6929843305464516
0.9239871895814247
-1.1581549209100217
-3.961282877513696
-5.244850318854347
-8.954483877444702
-12.70528169860026
-9.895189486280216
-12.686613485075682
-9.971615929947419
