# max_attributes; 15
# description; Austrailan macroeconomic dataset
# number_predictions; 75
# predict; Unum-LFT
# lag_parameter; 4
# horizon; 1
# name_prefix; aus_macrodata
# predict_model; lstm
# method; dm_KernelPCA_fit_inverse_transform_True_kernel_rbf(alpha=1.0, coef0=1, copy_X=True, degree=3, eigen_solver='auto', fit_inverse_transform=True, gamma=None, kernel='rbf', kernel_params=None, max_iter=None, n_components=8, n_jobs=1, random_state=None, remove_zero_eig=False, tol=0)
# prediction_type; rolling
0
-0.5906903701184696
-4.4203002002026786
0.11350762719207808
4.790119034000465
3.228098049256193
-3.58529129275896
1.6436601939503142
-7.500591418377059
-2.0180879132074345
-2.976316617263837
-6.772391107743694
-12.73033223151456
-6.244078803308472
-13.398475834555189
-18.96770339825825
-18.340842416151915
-11.101739625561354
-8.328004119871725
-10.13970687736376
-9.447027953476734
-2.5065281994220285
-3.04282373437756
18.37374108338302
17.198313510945578
18.298115124178057
-6.307718883137735
-12.159764652288327
-17.799377217460552
-13.024795123623655
-7.801131275245396
-1.9364155438146433
0.7441539812015172
-10.11595748799321
-7.937560831566582
-9.329155206861707
-12.790842165249956
-8.986709755297444
-9.152463212796256
-8.037048213570618
-7.5254730243661605
-7.550398764736194
0.616028478400505
2.5490159096489258
-1.2402126593577343
-2.592220192432105
-13.152060005996475
-13.94367293464968
-11.064164292625435
-8.139487506668598
-6.97900111965318
-2.893841341633305
4.302675166309246
19.937860148697805
36.033526286979864
39.844767727214986
38.71911694656525
20.8345723156383
5.246353104467264
-9.363194696894414
-20.123581137418547
-18.628445806978306
-17.08108592408475
-0.25466137855139337
0.4584042343743171
6.0743276705807325
11.652098631946718
15.997114854995612
7.3790520043901076
0.03306423056065455
2.845194950185846
11.43622379499367
17.772016328694246
15.575037400418612
8.668044128873039
10.953193365395759
