# max_attributes; 15
# description; Austrailan macroeconomic dataset
# number_predictions; 75
# predict; ExrateCNY
# lag_parameter; 4
# horizon; 1
# name_prefix; aus_macrodata
# predict_model; lstm
# method; Hits_te_(n_components=5)
# prediction_type; rolling
0
12.884560285051705
-14.750367956373566
13.551756023702879
-0.14154393502205664
8.858669352843904
3.32053287900321
-9.875739672833518
-14.074083613499724
-21.06147168140366
-12.390417176126093
-19.851063996876192
-16.894176296618227
-4.238390111442172
10.325732406670923
1.5828859444439018
2.1375813968683133
6.492656162944073
-15.884739997194899
-26.86586317486949
-12.640198474315696
-31.91722322541598
-8.859810081749458
0.05603049657437964
-2.919951288960604
5.6526667184325134
7.137586324326534
-2.243957540929614
1.1499397106580602
5.783965484837552
36.52226627859221
31.418278499956017
15.738111457144214
16.90527061264747
9.118902044863958
6.6200569502503015
4.14138314593454
6.434667461029548
0.9532170225665055
12.966838707622998
4.378508537692824
-5.883998644915451
-8.118452535102875
-13.248132906050955
-11.486486845677703
-3.4519001795488435
7.997456464293137
9.849136823387994
9.896634049424776
10.368740443411397
0.5360130128531893
-3.455707974041232
-6.765583234000559
-20.718770177087677
-28.194292447637693
-37.764717950484595
-35.8033179971936
-19.392395109242997
9.49487164842931
23.44979715031758
35.04378986179981
28.75818332910106
14.791143028419867
20.51564098112806
13.56791910927194
12.567320901275693
-8.554044184009769
-10.791303817507384
-15.072397144800533
-8.473479268960048
-1.06899240671693
-4.173497276882216
-10.861768056640415
-14.038771329838639
-11.595600198908599
-11.70481375725771
