# max_attributes; 15
# description; Austrailan macroeconomic dataset
# number_predictions; 75
# predict; FedFunds
# lag_parameter; 4
# horizon; 1
# name_prefix; aus_macrodata
# predict_model; lstm
# method; Hits_granger__graph(n_components=1)
# prediction_type; rolling
0
-0.1325341281582033
-0.22216939064752217
-0.14114454719316116
-0.2514455446888124
-0.3301640019107972
-0.4374949297596131
-0.37569963189851396
-0.3928172132660066
-0.26357475253831497
-0.3684474799324189
-0.20437565061341867
-0.17967138859521503
-0.01662214609872459
0.08112874773252865
0.00461322811354048
0.0675585522960509
0.029881947309860157
0.06966514256704692
0.214529689819702
0.20636646059263608
0.24446300175894153
0.15998788741339087
-0.11578370305787677
-0.21387430760156256
-0.42936586353074646
-0.4355676952291643
-0.33297035786401374
-0.17389323565255754
-0.05792252394448871
0.0019335439514005515
0.007684635193237144
0.09806265500295996
0.24963389781225587
0.25754416731108076
0.25586960461843855
0.1713683882068482
0.05615713146437051
-0.011562951533905075
-0.009067517249695012
-0.12465974900018328
-0.004582760064712588
-0.04765328022729509
0.024695313246139383
0.1117470469783628
0.20927568939436325
0.2492018702339016
0.259678970844635
0.2911181416820372
0.19228497174490355
0.19215023902166717
0.10823938992727644
-0.1989600476909792
-0.6879111460138474
-0.7729409292627487
-0.8541286227394258
-0.7913235971618806
-0.5405005917240295
-0.49846820446740736
-0.17986293169747936
-0.03735755059014911
0.20625303176153542
0.25303561118353235
0.26981981542814637
0.15985046771276856
0.0709856000255431
-0.052597510545364434
-0.17952264520417804
-0.209968018262497
-0.3444001838852082
-0.3655415138889466
-0.37470679375421145
-0.32787882360707865
-0.27572276922952277
-0.1965655669857178
-0.14957781764756795
