# max_attributes; 15
# description; Austrailan macroeconomic dataset
# number_predictions; 75
# predict; HCE-DTA
# lag_parameter; 4
# horizon; 1
# name_prefix; aus_macrodata
# predict_model; lstm
# method; Hits_te_(n_components=5)
# prediction_type; rolling
0
4.440677511542098
2.4180945338642346
6.2277853524980955
-2.843795779083983
7.000364331367258
4.946269068169009
-1.4930691787786472
0.6801725353871362
3.9364364814374966
1.2439979064201339
-2.7597852485855583
-3.1428179127441354
-3.8266011622025147
-3.736310405489263
-2.4083926975605863
6.620705204653284
3.883693696677639
2.476161616600905
0.0030807835948110096
-11.966132809698678
-8.831041104399304
0.4968788534714079
-5.156614131443568
6.08157279386139
10.61156109755661
7.240013317546946
3.471516336704447
-2.516084682838965
-6.0506960355413995
-7.13871465978626
-3.858469141950991
0.6358774885445513
7.069885879793084
8.704300857894246
-1.9381927166292314
-5.824791296644236
-4.065133046197083
-3.498095311666596
-1.8868782665040698
0.1323367314515167
-0.7225354417210426
1.9061838469663073
1.6794565651666744
-1.270804747997154
0.005515065968346278
-0.3037666230834475
-1.136013308715711
-0.06927520321115566
-2.1966323619525525
1.2000307651940787
0.7862583389167668
-9.339706081465849
-13.143969784260094
-5.242208612801484
4.225643677491121
9.828272387788367
12.440551933870914
6.307355262867638
0.23338723856466714
-4.0516778004748915
-6.145860914724025
0.10312534296912901
-5.638418636566556
-0.21561558946109471
-0.01547089348932218
-2.765387432678068
1.3750378831396262
-1.0246810153216614
1.712291588597786
2.160544124111155
0.8625714240103051
-1.8317567765938207
3.566547830551535
2.1139537379528903
-2.678503559743305
