# max_attributes; 15
# description; Austrailan macroeconomic dataset
# number_predictions; 75
# predict; Unum-LPT
# lag_parameter; 4
# horizon; 1
# name_prefix; aus_macrodata
# predict_model; lstm
# method; Part-GFS_te(n_components=15)
# prediction_type; rolling
0
3.213111119922665
-2.1161837987139336
24.520546644369695
15.924374649558658
13.699191741150813
-6.04625764950913
-3.0530029582680953
-8.419282252281882
-27.97884042318887
-21.088649881490596
-4.306264660335216
-3.728651843730141
-1.8361310637149586
7.066012316359384
13.763145827517334
13.459933124425014
-3.0841910014433154
2.591026881435475
-26.318450490183935
-13.147500057645534
5.989055483947453
13.905549057541066
41.19726785730459
11.742127942620243
12.781094424644728
-14.902351607685265
-12.857821522548385
-3.699695543434828
-9.753577073032567
4.660123045394322
6.565837032686915
0.3036031438214408
-14.453607853108746
-9.269982060957759
-6.32598069521903
4.192801158485473
10.638542359936736
1.7599027265306688
-3.6945219576677815
1.5108238775618688
-1.7222727268394848
-0.011140230817048291
5.720153009776482
-5.839838340261103
-9.747862458688566
-3.876352645236466
2.248034488651747
3.7818955900091353
3.061400507661155
0.7619642449246129
-9.483138866703065
-10.262152388933561
6.832665563979596
18.342997817082157
30.410195004435344
5.903916747364882
-6.171021093638679
-1.1979850393496747
-5.625613566647758
7.837062574222955
12.198248847271998
12.299719884021137
4.805163789730663
-6.9951682341866075
-7.986267776437209
0.7453586126123994
0.3699242302120993
-8.183948910596115
7.578101500153366
7.329403061902724
-3.972340131929684
5.24468469778455
5.634416887473527
9.324378310819931
8.203947577964634
