# max_attributes; 15
# description; Austrailan macroeconomic dataset
# number_predictions; 75
# predict; DomSales
# lag_parameter; 4
# horizon; 1
# name_prefix; aus_macrodata
# predict_model; lstm
# method; Hits_te_(n_components=8)
# prediction_type; rolling
0
11.642503283395559
12.518634706687944
0.15129114959572476
6.123067063092304
-0.05655578395647609
1.4338351419460444
6.965309015353142
9.488191383251294
4.80150823452222
12.010001597513
7.782270826082296
6.3296224902181635
4.829108165558711
7.287239729907892
8.001313312027879
-1.2283009370845868
10.264368555251021
4.541950753276737
1.4014479700218558
5.415488463580349
2.563818733919497
-1.620177371261125
1.9539730374474367
7.587740211896971
3.1108482114480687
10.303978319037515
9.184266857712675
9.281648796288746
7.96836759299967
7.104990731929313
3.7843661377510003
11.427672371015909
9.781158969431392
9.218265470132366
10.002044018812068
7.598198524913592
3.483465470672069
9.532892271790509
4.222106565259988
9.873548224506791
10.759874737467925
7.893396019455324
4.403929697822093
4.636537816305495
4.184542667494341
4.461464329590417
10.637291838367258
16.860024463718332
9.95404962838364
13.828134481882
4.664512252105219
2.2276033376815185
7.643990827334218
2.5800829407798
0.9630783745106406
1.7196314969170778
-4.06335121536687
0.43516576012457975
-0.12707182083198632
7.247159160133332
5.027366707158599
6.747670387262872
8.254352270365928
5.930132909211949
10.07808988602008
6.742983727654444
4.95242937404975
5.957469616900571
4.548191072645771
2.9616048532598143
0.8218322980377764
0.09787607022293443
0.17008165858742075
-0.382037873680261
4.541612628976221
