# max_attributes; 15
# description; Austrailan macroeconomic dataset
# number_predictions; 75
# predict; InvtoSales
# lag_parameter; 4
# horizon; 1
# name_prefix; aus_macrodata
# predict_model; lstm
# method; dm_KernelPCA_fit_inverse_transform_True_kernel_rbf(alpha=1.0, coef0=1, copy_X=True, degree=3, eigen_solver='auto', fit_inverse_transform=True, gamma=None, kernel='rbf', kernel_params=None, max_iter=None, n_components=12, n_jobs=1, random_state=None, remove_zero_eig=False, tol=0)
# prediction_type; rolling
0
0.008728693962097168
-0.016866772651672364
0.0058045277595520015
0.0063808827400207505
0.021128923892974855
-0.01331838345527649
-0.015315243363380433
-0.010048806071281433
-0.016472095966339112
-0.015677961230278016
-0.01294314932823181
-0.007201794028282166
-0.005441411256790159
-0.00039897334575653143
0.011369475364685057
0.010313919305801389
0.002399099349975585
-0.007576627254486084
-0.0077600269317626945
-0.014409427165985107
-0.006489923238754275
0.004105582475662228
0.009380631208419803
-0.0018616340160369851
0.004648814439773559
-0.014788602352142334
-0.011957327365875244
-0.02102003288269043
-0.017794112920761107
-0.015168928146362306
-0.01186702275276184
-0.008187862873077392
-0.0034823606014251704
-0.008216648459434508
0.002298824310302733
-0.0027281619310378993
-0.004321486830711367
-0.006908237218856812
-0.0034667685031890896
-0.00786321246623993
-0.010483713269233703
-0.009917007088661195
-0.012149293184280395
-0.015782410621643067
-0.01691370975971222
-0.0167140611410141
-0.016940099000930787
-0.011595255017280579
-0.007921771168708801
-0.0067027608156204205
0.004838922977447507
0.0034759869575500466
-0.00010615944862366056
-0.0035873739719390896
0.00402810215950012
0.0025031523704528783
0.005003283262252807
0.003070384025573733
-0.00432625460624695
-0.013912511706352233
-0.01720338213443756
-0.01629468035697937
-0.009783353090286256
-0.007653627395629883
-0.003361016750335691
-0.003946431636810299
0.002544030666351317
-0.0024996665716171262
0.0008753454685211173
2.66180038452149e-05
0.0026635398864746085
0.0055174419879913325
-0.000655778646469117
-0.007039884448051453
-0.004561422586441037
