# max_attributes; 15
# description; Austrailan macroeconomic dataset
# number_predictions; 75
# predict; Emp-PtPer
# lag_parameter; 4
# horizon; 1
# name_prefix; aus_macrodata
# predict_model; lstm
# method; Hits_granger__graph(n_components=12)
# prediction_type; rolling
0
-0.36663300814497557
3.7890013176393893
0.11893480041652449
3.5611251890854128
3.117325168836664
3.9950941962273854
1.9061378051567521
5.248193334860887
4.458501518795038
3.7589946811110826
3.093883605440208
4.866039333377958
4.371899609843127
2.489529060968846
1.7562297697824913
2.8299933229723777
3.4321799938139064
3.125136331963068
2.7580959936466156
5.703079877897751
2.64698675102213
1.084269684706709
5.680036632685298
6.161990869973898
7.335905430163023
7.424413704297385
4.746614750105873
4.049248424104426
4.43676447014995
4.4430029941399605
4.392746722365394
3.2355808138345203
0.040937551063430444
-1.1351011484954596
0.23276094984338958
0.5503524181096067
1.842730753518861
4.423052097531703
4.916514500731121
4.10900691706136
3.603527684864792
2.5797683146888755
2.347394509973854
1.902575817882905
2.024909738701668
2.8343362471362594
2.8922273993274183
2.8970978259511977
2.675239531582581
3.4295344074971768
3.202589482265264
2.312820671024906
1.4014969250839489
0.1344400534193042
0.31405553812735576
3.4424604605472275
5.2251195878055166
6.548532651272061
7.3868946432806775
4.6037216900465205
2.6571568728531254
1.6059839713535515
1.7864454336460973
0.6434382114644226
0.32638187111883266
0.8219740206444355
1.0100640835623835
1.0757969007228656
0.8260482594567202
1.1645998764866103
2.2004074746156226
2.301746259262657
3.0552296964442993
2.966160726668038
1.9933322572630212
