# max_attributes; 15
# description; Austrailan macroeconomic dataset
# number_predictions; 75
# predict; ExrateHKD
# lag_parameter; 4
# horizon; 1
# name_prefix; aus_macrodata
# predict_model; lstm
# method; dm_FactorAnalysis(copy=True, iterated_power=3, max_iter=1000, n_components=14, noise_variance_init=None, random_state=0, svd_method='randomized', tol=0.01)
# prediction_type; rolling
0
2.864477762422254
-12.252601147126754
-2.97127554153424
3.842113632703658
0.139215370852952
-5.405418930123062
2.7313130988501655
-18.254734238597948
-12.954721822653454
-6.638454364541914
-10.011553617966172
-22.3966885832358
-4.682209287013748
5.672382545705915
-7.3898502239395185
10.513405748927028
-11.033314097343492
-13.065266540707867
-13.060673606902611
-15.982124230550511
-15.924910267055964
-11.224686339228924
-5.059945140983757
-9.842578265210534
-9.709079017056595
-2.801701992101968
8.69959231399524
16.327248832236393
3.253782131782529
44.97903449669502
19.35248150981485
13.143848897788388
30.968568744263166
26.49845789732788
-6.721735508639767
10.021241967967924
9.281647819275207
-4.940457889560193
-9.735440226534848
4.529583559116489
-1.6370738962792046
-6.862788257201899
-12.789974402341059
4.794909132515173
14.477462485293515
16.596782060224882
11.075000900081164
24.492156938571185
12.412173250865862
13.364411109707632
-0.5374059039669135
-21.696661596077263
-31.716065580817514
-35.653005757664914
-2.853136767364745
1.4240404429698543
-0.8646803196394899
11.919603912837871
35.48044183036805
27.93027712906624
18.34131620886245
25.568870400783965
21.240420638014157
0.054717555548407404
7.9666797180125855
0.3179240932620928
-8.152915987994618
-11.308322345762065
-3.098711711508173
-6.396387489044443
-10.822262198689856
-13.128939000524582
-11.45644192624971
-11.59949204337616
-5.324905713020428
