# max_attributes; 15
# description; Austrailan macroeconomic dataset
# number_predictions; 75
# predict; Credit-Per
# lag_parameter; 4
# horizon; 1
# name_prefix; aus_macrodata
# predict_model; lstm
# method; Part-GFS_te(n_components=5)
# prediction_type; rolling
0
-5.353201323945278
-7.625225739817971
12.757335866385667
-0.6336492682939863
7.084105664977841
-2.669455330469667
-5.846546509015063
-2.8992808757417023
0.4095943963969688
1.751258860032891
2.093668006628363
6.058330233456417
1.5746920069724055
3.658615151545959
-2.2804428973270348
-1.0881057882366107
-9.452370711538308
1.2538158340086056
-0.640216405978741
-11.474045070174615
3.5367567922625085
-6.629342259599529
-2.6729529491626565
5.226073520484142
1.789443588022479
6.880162498033933
4.133611630349371
3.061623498090661
-2.794659046181245
2.5638229867488604
-5.022953298243856
1.2059392818552226
0.6832118930648292
-4.808495208226063
3.0007671395321367
-3.7105452564575643
-2.5597382317848414
-1.3096937243093265
3.500050552931789
4.899579090616655
-1.6721397022816689
-2.4078974465192786
-4.019447877984035
4.279112567977741
-0.10379865354714468
0.7852231971276211
6.6056976287615825
-0.8043595409057716
-2.106351961095278
-1.3800124102845999
-6.134951098971079
-7.340051757916555
-15.92229887032292
-9.058823510941995
-0.3621148959454885
1.9456381913834804
8.274121326203897
5.25276575752541
7.328616795361455
4.64245005254439
0.21175496024473262
-1.4116255871904428
-1.3990694670875357
-3.812797090764853
-5.072771745949176
-1.4274079019489747
-1.0434995647286698
-2.313552216487679
2.42487153320932
5.015510255067696
4.283971720256581
5.015677964228999
3.799993974525435
-1.218468767357784
0.03823776588059502
