# max_attributes; 15
# description; Austrailan macroeconomic dataset
# number_predictions; 75
# predict; Mbase
# lag_parameter; 4
# horizon; 1
# name_prefix; aus_macrodata
# predict_model; lstm
# method; Part-GFS_granger_graph(n_components=1)
# prediction_type; rolling
0
1.0046072283912082
1.0072985406247597
3.243931550722479
15.999563873671605
3.39716201201999
13.889891066591659
1.709665657577034
-10.61927926834366
-5.877148976815889
-15.50179908405461
-12.807724714259592
-2.292021441694203
-3.8151625178742137
6.3619311813062325
6.422207858537121
-16.98236403653982
18.087379302854742
-6.546326874887939
12.698108275167314
4.736182464221798
-10.49509754556702
-8.306112747604288
-5.043294368452976
-10.688092962315395
23.38404521850579
-4.637963133277836
15.780576046667576
-2.497509123526669
0.1712810760741661
-10.879611970935642
-6.197567676622199
-5.784739992796517
-4.595043785553244
-1.0899746173791272
1.7532605573602495
-2.1705419271520583
1.247021457428204
2.0320020535497747
6.1618697079446605
0.7648298315830431
8.939118700957678
-0.7385458988817106
0.14310401762892866
-1.8585131480738255
-4.161143235898834
-2.817764383318803
-4.425839786869517
1.6155460014092142
-1.6222006795663475
1.0072658526219271
0.8187214522598225
3.8491717152459444
6.546454957319426
-11.884838882170442
2.4024987737019217
-12.303376070491609
-2.8342936167532287
-6.841712012521825
1.6788844549057984
-5.452940420002548
1.1346183116737336
-1.6213507914925884
-0.3880433404646766
-0.5233062962029607
0.6709825754388561
-0.8798125511410149
-1.940167779159907
5.083045758323024
-1.1849659536225943
5.3999777378267595
-1.720787696121846
4.6534382330411574
13.265626484417226
4.429372869596492
9.56847171557368
