# max_attributes; 15
# description; Austrailan macroeconomic dataset
# number_predictions; 75
# predict; HStartsTotal
# lag_parameter; 4
# horizon; 1
# name_prefix; aus_macrodata
# predict_model; lstm
# method; dm_PCA(copy=True, iterated_power='auto', n_components=1, random_state=None, svd_solver='auto', tol=0.0, whiten=False)
# prediction_type; rolling
0
22.55940855836853
15.79535023099595
20.753132958152165
7.522796443609906
14.612363926184713
4.887444132191874
6.026448345023937
3.271698429638576
1.758827141207476
1.1787018816752237
-2.822896737385662
-0.3500057381721433
-4.651622575462596
-0.4941997031728107
2.6653567871526036
6.731365748318808
7.847649610425009
8.359621535290117
7.9060017068374435
2.770947764948545
4.9013973910615505
3.436359232317571
1.6991167629581554
7.532589964354173
8.409522957774286
9.83841229763243
10.05243429706502
8.688919988116794
6.360732309592763
4.547904543015591
5.1006866630703485
2.920243004347924
-0.3223770508084982
1.4883438354194425
-4.149197211007774
-1.9796043719594536
-3.057786885039306
-6.713587013959682
-1.2762767758145515
-1.8601527454190716
3.543262186887759
7.295978811873141
7.627569365299536
8.97026183108936
9.974248198830068
6.8589053257969255
4.704600874923841
6.668931088885316
-0.845446755681678
-6.568818094431478
-6.092095898486335
-11.251714676095489
-10.44772373256854
-17.847095236606734
-14.283720012677144
-15.084820748545525
-13.02563075505045
-5.435829680984881
-7.743674001997562
-5.801801743407097
-12.783424407502757
-11.24808358743499
-17.864150934672004
-7.130749323109029
-9.586322228902432
-2.7072112559384323
0.08662784980917593
1.8700133140700643
6.2481878548933025
5.80920042622877
5.579751123433056
8.22554522647205
7.6061224037957516
9.422152937204189
8.999024992487222
