# max_attributes; 15
# description; Austrailan macroeconomic dataset
# number_predictions; 75
# predict; Unum-LFT
# lag_parameter; 4
# horizon; 1
# name_prefix; aus_macrodata
# predict_model; lstm
# method; Part-GFS_te(n_components=10)
# prediction_type; rolling
0
-5.248300228458994
-2.834579052897361
7.1894235442827
-5.249541083553687
5.778559419281731
2.3337793237432187
2.0151834126446992
-10.92717626663783
-3.4616012952417172
-1.5537161418870582
-11.473286608922397
-10.254121864980302
-4.405532157352006
-16.95801211042438
-13.95350132178823
-10.587562205358036
-13.2109777070659
-10.022645524367423
-7.439368544641976
-12.835387335420918
-8.788887577622202
16.245486176124903
6.478272684499007
9.640419599494674
11.664979081274407
5.454616458185551
-15.096889031144473
-18.65869058898886
-5.63242211543357
-6.261398152872314
-1.4612410340228088
-4.529583717297662
-14.498856287168367
-14.414048679253138
-9.94396071306856
-11.057102791676147
-6.410928830425853
-6.287878781432141
-1.1029920791321324
-2.7099978803805094
-4.112191297004323
-4.648286529769468
-5.154243072785913
-7.261435695481829
-4.519780792301955
-4.1834190954016925
-10.781223868892244
-12.19648615470081
-13.136478872050919
-12.527867456460399
-4.228381844715326
1.1629722814942305
23.889669592204672
34.16993507732009
36.68336091183805
32.23954478464195
15.267295152077242
14.490037779560605
3.709947035426058
-10.717296915586918
-28.43799817409755
-13.424577925924705
-3.5387515880650646
3.0757020318943837
4.380008786561081
3.7415336723646
7.207790236655608
7.4259974058933516
7.642252477512894
7.606187898385837
8.896106844868367
10.755725960244167
13.369404738527724
14.101179934016667
9.787356533430302
