# max_attributes; 15
# description; Austrailan macroeconomic dataset
# number_predictions; 75
# predict; Exrateavg
# lag_parameter; 4
# horizon; 1
# name_prefix; aus_macrodata
# predict_model; lstm
# method; dm_PCA(copy=True, iterated_power='auto', n_components=12, random_state=None, svd_solver='auto', tol=0.0, whiten=False)
# prediction_type; rolling
0
-1.5742554914262428
-12.28221046037153
12.528070656932428
-3.9163176406558193
14.949758563638824
0.6024220779701466
14.435886191530287
-18.29919147419386
4.297609681130282
17.21727114747206
-21.504562571342895
16.70271020672169
-2.5123582064115197
1.3598235641475611
-20.439771232872886
16.182616697000327
-15.442652453641102
-1.4331229396872942
-20.747849653807314
-23.082757895112756
-4.346144605400454
0.4489913700236201
-3.4328784011937614
-1.4732841060526738
0.7883356112644293
-6.279060868976671
-3.2401432343780954
4.477750447090145
9.971711534463338
25.736306437098193
12.80401854345213
8.887392069046527
28.981434366700825
1.1234523613088925
11.574178902857739
6.432260543538661
-0.9223090934064118
-3.4595163996980745
3.3016912200675677
7.815538898691699
2.9999860623761236
-6.6985913305423
-13.69953293023461
-14.125957084830674
-7.432365304370379
11.089370532724132
12.796748539652341
13.94769102447232
7.183168667291355
-1.088254136087599
-0.8346446973668264
-7.929872161317263
-13.414905876183
-20.40774478441564
-7.409722605311103
-14.94531373554861
-13.560289938954654
3.7352652792817054
27.770090000090477
29.690323790077628
13.991407126616465
16.94357311895648
15.148939053206519
10.027421541554702
0.9671392730012087
1.4322834037820655
-0.9291147137035694
-1.1882887478437993
-7.837467850906009
-2.521597836791429
-7.588606333169025
-11.496289421842945
-16.042051456354713
-5.318019210283893
-3.457210495409157
