# max_attributes; 15
# description; Austrailan macroeconomic dataset
# number_predictions; 75
# predict; ResInv
# lag_parameter; 4
# horizon; 1
# name_prefix; aus_macrodata
# predict_model; lstm
# method; Hits_granger__graph(n_components=4)
# prediction_type; rolling
0
-9.101309556753634
-5.30325953715689
-0.8807027104900556
2.9197654798038144
5.675683500667503
10.71803881381176
15.609550061321741
19.74596617184926
18.346037369407227
18.1313251483014
6.503658035101722
4.171993838517864
5.926703843564226
7.521409183394184
15.843436953602534
21.371560086201825
17.980239265597405
17.3011173621057
6.890785826913671
-14.61931193375871
-22.26062465272195
-15.763985038450656
-13.635735227230242
-6.976334944374486
7.468764184864085
22.059593659939168
35.23568659318559
33.604004578489636
24.054627158680773
14.359042871162728
14.111343956841196
8.631164614446106
7.720310835500769
12.964562065056
8.263311065543704
0.049553332166453856
5.8433551894471805
7.70526127904445
7.100298981020643
4.667619259697105
-0.8241886388445323
-1.2613583395537802
-4.090433136272736
-5.07247359318184
0.10002197706913307
2.422120174865782
5.325852435725565
8.600425397525385
9.892311755672537
1.5616710304223176
4.151410938525132
3.841316107950618
-3.908821404650709
-9.771306421996997
2.708132870203471
16.570936495570564
11.501476333818061
5.815332858427382
1.7008580908430275
0.8101889249520582
3.614505921092345
6.583905740913011
6.862855955361695
3.5971306534067082
2.4699217197348418
-1.1759400158106672
-2.890536836351515
-5.550254337069546
-6.496107580722608
-1.642604286758285
-2.3436106350591075
0.18535495361116716
3.122806471162562
7.737252254914267
12.51219345028855
