# max_attributes; 15
# description; Austrailan macroeconomic dataset
# number_predictions; 75
# predict; IP-PCCR
# lag_parameter; 4
# horizon; 1
# name_prefix; aus_macrodata
# predict_model; lstm
# method; Hits_granger__graph(n_components=3)
# prediction_type; rolling
0
27.087199729102423
25.719190089230835
-2.713310218792799
2.454493193584973
-7.100232294798673
8.908036618589477
-12.083335230119033
-6.320377439538298
1.8767795481326672
4.818636629171422
8.355922026623873
-1.6510534066916094
6.694502522040679
-0.9966055750805012
5.540126901968129
-2.1480906747224537
1.8117837717399752
-5.899312368620279
6.372924252348497
-5.504835047719702
6.505434777186707
-6.820997945314268
0.7835393797818782
1.9356920070178276
6.036918570223833
13.667848425003328
7.828657093959279
12.499139853950268
7.690919702111486
-2.588791132792146
2.3547607925839884
3.1821297581905412
7.076019731729545
-5.74706569774829
-3.364477089305119
-2.8874152696530757
-6.111268123289129
-2.4539127742242925
-2.920993167117068
-3.5529591731568146
-1.3727069948558182
-0.36094297755325044
-9.437498298581616
2.1477201821331917
-5.3778851536880765
4.717821070187732
0.0152969856849694
1.5085814031730536
2.702101848946313
-1.4588621364921366
-7.861522326029828
-22.892165590861147
-16.830243602192354
-11.214529174243708
-6.794249610828466
6.336153557807563
-1.1347900844676673
5.490125306719804
-0.6301014388264079
6.024304817669375
-2.819409321657268
5.419298110024847
-4.3242999028786855
-2.65000845110562
2.5746355656438666
-9.62137066357667
-0.741358136969005
-10.197201377419496
-5.45286550555511
-7.131983937524382
-13.74769248585882
-4.653636606493535
-10.202503813590667
-4.035587921045575
-3.266659107064271
