# max_attributes; 15
# description; Austrailan macroeconomic dataset
# number_predictions; 75
# predict; ExrateMYR
# lag_parameter; 4
# horizon; 1
# name_prefix; aus_macrodata
# predict_model; lstm
# method; Part-GFS_granger_graph(n_components=2)
# prediction_type; rolling
0
17.77044627345174
14.423797240855535
13.63451952256645
8.984191051641034
7.831737093885607
4.461579452366649
5.380035388266833
7.390061161651502
7.760845930627298
9.940840534943106
11.38535719017348
14.249523793020302
16.368975787262386
11.102801183536556
1.123245795967108
6.9794785415568015
-11.025415580096137
-14.500901320106223
-7.1858640856874985
-20.989583153548047
-35.030369863989726
-8.655358637898317
-19.34438557593237
-7.431425801661504
1.8387731958586357
5.504305389555526
10.729760858839796
8.158355858057504
4.609929893605965
8.874494799464927
21.320603615182065
22.356507290524775
21.678117139053143
21.02982753751978
11.783295990874578
1.7113740081119744
10.04076800706008
3.7068498586768897
2.6150179319712947
-2.8179883741300955
-4.600123598720899
0.311634899201394
-8.703956333168051
-4.745805495163566
1.1364217359005124
-4.320887388884543
1.7699231516858447
6.5882508133353355
2.6555385139726297
-11.524600241117327
-15.485260781966247
-10.783221313508363
-8.03222165949279
-11.698254205339055
3.2679218922155115
0.48092865183575384
2.105246454837257
6.755614636250712
14.697537519146422
8.496800405569275
12.036648904603055
11.37198269779985
10.0133757124065
-0.27189483842784057
1.0274799829972778
2.7743602363015185
1.364836463136598
-4.4106013234763
-8.220481141217547
-3.0812768519674876
-10.802274405672463
-0.23698931943609125
-3.065313235773317
-2.192786450346219
2.0060417136026985
