# max_attributes; 15
# description; Austrailan macroeconomic dataset
# number_predictions; 75
# predict; HCE-Pet
# lag_parameter; 4
# horizon; 1
# name_prefix; aus_macrodata
# predict_model; lstm
# method; dm_PCA(copy=True, iterated_power='auto', n_components=6, random_state=None, svd_solver='auto', tol=0.0, whiten=False)
# prediction_type; rolling
0
5.220314646618181
-2.3758087623182256
0.07688699273998267
-3.529251484225888
2.06314377679762
-5.369696268170284
0.7599624311939728
0.21507880979716631
4.211579403609523
5.170330839497812
1.8759780970942508
0.9605377415412093
-4.4505995082918055
-5.673432846605561
-7.347537411233166
-5.309974434564708
-3.6559066278664183
2.9994433701444088
-5.651487665171512
7.453558587335902
4.744333558093956
4.893663475163269
-0.8122745400399474
5.192924547149396
2.8429897979043446
-1.627343641336644
1.8262881534162005
-8.51077389234785
-3.956998435320802
4.95658740696793
-0.8168040903405576
-6.156753765706387
4.408643552482122
-4.967034108505253
-2.1580643959098467
0.39631317680265
-2.727975387144358
5.085985276070129
5.647828533603668
3.82798627915858
4.817698086452822
0.49776193034750804
-3.7273289553133893
-0.48541225979026237
-0.7987652660449562
-6.41274091250515
-0.5960315793799786
0.7742333857205033
-3.0225785546826565
4.417425678344603
-0.8128656446653082
-2.9568848754905943
4.813435377668803
1.8309139693272236
7.861768686127515
4.820863029504032
-2.485686667820705
-8.712281459132793
-7.677723388347729
-6.62944155703218
-9.14708282171378
-0.7652715891017436
4.44595745417551
2.7186112515066228
8.442753600300545
3.140295158015711
-0.8126376471669552
0.9285843143646488
-2.774181191273506
-5.596960796787663
-2.599609417831001
2.8022272229395746
3.4334188751202532
1.0055630252899945
0.8450206979128012
