# max_attributes; 15
# description; Austrailan macroeconomic dataset
# number_predictions; 75
# predict; IP-ME
# lag_parameter; 4
# horizon; 1
# name_prefix; aus_macrodata
# predict_model; lstm
# method; dm_FactorAnalysis(copy=True, iterated_power=3, max_iter=1000, n_components=5, noise_variance_init=None, random_state=0, svd_method='randomized', tol=0.01)
# prediction_type; rolling
0
-6.323306430950865
7.29333716342623
2.732095037202484
8.085737755227612
13.093403479534608
0.6596340734062451
14.89733847012642
-1.4687670269105553
1.4266936501847596
4.9326421922603245
-2.179792748572801
8.084366504195721
7.175922560680824
2.8370327353249465
-9.156634145372582
-9.113279429743667
3.0811080201656935
-17.766224885733017
-2.131083741594523
19.347639975544908
7.068639431386906
-1.3962214349983597
8.142294461456764
5.428472754231976
1.1770174461112148
-3.5626426898253953
0.5109125271376982
4.824061800299546
-0.9585506604981902
5.334527260874182
5.211149195907339
5.346187827202954
7.871645022175969
11.417547281367895
7.568795846433993
6.620585622994156
-2.050959274824393
-0.5922761919734114
-3.530368964999184
2.017653519354681
4.742546352266842
6.824502489575302
6.719947064672162
2.85031364684788
-5.686081637127504
-6.245431210477651
-4.291038413317914
1.1370193359758431
-6.726964754046612
2.485351238662979
6.769538999473134
10.433955821770574
29.57016350903205
-6.88941114202828
-17.429495204504253
-6.2210273814118295
-7.761830150609924
-1.6244410132131222
0.0723637573725
9.896390889364177
2.875948149052043
0.6320364132499492
1.4388277420497246
0.23264228625878047
2.0548573355707447
-0.2827581982633731
3.6971351474078773
2.503133109058588
3.3850719539407947
4.202315372440516
3.7378460121263757
-0.31089350720555586
-1.0893645561505778
-3.99121782798451
-7.1836135441770494
