# max_attributes; 15
# description; Austrailan macroeconomic dataset
# number_predictions; 75
# predict; RetSales
# lag_parameter; 4
# horizon; 1
# name_prefix; aus_macrodata
# predict_model; lstm
# method; dm_PCA(copy=True, iterated_power='auto', n_components=10, random_state=None, svd_solver='auto', tol=0.0, whiten=False)
# prediction_type; rolling
0
3.2585683718509344
4.589780430046073
3.438778480566466
3.124357539167759
1.1598732471910846
5.687959262671468
1.443633182480256
6.110346142369842
11.126119627926823
3.462131511078967
3.1382964783633795
0.784188545083687
2.376568661124498
4.9799574606977295
9.075058057785073
7.044855706272431
4.464107974307019
4.897182064443642
8.711714909010796
4.024947248574389
1.6971838844848604
2.0929614742403295
3.8461390595420717
8.98937008601184
10.45533406869771
10.922691114411677
8.857227181947257
7.681302647369835
7.3974417427959995
4.934917392869679
4.9151507136797505
8.894100388019627
7.2964465685721525
7.538358618802254
8.339425622719716
6.648631521604024
3.2095270724985827
1.8879996515241029
2.4502684720609302
1.5759657275730863
2.0030683906564573
2.66895499786237
4.226771903836996
5.79554721339265
7.590625757351809
8.002520892791221
8.581929249399707
8.581222464407062
7.645401594281854
6.0312625973960206
3.2224161900293034
6.277293676649199
3.7510512357100545
4.005261474259994
1.7343088665298847
2.754647500308632
1.578541738810018
2.430195648821991
5.317330791665304
3.755121721807809
4.059372596732668
3.4575251110856886
3.7424416624754624
3.3098083421007374
2.947539610073523
1.578699665127056
2.1447373583856564
3.069568110218624
1.986812335825606
1.6306153528973013
2.221802164905208
2.109372866432203
3.848214107789712
5.109965770526282
6.520496321453784
