# max_attributes; 15
# description; Austrailan macroeconomic dataset
# number_predictions; 75
# predict; Exrateavg
# lag_parameter; 4
# horizon; 1
# name_prefix; aus_macrodata
# predict_model; lstm
# method; Hits_te_(n_components=9)
# prediction_type; rolling
0
-8.793337238172938
21.80784618998763
30.449951114422817
2.369289212907688
38.05118845738555
1.5033180664602241
-26.321028161439486
-10.300397816613227
3.5970551409644713
-3.4705575178037122
1.5283627491537857
-14.14285103639186
-15.984700093779907
3.1735453931780313
14.327989086677832
18.554703641658563
-15.615723381104033
6.604915127171637
-25.492575999359694
-32.606811160469505
-6.006043402490803
-4.393279530917397
6.72918575379785
15.45338247224106
11.475961792051493
-6.006547819054006
-0.23032963481503543
3.4193563916994663
0.45098501644008593
3.3819174734529582
15.000520484443555
7.605045066206472
21.89711190845007
21.42605089131675
0.526727567041462
-2.4925418414286042
-2.0445398671844828
2.8139604365122466
-7.586428534673928
6.0009763753892145
-2.5798459399230325
6.323770949389754
4.3944736744892055
8.97299075916061
4.527279349629268
-5.162346650945352
-1.4367739548114145
14.360175667377362
15.992403613000647
4.288370050750359
-1.4192234610568448
-10.801899973005163
-16.693933801477627
-33.76808617822301
-19.020258954596528
8.175588238860115
8.115618714123926
40.13245923682781
34.016984884081296
5.907082835124697
-1.9462907299297854
-0.8059730193854762
5.898627852731991
12.848223048935239
-5.582982024982755
-5.3501977843713036
4.396787585390243
-12.913211561100326
12.136995694821053
-4.208879247312723
3.4795501015748584
-6.552150394971562
-24.854565109724824
-11.27670808460799
-16.363965303022667
