# max_attributes; 15
# description; Austrailan macroeconomic dataset
# number_predictions; 75
# predict; HCE-ParAcc
# lag_parameter; 4
# horizon; 1
# name_prefix; aus_macrodata
# predict_model; lstm
# method; dm_FactorAnalysis(copy=True, iterated_power=3, max_iter=1000, n_components=12, noise_variance_init=None, random_state=0, svd_method='randomized', tol=0.01)
# prediction_type; rolling
0
-0.4590658164463335
0.5079354326159837
3.695382563907474
3.28466343934422
-4.038860422684094
-0.14872124693992816
2.1662449183650327
-4.091715247700549
-1.026003096814362
-0.4788697130520063
2.16348866978638
2.5402117232444272
-0.5419717691477874
-2.0187276621570867
0.17740710533615633
2.159483590033547
-0.8659572634379966
-0.5692115232825596
-3.300676916988264
-1.521584609433809
0.6233310412903847
7.202084464655991
2.660512452116622
-0.9844869773143792
-2.176062349204269
-1.8302293252713415
-4.593593034345847
-0.5813320011231582
-2.8225950771627364
-0.5906020167973249
3.123742622328157
-0.5557610302187346
0.06095109266313159
-0.3760185433632106
-1.3044934509292254
-2.5576003183611693
1.2350809144584662
3.8936761071056427
-1.0733384087680395
0.6574082964446362
1.499451257672943
0.06504437237048322
1.7439946520209073
0.5389266916343551
0.265924780143747
-0.08803366459904716
0.0964625993504935
1.3930610648091566
0.2285290017007977
2.645257869074042
-0.5300667798324277
2.690892325086635
-1.5311071977050013
-2.7280567531871593
1.7786131341687863
0.6033377152369432
-1.3858408703434772
-0.8063290828235292
-0.7746011537304991
-2.9493173640870864
0.5401344296479103
-1.5901119650045885
-1.1521310363179325
-0.3560773354647111
0.6291532405607096
0.0028102840089250236
2.437501873937302
0.10665971681929776
1.0717245759710856
-0.36457159244801396
-0.7545897867772702
-1.2496170428643545
0.7790590859842652
-0.45873205980026377
1.1377302146604507
