# max_attributes; 15
# description; Austrailan macroeconomic dataset
# number_predictions; 75
# predict; Unum-LPT
# lag_parameter; 4
# horizon; 1
# name_prefix; aus_macrodata
# predict_model; lstm
# method; Part-GFS_te(n_components=14)
# prediction_type; rolling
0
-21.760760947273702
20.51444418922768
21.81828924538211
5.631136901725789
23.13444270166206
-10.942008335152796
-13.251611426564455
-25.130640565570037
-19.29744374715153
-16.561167767459867
-2.298648504146229
8.535440295631084
-8.603888529164593
2.782102958384165
4.847082233015314
23.0975851298576
-8.59360898620261
-0.48231412847946586
-22.881958137279675
-8.47282717425653
10.374294985813236
37.73319713626194
34.53891933225648
3.594336198810595
-2.0985524663912614
-12.766886453763838
-11.114990951202675
-2.2162599961631315
-5.427492846770079
5.91504164747834
-0.33975028059695234
2.039391890095331
-13.590723630022897
-2.7512414516191512
-3.2630403961244525
5.421826471019706
-0.7344362631935937
-1.7155577731995706
-0.07513940289831567
-3.1583767271998937
-0.932869765217319
2.271171913887713
2.7980689371184226
-6.60007366230009
-5.332942467234375
-0.022758255935535487
-6.229533897806846
-2.3535375439917345
9.639251306888312
2.2257339669957403
6.974944808287773
1.7605226551084243
-6.348701077593603
11.043090842633958
7.726027730233419
8.29886427893264
5.195118590136197
0.45246772033963367
-3.31841410740347
7.994428625827851
13.912317550467236
10.123207004681085
3.2061256519942773
2.9334838813565938
-8.390058255555267
-6.8900283474000545
3.8126637724657826
-4.758460289946939
-0.18229123970539263
6.218169814855507
2.0452783937267967
2.4850360017830937
0.682480947685427
4.173834161863468
6.632366640508273
