# max_attributes; 15
# description; Austrailan macroeconomic dataset
# number_predictions; 75
# predict; 10yrNSWT-bond
# lag_parameter; 4
# horizon; 1
# name_prefix; aus_macrodata
# predict_model; lstm
# method; Part-GFS_te(n_components=2)
# prediction_type; rolling
0
-0.4446091135901771
-0.4893355711711922
-0.5298157315729607
-0.5705538406116526
-0.49424631559820076
-0.4548813375362081
-0.43374615486450696
-0.4173170047654243
-0.39526644644409736
-0.3069680899402847
-0.24212937893842368
-0.2325933796434856
-0.17607148711459408
-0.20012830261165604
-0.14781873112438415
0.09398705528598805
0.157371407591393
0.3447470615115107
0.2666572068201136
0.255874035765983
0.17246437295085149
-0.05191205987051206
-0.001546823485631288
-0.003930373294297906
-0.1321329159144673
-0.19595459286286254
-0.18628097896015905
-0.15420192485357853
-0.07589426286931533
0.004686155213896148
-0.022694381571699784
-0.11344883031312536
-0.10604815251539756
-0.06023886867798889
-0.050949207631222126
-0.04307700404534298
0.013866912614229898
0.09967326567801083
0.1325005148364906
0.06554385291904063
-0.023553550339344476
0.0020038854031541042
0.01949750114385962
0.1235724858982925
0.16449622615249515
0.09993328438424642
0.17279576404685693
0.22232703250789565
0.15690024181529627
0.1256875567174469
0.07689962314557386
0.014048178683582213
-0.07493078060893033
-0.08373172529195205
-0.2040535140399522
-0.2938784116571128
-0.34169476269737853
-0.29203361988774235
-0.1631833255788302
-0.1484294015715315
-0.020587951041849184
0.003678481473842865
-0.10199612684096548
-0.15982630317527113
-0.13771616285895338
-0.14230388647021963
-0.18026607756253832
-0.2655819142023026
-0.22029239776832443
-0.21369022670708748
-0.1565949249786711
-0.10428652353057588
-0.050955417839159134
-0.010403570037073262
0.06491941201081541
