# max_attributes; 15
# description; Austrailan macroeconomic dataset
# number_predictions; 75
# predict; Unum-LFT
# lag_parameter; 4
# horizon; 1
# name_prefix; aus_macrodata
# predict_model; lstm
# method; dm_PCA(copy=True, iterated_power='auto', n_components=7, random_state=None, svd_solver='auto', tol=0.0, whiten=False)
# prediction_type; rolling
0
-5.7733313114194615
-10.236143894654845
0.9245583556939145
6.313834771047237
3.4993785090421134
-3.07423383379237
5.346779190804224
-3.394240347604562
-0.28182439253949454
-1.9160084850616776
-2.599342802524223
-9.370500634415023
-20.43004688366524
-16.091348666994527
-9.320343607960805
-15.051199762021632
-16.998084430835398
-13.341452516913503
-4.709314193742735
-4.805187648938826
3.027952026677209
12.26870685786707
20.226125555238188
4.789877992381523
-3.3541816070030634
-3.538948495303071
-12.87809583635459
-10.979040954138917
-7.7039864103831945
-4.256609176274392
5.981139622716793
-8.461816167908342
-12.744414493984582
-18.802034814568923
-8.48442145832701
-4.645960987389536
-10.659452019469402
-9.453400279092993
-8.649368614635701
-0.04083709283554171
-0.6825442016972758
-0.17802372353734697
-3.752019101590683
-7.9738392926935475
-8.207325445115067
-7.287491954994223
-8.606704248082963
-11.777851181836589
-13.283826595224465
-11.965201628897372
-2.868572711072943
22.311475054324628
39.70653205622793
55.053475396742755
38.17982197118246
-4.509969379925302
-2.084347198797456
4.560331682196374
6.280153448490562
2.7012591541536644
-0.8405452854375817
-7.3660070186741144
-5.169810626921951
3.9175551633351056
3.0377226996253093
-6.920278628345571
3.554594014541731
5.676673503421608
9.06977223888752
11.592554562163283
13.604885425472187
13.848541157746393
11.06956214810668
8.957188828079698
9.37092827961273
