# max_attributes; 15
# description; Austrailan macroeconomic dataset
# number_predictions; 75
# predict; Cons-RecCul
# lag_parameter; 4
# horizon; 1
# name_prefix; aus_macrodata
# predict_model; lstm
# method; Part-GFS_granger_graph(n_components=9)
# prediction_type; rolling
0
7.826629969815443
10.659229061178028
10.298495710113237
6.9638786008613565
3.5400184852089325
5.041864495582903
8.245127224000285
10.607195136127768
5.475554023718569
5.166966760622717
3.4681452604563425
4.16238344715471
5.093571601094251
5.563211278510192
6.501347731877598
5.111798075379703
7.851675176019253
7.108752481083613
0.7526780984553234
3.423438668145348
2.1424433784951624
2.037855324513181
5.93129710227878
2.027917303149472
4.119535278375633
5.885907863238579
12.92968887639557
12.786010111410281
5.671578062545624
3.175813885195346
5.3708460714442054
6.137166337985118
6.680371353150974
10.675564236593331
9.742562137520661
5.3169459874883245
4.604945448926628
7.005854606255525
0.8746794455623306
3.8250496015386197
4.406581459554701
4.11266820037164
4.366038432138836
3.1755025364038403
6.489133576802061
5.632218547306174
6.111285711421488
9.389461666456366
5.105762550048681
4.428805188200691
4.813672905215874
-2.89449065291471
0.5927811555819762
-4.618929776938849
-3.6723714354533357
2.2440436443847283
1.4065666420803762
4.608936901756884
5.60368855524959
3.9366768455894636
6.945690803444414
5.360136446553717
9.258064741066509
6.58400600141427
3.451999601696741
4.679616945115935
0.23324098591072584
1.80016276139661
-2.108743962242812
0.989315749983275
-1.4927529482275244
-2.8624642719448
-0.3574070100132225
-1.1025458895145004
3.289216397510817
