# max_attributes; 15
# description; Austrailan macroeconomic dataset
# number_predictions; 75
# predict; Cons-TraSer
# lag_parameter; 4
# horizon; 1
# name_prefix; aus_macrodata
# predict_model; lstm
# method; dm_KernelPCA_fit_inverse_transform_True_kernel_rbf(alpha=1.0, coef0=1, copy_X=True, degree=3, eigen_solver='auto', fit_inverse_transform=True, gamma=None, kernel='rbf', kernel_params=None, max_iter=None, n_components=12, n_jobs=1, random_state=None, remove_zero_eig=False, tol=0)
# prediction_type; rolling
0
52.25497264443676
-12.458901256057821
12.697526980315171
4.128818357972602
10.427021890159441
-13.00029071656905
7.832348596856686
-1.2295006330479517
0.25355588602162626
-11.299133974662638
-7.8129827561763
4.69789420643669
10.824543757295846
8.470915988294
6.421275047368095
10.540189206979424
10.921947063984145
5.181142866908079
10.014190862156934
2.580288131108926
2.355656108908981
0.33402117974416967
25.001556117237566
22.0684749703569
14.495583006750753
-10.584270741103762
4.390895538629334
-2.5543146828545034
6.597838517228656
8.220822651575428
2.091046524233178
-0.5617122496041489
-2.498620234269982
7.518252641410111
9.94398426335631
14.599583676660263
12.63474139070313
3.0458406965052838
-2.730042213524303
-2.6439712099342962
2.0101612120446894
2.0655053037624924
12.440479776896975
10.29118586940174
11.593493076045252
11.522893094096037
18.871896775517552
8.701459002075683
24.589856065787256
21.35886094318708
9.18931147470796
7.497333672935401
-5.902810483520891
-4.844056618750585
-11.888049036813364
-8.414916341900806
-7.906739073257846
0.8556738700970357
4.793381819146166
11.639609054735626
24.014053775256325
11.389716507332476
11.167836118302123
2.6782405351088094
6.862716503948551
-0.00121707106876201
11.24441880230287
3.1310388812343497
4.4973405111236
-5.509816620334451
-1.0785357520339112
-7.033655908012165
-0.238609459151224
-6.519258268332063
-6.872516335769387
