# max_attributes; 15
# description; Austrailan macroeconomic dataset
# number_predictions; 75
# predict; RHDI
# lag_parameter; 4
# horizon; 1
# name_prefix; aus_macrodata
# predict_model; lstm
# method; dm_FactorAnalysis(copy=True, iterated_power=3, max_iter=1000, n_components=2, noise_variance_init=None, random_state=0, svd_method='randomized', tol=0.01)
# prediction_type; rolling
0
1.9250847169337568
0.37814614024376425
3.6918474018296585
1.2965473937010739
3.3669257427455683
3.5524764061218654
4.358146721110778
4.359942196271099
3.448916005397141
3.9470271271912374
1.8782557458696232
3.9129864075930314
2.379679711332825
1.204343984269114
2.0052853225557943
3.431824664402459
2.3032923086274266
5.359597137022572
8.504429479819574
7.291144412896141
5.420615365445716
3.200773891033375
1.9208421359651684
2.683139449576373
3.5110420059217944
3.2546532729830453
3.0204944541484924
2.2513689822477474
2.883955724506947
1.0797929312974492
1.377378684700231
-0.40863968584245924
1.845309998485197
7.102183161253542
6.301706109803526
6.533900727684983
7.078221771427664
5.490164137226163
5.85357971321147
4.9164871327935415
3.6174637633666897
3.6419138761785277
2.311160748701367
3.260970599389644
4.3647037545057294
3.779504523866045
4.695294600226944
5.524953068443345
6.090896613436243
7.280592650904051
9.983959193231925
9.535637307445487
7.060478799785038
3.6340873266462417
3.7831396919806544
0.8551898104645534
2.113870261026639
5.328473628200079
3.55003279119207
2.930555461218143
3.032361113698041
3.216049975223065
2.1866632225329266
3.2422420363919997
2.041754529943752
4.098599906781807
2.8061289162452816
2.5308149674883484
2.0442656351906567
2.400170004332237
1.3668746313805826
0.6410290707649811
2.0553131019256448
1.4007861884753545
1.902515023991704
