# max_attributes; 15
# description; Austrailan macroeconomic dataset
# number_predictions; 75
# predict; Exrateavg
# lag_parameter; 4
# horizon; 1
# name_prefix; aus_macrodata
# predict_model; lstm
# method; dm_PCA(copy=True, iterated_power='auto', n_components=7, random_state=None, svd_solver='auto', tol=0.0, whiten=False)
# prediction_type; rolling
0
14.567586954198575
-2.240381599500509
0.8606273120445422
16.991300533769888
24.582393499183794
8.738332971314406
-24.327181579673372
19.839460634745024
18.445229234219596
15.93417952970539
-4.583324476062671
-22.360625535298887
-30.346640639945086
4.278073547571367
-7.378456785004715
4.319475738814461
-21.59430468322614
4.543428686263837
-12.9050288035195
-4.434201325433634
-25.798760856529086
13.072272075729984
8.447652918504374
-20.557064097041476
-0.43661198932812795
-3.0799709590313142
-7.10876206254629
-6.3926586816544955
-6.817801778312258
20.943964769302013
14.488345514103244
39.29727351395988
21.86826408500221
16.181335639062027
7.387449368775862
-2.533887986386901
0.06403345956758244
-5.676523274314249
-3.417561752219086
2.8753471315926618
2.392180116942498
7.995023122458193
-2.4936467539003786
-7.463422952761775
-13.307056811003235
8.231930768308516
5.094651903885634
11.971258824054843
12.906527198351654
7.4413739013657505
7.15283962060235
-8.393094705190691
-12.657848674326516
-0.7555073432289845
-24.20461636142751
-17.047461756078945
-9.404217722658473
14.856881863112832
24.587357598694666
31.886945830250767
16.042909322217724
9.141273732579194
0.994674012062319
7.713702799209784
-1.6198931804778027
4.325832988833227
0.22400556961150642
1.0188940137081062
4.453250214020358
3.1111258451348647
-8.616583269137436
-7.747761768777281
-9.797790747749517
-4.896911446131739
-8.575725527518102
