# max_attributes; 15
# description; Austrailan macroeconomic dataset
# number_predictions; 75
# predict; BusInv
# lag_parameter; 4
# horizon; 1
# name_prefix; aus_macrodata
# predict_model; lstm
# method; Part-GFS_te(n_components=5)
# prediction_type; rolling
0
15.809207676558849
13.258281196422203
13.802073961611931
16.746622827800415
-12.940773443187418
-4.7766541835866505
15.12827924975489
10.588861652245996
7.934127615253516
13.295326151912072
15.251336867324333
19.84576934685125
-4.793158648192062
-12.530368600924227
-6.171128718959963
-9.561294697499271
-0.9674930789606293
33.50519921701065
21.150270697758906
1.8597193055488646
16.282816141232765
-7.639037654242159
-23.8023653751999
-5.012360177480332
-10.63935644137841
-5.35491790791481
4.531802077950026
7.745628714445168
22.87388043059274
5.625156792151834
21.458436404943065
14.612855356353123
5.3853804520277535
17.4428510889173
11.911209377856942
7.193571704969763
2.438432621239741
10.155585994401513
12.177106632955393
13.859099992779207
16.149112474753785
14.90819226572173
17.29022340126256
6.550834520030847
14.932243687629544
1.8441689355910569
2.9869718357015174
12.774150234663622
17.420501936596573
9.127785819278074
14.331514123146057
11.635819224214394
29.0770880857281
10.373613781353534
11.208103398489008
10.860305011483007
-17.721621602475583
-17.969861242603184
-3.6233253543963926
-22.051436961089497
-12.909250567870167
2.8735890124183356
15.446493838695055
5.8512531996668145
20.523341282412936
24.029851896037137
19.473308642803367
29.535739915602612
21.084644086782696
4.360813216321709
5.325076865506311
6.006629915424888
-3.9797174572210494
-11.361256026106958
-5.392045231287916
