# max_attributes; 15
# description; Austrailan macroeconomic dataset
# number_predictions; 75
# predict; ExrateMYR
# lag_parameter; 4
# horizon; 1
# name_prefix; aus_macrodata
# predict_model; lstm
# method; FCBF(n_components=10)
# prediction_type; rolling
0
-14.58402331368248
-7.837465541923834
4.2056771253056695
9.784285906873649
7.098284379690483
2.33327201929049
13.663746441767728
24.86157989207632
38.86194132568798
12.499776442479188
9.967049457052951
-2.4242430009665696
6.182632004246287
-4.400626048879346
-8.289442374756874
14.036866187440566
3.339257812939934
-13.468579530785192
-14.221450673634436
-14.556154493172343
-25.070518820588326
-13.284362576743447
-11.6268944583218
-8.3361975033813
-2.5639127295192026
9.937099806969243
8.747778632112642
19.29186625983047
-5.530826249134222
12.062190690513745
20.298884526169104
20.766332565144552
39.990140117345376
26.937040607661913
14.398581080946826
3.8143143814248504
-4.876683321662995
-7.881726851899032
-2.258126087375828
-9.801546280640196
-2.3880111516741067
2.2195252973337745
-1.98396487791166
2.69302521468731
1.1921832032136024
2.162223063084525
4.71428905618879
14.83036910165768
0.7926480408930843
3.455172727543925
-0.39946875232189427
-14.200650319996356
-12.946799602066278
-19.67047619061327
-12.785146147331815
-3.6379464154829293
10.787126629869917
18.343579805310725
24.482567109977566
12.285093602009141
-1.7389591087702883
-5.161931699389385
-0.3396647573258065
6.325280019402314
8.573052484713699
8.39696029652599
1.7854658367067344
-0.3565496568426312
-0.8393100600083159
0.17401423183189024
-4.127719690837395
-5.695227669641412
-9.95992759115974
-7.252363268968011
-7.618636926501864
