# max_attributes; 15
# description; Austrailan macroeconomic dataset
# number_predictions; 75
# predict; SPASXAllOrds
# lag_parameter; 4
# horizon; 1
# name_prefix; aus_macrodata
# predict_model; lstm
# method; dm_PCA(copy=True, iterated_power='auto', n_components=2, random_state=None, svd_solver='auto', tol=0.0, whiten=False)
# prediction_type; rolling
0
34.22242487950872
24.23108645033595
24.70266479684888
16.475932790428615
7.578367034991771
15.780175338544339
8.088600867642526
8.140802293367088
4.890912503944449
0.007766477304883779
6.802118618916694
7.4372187574837625
12.293262580300734
10.344608963132472
14.854302108070456
19.50964507751327
10.917121079005256
2.193463712592262
6.8622184011838385
1.6153969355169835
-1.1126334663961615
7.875871798095659
6.9119832097266425
6.1693002277952615
3.306502181502637
-2.0075946975386785
-8.2521489512433
-6.861274175717426
-11.981381223283492
-12.69567142025788
-10.120776213429139
-6.0733072829419115
-7.929121655625337
2.5666584780669552
12.250797298654149
14.23570075872567
27.84128584318735
30.946609896258067
31.514475920046962
28.985091766342023
26.163881406524595
21.75424443577505
16.48261283838032
9.930652483108616
8.27880155290714
14.060811528039679
8.766310832943219
16.17400907752051
7.712370655339697
-3.389693521350594
-17.67473343680669
-14.236904060266909
-11.574517777174336
-30.421390315398526
-35.58268755045039
-27.166018137316925
-27.319938005731046
-19.651573345950425
-8.070011816906472
-0.4380105711689595
6.714627542652863
16.97425197804651
15.214766581235352
15.153809853094955
9.41539054635821
-0.8494168628712373
2.215651383455011
-3.106158008445533
0.032638556927210516
5.517432859129954
15.692044134037843
18.408583201530192
17.41657026908014
15.685518955822275
8.079855889875773
