# max_attributes; 15
# description; Austrailan macroeconomic dataset
# number_predictions; 75
# predict; Cap-MacEqu
# lag_parameter; 4
# horizon; 1
# name_prefix; aus_macrodata
# predict_model; lstm
# method; Hits_te_(n_components=6)
# prediction_type; rolling
0
26.711284808916254
17.969757334590327
24.90011147261304
-6.874043925720713
-0.7285915772542282
-4.288373768545014
-9.22827086428984
30.294570321838712
25.667881920678404
15.490472311923192
-0.3700064456715495
-18.88478350027871
-6.360858537373936
8.30988505612455
2.311115832256135
-3.326612318851872
17.490398726245687
-0.17279047078007181
-9.479542352578136
40.48809416513239
-6.862494268724703
-6.736195810294497
-6.8814755399338665
-23.29172186885832
15.327653689226665
1.8511425027602826
-1.8844007314017617
17.551701569669156
-12.396580284561612
24.0599527785211
40.01813405029909
22.524475673070334
11.519420975271643
1.0480107544475388
-10.297211288064148
-7.458642980261644
-1.062549962452941
12.7985162501855
17.71918754378138
24.373179192738938
14.490624282378505
20.10456914164844
13.112756227429067
-1.6554630689462044
-3.7301486162330946
-5.010799674952182
-1.8012602118784287
6.625701243950907
14.634989678938716
14.788785464350234
26.176506275409388
3.3416259152925463
-18.32270432772035
-2.5500316691013083
-9.92985493798956
-3.891801287057369
-4.828790689373349
3.4928594417264236
-9.94017839636004
-4.148845831880344
-8.642938216929586
-9.305188248592245
-6.671862909573818
-5.173628929428702
5.089727988767258
12.865740995063511
8.071424862724442
7.649846434699853
1.0529297246563303
-3.902691773693988
-15.969980014056507
-21.91621229710337
-15.620671110515278
-18.789267588846787
-8.675223388833146
