# max_attributes; 15
# description; Austrailan macroeconomic dataset
# number_predictions; 75
# predict; 10yrT-bond
# lag_parameter; 4
# horizon; 1
# name_prefix; aus_macrodata
# predict_model; lstm
# method; dm_PCA(copy=True, iterated_power='auto', n_components=12, random_state=None, svd_solver='auto', tol=0.0, whiten=False)
# prediction_type; rolling
0
-0.26859281493777476
-0.010859797731582743
-0.29823730422610484
-0.8595161615168496
0.1893707709158019
-0.20943991376513682
-0.5086073382055207
-0.5419543488180085
-0.07122890187854014
-0.16903306080455027
-0.7033050908004685
-0.23682750298136912
-0.18986649347895823
0.0006766514623717246
0.24954407380467214
0.3395957546079711
0.037314553722198385
0.07106121347790517
-0.04911739660853587
-0.13885615302676402
-0.017554859653656107
-0.15796716047877513
0.23230596350079336
-0.017203132644836527
-0.03925527168864451
-0.220321635738556
-0.1499980492746278
-0.3962504072343751
-0.431048895255272
0.39450110958462514
0.2653993265474395
0.013179947599227804
0.22280817197209157
-0.027237634197418314
-0.04075516296977244
0.04712965057736196
0.0785188274229125
0.05129163430577077
0.09966116116886892
-0.37301943732852183
0.06012504266148366
-0.04292945100421153
0.17691226766949453
0.0862167672956542
-0.3752896590387269
-0.1576804323350831
0.002467562421615499
0.16607408688908376
-0.03768734170550547
0.13965629504566945
0.24376552270298757
-0.2582570119058534
-0.017685215011779887
-0.09920934869403086
-0.015593539014999491
-0.30367405249232493
-0.3240392608796998
-0.37442294789904795
-0.08834005428904734
0.1522270040357665
0.007820357545669454
0.23360871241932668
0.0518827931726531
-0.1538320882474824
-0.34722239805812083
-0.39704621864909373
-0.3622727198755189
-0.30531708432788096
-0.25599832369441233
-0.09834379984492503
-0.04315788580531321
0.1604861514413909
0.2943180100763396
0.3151138918245391
-0.04669679237956248
