# max_attributes; 15
# description; Austrailan macroeconomic dataset
# number_predictions; 75
# predict; Emp-TotalPer
# lag_parameter; 4
# horizon; 1
# name_prefix; aus_macrodata
# predict_model; lstm
# method; Hits_te_(n_components=6)
# prediction_type; rolling
0
2.0115972195225456
2.9171621942369206
0.7712306754560103
1.3626767734816494
0.26591968165446733
1.2222709730562293
-0.2451031457782451
0.5648101010337241
1.6851294986603116
1.9406452207985576
2.444105634018737
2.006231193437826
1.7758399201727526
1.0817622240235383
1.2224748294393497
1.6435863342407298
3.5680858296977127
3.312420446588543
4.078771239668708
2.5160830371525917
0.3694864340872628
-0.23081573851320414
0.5134249137035996
0.8910791809709151
2.0344200640701646
2.3245541828552088
2.257151870250652
3.159785304007316
2.22922467955838
2.612905522013897
1.4270110361822907
2.524228222115537
2.3567752828586808
1.6912420155272696
1.0792424774949123
0.6866799366922729
1.1192423198416148
2.5031985881104277
3.9217727995079437
4.503137190310516
3.685653592719374
2.950581489043961
1.724959271721875
2.3635086659959215
2.4687135257831794
2.93403760250369
2.9848883187603827
2.9031453105147746
3.5213653027203926
3.89633496963202
3.261116212238145
1.784296672066073
-0.2797117917860277
0.12822365183893591
0.8165321443181268
1.8784170961250832
1.7447254043179212
1.906501204077776
0.7863341885306738
1.5005143009424171
2.1682641379568115
2.3311034376464055
2.701645860927283
1.6564109188945246
1.9409345653423418
0.9657953798726555
0.8913728339365892
0.4482582185419619
0.22821577465714693
0.985398472714015
0.49378576617379055
1.006351688920335
0.8920016367735113
1.1070991461236122
0.8455241954944177
