# max_attributes; 15
# description; Austrailan macroeconomic dataset
# number_predictions; 75
# predict; Cap-IntPro
# lag_parameter; 4
# horizon; 1
# name_prefix; aus_macrodata
# predict_model; lstm
# method; Hits_granger__graph(n_components=11)
# prediction_type; rolling
0
18.133426890977784
21.36020754434411
11.677550516036721
12.06855663233041
7.98173110757212
7.310103107983917
1.4472166144488838
6.527161880077003
8.241558929497156
5.084723016386775
0.39861388953532995
-1.3232180904772513
0.059625575063144254
6.4040714842569955
7.470104001547405
5.01606640382629
5.810244616652536
7.4298722713356895
7.277546719293966
10.744652228947466
14.202346095922888
19.80310750754145
23.00011579014026
12.375997690408628
3.345486472304735
4.733568721675724
6.85503786714877
8.63614746544157
6.523807999210959
6.982562508998754
10.25601553105406
9.059564536653145
7.53807796579002
8.147255516438005
2.5873090541375063
3.1021980319071645
3.5809303931191607
7.7054514611864775
9.524207630191587
10.284051600665265
11.415143470684608
9.659268115863593
12.339793585272329
15.61758587620034
17.93393034017142
20.280845576638296
21.68082371495716
21.30432832747241
20.180576410888218
14.736996258476726
7.070161128361978
3.0190232704473345
-6.176133817817705
-3.9122479090385873
1.7918827821040288
6.723853636707787
7.725209677934497
3.533401745996674
2.172831707853831
0.08886963539335468
1.766237465623444
3.7930485177156683
8.090806436622692
10.003480173985547
12.130618268533066
10.3105235152177
8.16336601673968
6.143065351974595
1.9414584486392137
2.252556127272264
0.15364405665048864
0.2842940405818375
-0.39633007662139264
1.3320850076043627
4.101504644162187
