# max_attributes; 15
# description; Austrailan macroeconomic dataset
# number_predictions; 75
# predict; Cap-MacEqu
# lag_parameter; 4
# horizon; 1
# name_prefix; aus_macrodata
# predict_model; lstm
# method; dm_KernelPCA_fit_inverse_transform_True_kernel_rbf(alpha=1.0, coef0=1, copy_X=True, degree=3, eigen_solver='auto', fit_inverse_transform=True, gamma=None, kernel='rbf', kernel_params=None, max_iter=None, n_components=15, n_jobs=1, random_state=None, remove_zero_eig=False, tol=0)
# prediction_type; rolling
0
3.9996303228124575
2.292581095806561
-4.879752354793027
35.30954550394764
-21.572880225879963
60.37016774145207
-4.110737988468813
-11.036449582562483
21.991490366455146
3.1077267555082315
-13.023603685190086
-6.980315654576053
9.210159378207727
-7.218159204736736
-8.319735649154282
-0.7217305352338883
1.3156658157007257
18.372177295072582
24.377850088081296
16.041847053994758
9.475333690796539
-11.811045633381543
-18.67865809375545
1.2147383282537945
10.504996775360397
5.735038050978872
-1.2547406493357158
0.7934327825822862
7.481935189388018
13.367773646200575
16.1034334115513
23.69086699223478
12.75510314855886
-0.8804027637342386
-3.9335416552988747
2.2129561515333194
8.49710715782524
18.403696978816853
17.62082231531209
19.54626602294993
12.603614459405222
13.204820354290838
12.58282224167106
3.339145166628171
2.1391715984013544
-8.356401114413806
4.117951402323349
12.831155814755398
2.1119684173331024
16.697161621177145
6.233275156659431
5.128176049138467
0.4524290711767307
0.31586385720266463
-4.450196547849124
-14.313151771797635
-7.860350611484556
-5.793504229977103
-9.457212070672057
-9.303185930027425
-11.74259823380466
-2.1156454901151918
4.1899817117569285
21.34784240584866
14.791181158774691
8.11816925541467
9.938783612349177
2.6449041089750054
3.0881571924729414
-5.446351805810551
-16.965959847648097
-18.93780418708982
-17.01204506997893
-17.680578483615797
-6.481770227275774
