# max_attributes; 15
# description; Austrailan macroeconomic dataset
# number_predictions; 75
# predict; HStartsSA
# lag_parameter; 4
# horizon; 1
# name_prefix; aus_macrodata
# predict_model; lstm
# method; FCBF(n_components=12)
# prediction_type; rolling
0
-3.9544094506063914
11.208406084825583
-27.30194433773184
-6.786834311335468
17.5181145297458
-30.936096685816302
-0.8796872677442593
15.82478763773851
19.549483170813247
-3.8948355254748037
-18.91619113865479
6.856876448556122
0.8163853256684774
13.999156048670287
19.382619014421834
31.049771223131515
6.467212048465967
26.295307740231976
-21.001010011182984
16.66345650204741
18.682456494512365
-21.505400556276115
-3.7622536598177447
30.567489204339395
20.579701519606758
-6.402016030918361
-7.897678406288819
7.619194026148676
4.201540666960213
18.107998594468384
3.490672510025064
2.4748409436746357
-6.250370162758443
7.097606035817293
-6.452192208337266
-3.8278906479897614
-9.484529249787442
19.215183197800897
-8.349762040380256
-16.91424567637071
9.16582077713332
8.223534165463377
1.6244443831418067
12.26122233572265
7.278649098204681
-12.324403016537623
20.933922985466253
18.225188941521367
-20.84476487663097
-13.67802947866727
-31.80533638012694
-26.235399579807492
-21.681272692041887
-16.71445042615111
-15.086357761699588
26.921682782939357
-11.05196529927872
-3.3573319946622746
-38.71635776360097
-26.77120978372802
-22.72800855686127
-5.60333306736112
18.73219959599983
-0.2340576691241978
8.56000817965166
-17.454507900866645
-5.0274763320585265
-3.3150811067890658
-7.920458200283605
-0.6937764318872581
3.1038664110825493
6.626566668205868
14.074537245300164
9.018367083989943
1.8078953477081257
