# max_attributes; 15
# description; Austrailan macroeconomic dataset
# number_predictions; 75
# predict; PIMP
# lag_parameter; 4
# horizon; 1
# name_prefix; aus_macrodata
# predict_model; lstm
# method; Hits_granger__graph(n_components=14)
# prediction_type; rolling
0
-4.163570866329948
-16.378802658313134
30.40692931045689
-6.12789357281514
13.956888945929023
4.869786770177001
-1.257337493970411
-10.441436183744301
-9.352725147009522
-9.984412556284667
-17.8591219945596
2.783947748029476
-1.8252176921584464
11.55655958481887
2.1467035785124295
16.227876353385724
-2.106924737888775
-35.13736642534147
-4.4230190271944565
-5.8294127536898515
-9.001789466517678
6.4007936314380345
-0.482257010945915
-7.924589998994605
-5.510639410414711
-0.6123871010806567
6.140350348753714
3.8947664111134657
12.433651995837167
19.533997438797883
22.101738133900653
10.525478042913733
7.6942529728452485
10.941438963600163
7.525687297541623
-1.6673913715343645
12.655683576276303
11.164322368317059
7.392333012710651
0.07704921764252504
-3.2406073199050525
-1.8842642404595153
1.7284100922803418
-3.387184783477835
-0.997244494166651
15.266994685138243
8.447321361215245
5.383850780348965
0.4425534815765815
-5.162020373519425
-8.352261513256721
-6.644067241245111
-12.456828542022862
-16.823184258173725
-26.705237509448487
-6.617581078888676
11.592901433678847
11.687804211391821
18.442078129315988
25.394038967479105
22.02480327576643
17.575581775435168
10.463438168178627
7.653652002596431
7.104854260425341
-2.25469634764535
2.0987068628986805
-2.020890485834073
1.8321256688296756
3.5684381029822276
0.3685323401307983
-15.748635795178672
-17.639685691826585
-10.385335196029914
-4.506792362474513
