# max_attributes; 15
# description; Austrailan macroeconomic dataset
# number_predictions; 75
# predict; ExrateHKD
# lag_parameter; 4
# horizon; 1
# name_prefix; aus_macrodata
# predict_model; lstm
# method; dm_PCA(copy=True, iterated_power='auto', n_components=8, random_state=None, svd_solver='auto', tol=0.0, whiten=False)
# prediction_type; rolling
0
-0.6534256424514098
-5.763231793083548
-1.4724278652340388
-8.896241261721187
13.227870183536979
9.491361379601472
-7.759627020432447
-17.42423447291212
-8.825593220319462
-13.089042323871908
-22.84618776054701
-17.28497631437986
-5.478581425351962
6.442535419539979
-6.591855857325726
5.97163296791777
-9.903614604079422
2.4387949239819875
-18.70206368559056
6.719257146574634
-13.419834947117181
-25.71033317035986
-13.615303315398464
-23.305476071608695
-7.274570627105746
6.134403297519299
4.060161390795756
5.878415675631956
5.746467683266545
27.830753424359102
11.60965692293388
24.886784244460728
38.38348016308805
34.85523505295751
10.754641232433258
-2.0409073476326967
-2.3630514663837374
-10.81353258278186
2.1944569288986884
9.497424457781477
7.819513196636834
-2.5188563533269814
-8.04020153962162
-6.305735345219389
-2.4814741305014536
12.61451581146494
10.421374711067742
9.375189557216132
16.594105383570167
16.65530394526661
7.476340943863519
10.6678722975429
-11.039316341963158
-34.80660815487836
-25.80552755335654
-20.16210968932411
-14.01079243005941
6.74167431355788
25.71580372684511
30.465394088883528
27.611864135349037
28.530025061476806
20.114634770464946
22.598844179209024
1.1833524615066153
-11.905383462591189
-4.557672850082426
-8.104624280015798
1.9469555886780086
-3.3383858002991644
-5.909293171446549
-8.599130153047767
-15.559209319105463
-9.578165195216869
-13.48241240284787
