# max_attributes; 15
# description; Austrailan macroeconomic dataset
# number_predictions; 75
# predict; Credit-Nar
# lag_parameter; 4
# horizon; 1
# name_prefix; aus_macrodata
# predict_model; lstm
# method; Part-GFS_te(n_components=11)
# prediction_type; rolling
0
1.7645360075005154
0.40689448577138787
-0.9758052433565556
1.7091779448933124
-3.3874891399106906
0.39885961162566463
-0.3273643999570828
0.4425516058501424
-0.7149419478156922
0.060227983719062905
1.29028505569495
-0.8213219216701617
0.2444913954201553
-0.6641471780507056
-0.8995128190457278
0.827306767317439
1.4317128579493534
-0.5361959254983777
-0.1946820563504028
-0.12524224500162529
0.40085119223494114
1.0865534703267556
-0.4722888509308296
-1.4580434923757446
-1.305778892780908
0.7477970169208819
1.6028654995876295
2.072305553872095
-0.2271080376857224
0.21466424005327323
-3.5292085427166704
-1.6282108310976415
-1.0264946276590425
0.07626959511518194
1.444904969218662
0.9932842665351025
1.1716614397336684
0.7608341194759323
0.51412010122543
0.3405988445804873
-0.42812569160459457
0.41484801871061894
0.2439966976423058
-0.04719510158218654
0.23546814887856193
-0.6801048903407576
-0.041206035516735184
1.5227055311190476
2.3526042819654975
1.2246299125576883
-0.10635369137827144
-1.6334023440755345
-3.6706831545333003
-3.9584491588566824
-3.3591317536397374
-2.7070285096284445
-1.4046012965503927
-0.38197402114857226
0.2882360823758834
0.799218472081801
0.3159013010217784
0.38810875971095893
0.8174271359980576
0.0829022287137624
0.05118018134154667
-0.21013535084421786
-1.2805759082661323
-0.5953678163722538
-0.8128977352090878
-4.891977131382674e-05
-0.1658391807400701
0.6981277229689988
0.5976304065576512
0.5791444663274392
0.46654316912608707
