# max_attributes; 15
# description; Austrailan macroeconomic dataset
# number_predictions; 75
# predict; Cons-RecCul
# lag_parameter; 4
# horizon; 1
# name_prefix; aus_macrodata
# predict_model; lstm
# method; Hits_granger__graph(n_components=8)
# prediction_type; rolling
0
8.800059065698449
9.885165685561365
7.800258147021729
4.393479670346856
7.365211060801354
6.590662290484882
6.4442142617142615
8.962486442694079
5.713904093599812
6.876768623759155
6.438838176991339
0.4615273346056039
2.8454902219967373
4.587244980052915
4.875027955577103
5.890446593758259
6.465061093841285
8.656782540145667
8.460652139930207
0.8243356996659692
2.4420266666018264
-2.183574033593011
-3.352588185845482
3.263732208849415
5.850624889940107
10.939582210261399
11.96751668309247
12.018866027570098
7.075413020427778
5.644038198322903
5.262666870221047
6.398631638331512
6.663082792926893
10.009736143659165
9.828593029991428
6.580791953641068
3.4838306644806707
3.9552166025098536
5.2797040307998095
4.330625891330854
5.822384974397352
4.769331809312302
3.43951084085478
2.9088506679902224
7.817906402122954
4.832916581143149
4.606890895412693
6.305751072447581
7.20516811274938
4.919767423226332
2.990688987914478
-0.5648552288764925
-2.377419597801227
-2.3410913821312658
0.9946270509514452
2.789097413865374
0.5372788823480601
2.764096686060352
3.193495015634806
3.9107478729401954
6.107624945816994
6.338914553351692
8.880481812235228
8.303283697335718
3.7719133857358145
2.7861173611466583
-0.7599558574678671
-1.895255383439956
-0.4238558039572524
-1.3101923273288847
-1.2357093808735655
-1.104945789205562
0.697342135756001
-0.23769049891345873
2.0815756566771633
