# max_attributes; 15
# description; Austrailan macroeconomic dataset
# number_predictions; 75
# predict; HCE-OthMot
# lag_parameter; 4
# horizon; 1
# name_prefix; aus_macrodata
# predict_model; lstm
# method; dm_FactorAnalysis(copy=True, iterated_power=3, max_iter=1000, n_components=4, noise_variance_init=None, random_state=0, svd_method='randomized', tol=0.01)
# prediction_type; rolling
0
0.6331924996687537
1.0010342666770118
0.7748647196537188
1.3294223141889727
-0.17951562157814926
0.9929968546755337
-0.13334083629777105
-0.055815744168567605
-0.2356455042964889
-0.7562595166005988
0.046171754059107784
1.0194374468026535
1.894100007777178
-0.6424927364136437
-0.8880554732525443
-0.960252846568725
-0.6079001478301915
-2.0398373299335333
0.007546709340333635
1.0575748200815571
-0.7417659580746694
1.1181120792715102
2.1361152098937115
-0.0006300373582490693
-0.9013821036902101
-1.2065608407020125
-1.2909628334739018
-1.0307772868439962
-0.10597165174849188
-0.40503157887093977
-0.7157488700927015
0.1478567493259586
-0.2399410463401601
-0.2162413143732156
0.5604817879948154
0.013435433644334083
0.6205112088808402
0.17178381685133992
-0.606640635502405
0.02230152042333522
-0.2191490094996631
0.7744925493443429
1.5899818644795314
0.28952530260836795
0.09394888835620385
-0.016215356570052464
-0.1786988635839304
-1.138317089416212
-0.3478319356820574
-0.6275665069861756
-0.6351666647079188
2.536077291287432
2.564743571865689
2.989705231282249
1.2120456653362073
0.9389404922522839
-1.6404985879742355
-3.4927893010576163
-2.917640421646773
-2.1195349433268227
0.03540264865384479
-1.0260967410320045
0.29618770115156146
0.48053667217903495
2.00098805397017
0.20573381581195527
3.016552827393019
1.2077244563746472
0.2332377516801447
1.608786548534992
-0.21412654367437867
-1.5068986136650242
-0.11227563011689412
-0.6683622396177569
-0.7714057481813921
