# max_attributes; 15
# description; Austrailan macroeconomic dataset
# number_predictions; 75
# predict; IP-WPP
# lag_parameter; 4
# horizon; 1
# name_prefix; aus_macrodata
# predict_model; lstm
# method; Hits_te_(n_components=13)
# prediction_type; rolling
0
4.536981835281509
-2.8276527314961513
-0.8064946297748676
6.347231379995691
-0.2957377567575037
0.8179384513750705
-10.714629275435811
5.534895027241937
-16.600224062593355
-0.7653770461327838
2.9755944116379567
2.927718443053756
-2.792956102578387
-7.834249136711428
-1.1436314299990755
-0.4516647494344497
12.726281183495324
-1.276627838744325
6.275226705691928
12.658751127297243
4.66047151441208
6.657623167739104
-3.566233685047969
-5.85962950843566
0.061542160381755195
4.005602596633949
6.093669687340842
2.2613524464051977
3.5490937439949874
6.006485543528875
1.8392761468613728
-4.437576313280481
-6.880414600811648
-4.983562857153878
4.55871918771836
0.49800081167288823
3.2609185574035706
-1.745240166587159
2.5080579482576937
-0.18015079113378363
-2.9746989520639175
-5.324289132448648
-3.5515725865990007
-4.9569498825843965
-4.9257204714119
1.9387202552535925
-0.8790616877749713
-1.954515365728362
-4.742887086584773
-10.354669477726162
-5.97280555960463
-8.616011377556255
-9.855470812241869
-16.711319294085865
-14.195975077217241
-2.7851022920016533
-2.939645331756303
10.433985676035263
8.824785857616668
9.288131339885936
2.8418497880619213
-8.099628222428969
-10.322933921226962
-14.595377533212478
-5.399902842995019
-14.343385624614378
-1.950475983700727
-6.499685728681449
-4.2285651899619054
4.425346226411207
3.9421168127565096
6.344311875067724
3.7656701506026096
4.3416782032746255
-0.9257639860363724
