# max_attributes; 15
# description; Austrailan macroeconomic dataset
# number_predictions; 75
# predict; 90daysBkbills
# lag_parameter; 4
# horizon; 1
# name_prefix; aus_macrodata
# predict_model; lstm
# method; FCBF(n_components=2)
# prediction_type; rolling
0
-0.2851978330253555
-0.15863787855180433
-0.18175454284026848
-0.4394575392511548
-0.3246535192335891
-0.4127563222577073
-0.4496199104486278
-0.4125968373149669
-0.3065101192812887
-0.36852801406062907
-0.20595158899891075
-0.16546135530287032
0.11349441282153361
0.038215882905761944
0.028861927319805414
0.0943564535415562
0.10085581573156865
0.3034718476789737
0.3760028869902605
0.33380181481754834
0.26819083184875225
-0.205896868358733
-0.20756748482638487
-0.3958888018473312
-0.5419130517263648
-0.24307042325288286
-0.6621454060193506
0.07238705190570949
-0.006171910234057165
-0.038617274428395465
0.27092592846208596
0.34157916118949183
0.15313086422146593
0.3074514880830188
0.1654126079058269
0.08571573706902891
0.05965795529545037
-0.03416759775615619
0.04416125707619578
-0.07566548631769399
0.021653769145267177
0.10738768291724199
0.08439285390028495
0.09510874541955694
0.1607882461130199
0.16469983649017728
0.24006629358845677
0.2535490851700546
0.1911708292517651
0.06008192333238371
0.1208910532011287
-0.26275722587686623
-0.5612901214960082
-0.5919185967422196
-0.9073332775540064
-0.9070249477930044
-0.6111005196134511
-0.4876356721188484
-0.05264493392287539
0.18591975243469872
0.3862307358768349
0.37379254728529876
0.34570144941622294
0.1528074512070816
0.014676887522591997
-0.07671149240109365
-0.2914460415078848
-0.37618703289441013
-0.3768701055010748
-0.415414248737457
-0.32128305518707956
-0.2690510348928772
-0.20200515513719575
-0.1396701612634912
-0.06141192879581325
