# max_attributes; 15
# description; Austrailan macroeconomic dataset
# number_predictions; 75
# predict; ExrateSGD
# lag_parameter; 4
# horizon; 1
# name_prefix; aus_macrodata
# predict_model; lstm
# method; dm_FactorAnalysis(copy=True, iterated_power=3, max_iter=1000, n_components=12, noise_variance_init=None, random_state=0, svd_method='randomized', tol=0.01)
# prediction_type; rolling
0
-4.864184620502513
2.472956863312689
3.5210207313492106
7.304675872175409
9.478148126653878
-13.389238973453686
10.086105846229273
-9.114528455356975
11.27564940278043
-4.872860813831153
-14.11011984594765
-13.019080732538683
-4.078146472390287
8.173988311111927
3.527933597616453
9.726465149025628
-5.1052922879860745
13.412793998861275
-20.204938897517806
-4.221100801677508
-28.10375466671281
-13.022685409982785
-8.406810117166444
-0.30469678199021644
3.2067427931498145
0.7591512039454358
4.5009780422223145
10.040470005600469
3.5321624616309606
18.97627033120729
23.606821810760295
1.623337510672485
16.46026009155429
22.321785511269155
0.2150789798510857
4.529792054778667
4.696247008441688
8.312386078435182
1.0448179902238621
2.3721351275278693
-1.793701648025774
-5.343364848271037
-4.7312016716775105
-2.574855536224561
-1.6017954869544582
4.075181370887748
8.34367343027678
12.321622245806097
1.799709228472821
4.861172705007192
1.885800161196073
-20.473460058940383
-20.401206562249833
-31.52031398198507
-32.40925318739478
-1.0289794712928995
9.136179711724836
19.529229411597797
15.873587134029734
8.295127319763452
2.997273582453701
5.0642830150172955
8.427314430711178
3.989925287702434
7.566849836410171
0.2813753959603247
-6.416575632762786
-4.143139899033798
-6.347907307686
-2.6468632594530277
-6.182224784903866
-9.527139185391718
-11.046354681434906
-11.582000386828781
-12.421305056393024
