# max_attributes; 15
# description; Austrailan macroeconomic dataset
# number_predictions; 75
# predict; Cons-FurEqu
# lag_parameter; 4
# horizon; 1
# name_prefix; aus_macrodata
# predict_model; lstm
# method; Part-GFS_te(n_components=4)
# prediction_type; rolling
0
-1.7239315716832344
-1.5472552884044113
1.8758681660688765
-1.0929646760450673
-0.4055722773886643
2.167830013137568
3.731161342424457
5.942405370659287
3.1543562382092674
1.4949844529871612
-2.4446532083553336
2.4413796273725126
-2.934191518714396
3.9275418826079047
8.190872505597248
9.321567973068092
11.813070886539528
9.882459469512227
11.668741475867137
3.8812603702287873
-8.140934626911697
-3.2435423013155145
-3.9649348650877805
-0.48446049090636834
9.84531110800328
6.985328624389531
16.761711720633038
8.13166007462447
8.164423384741347
2.58895867434439
6.7381427079314165
5.6465567734930815
0.3028769102575808
6.582914736088149
4.629278239957522
4.328727814147712
5.80938739937325
6.888992746972541
5.915030833113505
2.4114210416849815
-3.5060171692790156
-1.3117652151884514
-3.4209215453491595
2.016581333060806
2.324698819957902
9.499788990360031
7.357655792384783
15.67052442723034
6.829751841640075
4.713807935988562
3.683377807571759
0.176767530491027
-1.0019570631848325
-7.1544795877392175
-4.987230224871002
-0.8390267770457562
-4.073708698746319
6.706724811309833
4.913883024341629
8.81934789476265
6.125477706983197
4.130816777130995
5.568106353255587
0.6383475789306914
-1.4729443282066725
-0.01046206234744318
0.05360168765729867
1.03073137403171
-2.1298050946868052
5.071869449779747
2.4588842399911783
4.861661048672445
6.07051151489901
4.13261778038131
6.438759730868846
