# max_attributes; 15
# description; Austrailan macroeconomic dataset
# number_predictions; 75
# predict; Credit-Total
# lag_parameter; 4
# horizon; 1
# name_prefix; aus_macrodata
# predict_model; lstm
# method; Part-GFS_te(n_components=2)
# prediction_type; rolling
0
1.5841119295309216
5.541842434095397
-0.9555693607316895
-0.17359343257170057
-0.6661337843667736
-2.389488422825264
-2.595361481890508
-0.9080852872297287
-0.6860839124340394
-0.8468827560280481
0.4153002536271124
0.3153108022988462
1.7857319781285437
0.08713254564689787
1.3700076285526803
-0.5193612178946685
-0.1317467204713605
-0.8324052055956361
-0.3014162840986323
0.7031289791496045
-0.09463356845289095
-0.05585877708071241
-0.11827752958634186
0.021761487025530712
0.09171805127842525
0.044793991643723
0.9554995002807658
0.4376886795630215
-0.8030197430658328
0.6223322360875558
2.452237982008299
-3.006441145877997
0.2487674368291417
0.09148007675230918
-0.5985201608789117
1.2539137007698722
0.686380842245689
0.47653415229708695
-0.42913750502829373
-0.47875163874380533
-0.503461257333397
0.42691834564993325
-0.1368704918587964
0.44713907041033973
0.6609727746954395
0.44212529427838465
0.9863132282001779
1.4878815556028897
0.5849233934013105
0.05249993302103917
-0.019727217703358946
-4.403690278280083
-1.7090594453525174
-1.2524314988896572
-2.738922228725864
-3.2610730523566294
-2.8070538336734714
-1.5521760982672985
-0.41506982284824456
-0.4996381902978442
0.4770983484934499
1.5662818240873522
0.6580363614303026
-0.19510607879286912
1.1225617999435222
-0.6951424190441511
-0.4503837368854269
0.8247205785419007
-1.259730499644986
-0.9140936212230271
-1.0171566662110978
-0.3106977088500784
-0.4405243142515678
0.10665523967955703
0.7540153773790799
