# max_attributes; 15
# description; Austrailan macroeconomic dataset
# number_predictions; 75
# predict; Cons-Food
# lag_parameter; 4
# horizon; 1
# name_prefix; aus_macrodata
# predict_model; lstm
# method; Hits_te_(n_components=11)
# prediction_type; rolling
0
9.329843713836823
3.663308173392257
-1.9415382898045275
2.3287362052674814
-3.205530270369507
-0.6320402657526438
-0.9308779934564742
2.2262762264492695
3.839171300092704
4.975033332766597
3.9002214992694286
1.086868897986644
-1.5089600452697383
0.0030554708167418454
-1.3798674949649543
3.3466832378211793
6.144358961331158
4.240389667214585
2.010368251639753
2.389386768947091
3.3645316643613894
1.6792320418291187
3.951523726712632
2.3354335280898217
3.0110413336803417
3.8912463520634164
5.4459322627050755
4.563207973492157
5.612218829956306
0.9810893978455928
-0.516760117316851
-0.5427545453564395
0.0470604324425512
4.430901197982032
6.516808470154689
6.874090440564481
4.596774416753406
4.206759556533453
1.9515664918836784
1.5917050114698457
0.5723337877082955
0.6336685312769585
1.790069673605207
2.3316036879091486
2.5387652284748485
3.1938207011776525
3.569971735843322
4.331885626579507
4.6041138010178
4.750248160627813
1.551402555184942
2.6826516384135966
0.20829278605381507
-0.32398888289293026
2.687447264378961
1.8392772429342505
4.172711199878626
3.376973257705356
2.8274724901764783
3.1829923423036535
2.905618860840021
0.9889077570072633
3.0344376412393066
1.992318048353451
2.621418762716748
3.486413634489698
3.7925882977110055
2.847001736601608
3.295216454585046
3.3628890449284006
3.3298593669917063
3.755971695287962
2.9050174485968148
3.886459541586958
2.0778229035073537
