# max_attributes; 15
# description; Austrailan macroeconomic dataset
# number_predictions; 75
# predict; ExrateJPY
# lag_parameter; 4
# horizon; 1
# name_prefix; aus_macrodata
# predict_model; lstm
# method; dm_FactorAnalysis(copy=True, iterated_power=3, max_iter=1000, n_components=8, noise_variance_init=None, random_state=0, svd_method='randomized', tol=0.01)
# prediction_type; rolling
0
43.31121123968907
42.10409006500262
25.153935350561966
-10.24006494782438
32.08807674556638
-42.9620242090669
-17.167377505063683
-9.839471103367998
-0.8311339640876554
-6.553056034404165
2.121647435833637
-26.024983814695773
-36.678413462340146
-21.925628479447397
-18.20090667220063
-8.601331710777941
-24.499603918076417
-27.503702222617605
8.127268137546878
-10.568774877260267
33.09993877519716
47.11769127353813
-7.358402740423372
-13.583726874830859
-19.53010170705349
0.021612120760863718
-5.896132574348343
30.00703874734117
10.171747033787994
-5.239759177845315
1.4978485346030652
15.432809760157227
-0.45789571924433403
11.327363477275554
35.25931387304999
20.04620619357857
2.651975781642818
-12.351678429874113
-2.5047358639072
-5.0500006683174945
13.673840680181769
15.621535223500558
-2.872406392301542
-9.114675167371757
-4.158897712800126
4.76527970290357
24.985709816698204
44.078107161749955
9.33106209854816
21.253944512738883
-7.397618246881933
-30.02813169294302
0.2651561128040214
-25.654992286432332
-64.3919501621539
-41.78802759320567
-6.773161952624832
20.786162417737017
23.8396054478186
23.038914157721763
-16.156548521617452
-15.908952841941556
1.1357054741050092
15.157992642710411
6.05810346235134
-6.562836432696429
-6.988988108081145
1.7673125945483434
17.565795223660444
20.027208876731038
14.700795917053682
7.5805317984435305
-12.595638323627924
1.100125753568534
6.71474518253865
