# max_attributes; 15
# description; Austrailan macroeconomic dataset
# number_predictions; 75
# predict; BM
# lag_parameter; 4
# horizon; 1
# name_prefix; aus_macrodata
# predict_model; lstm
# method; Hits_te_(n_components=6)
# prediction_type; rolling
0
5.175787369700188
3.151841102878503
-1.6452140673826783
2.1516060535628405
-3.6583685802448898
-0.14785692321542498
-0.8402371871106311
0.4621118345935784
0.026369122676655365
-1.8052785007832632
0.6388793795764016
0.9886688999940887
0.9440913649837306
-0.4373762416840634
-1.7273114123804696
-2.1092684636711816
0.32760216172749423
0.1847281101687237
1.859695263951803
1.5345936759226326
-3.617109612160281
0.5468699316666878
2.3862625876735706
3.2365774010189483
1.7568812391810482
-2.697525484545558
-4.634173437493548
-5.977916067748826
-5.928691513210291
-2.509249385405621
2.6457493883802243
3.882484905052074
5.01424445574883
2.1038407452227226
0.2989647756560885
-0.7810261568310821
-0.6749833254455488
-1.5738866774117
-0.3578152666163881
-0.9993052810593994
-1.261154060234844
1.5309340198151773
1.5393355849224122
2.612689383558081
2.22728425403578
2.5406015955241266
1.4415481375662402
0.49799928921142467
-0.825230545405816
-0.04890515639689852
0.17140639772991761
0.08514802117337084
-0.4834014822814261
-2.1485155184997993
-1.619087405438254
-1.8529053217864515
-2.992361178004213
-3.5901161220698725
-1.821444332789813
0.5801415143647048
1.4519295586755447
2.01185437853583
0.15012422799781078
0.6682194606537237
-0.21976647291758766
-0.4347206187693686
-1.5146666711010504
-3.0696768630073628
-1.7214731452966419
0.17265791292293642
-0.020074144511820435
0.9415678179551854
1.4129145983653082
1.139586757706354
0.05258169806158719
