# max_attributes; 15
# description; Austrailan macroeconomic dataset
# number_predictions; 75
# predict; Emp.HoursPer
# lag_parameter; 4
# horizon; 1
# name_prefix; aus_macrodata
# predict_model; lstm
# method; dm_PCA(copy=True, iterated_power='auto', n_components=1, random_state=None, svd_solver='auto', tol=0.0, whiten=False)
# prediction_type; rolling
0
2.4540730234137067
1.9010729310115257
0.9948932841288469
0.5696925107453206
0.2255576940920836
0.6544777833799458
0.2669298877914761
0.5290186240105337
0.5294824993513068
0.9544347087081464
1.052210984837866
0.8255954111029196
0.7816993365171703
1.1024375445848849
2.1083454018269174
3.1056399751876755
4.103417544198952
4.243859544548214
3.1490106569143412
1.361941713717088
1.0130625662936135
-0.4600749991051929
-0.35304740267118095
-0.45221405784649793
-0.30550683078444596
-0.4110172722060721
0.4111685166018688
0.49346565501618134
1.5060090910575896
1.9908128578235855
2.6927734642253904
2.661692153757955
2.582767671719121
2.085194863314636
1.3278285871783266
1.5749527714094649
1.7828553811286296
2.8428412935546037
2.924849964687108
2.886833801006895
2.209609056190586
2.3779085165206917
1.9975689777061367
2.632873690382964
1.9679881958947876
2.0938463878154012
1.6627723540688608
2.5328329045251694
2.632694125734923
2.673638190759587
2.600374151723128
1.7383133726006195
1.4334633106132957
1.3834196407855783
1.1543832695733363
0.7811922326500165
-1.6238420659675512e-05
0.13907902706829223
0.023391177296458565
0.6620552452637227
1.6415712558327682
1.719540553702159
2.4557813815235425
2.229710320957426
2.4931158645954516
1.9962272307527185
0.7543805704804498
0.41470909917597876
-0.11165390779778583
-0.16476015245598497
-0.1643843968036025
-0.13716289495123757
0.20754303704090837
0.2581478463937552
0.3854359049561804
