# max_attributes; 15
# description; Austrailan macroeconomic dataset
# number_predictions; 75
# predict; Cons-EGF
# lag_parameter; 4
# horizon; 1
# name_prefix; aus_macrodata
# predict_model; lstm
# method; Part-GFS_te(n_components=10)
# prediction_type; rolling
0
-11.058136941201193
10.965049288285257
6.842790146301137
9.735951178468277
1.8253521878887469
1.5668252630800872
-4.029319077033097
-3.856454138806857
16.748258080834482
15.371986489831805
7.474249769205411
3.6809753500066122
-2.6166563337330757
6.917322360372335
5.819364730288708
4.200296246527817
-1.2818375734836565
-4.952773296435375
4.234549200977263
7.395094659950029
-0.18357697399812878
6.675392586936798
11.033795483261521
1.2442481690246332
1.9650437178102464
0.6718989211533959
-2.6112255201438224
-0.8095448411920714
5.300580124432937
8.800559268149705
8.140684945994696
0.11675798706946239
1.3658085473254502
2.2435074222267843
9.954987608822208
7.900322255672442
-1.9498868458796252
1.1255015755138906
-5.83512292577624
-9.661302607947059
0.7015394276394105
6.218838592712952
3.4476836869321836
-0.5671971789263281
0.44275480471878836
6.063444889996358
16.31082946540652
4.034107082364162
-0.7066849880431008
3.3866231640248436
-0.5704497469881211
-4.859718159965176
3.237220942411369
-4.441465418233424
-4.233281909040706
4.601915271613798
5.669253838867338
3.18606264357652
3.778411354380168
5.216722024634251
5.691818094495151
4.087553322544405
-0.6841085439910692
-8.8617881213726
-3.4854489529405868
-10.305079504121734
-4.691321149815252
2.7899162209628123
-3.429666017718091
-8.27195893197442
-5.227667533760545
-2.007691318318251
-4.518304726888061
4.731890886232943
5.994319112665991
