# max_attributes; 15
# description; Austrailan macroeconomic dataset
# number_predictions; 75
# predict; Emp-HoursFt
# lag_parameter; 4
# horizon; 1
# name_prefix; aus_macrodata
# predict_model; lstm
# method; FCBF(n_components=2)
# prediction_type; rolling
0
2.004904225986013
1.865990174262774
0.5744445505536477
0.21179002628480603
-1.2964641513127697
0.4521935595657318
-0.6769749245289667
-0.5715182295765544
1.7157049447822965
0.20839914396562342
1.6524741632592557
0.9344964537237965
-0.3888722437947063
1.3534615395120726
1.5253237210646668
1.4901696490051224
3.8943239005329877
4.035175477950129
1.833725827065419
1.1262163624451906
2.332724059896715
-1.9227313203475553
-1.7130602063424796
-0.6795002484605632
-3.468913773825931
-1.4653716274176487
0.6500258904236107
-0.7788589614066099
0.8900735169681289
0.3100780460536656
1.667570045167202
2.53578966379279
2.4332078288627406
2.456821688700738
3.3397524022376297
2.8253406046358203
1.8874116825812797
1.295470826382581
1.9958621562746641
3.390108533632449
1.2772235984315072
1.2946817157426702
1.8707010543585119
2.022147440184262
1.8721221330458855
3.6977979767409677
2.865156290464822
2.23350082934794
3.5186307881881307
3.1771590853811604
2.2123604788570015
2.054073718453002
1.569057778671822
0.39621512103898127
-0.4061422147046425
-0.30950206860793106
-0.925541378422956
-1.2968030696608048
-1.1258548634026608
1.0783456322692926
1.1596053409528162
1.04757711266815
2.081902397446254
1.778110090630423
2.4930613187772943
2.7452182685538444
1.6751706501251293
-0.2834308383918289
-0.8590190966527134
0.10199152397405076
-0.6579419836156575
-0.5679031005308524
-0.31111681492275167
-0.7153440490880376
-0.05370620604195686
