# max_attributes; 15
# description; Austrailan macroeconomic dataset
# number_predictions; 75
# predict; Cons-Final
# lag_parameter; 4
# horizon; 1
# name_prefix; aus_macrodata
# predict_model; lstm
# method; Part-GFS_te(n_components=3)
# prediction_type; rolling
0
1.568012377861884
3.250296455661956
2.9295245306200597
2.119480917164905
2.79320942731382
2.973146363376298
4.506728451849842
5.102123107061277
5.496614654845958
4.822507508988176
4.685130226300625
5.236562526542402
4.487854149055347
4.434350923995914
4.612172248655381
5.856649103500912
6.128903173650127
4.799453217922522
3.406916055059056
2.8972114718120787
1.9394736898198408
0.7601424832700121
1.8726925976826196
2.4534044973816336
2.1642889543655075
3.696219353901113
5.202564663792241
6.327505725499242
4.726394645641753
4.274533539849667
3.2339307706415577
2.936343409842376
4.829817802377199
4.7933244428923585
5.51817689628657
5.495086990971072
5.2975060057622185
4.669345615882944
3.146915161290363
3.3971427551281934
2.3517851711602145
1.91228908298939
3.939452184107311
3.286955390168
3.889866526530712
4.9686727640275725
6.1430676481056095
6.154648527418902
5.894886936416705
4.650305738067245
3.007079245740778
1.8898374225197796
0.44809292538288137
0.2537553361554301
0.046378714008136424
-0.7862871334290384
0.09583347359627314
1.2019703675885154
1.3002910020195624
2.257111560875469
3.122600000817953
3.116533082116465
2.868616353244387
3.457607628815019
2.8170987788166038
3.040410434726315
2.9400166760675095
1.4979853904976568
2.226051561331735
2.1668110055847203
1.5198809688205803
2.201170321730226
2.2008807216459685
1.6041983301375446
2.0116078536331683
