# max_attributes; 15
# description; Austrailan macroeconomic dataset
# number_predictions; 75
# predict; Hstarts-PDA
# lag_parameter; 4
# horizon; 1
# name_prefix; aus_macrodata
# predict_model; lstm
# method; FCBF(n_components=5)
# prediction_type; rolling
0
-28.696132915236788
-7.4944740028224714
-2.4823512746908847
2.095254101420636
14.093835244952544
19.609330430892328
22.54189229170953
8.652333038895733
21.32608905085516
24.982850716659897
1.5822512934001907
2.709040232818495
-7.626059261044304
-0.2664089563420191
10.520342573098503
12.071233912861913
21.560849401429607
16.817655152089316
-40.009276097013824
-26.825718957196514
-75.90052200214635
-39.17930695290163
-32.753281769431666
-0.6786157861227053
27.684916915498633
51.73901342806158
47.622563889117004
43.76278026739257
0.36200619587759775
-6.140821346906492
-17.44663736341036
-11.979205344495625
-4.72000933675092
8.046253718640088
9.353766746600996
2.4246728220180955
-11.32240533613141
-12.306472738501668
-15.530501387871013
-17.994377768451287
-18.372846735333397
-15.454015400114443
-9.752898693920983
4.891662298724782
9.363194619016383
5.968704974431802
9.561825337717096
9.073689334121156
3.937561610286963
3.983220353474536
-11.011639882567891
-21.888563633345186
-18.264685627233575
-20.50821554540198
-6.160575586960761
-0.36602803238761794
-2.097238505099938
9.633641681284018
12.998936558536627
23.66854202764253
16.250173161856452
7.313195510040742
-5.2720017755254815
-10.85573197900058
-9.210220233801081
-10.621503132642843
-4.950568273040929
-8.024409016603713
-10.52635122299003
6.837828262508083
15.240909928641827
25.041809720127446
17.563077161158247
17.302336378276664
6.772377314679318
