# max_attributes; 15
# description; Austrailan macroeconomic dataset
# number_predictions; 75
# predict; Currency
# lag_parameter; 4
# horizon; 1
# name_prefix; aus_macrodata
# predict_model; lstm
# method; Hits_granger__graph(n_components=4)
# prediction_type; rolling
0
-1.2881060106977653
-0.5545047749992502
0.27476645872210526
-1.4094923453740158
-0.4999376119749357
0.31349672893009206
0.5850398296971804
2.4903655785179897
3.4070800309249503
1.8036300344597915
0.869432419790007
-0.5154319126478484
0.916703740528126
-0.9170047194748197
-1.2517501324384153
-1.977516514211759
-1.8032440019615557
-0.8623900503399504
0.7736756317574986
1.4408889051152567
-0.3865012421840426
-0.6642110015326264
-0.23786467163092517
-1.3846292915524767
0.7654314944183263
-0.44786908764993605
0.8132290366887336
2.03275931429288
-1.215212451948295
-2.842337849471148
-1.8679482381147992
-0.18636439347447364
-0.583335502631078
3.104489859752894
2.053473805652409
1.091862424455968
0.1708258295676668
-1.4792596366174315
-3.2204654771608006
0.04234189925887577
-1.1487651069693463
1.2989379060435304
0.2610490692997125
1.335530401276598
2.867352145975305
-0.15858610890722247
2.4243814181169423
-1.9540813844439793
-1.6001115275499522
-0.6814749048236646
-1.9044731284982337
-1.9824187793892847
-2.305631170436911
-4.321807860339632
1.4252785799031074
2.935441192505502
3.1245410927227706
2.8738458658563797
1.4706542241143232
0.7402313299276635
-0.18467153149647153
0.8169226367842874
-1.1651592830056323
-1.5743915365803467
-0.4858858526205676
-1.855020180990838
-0.020251055711874244
-1.1533129034758183
-0.6695901549737879
-0.31684083968937315
-1.5883921355079647
1.877792554508476
0.5155319949037125
0.25060868792647817
1.5997539067022135
