# max_attributes; 15
# description; Austrailan macroeconomic dataset
# number_predictions; 75
# predict; ExrateJPY
# lag_parameter; 4
# horizon; 1
# name_prefix; aus_macrodata
# predict_model; lstm
# method; Hits_te_(n_components=1)
# prediction_type; rolling
0
31.58993382568744
36.88489924956636
36.211782455163814
41.81994869952683
39.331528267632734
34.25927150171208
27.483830149779266
16.140191489043247
10.971955341253107
7.653703667148619
-4.841808321679139
-8.321403027145465
-13.289241631325808
-9.262226361361229
-8.047887279567448
-8.099553004976912
-8.928659773239758
-30.324495202238083
-37.1891810115648
-27.426357920621854
-30.320202023289497
-0.167167007319307
5.273726252259138
8.027290732781495
9.101833175061728
8.937565415541172
3.0806094511071933
6.584514282369923
-0.2522256152383022
5.6673705132924965
6.166546479355958
8.137236362418122
7.5685645621243225
4.893686002019166
-1.0470942813861086
0.48939421576272935
2.5901540047830736
7.305271946917628
-0.6886540877312086
7.69717210400313
2.756058538777779
8.140161090576868
10.616238632993742
5.607909984854473
10.735951244738402
8.85840992867648
10.972773728490182
16.14818753483499
4.312121248695348
11.268023694495469
-7.849716822537204
-26.927436862058485
-20.545948343395935
-20.898029265733214
-7.439221834130649
-3.2345897013522347
-3.712635177278088
-3.8529147994233597
-5.545111530563986
1.4595721610395174
-6.625248521661604
2.250469636659858
-4.071974255275336
-7.957650024541692
0.4222462137699097
2.5519983768774637
4.243269391307308
9.86342970435794
4.789093429884048
13.44671809761698
13.842146711150832
17.020507832452267
8.853016622622334
7.831333946146657
4.692322493145923
