# max_attributes; 15
# description; Austrailan macroeconomic dataset
# number_predictions; 75
# predict; Mbase
# lag_parameter; 4
# horizon; 1
# name_prefix; aus_macrodata
# predict_model; lstm
# method; dm_PCA(copy=True, iterated_power='auto', n_components=3, random_state=None, svd_solver='auto', tol=0.0, whiten=False)
# prediction_type; rolling
0
11.001502863933851
3.2585321919895307
22.738032218444005
5.568331848436728
-7.8221178336026185
16.531615599843704
-20.331135519150237
-11.693385249555874
-12.13228161564382
-3.3121704262239575
3.9806537586561177
10.801463182574167
8.765392861881537
-2.1367861162226944
-15.861318083254105
-2.34859347860359
-12.048257104352075
-13.204518932693873
13.530028843362388
-0.0948646430222766
8.763017533675395
16.03382090064447
6.274784965743578
5.366080278885093
4.299557914331004
-14.161067959704354
-2.4500352474068308
-9.397167458287328
-9.848921105491044
-6.080435666457348
-4.244770043156066
-7.911034649318935
-14.154279751115254
1.74014177222179
0.9524698638666678
-6.496570286570005
16.11007111526156
10.17813565648106
5.838716111901007
12.028581705064994
0.6751993278047905
1.416258144114778
3.4331515031432076
-1.9838934309544811
-1.4522121688145404
-0.9979360973919142
-4.76414972022846
-1.2627089203692208
-1.1700929123318815
-7.5641713552177094
-4.620638491774386
7.671739454972979
0.6561422221510043
3.5342119119133457
21.286303532461247
-5.004668045100942
-19.512213880083237
-19.92005119547585
-17.03264908090361
-16.038465266627142
-4.019582391614023
5.691118883092329
10.739650169209966
10.482591714902114
16.582325588244373
15.568223884239401
8.578700781680169
-0.9104738978018361
0.2839675178532275
-2.2751108482266744
0.5657163103037277
4.260321414926011
13.311531336400904
12.72882410183287
11.973589588292711
