# max_attributes; 15
# description; Austrailan macroeconomic dataset
# number_predictions; 75
# predict; HStartsWA
# lag_parameter; 4
# horizon; 1
# name_prefix; aus_macrodata
# predict_model; lstm
# method; FCBF(n_components=9)
# prediction_type; rolling
0
17.64179979427756
8.730891939502058
3.800889347229827
-10.136624117296108
20.989685056118972
-13.066233640285006
21.446358532731765
-2.1900964199237194
2.623796282746113
7.765785774452226
0.6812784897049369
6.104694945560709
3.895439009747591
10.231571745519659
9.483930537601722
9.116196664418354
3.2484195283018664
15.150082883423991
-14.112498660146294
-13.832237708277738
-14.755968770874674
4.754650726123231
1.8493441257732712
23.16462063045043
15.63048727665101
5.1685410854531
8.39222770583008
-9.816850749260198
-7.290109469509943
3.543838639824841
2.8451552808922855
19.141533590331235
27.445469718800197
19.556289292108715
0.8047291232909117
-3.045201426378469
-8.866932077507059
-1.354014280495349
4.676835906533071
8.873724777232496
20.72549160681588
29.07045083403024
13.897316355237422
8.83292168080429
-3.0156111147163926
-17.412449083777254
-0.21996100266460417
1.9566245890457736
-21.101249936336565
-20.07209376334209
-25.938202548553214
-39.44427680224808
-19.428854655046756
-20.61782784465874
-3.9277187215551237
14.820042740585862
0.22423100915293048
6.62720778229793
-21.031164531490347
-21.877099108023558
-32.94570902228394
-23.330104411906035
-17.940329977053928
0.8438455352873291
23.11880148119029
23.328390355366793
25.884047273006402
20.394028782326586
9.633568780343907
9.443882782462538
11.902606679148164
8.760936922619663
6.1547821397743405
0.9484713039323935
1.3838045557777292
