# max_attributes; 15
# description; Austrailan macroeconomic dataset
# number_predictions; 75
# predict; ExrateHKD
# lag_parameter; 4
# horizon; 1
# name_prefix; aus_macrodata
# predict_model; lstm
# method; dm_KernelPCA_fit_inverse_transform_True_kernel_rbf(alpha=1.0, coef0=1, copy_X=True, degree=3, eigen_solver='auto', fit_inverse_transform=True, gamma=None, kernel='rbf', kernel_params=None, max_iter=None, n_components=9, n_jobs=1, random_state=None, remove_zero_eig=False, tol=0)
# prediction_type; rolling
0
11.21653017819925
7.355819521914256
1.8719579477123602
2.37787011330704
11.004667165407824
-12.52982982049754
-23.13016895911491
-1.0042629238268717
-8.786416407464074
-36.77716939693856
-30.876324183424202
-4.500134440932754
-10.50840158307102
-10.545895334090474
21.181543890537142
15.716185857603634
12.464885530895657
0.10004869692428997
-23.41932101031125
-28.894959914941282
-17.090146698482073
-14.378754358669013
-23.85238498740543
8.563842224108924
-0.845497470280705
-4.42333207101052
15.051275043148152
13.851667650133095
15.941300447621245
18.0188983390899
18.07243187218421
22.384476851517164
23.633714290838412
26.828094682926803
0.0022993043935599644
-3.4269594641461083
11.105995599071562
0.5425520147970246
-0.377829336282943
4.520134079411207
-2.9407675110265075
-6.204457606189266
-1.9024603032382146
-2.7133209678627424
8.342397925564825
15.207891044229186
7.269354754825571
-4.161494288404356
2.5267298354454226
13.315125786910016
16.930991501775594
-6.655508039289003
-38.43816892831022
-25.85861497367506
-14.6508730129717
-6.258974615175646
19.98210885927635
30.81169927001409
35.28123219812619
27.705182816902095
9.814924948093662
7.850254422459173
15.074706102803646
27.462892885016714
15.037911937728026
-9.711928055465592
-6.322981659574211
-14.904234652837943
-2.374832899235173
-16.938306131887302
-8.926516096914298
-8.494638374246634
-3.0811409514982415
0.03896166342178731
-0.7218938146078386
