# max_attributes; 15
# description; Austrailan macroeconomic dataset
# number_predictions; 75
# predict; Emp-PtPer
# lag_parameter; 4
# horizon; 1
# name_prefix; aus_macrodata
# predict_model; lstm
# method; dm_KernelPCA_fit_inverse_transform_True_kernel_rbf(alpha=1.0, coef0=1, copy_X=True, degree=3, eigen_solver='auto', fit_inverse_transform=True, gamma=None, kernel='rbf', kernel_params=None, max_iter=None, n_components=13, n_jobs=1, random_state=None, remove_zero_eig=False, tol=0)
# prediction_type; rolling
0
3.589323694307728
2.7727328412392254
3.3011256858158378
1.2835741090191233
5.39878631603129
2.2198927695628488
-0.16807946743619073
5.009983809904996
4.020265393539967
4.880633568101781
3.449893041976223
1.9347705130841524
3.679637856965515
2.352410717464527
3.1728519796450687
2.538961782984594
2.3419432026650684
3.272881876385658
4.034252282744489
3.2235935895672627
3.146606489482611
6.434183933506946
7.9295260172658955
5.0125343022408595
7.468409921369294
6.016530272431168
1.8522217607883906
2.5509072914960944
4.5461970085269074
5.163834208476566
5.239189011408526
4.396970330496679
1.9204090791908435
-0.5748080860687232
-1.2796617173938145
-1.3036635278756545
0.4178232562950912
2.540988361312669
4.671117306202615
4.386412207281491
5.41308540056922
5.093310359195198
3.7225386990314124
3.4109278347599323
2.7502153042606166
1.486539651594872
0.999047984146892
0.9284949786921448
1.6954674073483025
2.5853550860647436
2.7647610948809813
3.2000004140692377
3.726739879337023
3.7593275100441126
2.94755863949593
3.8145708331359742
4.7179582686832555
4.836325155696465
5.124598970239139
3.7305624779452247
1.7892018134216654
1.7621242509266324
0.2946859707606171
-0.019081553227858095
0.7496792702476966
1.1998604554577543
1.7405693162260336
1.2182467869468612
2.077178234995877
1.5275996177292912
2.0989076581802344
1.5337708582422733
3.66087563511808
4.338910072499925
3.0423507418281677
