# max_attributes; 15
# description; Austrailan macroeconomic dataset
# number_predictions; 75
# predict; Cons-Edu
# lag_parameter; 4
# horizon; 1
# name_prefix; aus_macrodata
# predict_model; lstm
# method; Part-GFS_granger_graph(n_components=15)
# prediction_type; rolling
0
11.237488419741407
1.1631228391580422
10.021366789369718
5.485808512716769
-1.7932627894230926
9.681156379196779
4.299590623705711
2.8988837829330087
6.912822331761092
2.614898293538758
-4.564863746046408
9.756933696595368
-0.49301227653336177
8.142335643224772
4.823272099790863
5.969525380695902
1.4285422661032499
0.28329855760869016
-0.917964800547848
2.6541605904027
5.678231464938811
-1.938740624557683
2.9699760130200374
9.280606588817776
7.965825721094305
0.5792439943312182
2.683043140233032
-2.818034299635542
3.7185804104595697
-1.488071115355453
-3.8760810324745734
5.366059281889736
6.4310845871902345
6.493094538622852
6.337369930825854
1.4737083668458837
-1.6361413052218197
1.4502132155691871
3.5556028898721728
3.3775230955535385
1.4181663921095797
0.6869287057516509
-0.43788600808372813
3.0164563653149337
5.338098515564628
3.8093747947107595
5.325312319716264
4.924655375232309
5.14192258764275
4.255418603213808
1.574612676348341
6.318199674146495
7.434826781553127
0.49652489835057523
-2.5093969110364718
0.7656327503299885
2.5003311901486533
3.906675886057645
4.487451134880889
3.2193403984092797
3.316052787685603
4.236119245203188
5.5768391524041725
2.4734936054055403
2.0807518635413693
2.2768464576245506
3.3204344868686952
2.9712386240397954
4.303627622334332
1.4973106722275276
2.6754055054754673
0.5756975807614015
0.3319503942954469
2.0556726389300657
1.703810833610568
