# max_attributes; 15
# description; Austrailan macroeconomic dataset
# number_predictions; 75
# predict; TotComp
# lag_parameter; 4
# horizon; 1
# name_prefix; aus_macrodata
# predict_model; lstm
# method; Part-GFS_te(n_components=2)
# prediction_type; rolling
0
8.41307562936752
7.770347172983067
6.74346596422251
6.4712406465135
5.63470564484391
6.619434874897124
5.481546779808335
5.75077303736211
2.6964187457566777
2.5836279833126805
3.1115087486311874
4.522501551118019
5.870961314210765
2.7779404788298634
4.983587349046111
6.21007797078296
5.738212622077663
8.498299131251562
7.31255456897606
7.558169313766262
7.625428570804141
6.589068826148782
6.252360954461102
5.503618858681348
3.553935624013563
4.101377790565506
5.406047761848562
4.392658057341148
5.241779574902395
5.394232719673827
4.918813170975357
5.9407598591692015
6.142161179217323
7.255244662632249
7.495299978086992
6.365529171840118
8.607761062406938
8.097475117955637
7.984354082443499
6.991682738777522
7.8536713537579175
7.259282225793537
8.10125669439238
6.991949768066656
7.8168433969864015
11.766527821542367
10.197123406819204
9.824701873513918
9.120379999594896
8.37212176891801
6.847804145408912
6.291057112387058
3.9568878406665067
3.269429468678093
2.4006823022348978
1.406931296913036
2.6211320461978533
2.761690843103414
2.9279562284358023
4.012643255077137
5.876195991760378
6.110807322873084
7.579570807807912
9.331282944536504
8.843798892090552
7.768978898843624
7.636422949656064
5.752904754262408
3.8698749413844076
3.7643777928509876
3.340668064445794
1.9715431455955357
2.375269847573922
3.3497430447983683
0.9667716608145418
