# max_attributes; 15
# description; Austrailan macroeconomic dataset
# number_predictions; 75
# predict; Cons-CloFoo
# lag_parameter; 4
# horizon; 1
# name_prefix; aus_macrodata
# predict_model; lstm
# method; dm_PCA(copy=True, iterated_power='auto', n_components=14, random_state=None, svd_solver='auto', tol=0.0, whiten=False)
# prediction_type; rolling
0
5.453028446439063
4.600016155654025
-3.9078674599517242
5.246857244078804
-1.561755795925464
1.9137477324760184
3.1842826849866057
-0.21665944219920874
3.82180233724263
3.0664583194747124
11.249488875785858
4.441117951006746
3.5690693506433107
10.768466452194247
10.705481185181661
-4.493645070963645
0.40654010330189294
14.068769350787512
-3.341252260197976
-10.764991816164333
-4.37304646849676
15.668036250262496
9.724500909763854
6.447602482936297
1.2623215869747213
-8.667870440881764
0.41384895666148225
2.985551481732905
8.67314076483163
12.108685192946915
18.7389248848799
8.62962559717586
5.881738849193994
4.224414736351925
12.270307193877272
6.055224496157315
5.167776358660099
4.61767039082212
5.330084352728413
5.5812082818938435
14.929932854153016
1.9385847193239414
5.938989011810548
6.573941233866407
4.577812171879742
2.6884155716522216
6.735840658492265
9.070043279880835
6.965819857993495
8.085274910002681
-2.9832798557280213
8.422561594922819
8.564188913508502
9.036152192425277
9.512624867410707
-3.0625372834984077
-4.98976943172476
-13.835867840613766
5.915947712882584
4.823251437321048
10.178623323026471
6.3807030197835815
0.1874661770673498
-1.473419047211486
-4.992629417821995
-3.719658180858211
5.398451639433681
2.200765243771791
0.8730356133837489
3.8299031091511893
6.369923848196663
0.17144621966910023
8.04710645356925
2.9028691323399087
8.045083782625703
