# max_attributes; 15
# description; Austrailan macroeconomic dataset
# number_predictions; 75
# predict; Cons-FurEqu
# lag_parameter; 4
# horizon; 1
# name_prefix; aus_macrodata
# predict_model; lstm
# method; dm_FactorAnalysis(copy=True, iterated_power=3, max_iter=1000, n_components=8, noise_variance_init=None, random_state=0, svd_method='randomized', tol=0.01)
# prediction_type; rolling
0
-1.2961897404386988
-2.2621681556999995
0.5179117153321258
0.8971652713216685
-2.1851699278066334
5.539571485552493
0.9207491597338802
5.398872555740411
5.2592307365317765
-1.7712630760758756
-0.8527193847610874
-1.188286154398149
-0.16336581458111965
0.6346209971064241
1.1441696637367684
5.589853645467876
14.916484230427436
22.554272067887013
8.002425633882076
-0.11623007141133712
-4.955828345076743
0.6498227458852597
3.8991315902284427
4.685290864760269
5.513969476897337
10.726749149348656
9.343158656302094
1.955286714535788
9.623026019092983
4.482855963848003
-0.4618981201479855
-0.40087756733498026
4.468650817658272
8.117280522981645
10.975284038597025
6.216887520174041
8.657047603831685
5.525334305708114
-1.4261929888926907
-0.11662871244698181
-3.3362654943469963
-4.605919396393951
-0.17134219458893085
3.5693522341981208
7.844076160357929
12.492796563849737
12.065517440950146
11.231293447263695
5.807960122093853
5.831654348649856
6.333166127258046
2.4247719570840474
-1.3123596174469547
-0.7345223176930489
3.9815862172971705
-2.8926776819356697
-2.1184153508113006
4.177671335998845
1.5517231739619675
0.605135797648714
2.654919528563397
0.010359813174957822
-0.4423825058763029
2.9841400752848273
8.079861655055659
4.682980882330519
3.8395276368099474
0.0638987279797476
0.07962369311786688
1.8939671809460492
1.0783405034313134
2.080488474087261
6.266995274636329
7.208144048249032
6.0907994961772545
