# max_attributes; 15
# description; Austrailan macroeconomic dataset
# number_predictions; 75
# predict; HCE-Fuel
# lag_parameter; 4
# horizon; 1
# name_prefix; aus_macrodata
# predict_model; lstm
# method; dm_KernelPCA_fit_inverse_transform_True_kernel_rbf(alpha=1.0, coef0=1, copy_X=True, degree=3, eigen_solver='auto', fit_inverse_transform=True, gamma=None, kernel='rbf', kernel_params=None, max_iter=None, n_components=12, n_jobs=1, random_state=None, remove_zero_eig=False, tol=0)
# prediction_type; rolling
0
-12.905024913123981
9.645774479059739
13.62950855636005
6.257576933192922
16.99998848911177
-11.361606112656872
-6.434283729184358
1.2288347586782749
-1.0462231437315381
-14.655090676296638
1.4477566362458276
-1.381051920686744
-5.617537882023498
-7.7891995665601
7.018571491519964
16.400448940898613
7.048940242878601
5.571074604412615
2.2399626863061854
3.9269382965489257
-24.668296041473482
-15.522175211908774
-25.635019577455083
7.461712471867287
-12.768430744062883
4.1668785203656995
23.889641867626963
-14.601034900835657
-1.1002688865689976
18.71067118870387
-16.41034832213468
-11.36814738318408
13.06205333812538
13.14844425915257
-14.326060755729046
-13.292053430191189
30.517804947030257
-9.261577359967234
-28.274030962863762
7.480463445203696
11.511140167897821
-9.09228687089363
21.314046695412216
3.708056549475401
-11.27519512638267
-1.4562564665025377
2.6817392298564187
-18.82769390744636
6.183997672385416
28.453060931218147
-10.551612221116883
-5.459323409302712
-29.16026777675262
-26.220332865533948
4.278882729208746
37.24534116228004
20.559693733847453
-3.5532353016457563
1.411819778840254
5.7151531106106574
19.451750989367568
3.345156491944877
-13.82148500533063
3.9955112782259476
3.804550322375121
-20.056976216943454
-15.105093971123424
-2.460792960485705
12.44977235805709
-7.305627113475637
-10.015498918721136
-3.4657809225267187
10.096309502932442
12.535892398249558
12.318365055349602
