# max_attributes; 15
# description; Austrailan macroeconomic dataset
# number_predictions; 75
# predict; Imports
# lag_parameter; 4
# horizon; 1
# name_prefix; aus_macrodata
# predict_model; lstm
# method; dm_PCA(copy=True, iterated_power='auto', n_components=11, random_state=None, svd_solver='auto', tol=0.0, whiten=False)
# prediction_type; rolling
0
7.707914547084549
0.733736358475582
4.288687022111311
6.3544895231044265
15.841619879722323
14.075605886079941
3.6550371082963267
11.892232486443554
18.816870346705542
0.8078932137550936
10.55235442618492
5.00690271428072
8.341798757691997
5.465333195713889
7.114383157814778
14.261261128053846
7.150918093714644
12.09333979392683
-6.591322401964774
-0.2063353505685086
6.1050479396156945
-3.779636062171182
-2.2846900141479125
-0.8555448759615416
0.4907552209691488
7.014684111225968
1.1687717290418362
6.716727727973655
8.611447479297759
18.11430644845875
16.355448109313997
16.43439076464935
14.800708367575304
10.743867087970358
12.373293733469865
11.067576913738293
13.947952543498786
13.958238556780941
6.793938123417206
6.542353300417112
8.170159073024507
8.758436068653502
7.199617258167372
6.5696507972043605
11.292271378639676
9.335966139277481
9.48623104279666
11.745270783604973
16.15363407052231
11.434193779974827
10.28602042805283
8.665151376874704
-3.922297842728444
-10.947114865957236
-8.61314048133707
-10.031888219241598
-7.324880693109375
-1.3275645713574562
6.351432142009358
16.801664430090987
20.148582587607244
18.898682177515788
9.733794411014678
7.074268474200586
7.600975345515586
11.833608356224921
6.133056008642377
5.736721859073498
6.473907909570222
2.921795693961201
-2.277603496408716
-2.027178634577851
-5.22475563248619
-5.932806300700701
-3.1569462450330548
