# max_attributes; 15
# description; Austrailan macroeconomic dataset
# number_predictions; 75
# predict; Emp.HoursPer
# lag_parameter; 4
# horizon; 1
# name_prefix; aus_macrodata
# predict_model; lstm
# method; dm_KernelPCA_fit_inverse_transform_True_kernel_rbf(alpha=1.0, coef0=1, copy_X=True, degree=3, eigen_solver='auto', fit_inverse_transform=True, gamma=None, kernel='rbf', kernel_params=None, max_iter=None, n_components=9, n_jobs=1, random_state=None, remove_zero_eig=False, tol=0)
# prediction_type; rolling
0
1.0179099804729121
0.09248948276192337
2.946714454539575
-1.28132098312327
-0.5031738399063528
1.6185994506507138
0.49582493497516733
0.5759049487768593
-0.1458443468933437
2.625938837170186
1.6649595512401403
-1.5623230309515233
-0.30285866788474447
1.8269235385020854
3.0021051605534117
5.295764216494516
5.074398414761332
6.002707741879466
3.5635830320330184
-0.39921214357408186
-0.700696615387356
-1.607555448924895
-1.001413365198471
-2.285699631244599
-1.0662752750786675
0.3358403154307501
1.9445915873092643
2.4090704648161827
3.093857707795599
3.1249240545423644
3.041024135380721
2.9269365724027727
2.1653097924645577
1.5325771771073606
0.9694948622447912
1.459793639767974
1.4885738625234746
2.5260227489846416
3.6548825110660283
4.3323707836296945
2.780600528745121
1.7471951721361423
0.5486094596389597
0.7224122439044027
0.6362503089681288
1.9999997509972145
1.6847706860895437
2.7940520823097303
3.233330391572564
2.4997190220000425
2.5720345274095804
3.4745946165257253
3.2775473548349057
1.8400641792038828
-0.3446344663833232
-1.0730841836424716
-1.341024150302447
-1.2969135957204259
0.6516862181571561
1.9274489826460295
3.738319386204714
4.703047084162621
3.818212353498029
3.467021311231023
1.9055146620971017
0.7774887117841649
-0.38562051295764554
-1.3371265167267925
-1.5954718288248788
-1.5650418558654993
-1.2085174941563235
-0.056640620071963355
0.759726775348752
1.1473769230284665
1.8509843700217976
