# max_attributes; 15
# description; Austrailan macroeconomic dataset
# number_predictions; 75
# predict; RHDI
# lag_parameter; 4
# horizon; 1
# name_prefix; aus_macrodata
# predict_model; lstm
# method; dm_FactorAnalysis(copy=True, iterated_power=3, max_iter=1000, n_components=14, noise_variance_init=None, random_state=0, svd_method='randomized', tol=0.01)
# prediction_type; rolling
0
2.6307436909769333
-1.3279555494592064
1.4453891427010603
4.019197548703502
4.672461927773401
4.241037057413418
4.204364215447974
3.9919326242177746
1.200445836643011
2.2964978954964383
5.092391335327932
-1.6246220381979217
2.683055668493065
6.66652501893423
4.110367658108007
8.013840037504618
1.1933593533466063
2.2784837989592184
3.906985587501147
-2.7140972820117284
6.043943134373308
5.854500141501692
2.7567294950002346
11.321791822248553
5.44969438311028
-0.287749400760859
0.9202842213158284
1.9438214253144999
2.7597258323546274
-2.6901475284474206
1.9807735375576332
7.517911878381142
10.576677776098439
8.977650638114469
5.736727210894816
6.401578979236572
5.9754893348066425
3.4898104830603422
2.2262218573678396
4.373678803055018
1.5895426419143117
3.2221741396875956
1.426324291744029
2.972075969753835
6.718791615030238
7.309559960457541
11.4656229970163
7.262884588046138
5.018448711178483
8.453404472833132
0.8460495270009609
-3.4187264469059198
9.23375079176627
5.639985659450382
10.497900285266468
4.740548021474439
-2.9649820632276516
2.5986566996964076
-4.787029208657858
4.886142089870113
3.9401896598924395
11.111896936040711
5.909273188339974
3.5618982871154614
3.0195775167367422
-1.0210142417537806
-0.4707656863671108
1.947440302662912
1.2315774908486041
-0.26137930478989624
0.766657641558071
3.508506464525592
0.8817553956298987
2.956519451660297
1.9233055325396347
