# max_attributes; 15
# description; Austrailan macroeconomic dataset
# number_predictions; 75
# predict; HCE-MV
# lag_parameter; 4
# horizon; 1
# name_prefix; aus_macrodata
# predict_model; lstm
# method; Part-GFS_granger_graph(n_components=1)
# prediction_type; rolling
0
-0.595975613395666
-0.9936433785898231
-1.4782043647529726
0.3558251243219317
-2.387495914232252
0.22723769034363528
-0.6487141458877694
-3.475377441913114
3.0614886867770075
-3.59430360550415
1.9459000086379348
-2.847376800787803
0.3197193128829845
-0.12046566986209584
0.1943235306636204
0.26106317700387294
0.690398551096731
-0.19210319688901478
0.13570352669121633
3.3622045096411597
-3.373320864096966
0.552236161841634
1.0509668774175545
0.0473268902191748
1.8361212394276905
0.07653752946193748
0.47727048474155964
-0.4432299851288377
-1.6157705775474387
0.3477536578296885
-1.8917561176002362
-0.634869603635341
-0.0503577268856823
-0.8582812121043553
-0.5204478844135174
0.8385473978994327
-1.7895580231494943
2.3984019569130837
-2.765714676978421
2.2343811664261786
-0.5543667118327456
0.8903404788327585
1.1696722349120598
-0.09643995923148552
1.729706752197302
-0.5462259925193145
0.305184249746862
0.2667860695603004
-0.38010152213092496
-0.2969439388495907
0.06770729292888689
-0.4640048278200837
-0.8607522330573403
-1.2601292381714586
2.9034477268497625
-1.8299073262981196
2.4955466027455167
-1.6184292836824739
-0.273976090154175
0.8414158698261716
-1.1511012096894149
0.5419747003374411
-0.3376706196904671
-0.5605974584111912
0.16011263699852663
-1.1366745422734077
0.07254093911474513
-1.2387491860429058
0.22528656738156982
0.5595629095901273
-0.7826079518313129
1.584263783741168
-0.4953261726128595
-0.027717072678758115
0.365486394709194
