# max_attributes; 15
# description; Austrailan macroeconomic dataset
# number_predictions; 75
# predict; ExrateHKD
# lag_parameter; 4
# horizon; 1
# name_prefix; aus_macrodata
# predict_model; lstm
# method; Hits_te_(n_components=1)
# prediction_type; rolling
0
7.812618726465601
24.951663236557422
18.57248373813333
12.554919200190625
12.046806887497183
1.1128565040057197
0.34225751739586485
-6.026215274409353
-10.084858058169175
-7.954162607455274
-17.294415655158417
-12.76402888885842
-15.751808371124312
-12.544064873615795
-3.5057490637059487
-0.5621651630230247
4.190983962294979
-0.5376593771349718
-3.027465473429814
-5.8416969469882645
-17.661171051488054
-17.196615567994073
-23.6134611791919
-21.164961070364143
-11.692283500739634
-10.721075710000235
-4.380464688828184
-3.9482118258717946
-1.8110173231288371
9.320966577104699
19.193127998518776
27.338518670912933
39.0455318002078
27.372696992894177
19.35514804754284
10.808002403773287
8.309730303665233
1.4477351147201176
4.443331709488973
0.3321287296001856
-2.7071767782689733
5.0863323032973256
4.7059400505260385
6.34195726645369
1.69215422121718
-3.548261583452998
0.13516993909070152
7.967582082490878
12.96929713533541
17.509062408853637
16.96358815118812
-1.4014959338840782
-9.03590497732236
-12.076143266449975
-15.330657632928947
-2.5177917660211193
-2.938222640419184
-3.0508255605982413
3.4314769615194365
9.019962120569872
11.176248222331125
16.844841041415293
12.163029404516138
8.747823188413733
6.285858584898605
2.16693988177407
5.4528545043123415
-0.10270955967041573
-2.0972290855756626
-6.027675279857377
-15.545095933107874
-16.959962879366373
-19.668886390522516
-15.136679686875851
-5.5250379875940325
