# max_attributes; 15
# description; Austrailan macroeconomic dataset
# number_predictions; 75
# predict; ExrateHKD
# lag_parameter; 4
# horizon; 1
# name_prefix; aus_macrodata
# predict_model; lstm
# method; dm_PCA(copy=True, iterated_power='auto', n_components=6, random_state=None, svd_solver='auto', tol=0.0, whiten=False)
# prediction_type; rolling
0
15.682950455807585
-1.050699208215505
-0.3152417416255133
0.9795296176060617
5.036306838848972
-6.343583958674145
-0.8275008753484343
-7.747977393628389
7.741392766240693
-8.22440556031431
-20.50697514286007
-23.184427425469877
-26.962946872279673
-4.918567946766515
-15.310937420453868
13.458145487256289
-11.04196260183771
16.523832482457152
-20.33021816384499
-0.11072945070783646
-19.763604243963258
-23.037549863505717
-20.984234701537233
-9.973674587731253
3.4987690181760627
-0.44998807776630656
9.604278606508927
7.246501613993274
0.14591720141645226
28.873795510926755
21.70977183384784
28.81085305383405
18.584275309911504
14.17152037144487
3.279514727803999
0.4169712684132918
7.783317228237848
7.9574026000615845
8.309507247277338
6.867042142480443
1.436014515429008
-7.851850697899451
-8.078334043024597
-1.1372755034981452
0.010339473284432188
10.691039745103609
8.621674662133543
19.040283678178497
18.72290485498698
10.85584799897633
8.072783586162572
-4.324193645518832
-18.971931498160885
-24.695330285643024
-26.4552553250452
-15.028446644114155
-8.697599409375783
11.361851414911513
30.505473266217223
29.35861870893882
19.484561308227654
21.349272155305925
12.620102360088993
24.75237249290177
9.994546173907835
1.1889390101306674
-2.258397464755049
-10.48708955910051
-8.202181032938796
-7.039306971439018
-7.136600112267232
-3.9495501641991524
-12.74703604767167
-8.690268965355486
-14.40509529029383
