# max_attributes; 15
# description; Austrailan macroeconomic dataset
# number_predictions; 75
# predict; Cons-PurVeh
# lag_parameter; 4
# horizon; 1
# name_prefix; aus_macrodata
# predict_model; lstm
# method; dm_PCA(copy=True, iterated_power='auto', n_components=9, random_state=None, svd_solver='auto', tol=0.0, whiten=False)
# prediction_type; rolling
0
0.26523602338048846
34.65283362890109
-4.5372948347072395
27.752659056451122
-26.565674027590852
30.55152540289224
0.20302872931065252
20.594761531871384
36.34634613409524
32.76467027479046
3.924970735259791
3.594304080091561
5.56876162839292
24.448203664510643
11.230588471657995
2.37996463201452
14.834002488069004
-17.175252044397915
-0.43557877256822763
8.916486959636629
-1.8135980921113415
-7.231558584295371
-4.4532609371414935
-6.874854294745141
-1.8283244159918581
7.683524632845149
5.857480126414686
9.752202154589554
0.7872417015407791
0.46410281687136745
1.6345925104239853
11.15823932490568
15.35955093550453
-3.330404538115957
-0.26740778998210857
3.1935977116791463
5.51370375082162
0.05285167333462226
8.610491933498778
17.36277321520278
14.362072207528442
1.2109195628265468
-0.2775398152879518
-5.623205211291136
-10.113461349574251
-1.0076352799066655
10.341613809057122
5.686036627410672
21.291139267271504
7.122710644371779
-0.9366472248176478
1.6410343558051608
-6.475410744229713
-12.022326072556616
-21.049601920818162
-29.42453159467167
-25.82470457073071
-14.287683796491663
11.19366701765793
20.687590931521257
27.116523139794765
18.94662693826767
7.8498726370663405
-1.4377304181320198
-2.215965287174285
-4.152420370046244
10.4897664254473
16.286975209171473
17.7135073734501
18.8550652702031
8.047142481854792
8.377160530165426
1.2081040194219597
-4.6246552992623435
-4.550753427002441
