# name_prefix; aus_macrodata
# description; Austrailan macroeconomic dataset
# lag_parameter;4
# number_predictions;75
# horizon;1
# max_attributes;15
# predict;Credit-Bus
# method; Univariate_model()
# predict_model; Auto_Arima
"V1"
4.51546805076777
1.57412369702964
-81.5853473675776
-5.81064682143908
4.27263971240841
8.82331972721697
18.1337174413185
4.44955765890939
-11.4654573663143
-8.80368998627292
-0.110442763662487
0.95597679923408
2.44536372716209
-2.12627404329261
47.2603729870735
-37.4412726045213
-11.0355542280636
2.4587900108197
-5.44205102475939
-5.09378791360951
10.9791834078836
0.21794675205908
-11.3970704041832
-23.0513663677585
20.7742174562484
21.3914090194205
11.7446992666391
-11.9086900800769
4.07213808208131
0.161947271095934
4.03550519447488
-13.461555154514
5.73561816884032
1.35327898313233
-0.242652115361623
-6.33541030792552
0.925889342678806
9.96035832729654
-2.88440896257374
-10.4474461773918
2.72812430524092
5.81691827856221
2.58774301687148
-10.5476515953713
4.91116560750854
4.3737561465302
-8.64591401400549
-9.37526931263538
9.06147632666865
13.6047792592768
-2.66243850813704
-46.5333440740934
26.3884010951791
26.7868495463863
28.4013167119486
-18.5578564865053
-4.56181680020857
5.28068584087276
-0.583101678325486
-7.43389117357691
3.91396276583436
0.190352257841169
0.767558216369439
-13.4409131442312
7.95273129080183
1.52182129502238
1.55686839451177
-12.2499911338783
5.87078038115458
5.21822568637196
-0.159226447009572
-52.8892153646632
-18.3122728198829
20.3389195166067
35.864575397488
