# max_attributes; 15
# description; Austrailan macroeconomic dataset
# number_predictions; 75
# predict; IP-NMM
# lag_parameter; 4
# horizon; 1
# name_prefix; aus_macrodata
# predict_model; VARBayeRidge
# method; BayeRidge(n_components=all)
# prediction_type; rolling
0
8.960372576590846
-31.595358338063598
3.410077867648121
6.734165283371078
11.194144502461342
33.01483750507061
-15.855734095053434
9.831524444893848
-1.2158063946936846
-32.32161247952341
29.265829584278787
8.498043301753942
1.7977561047282875
47.84331776531496
-89.39006793360244
44.525165558170166
74.0151761804771
-2.473724823075645
-1.990053761958751
-43.14295832331334
-17.603976351945004
26.395539050255447
-52.17224412361538
95.40192091014647
7.250953604800056
11.334878931316926
3.708021603435873
12.713896331120548
-25.845204214063184
-12.100136250185692
35.254747172830925
-6.349336004591793
-0.9153321853466627
13.514799813117936
-2.2209944430423567
-9.921592169793815
14.351315146918713
46.91737591285107
-17.62046630010611
19.96422307867631
17.15365298351311
-4.880398448131325
1.1315423851918807
-7.604791307573998
15.437209865673726
-10.857006783953612
8.263204252947034
7.366691003425925
7.2334699702160625
9.562208410540997
0.3498034820198206
4.5198226637454955
-27.17756361583839
-13.16526935079876
9.821078604262265
11.040262355688181
-14.789114564952374
22.339900843084607
-13.400981525599043
-4.444490271491754
1.115761152768021
-10.918324165798596
-5.766558160135043
-9.006743679288162
5.1156640276176635
-26.676545410526302
24.323601937146588
-11.571880711395615
13.142045078580102
-18.850601179845885
-1.6460914730665337
15.767576844367314
2.7654423937023855
14.307952109935684
6.4061658757918964
