# max_attributes; 15
# description; Austrailan macroeconomic dataset
# number_predictions; 75
# predict; Cons-InsFin
# lag_parameter; 4
# horizon; 1
# name_prefix; aus_macrodata
# predict_model; VARBayeRidge
# method; BayeRidge(n_components=all)
# prediction_type; rolling
0
4.566506339910158
6.179052424504572
7.842560210335341
7.65078831164528
7.024491173803795
8.443126818648535
9.463427337445513
5.580005751625151
6.662070529330514
7.653082677816114
7.796810978627928
9.335354173802703
12.197014534156839
11.439413275260698
9.186786889714517
7.872883103150183
5.257640963704977
4.756963703392251
-8.149210660575866
4.173404737948032
0.0936365508045851
-0.31220708436191025
-2.0039176890441572
-4.0064999989674766
0.31693254804725024
4.285530162708362
1.6889541432274042
-2.818897361077747
7.442509202847427
0.46251709099605876
13.24513901065882
14.692901370381215
5.678306227342785
5.179523263214779
0.8102541895087771
3.141632651230832
4.8718989764452605
13.661830805710109
6.867796468403087
3.493246546688999
6.440210981414438
0.20276354222520254
2.651776163290523
15.7211983037111
12.320396038133097
10.491872463875872
13.90565321496125
1.674472960415852
-3.444679065497242
-3.4522323332997376
-11.251732775785827
-8.722036295248202
-7.764006944322121
1.698617186546329
0.5010290539232529
-1.912049013181155
9.399941132874366
-6.3925870544778345
-0.7616330676017711
6.052840156305026
4.665864227796198
1.5971779630511853
-2.479513438998073
-7.484746308562421
4.638757236102136
4.099255906894181
8.66459790219922
10.275054176763554
-6.64081982584674
-0.4496642408065257
17.47444615531675
6.408681397448932
7.702837704020758
4.773400325436773
-1.7085678156418682
