# max_attributes; 15
# description; Austrailan macroeconomic dataset
# number_predictions; 75
# predict; IP-Min
# lag_parameter; 4
# horizon; 1
# name_prefix; aus_macrodata
# predict_model; VARLasso1
# method; Lasso1(n_components=all)
# prediction_type; rolling
0
20.935336962614823
6.533961026316728
-7.197596056530008
-0.7267736420501185
-12.600920108526573
14.856529784115452
5.789519617832104
8.46881450378385
-7.0550783443072245
4.2424556356621625
8.402344314428634
-19.88609515257486
17.78998026919487
-3.4512464859694325
7.662889110793919
4.128217179778092
14.705204007145312
14.815113142128762
4.4174834443598785
1.865659036634776
6.7939374123656995
0.6226025147925682
-7.389494104794689
1.244240139540635
5.548770366167001
-3.698033141151881
2.4626402135648537
-1.8262936564771892
-2.4386170273618624
-3.764967258356947
1.8829887237244025
-8.826422926981449
1.275605117919709
-5.0857052993936875
13.953536127226732
0.6582138065561896
12.243190916126403
18.244084711429227
-9.284826836612584
5.857730935296244
-19.550818040360582
7.2560447507015065
34.88331842034448
1.6592798657974748
1.666012432361209
3.789044766186665
-0.027576633132865513
0.5309002813350863
5.314071447099908
2.121068581267775
5.266570388139635
2.6130750868157566
4.11437360965981
-3.0933516096449183
21.645723235093367
0.48772196520278444
17.683345028758545
4.223038903786581
3.274272934909045
-10.243753394648873
-7.140140351242293
11.341055585163673
14.233690416006105
11.056514366581208
3.0849323353982463
5.197805161223304
19.26275552526569
6.456558266689386
5.584971321909022
4.71844919715763
20.615360793643426
0.010202931800249004
29.40423521645095
3.1027115832594214
15.764158010780399
