# max_attributes; 15
# description; Austrailan macroeconomic dataset
# number_predictions; 75
# predict; Cons-OpeVeh
# lag_parameter; 4
# horizon; 1
# name_prefix; aus_macrodata
# predict_model; VARLasso1
# method; Lasso1(n_components=all)
# prediction_type; rolling
0
1.1569582694564684
6.868658833635231
-1.0517607427246387
-1.42422495637644
7.927007854333553
-4.963721774300873
-1.2973015674877766
3.7889404293810456
-3.6101761271592325
4.9883592477097425
12.603713583898942
-3.666372829960013
9.09607979228761
5.048757079299917
7.715485676956375
8.718040168365699
1.7654298209490502
0.6484756090244277
-6.438851043810513
4.290052966967018
-0.5285080823976485
2.691887686534254
1.6869771995545746
-14.63754743098074
12.153757614515058
4.579905175279522
-4.743736473734689
5.435312746786815
4.28402840690788
4.8602373852352105
6.346652351892703
-0.22548876950657037
2.8135891239341078
4.607823876601787
-3.377461051465767
8.245575528297577
4.18037641699658
-0.17802763146640316
18.602030665454485
4.121253406667423
-8.217035515556427
2.4075304640402124
-5.550987329623858
-1.6493858902708542
2.002049855252541
-3.1732640425923697
6.460702597699189
7.228092669960072
9.50011578911163
-1.124323268105633
1.975182551695118
3.842954936440411
-1.0190351268566513
7.213087459398135
-16.201220906454356
-17.415269861683786
1.1026177614204076
3.339065535544786
12.363193936987372
1.309778441900369
-3.6592417176605725
4.650183061567102
3.8243600849912136
8.289292093091538
9.723025067621336
-0.3180420811326813
-4.2262158545246
-1.5361150420850416
0.7198791222020637
-4.672837179000187
0.8423298997171842
2.1406357546894137
-2.835225236221384
-0.008019371774763695
0.364649504558302
