# max_attributes; 15
# description; Austrailan macroeconomic dataset
# number_predictions; 75
# predict; Cons-Food
# lag_parameter; 4
# horizon; 1
# name_prefix; aus_macrodata
# predict_model; VARLasso1
# method; Lasso1(n_components=all)
# prediction_type; rolling
0
-0.9940299927052101
-0.7617770064275402
-3.529853780842591
-1.5356266974292072
2.659402374227388
-0.7421489778231272
8.015242927577736
4.66012947336243
2.4061043576178744
1.2874609314360153
-5.530881591469118
-0.28082650795800346
5.156226457689931
0.5912994797946227
4.672484751285802
8.60803270784793
-3.3491159733808744
-0.7977198718405858
9.901870288137737
6.074828705452667
-1.8353253247653165
9.337498461015304
-1.5363922327296453
0.2868069496657297
10.857915273007874
5.776745475830211
-0.5777891254140446
0.9709858359342942
-3.2892010972789745
1.3536638762879134
5.660332119845413
3.554439788005283
8.160442904315214
8.447975052669424
2.193899593395541
0.32293946965491704
-3.07517446890464
6.361745525003112
5.510298738215231
-1.3965183683808733
1.4770631091715132
3.150791931041327
-0.8105158520590794
4.4127616304818
8.81981515302256
1.42717158548551
1.2320925463579413
9.64057820413489
-4.527649690995579
1.90503905261301
3.8417775888200656
2.6300913739416254
3.973654677763589
5.940918599632236
0.725027722944414
2.1259856032748066
-4.420438801980776
6.3196986031879945
6.067715180139608
1.0763824981478725
0.9568038185989063
0.22471145115355018
4.609553163044358
5.388107464785289
7.441948518856746
1.030830207712453
-1.69803519038559
6.192518744919634
6.951513843736967
2.6844490461232713
5.0295777488450035
-1.5144697059589016
2.419969635265123
0.24152046265420735
-0.7719802351428435
