# max_attributes; 15
# description; Austrailan macroeconomic dataset
# number_predictions; 75
# predict; Cap-BioRes
# lag_parameter; 4
# horizon; 1
# name_prefix; aus_macrodata
# predict_model; VARLasso1
# method; Lasso1(n_components=all)
# prediction_type; rolling
0
-26.239899860005888
12.508976853351646
67.40994999306264
-31.92728191397955
-8.59683863203295
9.285652131309792
33.18044547837592
-39.55073378722277
-7.268025290532194
19.264738128506558
54.61676566396508
-32.904939406694325
-0.6737420725454557
23.080807923446535
55.24847650393852
-29.90338654312476
4.101223683979701
28.519651876723323
46.7882004868614
-18.21252361660196
6.973561299173846
24.894984563965732
56.18597302442525
-13.529616393487997
-15.740921314413937
-24.489430630621847
-82.11166193524443
-84.8313531071508
-1.4207171708931448
75.33742901879528
138.75474715941044
16.92306034737105
11.2362673007351
1.1417648560698703
-12.81382947157347
-30.365092606323714
-3.460901044349292
19.629039460588487
52.769237780711784
-10.8481383388524
-10.025277944238887
-13.050445926515026
-15.925322163810609
-56.574903614989765
-14.258189614477283
24.447432063580578
63.5098770324476
-15.431858626220382
-6.504874149100755
-2.476919516990969
22.091434259976886
-48.61572498463133
-18.53753068797241
7.322955290068844
16.048149298005463
-49.20498781043071
10.721744523943054
56.77592018139038
121.96119897112557
-1.552913861901959
-0.3025965007944329
-6.1967793655155345
-29.023318780196924
-50.621035520297696
-20.000575926814882
7.981641686341469
44.0229794146249
-37.355379030178305
-18.252264263432966
-3.6439497563901595
-20.584358886428035
-24.019264880464053
-24.092165385118
-3.4652809230741077
14.455620489364913
