# max_attributes; 15
# description; Austrailan macroeconomic dataset
# number_predictions; 75
# predict; Cons-FurEqu
# lag_parameter; 4
# horizon; 1
# name_prefix; aus_macrodata
# predict_model; VARLasso1
# method; Lasso1(n_components=all)
# prediction_type; rolling
0
0.8030255733056489
-1.5422257623292392
0.6983979494963831
0.8288332885075504
6.051930844153611
0.2354002109144906
3.7880880791748446
7.11370672446257
-8.125770287735486
2.878272245060554
-1.9120885365466593
1.1214276231055273
9.97504964050853
3.4221779380877457
10.144138206561154
7.148537111322666
4.571206152202435
27.160294739284062
-32.44956402792436
21.41371032954117
2.5321706885154582
3.414750118163543
3.678157452558873
6.049356631026715
9.555812408464764
15.041921493234163
-0.26903681307780936
5.009826810555197
-2.0699308684065567
8.337655909079995
3.43851815867807
8.414016909420507
5.62067164452221
4.776766181305989
10.449068796055883
3.9982889911156003
1.7639128024483615
-3.0964195613333803
-6.672650818469998
-4.322205952084094
2.5764803913856396
14.590728070789915
8.962927383227857
3.7110761221792328
11.478551704894048
0.24773473231091003
11.882336498098292
4.82292777316318
3.8649628703493275
-0.7540057215843516
-2.6590135415161154
5.833550455739114
-3.7963764661216164
9.38572256464115
-12.751242364842636
10.266046471843804
0.45880415048196
3.2292997349844104
2.8035051030278875
-0.3082612618634961
4.122542023060372
3.9560110151433707
6.231483349093247
1.5051793331244534
-0.9851061622418777
3.368706573423457
-0.8412379560493735
-1.5663187353964352
12.544491950863772
2.5210899154335307
1.5617135925303565
2.0262259515435197
6.722186256155199
4.459807698641681
6.439003091939945
