# max_attributes; 15
# description; Austrailan macroeconomic dataset
# number_predictions; 75
# predict; Mbase
# lag_parameter; 4
# horizon; 1
# name_prefix; aus_macrodata
# predict_model; VARRidge1
# method; Ridge1(n_components=all)
# prediction_type; rolling
0
-10.017412849344874
1.085440427581715
76.50414018175096
-51.08688270831674
-13.675538466966668
-8.32704065010011
-36.0932392716308
9.395040773236325
21.103750073004633
9.370201042613761
-5.857545328734284
1.2674210939139112
-7.380304769850916
10.350738113279498
-72.40696214261297
85.64966726756266
-22.42267797451255
2.382919353649928
7.993293311636403
5.2341712724208875
-20.066775070041835
9.969777279807804
14.441920922360982
35.04816240628193
-48.70289228935372
-15.055696923162001
4.799755246014782
22.440778160142653
-22.284906519035744
5.604604603287874
-2.2581403846920622
21.398369626216883
-21.678205701464382
3.2447051605414754
6.414278124670856
5.036723873760338
-7.086737177975706
-13.645227417145513
16.058507479537035
11.945871007915489
-18.519836704819017
-1.9287460301999406
4.482598033470853
14.82580471165014
-19.578790387004975
-0.0020830628637154014
21.737453688834396
0.07142599572360209
-23.65444502242415
-5.071855192514436
18.425316165528685
65.80515750435961
-97.15468753431753
6.129742797425222
8.874954403369037
17.418865431380993
-11.666961812357627
-8.155931827819302
13.611754909729797
4.757587992170205
-16.993145205617576
10.668017983415881
-0.5167266621162643
14.680152199184832
-23.12670134278703
8.081681106675457
3.846751339535894
10.651452073647986
-19.24303354186714
1.7381922607350817
9.467864994255667
70.27785549951959
-34.806611511360934
-45.71850397125673
6.817742809868195
