# max_attributes; 15
# description; Austrailan macroeconomic dataset
# number_predictions; 75
# predict; Emp-HoursFt
# lag_parameter; 4
# horizon; 1
# name_prefix; aus_macrodata
# predict_model; VARRidge1
# method; Ridge1(n_components=all)
# prediction_type; rolling
0
1.4525095509994495
-1.8614944665480684
-0.07067665076854723
-1.1246375233369594
2.3862370450227743
0.6166962392367505
-1.3464125634902104
2.8257666979070404
1.1930082490973826
-0.05486845314700084
-0.7071057409833452
2.4000134881848494
0.9377048237856809
2.0430555409144233
6.538344352377742
5.89302936918509
0.16760309886696734
2.6366312618555323
2.3656425043555496
-7.472589728706028
-3.343508813452587
-1.5743491340382272
-1.7109236333826043
0.4542494528464346
3.952815754534022
-0.606673463535139
2.05341730922832
2.3581131277832026
5.843776424667383
-1.3752373847435568
1.28037283348374
2.690212349567629
2.923875299899053
0.870892372577631
-0.5167445550999177
5.27685777726527
3.782700002208332
2.9982121804370228
1.190578235556606
0.34880638732000757
-2.2039047748475755
6.778286327960833
4.039287894414034
1.9767128668655523
-1.166159078124572
6.599394926537629
0.11421209843339386
5.737274109869108
2.3068787064542096
3.201210245509579
4.890499665691268
-4.37213382002564
-1.6646816236589426
-5.1398904192714925
-3.2423901183859796
3.6946710493155335
0.6682685334533494
5.371713544934554
2.5365953978331843
3.382951993571177
3.1798663388425137
-2.4997247145122135
4.210892903051629
2.8943556333233174
-1.538091137911528
-2.320039429146664
-2.1959345015932326
1.11193365201979
-2.19083934467864
0.6263372810647458
2.7914185855054203
-2.766738996235654
1.4358769734773564
2.647690912625607
-1.212114014021755
