# max_attributes; 15
# description; Austrailan macroeconomic dataset
# number_predictions; 75
# predict; Unum-LPT
# lag_parameter; 4
# horizon; 1
# name_prefix; aus_macrodata
# predict_model; VARRidge1
# method; Ridge1(n_components=all)
# prediction_type; rolling
0
26.422984464098967
29.12366376899404
2.8394850278203068
11.788966132056032
-13.977643904432625
-7.46609358161313
-16.311536244218075
-21.076079169815564
-23.69327835739147
-7.892110824301989
10.776040263038215
16.14483504420642
-7.147179814153151
-5.279353655991587
39.63093096674155
-38.20995984204358
40.52387489104875
-34.796765060281324
-17.04409350469917
0.6803550509875529
37.60285719894853
52.52756926755034
-22.972806025440207
10.533311859935115
-20.845724782746725
-6.026664273701879
20.01665277845605
-4.252724629942491
-29.15645097481334
4.4850226662557775
-7.1469649230320105
5.130549698778182
2.5407974592802107
-12.147673584918214
20.53077230325784
-16.232582677155857
-0.17818387031077781
4.695052383404674
-2.119184987292551
0.3539723289630881
8.835777257500014
4.046088812703097
-25.096491522493746
-24.540531719642765
22.529165546799
-9.554066193303708
22.62855089135597
17.699643157708344
-20.81666644973033
6.825644083775696
-14.862915711160955
12.04041709263971
51.73829094095486
-9.602984673742876
-4.083699150669192
2.407220274304583
6.900122599900235
0.5500219251294913
19.762752020978297
-3.679023995275652
-3.484824604253599
-17.89477991036043
24.684864362337866
-14.472233876602216
7.453842221414415
21.562750741805992
-42.02391862872339
22.511520524702984
20.95253451092256
-13.96977490627578
14.97480089403733
-1.940517017253912
15.821260541045667
6.389123037850389
41.27766580354931
