# predict_model; Vecm
# max_attributes; 15
# description; Austrailan macroeconomic dataset
# number_predictions; 75
# predict; RetSales
# lag_parameter; 4
# horizon; 1
# name_prefix; aus_macrodata
# method; dm_FactorAnalysis(copy=True, iterated_power=3, max_iter=1000, n_components=13, noise_variance_init=None, random_state=0, svd_method='randomized', tol=0.01)
# prediction_type; rolling
"V1"
3.87860788200699
3.59924417051342
-0.739634156947432
4.96508437656946
7.4005221981009
2.92399521561923
-10.1904047499681
15.9240768029667
-2.84832215323894
-8.21521739547383
4.79649615438932
8.26053145940793
7.8278091651373
10.2829091258708
7.56941997992081
5.56124397057643
8.18753974389457
-2.57193428206193
25.8059223623229
-6.2303561227397
6.64671783052303
17.6311930391348
4.89564622672339
-2.13225193270346
7.80254601668793
11.2513931715153
5.2777820537741
6.1568018549974
2.33576988528867
15.2286265948927
0.526715946722039
8.60663867311469
12.4164630975209
3.56112236959155
4.55689370127525
-10.4314777284263
0.00698818225268932
6.32769622749226
3.79280021065534
10.4778040732672
1.68492296641538
6.00717013669196
1.65396898925987
11.3762086745868
10.2109247643892
5.00185161355318
7.65453772757935
10.129096374304
10.3753465944739
-7.96531707474096
7.92071336140726
6.26634864870899
-0.196916070301429
16.4054713562186
-6.28087926204395
-6.56025056514541
5.34381501081483
3.40981711417087
-2.26306924090132
2.09428565278576
-0.04011264508819
4.76793066897624
4.85616312545198
2.42727099122576
0.169626182929305
3.98164752917711
0.0767650271526498
4.44210181758683
2.9396224244107
5.41249396413498
1.43937039985236
5.66528373590292
3.0991888876923
2.70760759078204
6.66614429553987
