# predict_model; Vecm
# max_attributes; 9
# description; Austrailan macroeconomic dataset
# number_predictions; 75
# predict; Credit-Total
# lag_parameter; 4
# horizon; 1
# name_prefix; aus_macrodata
# method; dm_PCA(copy=True, iterated_power='auto', n_components=3, random_state=None, svd_solver='auto', tol=0.0, whiten=False)
# prediction_type; rolling
"V1"
2.440450736443
1.64222900592403
2.01401215924146
-2.10033381405803
-3.20943835285876
-0.84061388420875
1.09499753141352
1.4073095174569
-3.35235023071803
-2.21780036172693
1.4055590207512
2.9969140502834
1.06696078900527
0.298201788339815
-1.18219167112643
-1.15186710374332
0.274924443465266
-2.12287272895187
1.84761069089517
1.21470488056237
0.0634350949890917
-2.6722440379259
0.828050970363846
-1.91887648821668
-1.60154591773597
4.88278303816384
0.43403204709601
-2.75572569595702
1.9395807752894
-1.50566791566355
-4.33603582248239
0.692359612913604
1.01273248445773
0.651375847868116
1.83587217722768
0.758634958128771
0.452744631014778
-0.270827499044091
-1.2012765519715
-0.844285787026363
0.163441112915557
0.105017324200331
0.919146511283145
1.86351074969154
-0.234134592876844
-1.41164228599362
1.11768751434017
0.825038805070522
2.39793890974921
-2.58238740175785
-5.36927691462938
-6.59526648351295
-2.9808077873768
0.192707509533972
-3.19162404159235
-0.332427384394391
-0.121359907788404
-2.47389518840962
1.90221052183967
-0.270544138816988
0.60286622389257
2.82749696512905
-0.390922672822468
0.935990882493255
-0.063265218501939
1.0120450159867
1.98961220852599
-0.299391197948899
-0.109287707413869
-1.43514420084832
1.61173058148688
0.327050889754809
-0.449690673227295
1.61579272880316
-0.130062029490792
