# predict_model; Vecm
# max_attributes; 15
# description; Austrailan macroeconomic dataset
# number_predictions; 75
# predict; Emp-HoursPt
# lag_parameter; 4
# horizon; 1
# name_prefix; aus_macrodata
# method; dm_PCA(copy=True, iterated_power='auto', n_components=8, random_state=None, svd_solver='auto', tol=0.0, whiten=False)
# prediction_type; rolling
"V1"
0.74660136241622
-1.9100635022393
2.80966884719388
0.717859054579837
6.44906855258962
6.35026235072555
1.07788812016817
4.74861292410844
1.42184320993387
-0.0431840085652741
3.38130732198171
5.44994397130306
6.28152228219845
2.82070447562966
2.98778830882436
8.08869774131545
7.29097517341821
4.05477159795991
4.34450597942216
7.63391831944127
-4.10880872163619
15.317243989381
9.49395172109279
3.8230955708363
3.67243961754396
5.32446206051776
9.31397493128707
8.38010867527764
5.04889356045149
-3.23779121442591
-2.06288572752719
0.765811731380583
-1.26479587133724
4.6122326782219
0.653120180999023
4.59732305144772
9.5565212617172
2.42445797147035
3.6688556677395
8.26251995390116
1.73343514226734
4.27355525885364
3.23576182901831
4.55006781387642
1.83947018001729
-5.88126273306327
5.50352547901803
3.48926077126878
2.25876253174283
10.6695219104168
-6.50922477367811
7.98632815178381
19.2106536616669
-5.4193647548487
5.97295230740927
6.91400739507343
1.24180225036594
3.39894592862047
-1.95492793653588
9.80947594668597
-3.78570525568584
1.16952547033325
9.19913989770884
3.09969702091549
1.495403625749
2.89102048066315
-1.45047674502122
-5.0094553246123
6.04473108888437
9.37225533990544
0.336200910659851
5.51027583179224
6.15575274716717
-1.54393978391891
2.31775347637116
