# predict_model; Vecm
# name_prefix; aus_macrodata
# description; Austrailan macroeconomic dataset
# lag_parameter;4
# number_predictions;75
# horizon;1
# max_attributes;15
# predict;M1
# prediction_type;rolling
# method; FCBF(n_components=2)
"V1"
-7.42429318111072
8.80443235973659
11.7298005295153
3.46094976353514
14.9272168154546
3.55613173766125
-0.818750817515417
-1.2788412409446
1.73242307100914
2.11309442580707
-3.36902785383119
8.53247853718984
-0.910346482451044
1.99393156333979
5.34048973318677
1.25239083704417
-0.527422129196355
-5.34430898957702
-7.01849799836064
1.16344210265555
4.77385897864966
-1.92371958124383
2.5698886075683
-3.64605737021215
-1.50872154912574
32.4272250261042
-12.4255693892843
-43.0363350935734
-23.2439502463105
17.9494991068034
3.63951194687497
2.30722247234809
-13.6455918899075
-15.4073545001637
16.1862280671949
6.88360919463019
-1.15385613493892
-10.9971516328758
-0.0101207021437707
11.953537156534
-19.9843137140178
-9.56434724163244
11.0802840887074
-7.95364585287658
-4.45057806893316
8.71782766607336
1.08279078402573
1.93096629423645
15.2856072162639
7.20362147208122
-28.4172882609353
13.1122384069871
-5.07502446798934
-11.6815173970822
9.7687339646562
4.87952630590076
-14.0032213757639
11.631828466481
-18.5938483136318
18.238061411843
-20.9997421552807
15.4663848912149
18.6382986757017
-13.7080495305921
1.35020330164227
-8.06974174133392
0.453523269154186
-12.3977582568224
-13.026638339225
5.52544043906131
-2.37159582293352
9.23158875089229
12.7684795810332
-9.3040879571785
12.1597431789623
