# predict_model; Vecm
# max_attributes; 15
# description; Austrailan macroeconomic dataset
# number_predictions; 75
# predict; EXrateIDR
# lag_parameter; 4
# horizon; 1
# name_prefix; aus_macrodata
# method; dm_PCA(copy=True, iterated_power='auto', n_components=2, random_state=None, svd_solver='auto', tol=0.0, whiten=False)
# prediction_type; rolling
"V1"
-9.34907554869885
5.4872860091272
-5.777527306731
24.7553692985382
2.46116039644576
-7.74253179219888
32.1698997773917
123.886117268886
747.402727286081
856.7712608056
-496.648143680457
361.805930587347
77.4701924186103
109.705372426777
-159.578243180763
19.0716437510698
-10.3635055793857
5.85858511367762
-37.8813943146196
-14.4516838482115
-1.12415016007437
29.5956176064975
-56.1445736648257
-6.33817148572124
59.3337942324187
-97.4875158435915
26.7747966291973
3.27645746486202
-11.5657734441297
-5.83310785477951
14.2864219183775
37.927987562919
15.3570513555799
12.498721841181
30.0995506063153
6.56980965910505
1.34711584799176
18.0483705575492
22.2572960882634
-7.56981276677461
-27.7234758807363
-7.36592119879804
-1.83823503805149
-2.90115923964907
-11.4448721772708
0.00381597449582571
42.0278175243337
19.971154813043
17.7124982839256
64.0904689809666
65.4828704725764
6.72927126162948
28.0145321681089
-42.2906514090389
-23.6598423792461
-12.0044710387766
0.63344777667562
9.04554500357503
19.2717815067944
43.6926970733312
23.9675367995325
4.22692268298611
-1.76160609339835
-0.990537540301671
-1.64360433097544
-10.3375781248721
7.78356815024803
-0.518303900268017
5.95590635792064
-6.79900879524297
7.74167703482999
3.21348421345825
-9.53869089107961
20.0520257369202
6.93986210472093
