# predict_model; Vecm
# max_attributes; 15
# description; Austrailan macroeconomic dataset
# number_predictions; 75
# predict; InvtoSales
# lag_parameter; 4
# horizon; 1
# name_prefix; aus_macrodata
# method; dm_FactorAnalysis(copy=True, iterated_power=3, max_iter=1000, n_components=13, noise_variance_init=None, random_state=0, svd_method='randomized', tol=0.01)
# prediction_type; rolling
"V1"
-0.00903013460438335
0.00661225081960166
0.0228042124710592
-0.00286439839147631
-0.0058894918126469
-0.00706132768606443
0.0164400193968317
-0.022702517880292
-0.0302994672118122
-0.0263772060580517
-0.0109754309538981
-0.00382208114710332
0.00246602402112453
0.00538513745794783
-0.0106990056625172
0.0213717816401382
-0.0390214149218352
0.0113097297237639
-0.0834230596556727
0.0837259123837981
-0.0628970107655336
-0.0609890918480335
0.0369437287088919
0.0261031614262858
0.0136280549857024
-0.0151131039042454
-0.0332341490464583
-0.000167585835513196
-0.0267934275654817
-0.0240725290696167
0.0310222439657319
-0.0452447613373839
-0.0106188782282988
-0.00659520169252541
0.0137730009039199
0.0166207554695475
0.00375440053995091
-0.0274285916787432
-0.0122608060704558
-0.0455430663061242
-0.0161987751365061
-0.00553195332103218
-0.0113231083822792
-0.0200454673096558
-0.0296973501793875
0.0230460264700649
-0.00777801709421235
-0.0135337965462482
0.0131568685921141
-0.0504900817203337
-0.0223531386060876
-0.00650609286869719
-0.0409279609399835
0.0469862614120297
0.0178710706610337
-0.0270693934382997
-0.0433692164904603
-0.0234739190369407
0.0314660014489012
0.00298085688485826
-0.00247535467166465
0.0226021452750638
-0.0141813688443719
-0.0189743179835917
0.0087127252384638
0.0142023355319767
0.0130181255967561
0.00152170131142961
0.0101718681938804
-0.0206116522716304
-0.0203957084706598
0.0105891814392378
0.00925011334901637
-0.0126496654744381
0.0282837584054806
