# predict_model; Vecm
# name_prefix; aus_macrodata
# description; Austrailan macroeconomic dataset
# lag_parameter;4
# number_predictions;75
# horizon;1
# max_attributes;15
# predict;IP-ME
# prediction_type;rolling
# method; Part-GFS_granger_graph(n_components=11)
"V1"
1.89017350421188
12.0792811714248
-15.8423777455182
10.2824666870618
-0.139252804519201
14.734450447156
3.38821565919809
23.3990335735261
1.58370938460204
-0.615466309281293
9.63885164217767
30.4948074801733
-2.12362421497091
-57.6457869025121
-14.2896726482819
0.704005787113667
-9.1106796278056
13.4807038218044
8.31364459104434
22.4717618133985
1.95647656361865
-10.1506718559439
28.3526699095739
-11.6389572303425
-1.99345904008151
0.468805712929333
0.19051020865316
20.3649218833085
-12.4478142319541
13.5233667746854
25.276764833374
-26.5994792498483
-3.87869414448069
11.0773824996112
-4.74515015061433
13.0307010763878
9.42232588908545
25.2621509973153
-11.24191303151
6.14890110209646
-23.7106627216701
22.1949275047227
5.4856199622156
-13.2999880161769
10.7819769473657
-0.439782517392889
2.59325064950863
-20.7916673626211
12.7148808077349
18.9125235917908
-23.0136289987613
-27.3828520420359
-0.387591850624698
-7.78837391948284
7.84320927194298
56.9898614665773
-7.62499135297367
-103.834810470418
-5.42274423379398
11.076150265729
-19.1908928092974
11.3672211329492
-17.5708461761381
12.7018837988387
13.0682727593975
-27.5385565427911
21.0901735551949
-16.9545322988533
13.6417290205974
-56.510064068816
17.8942438616095
1.82878170755602
-25.6797279531028
3.11285774828929
-9.00172257898456
