# predict_model; Vecm
# max_attributes; 15
# description; Austrailan macroeconomic dataset
# number_predictions; 75
# predict; IP-Min
# lag_parameter; 4
# horizon; 1
# name_prefix; aus_macrodata
# method; Hits_granger__graph(n_components=7)
# prediction_type; rolling
"V1"
7.95119304776175
-5.68344952088807
27.8800138006533
-16.1106882816996
-10.776763993336
-1.76165625532954
10.8188176975076
-2.48208464567914
10.2319892889269
3.45388437376606
-6.09997807422695
5.39048410534693
-12.7859301172909
3.10437375205106
0.688984504664693
5.01341605471245
11.4050471492891
1.25183208229324
25.7101800241645
-0.673960209553718
-3.19890676103598
12.1336140281013
-7.79495653455332
-1.53456729661278
7.93180511857605
-2.53539197985812
1.00255893015976
1.18123061139412
-5.11438494189148
-17.4370300462087
7.60625879948301
2.31543886293166
-6.56787863464777
1.54812755444422
-10.5512565600438
8.4291775318206
9.32080279436665
10.7475733622135
18.6945358961734
-7.12802002125689
2.45124572608272
-10.6287578177892
20.5988818246583
26.9928450056578
-6.10942100767783
3.23538146562249
7.83999347840602
-0.967323581432194
-2.70713006927015
-19.4542304940588
0.0531973749135388
-17.1962671017885
24.3174331639562
-1.99397520323984
14.4670819265862
16.0454734731367
9.82529089028272
13.7320694642972
4.8843352565507
-1.21291525918512
-5.72890463026845
6.4338872661096
12.1789464275196
14.0185006469747
-2.87898330857565
2.20920415914281
27.9580963688909
12.4890428375085
8.82866718874005
4.35411889131984
16.1903745249572
10.0869310311789
9.99730291268752
14.9462949730906
13.6859634933949
