# predict_model; Vecm
# max_attributes; 15
# description; Austrailan macroeconomic dataset
# number_predictions; 75
# predict; DomSales
# lag_parameter; 4
# horizon; 1
# name_prefix; aus_macrodata
# method; Hits_te_(n_components=12)
# prediction_type; rolling
"V1"
6.14707007534793
13.5467884265504
-7.14909529902689
13.192095978857
14.2778524621124
-5.94270276374523
2.31906631145158
21.0765459965245
6.03537687345635
10.4447407533671
-0.532764961797446
-1.28037555611668
6.31914417559476
0.729431342956962
7.43302858022395
17.192687725163
-2.14971487550301
2.95521787922818
7.87172867611907
-4.04154573066157
-7.57779371415139
5.88809948976259
1.99731357034482
-1.67732178267219
11.4555929156664
20.5687647164718
13.6816453766352
10.4625772166072
6.74284070501427
-5.08464414007422
13.7423142968008
15.4055766534664
13.7186139627294
5.99289942216902
0.377273977974713
8.16425905119387
9.00786165776274
7.39454212696594
14.116868984372
10.7139138471765
8.80275718426241
16.5113284494496
-3.28837578436916
19.983875600329
18.829110482077
5.88820133653603
19.8276408262394
7.45708450101295
8.65007296089576
18.3311148079157
11.057824557156
6.87200364931495
-1.92998755294552
15.6972978186772
-1.34645234846369
10.8383191083721
2.3056249705686
-4.11511664087205
14.834130070605
-6.75398465506204
5.08906533854973
4.04595575772342
9.17398688115726
9.77664609600852
2.70921084537602
8.1702293998535
0.174198861864796
2.52885531810415
4.08438364582228
-3.89403177817465
7.66073856848273
-5.30464801271551
4.98418468973
5.34984956717295
-2.67229237791821
