# predict_model; Vecm
# max_attributes; 15
# description; Austrailan macroeconomic dataset
# number_predictions; 75
# predict; Emp-HoursPt
# lag_parameter; 4
# horizon; 1
# name_prefix; aus_macrodata
# method; Hits_granger__graph(n_components=8)
# prediction_type; rolling
"V1"
5.70673950298393
0.423780599592349
0.895117444769301
3.38574923192479
9.15710023847401
6.10096536893901
1.41000995939553
7.34956077765786
2.75575080985357
4.64825668619341
8.98350082723983
-0.0807406065992464
2.53659897249585
3.87329110506608
8.94537914424336
2.69245441348697
9.04170072375875
11.7791026056533
-4.0372736020487
5.88273543517471
2.46947895888299
11.0497485980156
9.19710798605023
2.37848404108862
3.41173973263934
1.51185515969725
7.76656826639284
8.35946395057753
7.69269177839634
1.95974633935121
-2.38899421151979
4.16518719884302
0.744164238002548
1.82527244993812
0.57427205109889
2.98283020077372
8.98285063210693
9.77176755493767
4.81588294583416
3.73642183879233
-1.17903260727207
2.40580041753683
2.53911288479545
8.09824403947121
-3.10074032568503
0.704256548351293
4.14515119185317
2.24961268783415
5.91900927659736
5.6648818225343
-0.221376092318792
8.11330638416285
3.72169789952059
1.97886061273994
-3.14854166231746
-0.954159367189522
4.7660434814209
0.652331949597338
8.84191363145734
1.07882869479491
-3.87928793660572
4.22155830339168
2.9304043381399
-0.322362023145479
7.24326899843739
-6.13671871230452
-3.22469843983264
-3.40627838053601
6.36003406429877
7.32566800596641
4.46967933263594
5.01117252659317
3.08116434737227
3.6148373329265
0.935306732138995
