# predict_model; Vecm
# name_prefix; aus_macrodata
# description; Austrailan macroeconomic dataset
# lag_parameter;4
# number_predictions;75
# horizon;1
# max_attributes;15
# predict;Credit-Total
# prediction_type;rolling
# method; FCBF(n_components=2)
"V1"
2.13481487904606
3.2256392109346
2.76587278832998
1.78230650256752
-0.0399425173740795
3.68248615083648
-1.11518659231642
3.19223837664029
2.28921694264504
0.222143398056014
0.306928143676716
-0.53276918946093
0.724387058062645
0.650448761197573
0.271457677510719
2.56316938486848
-0.0629727997142593
-2.74289803569658
-1.05477232512243
-1.16104228068559
-0.0711793375212024
-0.88431967751942
0.524715576177519
-1.1258960252661
-0.715806116847798
4.4789108409683
4.61328182472013
-3.89850311789273
-4.06363718033629
-3.66545773959216
0.99473286122363
2.03964723759432
1.94259715017118
2.42236713596549
0.435971793677616
-1.45078450020744
-2.83953338406767
-0.0961978333427738
1.98850570986261
-1.6533081396751
-2.92177769809432
-1.35689085160409
-0.715571925298786
1.74739316083977
3.05495853726788
-0.0931972714787387
-1.06253633161281
2.09943442125227
-0.147105885352334
-1.87777852423411
-1.47337766243852
-2.39207224943485
-0.657558239208235
-1.72183604648046
-1.16192954006813
-0.933706086658004
-1.72721976357583
2.14889870400971
0.52523585427
0.0326764344780564
-1.86931184051973
0.812726340708042
0.590788641696196
1.17060316382168
0.177818825071754
-2.03371716547216
-0.546063285353449
1.35727311406955
-1.25484830253923
-0.344467286642741
0.675555308074711
-0.12162932540753
1.77783807221091
-0.184138525680533
0.0865968884091853
