# predict_model; Vecm
# max_attributes; 9
# description; Austrailan macroeconomic dataset
# number_predictions; 75
# predict; HStartsWA
# lag_parameter; 4
# horizon; 1
# name_prefix; aus_macrodata
# method; dm_KernelPCA_fit_inverse_transform_True_kernel_rbf(alpha=1.0, coef0=1, copy_X=True, degree=3, eigen_solver='auto', fit_inverse_transform=True, gamma=None, kernel='rbf', kernel_params=None, max_iter=None, n_components=8, n_jobs=1, random_state=None, remove_zero_eig=False, tol=0)
# prediction_type; rolling
"V1"
-46.5282732642774
-5.10294046631683
45.5736166685903
28.2086100789714
-3.1918986933442
-14.579789802709
-19.4775447902072
38.777284326516
-16.2259497089752
20.2694909825646
11.3496492989627
-28.1345734811271
0.941930351629206
49.4583863826674
-24.3398146620031
26.322200569033
-18.4300318086054
-26.2019476721607
-43.6867890918231
53.8936293488238
-16.3221427084564
68.698781444172
17.6350857830509
9.9307207581692
13.1263261134618
-39.3254012117003
0.979177351113232
13.1066461407648
27.7204924451231
22.8739371559899
20.4785868940674
20.6039550998176
-33.0190859722708
25.6937025407413
11.343605639265
13.1595146971593
32.8513572148305
11.468225059235
-3.32556568205792
-7.19681211233473
-15.2389045128082
58.9666233101623
7.89413144179694
-7.46918809326083
-35.8843396607875
6.94794682722638
3.17520263908427
-11.7283154379096
-21.0181494154734
-69.0961629293862
-42.7956231911518
-57.784106552233
3.29551587956505
21.7803017616416
22.1856516485413
-10.2656600640115
-60.6304400012577
-47.7146540809079
-66.9226878582113
25.3000438838141
-20.430196231273
29.713030487099
19.0986553148482
-32.6782080998619
86.2478860030737
-20.6244631173826
57.3815279392741
24.3740951870727
9.5415407022059
55.9779572406572
-11.4449946026762
5.76915899957698
-21.7801739771015
-46.6758447295666
5.73040642703266
