# predict_model; Vecm
# name_prefix; aus_macrodata
# description; Austrailan macroeconomic dataset
# lag_parameter;4
# number_predictions;75
# horizon;1
# max_attributes;15
# predict;Mbase
# prediction_type;rolling
# method; FCBF(n_components=12)
"V1"
0.59806991944437
27.719977133697
-32.5302428645608
90.4045429662934
18.9729789549616
-33.8822639831838
-20.1147180357631
-14.0538021505932
8.63462482670252
21.9095241520243
-11.6278814550098
26.6757005137746
38.3730397523516
-19.895845835042
-19.9691573652271
-48.1830461384327
48.5831121850561
-36.3364631813858
-90.061075744881
35.4738780331255
-36.5423148725507
51.9083975621439
-38.6720696961863
12.4473021857103
15.545742742585
-37.4309813463739
4.10636626862082
-23.7800837425817
18.0045347684084
5.18658111771852
12.5156232843486
-4.80116286826336
11.0378805021613
-23.093768783022
19.4194840788165
2.34323674663719
33.9697375257004
-31.8446520387018
55.8516752393965
10.0873774753639
-1.36575626055289
4.66618400858128
-23.213245327953
33.5060363340378
-24.135572224732
28.5669900581584
-7.6173871942078
16.7170731560405
5.39763882250384
-80.1558963146417
107.620451302195
25.7737549797117
39.2189115533311
-128.656025738181
-6.31220857124771
7.12680853524269
1.17726480607481
-19.917186675838
44.6179547481939
5.21942143807029
-40.1158135717939
10.1646099318584
8.04592967548268
9.69178528615873
-0.916547620782943
-1.71797642388143
-1.31673526783974
16.7314828343205
-23.8510580554731
-6.78579024497614
-19.5336473451909
72.6123308707129
-15.8176684525254
-19.7543989104947
-46.4093400164015
