# predict_model; Vecm
# max_attributes; 9
# description; Austrailan macroeconomic dataset
# number_predictions; 75
# predict; IP-Man
# lag_parameter; 4
# horizon; 1
# name_prefix; aus_macrodata
# method; dm_FactorAnalysis(copy=True, iterated_power=3, max_iter=1000, n_components=8, noise_variance_init=None, random_state=0, svd_method='randomized', tol=0.01)
# prediction_type; rolling
"V1"
2.82024085256428
1.58063919776661
2.36449369871479
0.173644030349425
-0.942982244410185
-1.35865794257071
10.5512851667811
4.45948032830684
4.41666205669356
8.14141466589109
-3.12862649379072
5.7629402417261
7.63695124016394
1.23553390843068
-7.5171016973136
1.31362075437293
9.50688641224354
4.23992541528231
27.9110784519839
-11.6009636630366
10.3309974256939
-6.45543868999917
1.42857991027544
3.02302320153563
-0.412687258313403
9.39696739788798
-8.75067232547751
9.93351691254969
9.08186982892157
-8.09386864950412
1.9570810026858
3.72915467918811
-0.746878271852363
10.527685206014
5.21076745471715
5.26965026066609
-6.46730403572726
0.756958413813734
2.02069165207437
-4.66615920335202
-6.19559207387456
2.26829380714874
5.58431381354856
1.85046674350263
7.64729892650009
-1.16880225202125
-4.84004701674003
9.27135415749002
11.9878279729579
6.77134748292724
4.38488001827553
-27.3080762667201
-18.4554760342724
-15.2227437701627
4.20630082877843
20.5538967975938
5.54874599490056
1.64814265043941
1.93661743899045
1.74606296041107
-10.3800931959165
8.65735487463418
9.14071896917939
-2.06871195320917
7.08651009538432
-16.2573545800091
-1.65026825213003
-1.61787580692422
-4.04076418577062
0.342152223827706
-7.83642652154878
8.14736588870133
-2.08522036229878
2.34350393600263
-4.51715346113778
