# predict_model; Vecm
# name_prefix; aus_macrodata
# description; Austrailan macroeconomic dataset
# lag_parameter;4
# number_predictions;75
# horizon;1
# max_attributes;15
# predict;AveComp
# prediction_type;rolling
# method; Part-GFS_granger_graph(n_components=14)
"V1"
-4.53562049938485
6.28753368103111
5.84672485927141
3.56101904442007
6.09589079971901
7.5073588762067
5.86960824475837
-1.45503545921701
-4.97188302795179
7.45817115504556
6.12187298149945
6.9742133692343
-1.15436317899712
6.54171445100017
1.08298261868927
14.6470813535544
3.28769460066004
11.0990300493589
9.16186138357515
-0.0169466677792007
5.44385944004966
0.575252516336747
-1.06008587142663
7.59393594795796
5.77005980685931
13.1521313812528
2.06443850722104
0.19153470561668
1.10506475866492
0.909209167988575
16.0390066017715
6.33748285577573
1.12241692923716
-2.7344538245337
6.43582484649985
6.13447454285697
7.34040255640063
-1.19649531038392
2.06721624379202
2.1873153970083
4.54523687235583
8.28906880923414
4.46813453106982
3.25650427120663
9.87797177530395
9.95962252120552
5.8427356025989
5.30945770985421
0.399678477360204
0.31910338938828
8.77935278222959
7.19702835802659
-6.5717283739902
1.54366447124139
3.4484483255043
2.89446335574147
4.50473711941207
10.5139550528078
4.75026982803613
10.0290998098777
5.55692693712663
4.27908485387497
6.13680493794327
7.18997341849244
2.83202457690628
3.51197907875317
1.95028228268487
-2.44990930524013
-2.17393894260331
4.31335475095707
0.303921706828763
5.46067581756151
0.873147923794462
-2.44735701330606
-0.00405867152899383
