# predict_model; Vecm
# max_attributes; 15
# description; Austrailan macroeconomic dataset
# number_predictions; 75
# predict; HStartsWA
# lag_parameter; 4
# horizon; 1
# name_prefix; aus_macrodata
# method; Hits_granger__graph(n_components=9)
# prediction_type; rolling
"V1"
-1.35110525124987
30.5909777500009
-34.2026137985715
50.8674269014829
29.3445664147657
36.1376853173922
4.8573433563613
-13.7141389779829
25.0209302105153
-41.6701048147457
6.49309700839843
25.5015991169652
-82.3285506388285
35.6245002184056
-34.6969363045457
27.1929092419713
34.1855349726462
-51.1951656753118
15.0121824233993
-39.7582235374956
14.0160047858785
-24.7126514683088
-19.6284593199433
61.2319189231985
-94.8024652798927
-6.26224010549345
19.5081775524526
-8.94117425429166
23.453682740756
68.7502115836634
40.7805140460062
27.9992498299411
-31.6960660112298
-1.74499631121168
7.96307156790737
9.8716225655107
-37.9918257858753
47.4865175377522
-0.250663445799514
24.7791382482478
39.3940522047878
-8.47323093845002
5.48627794333799
-20.5012279111088
-30.5230510376783
-15.1801166261215
-4.67465557605768
-6.85123362805144
-25.4791958840255
9.82183591966654
-31.0779598149753
70.2219064679652
14.0223104485937
-44.8471055534589
-84.5311500073635
-25.4792186950771
-40.3465758842234
-46.2305082421142
-3.14285922648162
2.48868178110884
5.11729073150147
14.8210033992095
-39.5207600158985
1.16052000576005
54.9653050394222
45.0255812643783
-0.646098280073983
-24.0107915387713
16.7927353985943
-0.956058596360786
5.98599136229013
-7.57551342371906
18.6688365338022
-6.01393956849982
-3.71265591760517
