# predict_model; Vecm
# name_prefix; aus_macrodata
# description; Austrailan macroeconomic dataset
# lag_parameter;4
# number_predictions;75
# horizon;1
# max_attributes;15
# predict;BM
# prediction_type;rolling
# method; Part-GFS_granger_graph(n_components=6)
"V1"
0.640439577614352
3.31757161437937
1.76794401457276
-7.86833259024735
-3.82029909304272
5.79062475870288
-0.0951584852047942
5.74041217400685
4.56193749486423
-2.24268808713481
3.06271181663587
-2.67208767774526
-6.90490362209892
-0.615303615814297
1.85770906482788
1.38729976222149
-10.3923126737238
-3.82547012516596
-2.41588026673568
-0.251641327436124
1.15865641628126
3.91318941191663
1.14016139205139
1.9812679009882
5.32459475299467
7.53971291744675
-9.93712809267766
-23.7114092452155
-7.0941602870565
19.5851235106474
-2.60339092443778
2.68324919577317
-1.51767657844667
-6.22084221653675
1.67519782223214
1.4128107494374
3.49923209176056
-0.422907248845
0.354563895828085
6.55150213056995
-11.879404561989
1.40113198649167
4.44620088224634
4.13683220052067
4.96459410161851
-12.0350703941947
3.39004364366098
-0.262994169927494
-4.56641390370403
4.1148821588843
-10.4539112020932
3.00870386110968
-2.63066197927673
6.1482832789706
12.3937958934939
-21.3487266334804
6.00626827230776
0.785848911341426
1.77302954129348
6.38740034574302
7.70948421541737
-1.13373826744656
0.644225221103802
-5.40781715820425
-2.77913616341975
7.60541920186206
-0.644408938247844
-9.0627191813429
-3.20015079686756
5.08535892809028
-6.04768078284218
4.19075576875606
3.05903412599057
6.71389329095815
-2.5342063424291
