# predict_model; Vecm
# max_attributes; 9
# description; Austrailan macroeconomic dataset
# number_predictions; 75
# predict; InvLevel
# lag_parameter; 4
# horizon; 1
# name_prefix; aus_macrodata
# method; dm_FactorAnalysis(copy=True, iterated_power=3, max_iter=1000, n_components=5, noise_variance_init=None, random_state=0, svd_method='randomized', tol=0.01)
# prediction_type; rolling
"V1"
6.47294726916707
4.16967893839495
3.08645256074615
-1.66662759517395
-0.18738708289324
10.9950798059623
1.37558876498997
2.3068913315365
2.21419005849081
5.31120397572108
3.75223704564068
4.31534293304605
0.983911775701336
5.90156931515652
9.71117206713484
11.7124654268785
7.7479827252665
5.85855086104983
7.15403953415187
3.85326692418894
2.84460179655434
4.33854169395461
2.1423803667301
3.86347007274871
1.13521891485294
1.93334000367136
-3.48805701922098
-1.61837572074442
2.48427631008389
-5.64370063289766
3.33742830652903
1.35260859167294
5.90062920444876
9.02664632599919
6.35299841086839
11.1274536832825
8.31792930849782
6.54493629509088
7.91902403640334
-1.79884884828967
-1.66633819530761
1.71315415848355
-2.80437223386865
3.42730012437523
7.47510796327199
2.73299291988811
8.95390285330896
3.76237233229174
7.57046607746848
21.5124717220936
18.6849832879049
5.04076925588731
-11.8539977160435
-5.69553865461988
3.53307283741901
-3.23102188124711
3.27048232336214
3.32841387044265
-4.88274531432245
4.04443475436706
6.85650675238643
14.1409222867234
8.35087016895949
-1.80771195778388
2.14953960601442
3.94353846817123
0.254738862466129
1.68361103576565
2.33875945735696
-5.30668581027826
9.98905304673462
-0.819595860018597
4.30133663723865
0.383132392419376
-1.3815791533901
