# predict_model; Vecm
# name_prefix; aus_macrodata
# description; Austrailan macroeconomic dataset
# lag_parameter;4
# number_predictions;75
# horizon;1
# max_attributes;15
# predict;HStartsTAS
# prediction_type;rolling
# method; Part-GFS_te(n_components=13)
"V1"
-11.2592764477081
-25.1913780974571
56.1258024413649
10.0625511480958
-59.9337191541757
-54.0885228561667
-19.0865286201082
-17.8243977718381
46.2717443255725
-58.3003387443616
17.7057268741417
-39.9381376902258
-18.7912082594996
-27.2449899769185
31.8583611566724
-136.455511453817
-20.8554925443082
35.9798554465927
79.6553738155106
2.32306055433832
54.1298782860947
-71.8460083713901
33.7635648697082
91.875713948608
23.3372702619372
106.220070832528
-90.9946903603432
9.62957003186856
-24.9358552324259
-1.75845362304825
-41.3128937928591
56.6813477231558
-15.2137348025324
-116.498847133258
21.0566730390453
-3.63124751931376
-20.2784534718621
21.4525546469015
23.7214083114753
40.3548013882565
11.8139601013765
-17.6822807888911
51.2181098173103
91.8961560403462
-69.1967350052907
70.9442565004711
5.05164610296362
-53.5795844355377
28.1199032631615
-20.6674919095212
-91.6677237839321
40.4337334394503
13.6703987431638
19.2012207858039
-28.3659938603944
-20.9654993785888
-98.6674079796684
-69.8060913737534
-4.99135153538764
-54.114808316747
-8.77567594197564
39.2494711883334
1.27226164422345
-13.529157114983
38.6952150432872
-28.4713771317294
-21.9103899617683
57.0606705014666
-13.019881920169
23.5765586018069
-3.92881537181551
-2.00777837800688
49.1446631126576
-32.5033794163355
27.5078061099153
