# predict_model; Vecm
# max_attributes; 9
# description; Austrailan macroeconomic dataset
# number_predictions; 75
# predict; Emp-FtPer
# lag_parameter; 4
# horizon; 1
# name_prefix; aus_macrodata
# method; dm_FactorAnalysis(copy=True, iterated_power=3, max_iter=1000, n_components=6, noise_variance_init=None, random_state=0, svd_method='randomized', tol=0.01)
# prediction_type; rolling
"V1"
0.813248583451968
1.55828041403976
-1.03209474118552
-0.425636390216375
0.671245738880439
0.682827664822778
-1.28884002975885
-0.467102028632186
4.5133075869556
0.753839101145269
1.29115612631479
1.48001933114238
3.13838183471474
1.67046804681674
1.00479675975288
3.10922951983481
1.56215704648086
3.40163155537201
2.97209921962184
-1.02883144027837
2.00684466626656
-0.102138513691434
-1.09845870179968
-0.925492942450152
0.765073365693613
3.18751341719644
0.459383277050102
-0.0476563939849009
1.68737871845277
1.30585341262365
1.5380924895368
1.84617915005783
5.15670464443974
2.08207872090163
1.88631321229357
4.05564784447453
-0.562861041075438
5.28294863495121
1.83719319806487
2.18336801742038
1.83189323983792
3.0149680464962
4.73826375039235
2.71047724315509
3.255146712004
4.55281594953524
4.32867099050557
1.4578628091099
5.10621057408112
2.04942024890819
2.66980663781989
-2.67003902016865
-1.56876331154908
-1.51133939988509
2.13274519862473
4.27024119481174
0.189780125758188
0.59517248607284
0.634968056825383
5.11073017870862
2.71961208543567
-0.746020226541166
-4.09675921988117
0.0427469518669134
6.63249074528539
-2.60107102962488
2.26856967389523
-0.216940000756786
-1.43535150495743
-1.12855913308185
1.49402741419562
-1.53127623691544
-0.248301121831534
2.15187185543472
0.455227655474452
