# predict_model; Vecm
# name_prefix; aus_macrodata
# description; Austrailan macroeconomic dataset
# lag_parameter;4
# number_predictions;75
# horizon;1
# max_attributes;15
# predict;HCE-MV
# prediction_type;rolling
# method; Part-GFS_granger_graph(n_components=8)
"V1"
-0.0893146865228124
1.81438112825226
-16.6476186159366
-26.6480205544011
1.82843548927838
2.43250580950207
5.41064746186621
21.9793034331746
-18.3836181763584
1.00798866526929
1.40197818094431
3.74385193545393
-0.40534907787341
-0.530726778965869
4.47653231332458
6.25736013643362
-12.4920890013371
7.54016458047577
-2.89313476887563
-4.93087690877595
-5.51821170543928
-7.55736477079976
16.033270928542
-3.80158816148026
-6.15041368690125
-14.6177457717643
-1.42519825536317
-2.11107253166037
-1.80389862577849
10.6596196505156
-5.32076947565182
-0.740937625919609
3.31366954129018
-12.6265000436081
13.4478774521444
-6.24137951291977
-1.78280649995912
11.5710228743343
-10.5010037505541
10.9110983906366
-4.03739887233161
2.29788609695009
4.2169675643781
-4.11958518238461
3.89632213992771
-5.69437596818499
3.27598250007053
0.696019702245402
-3.39579080213924
-0.916647045029754
-5.18988131530961
-2.62606836087285
-12.867371575588
-5.16173535342965
13.0450862066382
-0.233729021883492
-0.439309842702395
1.5982925639882
-6.70265145795927
9.75609238986831
-7.40420969782817
-1.60686948598593
-2.09393955007217
3.26847345448128
2.99564671747766
-3.77137495674539
8.07709114432662
-4.81850911907284
-4.05504412137895
1.62894972363804
1.73731947414845
-7.37293656553869
3.53056299613949
-0.561524838108322
1.60818215219296
