# predict_model; Vecm
# max_attributes; 15
# description; Austrailan macroeconomic dataset
# number_predictions; 75
# predict; HCE-AVCE
# lag_parameter; 4
# horizon; 1
# name_prefix; aus_macrodata
# method; dm_PCA(copy=True, iterated_power='auto', n_components=2, random_state=None, svd_solver='auto', tol=0.0, whiten=False)
# prediction_type; rolling
"V1"
-4.54786872730018
0.218122628538437
-8.08951283180432
3.82651329416828
2.41501629816296
-2.33286775501978
1.86139549768324
-0.0146019300738785
0.278237381082011
-6.33275661432632
2.15503262397341
-5.81008267925076
0.560158799544286
2.6220302384575
-3.38106879747299
-10.0204797942941
-11.360800295864
7.64730955350524
-9.34180626723555
2.11973582347329
0.831447591472533
12.7018843054201
-0.994764159698608
-9.5824982667151
5.14312212129821
-1.85447351773676
-4.54504389804032
0.357699496653765
-7.51597057896273
-6.20676472184664
-3.38828918044307
-2.13914347743405
-7.60572270961193
0.583859117111789
14.5347879208277
0.565746016942761
0.468089217688693
5.36824672422036
-10.237789693737
13.7916677486363
-0.814918733934483
-2.69477082679916
3.33654291459855
-5.53063599188398
3.08841377252326
0.412409390394975
-7.91026378469197
4.5796118603899
-14.6013665077638
-1.42372895399557
5.15808535895759
30.0723207554549
0.878177270631529
-19.6353249833373
7.44737406543375
-3.047454399221
-9.35481889707612
-7.04960324401325
10.9177533113622
-0.356509127713426
-1.76171484810136
-0.121698830548947
-9.84965151721609
4.6094517129263
3.59225521533109
0.786123318499861
0.0619943491639324
-1.97340639537172
-3.29552945206369
-0.399645766109396
2.37694194637462
-4.80160784028659
-2.03401361998833
-0.626487997405271
2.43782714149294
