# predict_model; Vecm
# max_attributes; 15
# description; Austrailan macroeconomic dataset
# number_predictions; 75
# predict; InvtoSales
# lag_parameter; 4
# horizon; 1
# name_prefix; aus_macrodata
# method; dm_PCA(copy=True, iterated_power='auto', n_components=7, random_state=None, svd_solver='auto', tol=0.0, whiten=False)
# prediction_type; rolling
"V1"
-0.00540996813616603
-0.00321008380951793
-0.0131156021379989
0.00789223880370088
0.0163982335241042
-0.0264144172016595
-0.00842545145514346
-0.0135222629138136
0.0418959073247168
-0.0549642547177421
-0.00588998681240198
-0.00732331975113848
0.0182283339539121
0.0123179285189431
-0.0061890863364661
0.0184133714045434
-0.0228321935085913
0.00572274370132505
-0.0173695337681849
0.0384128783142783
-0.0245591935696702
0.014219024183678
0.0127108419326271
-0.0284683656725107
-0.0209834515597292
-0.0266295816378795
-0.0217876515708105
-0.00989191527658034
-0.0109297683629015
0.0131502062290928
0.0132382240031402
-0.012281985178008
0.00268265357942718
-0.0100577391672269
0.00745437645404201
-0.0167352091132042
0.0109901511558948
-0.0147148266834018
-0.018316708719926
-0.0308722135338934
-0.0130092812198336
-0.00414686615613922
-0.0150866695029603
-5.48259226269701e-06
-0.0151750835716848
0.00861619240164237
-0.00470667143014296
0.00872268870554319
-0.0118412456490805
-0.0304499609685367
-0.00161271241318542
-0.00569577170918652
-0.0039502341422603
0.0427323004468399
-0.010818279669845
-0.0101109575085395
-0.0159902739379157
-0.00247053704788092
-0.00714132742954011
0.00254813831521999
-0.0106498505073963
0.0133517364625497
0.00152215729132342
-0.00578849735685746
0.0104781923478162
-0.0218108595823293
-0.0124657682225947
-0.0110096253928957
0.000732731621715324
-0.00524171793939559
-0.0338385593126518
0.00489855973433718
0.00425942479031993
0.0090312239725129
-0.00505490693009541
