# predict_model; Vecm
# name_prefix; aus_macrodata
# description; Austrailan macroeconomic dataset
# lag_parameter;4
# number_predictions;75
# horizon;1
# max_attributes;15
# predict;Emp-TotalPer
# prediction_type;rolling
# method; FCBF(n_components=6)
"V1"
3.23636409796229
-3.34754820961923
2.33706458932367
1.25216542041381
1.10021390184951
1.27927119030869
-0.471982116614062
1.8888678136948
2.80029479827469
1.19861960158508
2.7321019539716
0.559584779512853
2.0026646945481
1.71726060011537
2.49769673736808
2.82758644571702
2.07307602515696
2.32317570471783
2.66018016730974
9.65502253758861
2.83931892645604
0.120169073578972
1.41358041009543
-0.369426251086715
0.637388641267121
2.10154647719359
4.45814033090459
2.810864551484
4.19995734862591
-0.200426048787599
-0.398632160522832
2.44704792823801
0.607730699001557
2.7411226679151
2.1566166954422
3.80646077330689
6.01288506241772
2.50864665593621
3.2100490656061
1.0355154952117
1.38815157639248
3.15549003317131
3.53303176319233
1.92832339631552
2.91032488530442
3.82795680454427
2.82344647997522
2.94532664147993
3.78778410962717
4.24990379172198
1.97135578936416
2.01835662262014
0.607844584977066
0.231389980961708
1.14501945580131
2.52335830875056
3.49089371385333
-0.647805956384283
2.0856577616579
2.45672783416674
2.4121774310757
-1.76488838662175
1.406714693514
1.51509679739571
2.27519144388132
0.934378457585856
0.346013042280929
2.06232072500794
1.97602209345354
0.244147268231894
-0.286171734658743
-0.228551759748172
3.61701652215821
0.17896522812848
0.659249550045276
