# predict_model; Vecm
# max_attributes; 15
# description; Austrailan macroeconomic dataset
# number_predictions; 75
# predict; HStartsNSW
# lag_parameter; 4
# horizon; 1
# name_prefix; aus_macrodata
# method; dm_KernelPCA_fit_inverse_transform_True_kernel_rbf(alpha=1.0, coef0=1, copy_X=True, degree=3, eigen_solver='auto', fit_inverse_transform=True, gamma=None, kernel='rbf', kernel_params=None, max_iter=None, n_components=15, n_jobs=1, random_state=None, remove_zero_eig=False, tol=0)
# prediction_type; rolling
"V1"
20.5481617350097
96.2263459953735
4.01654223210568
34.8324150301476
-10.1852906772728
-95.0526564701324
130.486830630652
18.45452840399
-41.5048513469423
-3.19464582823958
-61.1823287267374
45.1125470611889
34.9156167837206
-36.7790297918078
9.45736261951238
67.7872143846958
-73.2222707240582
-14.1232932094037
19.7095542397138
63.0958810487232
13.9166157568263
43.6762468427043
11.0874566670446
29.2493051735383
-30.2712962435844
28.2463939303615
11.2395288305836
-23.4471174822668
-14.7924933731615
2.15277928921538
-29.7361272668744
-8.1951756083188
-69.2255948743599
13.6719502060399
-38.8282575637587
42.2155032532089
-10.5324492881554
-30.5029929007349
52.8799806629147
-3.30931294791743
9.19451427162644
25.1705514653562
-66.2511408272929
31.0536910402744
-16.1421992369344
15.5978281900522
0.326242583212517
-7.66157923237594
-38.025292870774
-11.6756928528985
77.0791270320017
-72.7440073604389
67.0619907114547
-52.187073456803
32.5039735912524
-82.1866170785046
-4.74467372755581
36.176763426613
32.7982304607427
57.1270459261958
-57.6426692016316
-24.7066053995401
-84.4478702053735
74.4464279635179
16.6527650139383
-64.5721461039132
-16.7453750548222
-10.05019809202
27.5963354753853
-68.0060486078341
25.5623164676207
-8.35633494134738
-20.785363433806
7.50117122756574
17.3787925366849
