# predict_model; Vecm
# name_prefix; aus_macrodata
# description; Austrailan macroeconomic dataset
# lag_parameter;4
# number_predictions;75
# horizon;1
# max_attributes;15
# predict;ExrateGBP
# prediction_type;rolling
# method; Part-GFS_te(n_components=7)
"V1"
27.9269284603946
33.1794479316716
-10.0216624617322
-30.2486818469705
-4.0894395494775
-28.3733210644062
-18.0965007632018
-6.00063400825443
-70.9704533070907
-9.08814760564335
-10.1866041228484
-47.9779467717973
28.2533601911948
38.890342925643
-43.052069790328
29.9450405067008
-22.7505867453518
23.769235279914
-100.985088818399
33.8938257356667
-19.6940094321861
-27.7871802737572
6.4113332648814
11.3768058732057
10.5761094491797
35.2342878661826
-30.8650313161941
15.3222420924944
-14.0478928803545
19.796575373456
18.1716703613895
5.83775563839543
21.9545449813098
-18.7341122322986
12.9162796692561
10.2729904349956
6.87171348463866
17.1345499737511
-22.2257427071758
17.3041709584179
-7.85156427718101
-35.5855659317555
23.1050404694417
2.98665644153857
-19.1128972328465
44.6956163274639
-6.2382156895232
7.60674935476877
32.1040444050429
-9.28116418628432
-22.1637855140263
32.2542000906681
16.4227706673933
9.30215279342889
2.28989490718321
23.5041106027906
19.5637610883062
23.3515404830845
15.6618552277083
18.0754991951794
18.6268118393265
19.7675373051345
11.9391850357301
-26.6740464090541
-13.3822382448728
-0.446045338439267
6.46162131960033
3.7042629790124
2.83668901083283
-3.59565574802645
28.3855921352075
-15.0277829998022
-38.5773903275075
-28.8411591873758
-5.29504470023184
