# predict_model; Vecm
# max_attributes; 9
# description; Austrailan macroeconomic dataset
# number_predictions; 75
# predict; ExrateHKD
# lag_parameter; 4
# horizon; 1
# name_prefix; aus_macrodata
# method; dm_FactorAnalysis(copy=True, iterated_power=3, max_iter=1000, n_components=3, noise_variance_init=None, random_state=0, svd_method='randomized', tol=0.01)
# prediction_type; rolling
"V1"
3.47331887195606
15.3269085151829
-1.59623289409992
10.8628520841321
-11.5765780665224
-0.906960081944777
-18.9892844849446
-12.667803189999
-22.2926153018532
-28.5397861914625
-19.8027660687992
-0.854630112917855
-2.67959201443796
11.5040300141954
2.21746258915619
1.32801130440725
-14.9569405099825
-13.7830509054536
-17.2221228265723
-67.4771558097174
11.4201658624446
-12.7353299087897
-8.2783401835283
4.00700138688141
8.63605804872419
16.8843408385193
6.82347522772538
11.7056270987701
15.2154583569491
19.246425291506
32.3773274971093
29.9143890703975
10.6976305972099
13.3092056100577
10.7444701766863
14.9828941684439
9.19583811838646
15.0434303591722
-16.9497482785061
-11.9979219780919
-5.4618285431556
10.7148808400877
2.66537799930392
7.17316506793697
7.60373547444128
28.4033466745724
5.20073383156646
5.24889740045094
14.2936059893371
-4.27488454466913
-20.8821036137651
-22.7980056727781
-6.09216430273884
-10.3561902055063
-3.79953727779136
27.2908493353872
-38.9043462313951
-14.6265877650556
40.632573352285
39.2225168425173
12.5492652147148
49.753943891069
21.5298429389225
-2.48876998169387
-1.12949809680186
-35.4681909402755
27.1572753819689
0.17333278564131
4.1846582807972
-13.4609037598356
-8.50444339944126
-17.7118730264766
-26.8480482379733
4.27753697601123
-15.6625279825299
