# predict_model; Vecm
# max_attributes; 15
# description; Austrailan macroeconomic dataset
# number_predictions; 75
# predict; HStartsACT
# lag_parameter; 4
# horizon; 1
# name_prefix; aus_macrodata
# method; dm_FactorAnalysis(copy=True, iterated_power=3, max_iter=1000, n_components=4, noise_variance_init=None, random_state=0, svd_method='randomized', tol=0.01)
# prediction_type; rolling
"V1"
-21.6097114464266
-28.8087897435998
38.6171485568781
2.09972978570407
15.4300409345901
9.80546307071322
31.6697762725645
3.07630271758806
-36.464821682171
-41.1062226192366
35.1839183896999
-20.7680734492086
22.8185597279573
8.24574366419734
-21.6777878632421
83.5068692002515
-24.8923543966361
-11.89798341241
-18.0452511470657
-21.3413843445569
28.8620644329276
-4.2400509470166
-20.827633342842
-19.30365289905
-3.12702112760954
-24.8971335396185
-2.98196613067515
64.6889079934203
15.584128852692
11.8588271081685
23.7463162275538
-12.7317713163671
-111.081835934157
-34.7963377609621
32.4462407535273
-7.61159114887491
-48.1868382795524
10.3690819818637
28.6333260360036
10.1595035992315
17.8230691744873
1.07104355566967
11.3692934792303
29.470283023341
37.2708052936546
51.5063466773876
-20.6463438076443
1.41498264851886
1.83447319852533
-79.4202691382
42.3369179287011
-40.4015451142266
73.6248278145244
64.9307800544969
-11.4300957273631
-36.0425114381244
-44.3565014513502
-4.33698697966327
-12.6031451011354
-32.230423473443
-26.6666228905158
-13.2537992789798
-14.4607239520398
-0.303917973724523
5.50841371831828
13.1907199875317
-1.85997977312237
3.51121911729467
-8.12577471881938
15.3426300331167
37.4580179667267
68.5602015107384
21.8548976097778
-9.50744553638572
-2.20224817569163
