# predict_model; Vecm
# name_prefix; aus_macrodata
# description; Austrailan macroeconomic dataset
# lag_parameter;4
# number_predictions;75
# horizon;1
# max_attributes;15
# predict;Emp-TotalPer
# prediction_type;rolling
# method; FCBF(n_components=10)
"V1"
4.01509430776758
-3.09152706022355
3.31600456537416
0.140743244689563
0.50472830287363
2.55605640098563
1.63914063157828
2.83187374134523
2.29149617710945
2.57562048839892
2.9674117071226
0.583480256206929
0.377395541238417
1.93676954061858
2.2250465036289
5.78528980696542
0.607888811129523
1.67781989078976
3.84855734346762
10.8815652853084
1.90265125757772
-0.538093311423222
1.30732518875019
-0.161369062131014
1.04534984972238
1.71788002589402
4.50924953096777
2.88883261985128
5.26541218222551
-0.357603625495191
-0.0353784784156011
1.48160406160517
0.383387265745789
2.49349291052342
2.93061977641811
2.42645818448652
5.81233684876697
1.22054688189323
4.37826259193077
1.88769263106185
2.13396608853249
3.84081417892176
3.66477160064783
3.02798826378875
1.84260426938647
3.33142266246698
2.77823307194965
2.9786668572158
2.7119380325972
4.00490040052663
0.482589540530303
5.13701353615598
1.292712708454
0.34557489372219
0.819526966899248
3.1607385898663
2.87446060559843
0.589547157588315
2.07840126269065
3.06494978978698
2.1669051929929
-1.15274183903194
0.598216245707349
0.768925759400734
2.12137008628824
1.19199741242465
0.152558186599966
1.98124689836511
2.1497637989902
-0.71500254141892
0.124216954221197
-0.181475038956809
3.1383270188386
0.309234964166449
1.22061995696125
