# predict_model; Vecm
# max_attributes; 15
# description; Austrailan macroeconomic dataset
# number_predictions; 75
# predict; Gov-NatLoc
# lag_parameter; 4
# horizon; 1
# name_prefix; aus_macrodata
# method; dm_PCA(copy=True, iterated_power='auto', n_components=9, random_state=None, svd_solver='auto', tol=0.0, whiten=False)
# prediction_type; rolling
"V1"
7.59758086423401
5.05868994043803
-9.02608678804364
11.9810996275067
-6.03346554685805
1.27317609894476
-1.10112359421459
1.59561600186947
-16.6974505528766
18.0734272320122
3.85303412897727
24.7472890968667
-7.54744254458887
7.16227891386799
6.10358216984132
-9.2615417826247
9.23174668745243
-7.0438879865706
10.5593176474475
-3.10215328192676
-5.39570434400592
1.06827362506958
13.6722941166823
0.914411194150623
5.69676583546154
-0.316022322223591
8.87386756112313
1.61544785566795
7.78989062757923
-1.43934607433187
10.226931383951
1.93463742289733
1.24081004396712
5.53952033239135
1.33921359473828
-1.85982343349295
-0.0929795653966745
0.980110112445036
4.652878831596
5.64015806663597
5.7476515503283
4.58853328640141
-5.79552459706181
-4.16743182074904
0.283128495407489
2.58778101291108
4.07280016859076
6.28871378030887
1.13838462911449
0.838154267759498
6.40098474540694
5.60069561576435
12.9297256954485
-1.78076828157858
2.57064675953775
1.01340683312018
3.39663587598234
2.41082537173718
0.118861194697846
0.360445794755591
3.17520636170613
4.04928326559275
7.4848815198974
2.90097747910813
5.37345362556826
2.94286025269695
3.47011297406464
-5.25129777199855
1.27933186213541
1.92249070191103
-0.69970741747298
2.29580386110773
1.98541595566411
0.802948561601332
3.02675220167173
