# predict_model; Vecm
# max_attributes; 15
# description; Austrailan macroeconomic dataset
# number_predictions; 75
# predict; HCE-AVCE
# lag_parameter; 4
# horizon; 1
# name_prefix; aus_macrodata
# method; Hits_te_(n_components=11)
# prediction_type; rolling
"V1"
0.432944849459614
2.05725419775323
-0.42261090083686
1.9296599102603
-0.790749131043752
-12.0609696552094
-1.48628420653169
6.24309645752548
-2.21082094958515
0.682905709594247
-3.81360101512031
8.09583324945672
0.171333221543802
-2.35281782819383
-6.62162498538476
-10.2385391822271
-16.6820120313681
30.8817093034094
-8.02382082752334
-10.7242145017409
-18.0282063791986
9.40165440292861
-6.0173299074271
-4.21522722462205
-1.24849592945446
-10.574349362102
21.5590179830863
-2.68335071768074
-7.27345708951236
3.27974043537241
-4.27867655516101
-9.80951394184936
18.0442513306569
-21.4872274172897
3.18314032732671
23.2993834565447
-6.2716566018949
-20.2260891619875
21.7568782983983
0.0581640281516103
0.299012358367529
-4.04747812440233
0.386442721183582
-2.1694954498308
-8.61198553004784
2.5780131058623
20.4333635096018
-20.1224122276879
-9.51559404567334
3.42575696091793
32.5155977165178
-19.0858256691463
6.82907474495748
-10.0637211162963
-5.52841236999091
-12.0536267141422
5.54306881113241
-16.3198957632153
26.1667980259608
-1.74682049585214
-5.82476640813988
-7.61927185251442
-9.71711078382546
-5.62694991765356
19.0081670949367
4.0631583676424
-14.7074667154759
19.095380650409
1.95573763989726
-9.41527534736291
-6.81100356886147
17.4421921466138
-5.46630244424304
-0.386039392168438
4.7460775557735
