# predict_model; Vecm
# name_prefix; aus_macrodata
# description; Austrailan macroeconomic dataset
# lag_parameter;4
# number_predictions;75
# horizon;1
# max_attributes;15
# predict;HStartsQLD
# prediction_type;rolling
# method; Part-GFS_te(n_components=5)
"V1"
-6.30455717017971
0.703725478837981
59.0164141785818
-5.70071876443754
-60.2372201189511
33.4365112979222
-10.4448026337971
-16.7508903670416
14.1020332203673
38.7012999053626
-5.01161624870359
-65.1995572810004
-12.4320926263155
37.3544907425207
-13.9078161006681
13.5701334625685
11.6662164825402
-17.8241823301809
1.88209950671976
69.5341096630449
-124.600912300677
-7.87669625522506
54.6631776506659
10.8176597043319
51.8245860352315
-10.3075638752737
0.955370344219042
-24.898623425041
48.7224590142984
11.2752555214974
-35.5084865101122
161.455115989086
-51.5569293575822
-6.61939916133148
7.94330427041748
-0.080694928542135
28.5453547493904
8.4383311827931
6.441676207647
5.90713687212049
-7.54101902452652
8.93829284058031
38.905202263994
23.4099993045267
-20.2299256438324
2.7686376311677
4.28994499493799
-20.4566601693836
-6.85488158861494
-54.5445931604811
-27.1865494215231
-20.3217304134159
43.7369173181858
2.8276101478975
-25.8010020009037
-30.4319551351877
-34.1861630093858
-58.0852114849315
-52.4523886753229
-28.4367602704835
-23.3298454316577
31.1671629296349
12.2240959074332
48.0992420889478
22.5366381238095
37.8665856986385
-0.0863215044803776
0.487829522504848
23.0861685690987
34.5016746512219
-22.0588593133602
5.7541332939507
45.0177812985605
9.32219436655011
-8.60776984259738
