# predict_model; Vecm
# name_prefix; aus_macrodata
# description; Austrailan macroeconomic dataset
# lag_parameter;4
# number_predictions;75
# horizon;1
# max_attributes;15
# predict;HSexfinVal
# prediction_type;rolling
# method; Part-GFS_te(n_components=7)
"V1"
-21.6072519418466
6.684868702699
10.4877249228147
-14.0815203346631
11.5973821717912
37.816876103302
14.1039331467493
-20.1893821168326
55.8786600316587
-8.28803679394841
45.5618072094559
17.2965108747296
8.09462160928076
35.9137847663682
-4.97417033734859
9.61834654112472
5.68847578985538
24.9261219206126
-30.8547105701233
59.0957178670457
-35.6079141062597
-42.1080099525783
40.0622988744231
26.4067483442994
11.3401622588266
-38.2821289526119
31.017591797195
35.5896757848149
7.55659219293404
69.0994164656444
67.2258726730599
-40.7963026007875
-33.5698109875383
44.8629156948148
1.94163222226257
16.2147260869169
5.88576202236095
-7.58702728457166
35.0558129918999
12.9926066193239
12.9030793308734
-27.0055661032532
-31.8070697262493
-12.4089220066624
8.04272794187973
45.0535792300475
15.8646096923907
16.067505463587
-44.8942348428761
-51.9705024112298
-42.0388395102078
16.5411323096998
89.3275038440157
39.1252950329502
-23.3750400069067
-75.8245174187936
-12.8041465613157
-27.005462272287
-22.0674604616864
61.8291640706532
-2.76630075814218
-26.1142832494003
18.604983193966
11.5374619477893
-0.816312548027125
-33.5940775701367
20.3567743677234
9.65793291143516
-13.798756808489
23.7652228295607
25.1530671783915
1.33757827343509
61.5679417134181
-28.3117547176304
22.0846838519266
