# predict_model; Vecm
# name_prefix; aus_macrodata
# description; Austrailan macroeconomic dataset
# lag_parameter;4
# number_predictions;75
# horizon;1
# max_attributes;15
# predict;IP-PRM
# prediction_type;rolling
# method; Part-GFS_granger_graph(n_components=11)
"V1"
19.3202249878836
-7.51293934236633
5.67330396704357
-7.20098849396656
44.2718191617893
9.80505902288249
-21.4464795981883
0.462681995221894
-49.8272362338837
11.7465398274656
-16.055439081616
21.753323724782
15.1457321531867
41.1710946624588
22.0102156719934
-5.7549192680004
-0.237297042740748
2.18984005078027
15.3163512320377
1.86650254569398
2.44029210469239
-6.69829965026142
31.4984291197116
-24.3247676383227
26.966780257105
51.4003706332308
-87.5370261023372
6.64133164994166
-13.2183013417731
17.1490512887184
49.1296501279785
-54.7512735508026
28.9923001618017
21.885506420814
-6.85446397475246
-18.6111053169666
-21.3298586641486
5.94462152971837
-4.38934775256434
-1.81863058987293
-14.8338158983942
-13.0375152426074
26.6312853016162
-2.5370663313801
14.8047397181549
-5.00118692327312
1.4333675528538
-1.84289329474458
3.78308825250289
9.74287289276102
43.6264674336102
-43.6194444857226
-49.402790771843
-42.075492218982
-4.24026226807831
-18.2002253356828
0.530333757165547
-0.321370623475399
-3.8735305144376
26.7187068700037
-28.7422086763662
55.936999061001
-13.816798203125
5.88068894582366
-67.0415570888297
-26.5131746347105
28.3594839494662
11.2357286761611
-8.9328762087277
-0.4265815493807
-22.498752533768
-10.9201636987659
38.6145188356864
-18.5254086829885
-11.7610848907571
