# predict_model; Vecm
# max_attributes; 15
# description; Austrailan macroeconomic dataset
# number_predictions; 75
# predict; HCE-UTF
# lag_parameter; 4
# horizon; 1
# name_prefix; aus_macrodata
# method; dm_PCA(copy=True, iterated_power='auto', n_components=5, random_state=None, svd_solver='auto', tol=0.0, whiten=False)
# prediction_type; rolling
"V1"
-0.660896198566133
-0.480540966340286
3.80994555520871
0.127346864228103
3.73893744226604
-5.22879664234737
-1.65804759627573
-5.4130941890409
-3.5298598150806
-7.61688797744581
3.69696281317205
1.64290947902518
-7.13775371702881
2.73617872794252
0.919790080802796
-0.0374730081944573
-0.90096480791873
4.33680853832436
-1.58619475599377
18.4686063878404
4.22326730109236
0.368946286925932
-1.246349077234
0.529122505893796
-2.11847279707229
-1.0473967224207
-2.3481876751217
-4.92425969987325
3.25757878635557
6.63805138948683
0.965185793673046
12.6372938194037
10.0515570544102
-11.5794135919297
-8.25407118961195
0.00478566424139481
-6.02011589884295
0.65948737228533
5.50926590347903
-1.75438988509363
-2.25276237219166
3.24609176144793
-0.526269030319882
-1.47792362273602
3.57378539721437
1.93051727527194
-2.50296725384296
7.47578439889584
0.00260936963666492
-3.17081011553893
-1.45566274115224
-10.867742374638
-6.43515398092947
-2.18125521071718
4.09734637635423
1.84735312122021
-0.271629476780391
-10.6535593163562
2.31953918107324
-0.601752888844382
2.99636607702486
0.645622900523759
3.3458870026763
9.33649881100219
-8.34796823222241
2.75702321615447
3.45521016786515
1.42472165296157
-1.39533244548729
-0.692418860814042
2.14583384111836
-2.41270262402415
0.472875173700492
1.38370149071874
-3.7163677375342
