# predict_model; Vecm
# max_attributes; 15
# description; Austrailan macroeconomic dataset
# number_predictions; 75
# predict; IP-EGWWS
# lag_parameter; 4
# horizon; 1
# name_prefix; aus_macrodata
# method; dm_KernelPCA_fit_inverse_transform_True_kernel_rbf(alpha=1.0, coef0=1, copy_X=True, degree=3, eigen_solver='auto', fit_inverse_transform=True, gamma=None, kernel='rbf', kernel_params=None, max_iter=None, n_components=11, n_jobs=1, random_state=None, remove_zero_eig=False, tol=0)
# prediction_type; rolling
"V1"
23.7189311804081
-0.766405471590802
-11.1681396902099
0.532676440654699
-3.87896375422469
3.67754505600039
12.2781498498439
7.00064575808625
7.82735709224612
1.75678303657445
-2.00625225224892
5.76858995409804
5.16183072346557
1.68923279249508
0.594375859143298
3.36518124406564
0.288221254503727
6.53644916548518
-1.11062089445798
8.5680447698072
0.315025826395964
2.19001492668599
-4.1844961255728
-6.30475864717531
14.1548663800921
-4.77016512667108
7.18139426180026
6.57433534261296
-0.787948448591499
-6.83530329043738
-7.83865330415596
11.0426481473562
-1.68961445217009
1.26213222137983
-4.37371717825204
8.36990189661204
-12.5886106979795
10.933958892436
11.9801814370841
-8.67722572189683
11.8792124113145
4.80470862587917
-4.88780317591775
11.1500976691292
2.51694904601626
-1.46290464426159
3.10686248817466
-1.85040897058925
9.62101319656405
-2.45703344178914
26.8873094351735
-7.96576472824473
9.53022193555885
13.9497281034468
-3.4036256541269
-0.804605961037651
-10.7956240126927
-13.1781619251734
10.484125003675
-34.0784783520344
13.8416177630515
39.9478841441473
-21.5906384497215
4.61384006207343
-17.3256227953954
22.537695690049
-8.1705188748112
-14.4551388105202
0.565176853857578
-16.4000931985646
-13.6160752163142
3.64918839570747
4.93714849347446
-24.2700933798288
-4.77745647807486
