# predict_model; Vecm
# max_attributes; 15
# description; Austrailan macroeconomic dataset
# number_predictions; 75
# predict; IP-ME
# lag_parameter; 4
# horizon; 1
# name_prefix; aus_macrodata
# method; Hits_te_(n_components=10)
# prediction_type; rolling
"V1"
13.3622934923418
-0.122966836757483
-1.5806548402628
22.1500197525026
-6.66427792584511
10.6955594436853
1.07847022255843
-4.96156165362479
11.9408667606441
13.3606167139953
8.7298177522579
6.14688163451362
28.2712544467106
-29.2936724388953
4.51874427508964
18.3001740760944
-7.12682984466458
-57.5320317558927
23.6903507512951
35.9690963846305
5.24692014609349
-13.7900597643313
-4.29040134301883
7.46588695844909
-24.8236099326492
49.5050604698971
-13.6223997945266
8.31564834125105
8.82847659936311
32.5984518587923
15.1332679379352
-11.7521758802992
1.60490227888237
19.5294544688764
0.982678527806745
-17.2620822598617
12.649554024417
4.95563774339239
24.7715907150034
-4.51925000828724
-4.48696145817179
-27.6230311935521
4.18909299585198
22.3453859706036
-3.54567277112056
9.60373168359995
-3.42855014156572
-12.5422003014444
7.26577204403585
10.2503866898881
14.7387406960893
-47.269259353404
35.0658065450845
-31.8096761574354
9.18421852667571
34.0396211466955
5.68853488774161
-17.2143975015917
-2.11237703342704
14.2874202815901
-15.1607442934827
-11.9498583593686
-17.1310373012387
-3.95612727536917
37.5329974310721
-9.05913005667794
3.81852531017795
4.40923695559907
-9.03335148644677
-30.6950300249501
11.2789598888688
-4.01518488264635
-5.46101032413543
-2.28700250845495
4.92062037883977
