# predict_model; Vecm
# name_prefix; aus_macrodata
# description; Austrailan macroeconomic dataset
# lag_parameter;4
# number_predictions;75
# horizon;1
# max_attributes;15
# predict;10yrNSWT-bond
# prediction_type;rolling
# method; Part-GFS_granger_graph(n_components=4)
"V1"
-0.307284044855927
0.306122555547071
-1.10912142608978
-0.445170491794202
0.151548676515242
-0.32255931039133
-0.452981739317318
-0.515613886200956
-0.929495373586504
-0.284198931928024
0.20817181795378
0.410900060345648
0.298803480128333
0.604643080126228
0.500703059906763
0.00404300273913732
-0.0602187645463832
-0.0779125327241683
-0.220453722244283
-1.29853583563732
0.0786699027593398
0.978204519579625
-0.200390974615378
0.241432236656281
0.580946766453399
-0.781622829688141
0.898509619658668
0.768875123527219
-0.140835830313635
-1.05331509467164
0.442162285456441
0.825477700501669
-0.303650607155526
0.0572032196017866
-0.0732005371943075
0.441238386361467
-0.0871599115083818
-0.556325048824016
-0.219938547087555
-0.12860687945009
-0.0473937092229341
0.147929245069091
0.306664626009878
-0.0144892403824758
-0.343728139096473
0.483556978693678
0.0293544516706368
0.155582852530249
-0.0456693362243146
0.140338992307585
-0.244330819568605
-1.405202588193
-0.460472643403858
0.90341799270914
0.221106975864557
0.0320837148532141
-0.0972409283798242
-0.177540348861313
0.10171956727169
-0.0397068182763802
0.173405104023337
-0.051664392631126
-0.546611707343579
-0.410153480938599
-0.0692803218858087
-0.320746944752444
-0.3010989813578
-0.217634155272868
0.176844877370458
-0.346714459606674
0.60918319777935
0.356167951967694
0.140277356566983
-0.215137188752699
-0.462292273286511
