# predict_model; Vecm
# name_prefix; aus_macrodata
# description; Austrailan macroeconomic dataset
# lag_parameter;4
# number_predictions;75
# horizon;1
# max_attributes;15
# predict;ExrateNZD
# prediction_type;rolling
# method; FCBF(n_components=4)
"V1"
4.8880466505788
22.2535256170379
1.17206460833375
1.17525332999756
3.19724197306494
9.42495928219672
-39.2160267169663
-8.12488883382228
11.7314737492769
-5.72492736811399
-0.49669131714054
-3.9191507781864
3.91401371867531
7.31458034058895
15.8594239974094
10.2071298541
-11.1968214781449
1.19797778843172
-1.42139837921116
51.5324792390197
16.4108579525268
-8.17995418473932
-14.4056188110762
3.22264958084111
-0.560193850483279
-9.01880519751566
-16.6372699288456
1.91378843839776
-22.718209128807
6.51210357388329
9.79927847296419
-1.65098541181293
-7.97798755900573
-4.28850583287222
-9.72020828160316
-3.27673607363037
-0.0105419437908778
-5.27678525731451
6.92905173463499
-3.19873067610797
4.93117807174235
26.4267866318438
14.8077003926388
-15.7436823737933
-13.4546007671729
-0.047070674514339
7.04763373345921
2.79068244705599
13.3380020986239
11.4656049983924
21.0379414448073
-11.1960897994128
-6.88608906299139
11.345314549835
1.1671296563062
-0.180135065596033
16.4379987137362
-13.6581796453106
5.88357065677848
6.94767911763288
16.8848878050425
1.71046356490124
-17.7074544807887
10.489920574442
2.60953316184847
9.63346954352123
-3.95762379091291
-2.90326117593166
11.5934753647288
-16.7160144396173
-20.1516236300195
-11.7216453825501
7.51926418570271
12.0402198052846
-6.58028590140926
