# predict_model; Vecm
# max_attributes; 15
# description; Austrailan macroeconomic dataset
# number_predictions; 75
# predict; TotComp
# lag_parameter; 4
# horizon; 1
# name_prefix; aus_macrodata
# method; Hits_te_(n_components=11)
# prediction_type; rolling
"V1"
2.59854510924673
6.29475642365928
7.83520381298753
8.67833432329441
1.61074611454029
11.9124841155178
5.20236695873532
-6.70834500843589
7.40612544355648
2.11989965961723
8.40713842751962
9.58739763640767
2.76084600325755
6.67152701904498
0.956388152696745
12.5064330563164
7.66376443723576
6.17211392800532
8.18598905345239
-1.23756825665058
0.634259906107119
10.3514884258368
5.02412605360728
2.95512805634515
2.52728803413875
6.49257814858223
5.74770105150115
6.07355024189192
5.85142849352723
6.04446435871588
9.90914638997259
2.10961577146515
5.16259050651679
6.82384958670409
6.59743600926509
4.14290304572574
16.1390598907012
3.68247210895644
5.54258705378511
10.3861594920677
5.89939778370678
7.95941267726937
8.54676188312585
8.3834119144883
12.5572099888907
11.6225338875429
12.7518956633221
6.7300972270164
6.39336817953988
7.79604107495269
6.54294752907859
1.872350488454
-5.01391419929572
0.847640129715192
2.40390918436297
8.19806664445795
5.09654841516192
9.36934010768777
9.25460302718405
8.44173698853807
8.24855492778605
10.0507239913067
8.70658319125689
-1.3696565091309
8.4228684607485
5.4414892744169
2.64454038179698
-0.208976653080939
0.735716433523046
1.80189874369067
1.85005805364886
3.49064544157867
2.53790529859236
2.54438203487118
1.61827034176621
