# predict_model; Vecm
# max_attributes; 15
# description; Austrailan macroeconomic dataset
# number_predictions; 75
# predict; Credit-Per
# lag_parameter; 4
# horizon; 1
# name_prefix; aus_macrodata
# method; dm_KernelPCA_fit_inverse_transform_True_kernel_rbf(alpha=1.0, coef0=1, copy_X=True, degree=3, eigen_solver='auto', fit_inverse_transform=True, gamma=None, kernel='rbf', kernel_params=None, max_iter=None, n_components=14, n_jobs=1, random_state=None, remove_zero_eig=False, tol=0)
# prediction_type; rolling
"V1"
-51.4014860467977
334.62781341784
-36.62035975462
74.9081166373914
0.359658498488194
-84.6826440613252
-50.0004520787006
22.1498814560804
103.412642830102
6.98982451295931
-48.6768240320191
-26.8990957414326
-36.8796644097544
-65.7918333685273
0.34380144538811
-7.83090361997753
-5.87325641815557
-7.12043696056925
-0.691343600474765
-9.1329140149983
21.0624445797987
8.73295470766357
10.7625517738583
-19.432745842706
8.45199646079604
3.5582699338392
9.93197364054538
-32.7704300432628
-0.0246265007323032
6.65300360523663
13.3377955603351
-0.598766502335149
-27.2877451228176
12.3595538584346
15.8291913994959
-38.3224313039185
37.8814933563673
-17.8261939814547
12.9156520642607
6.59572931431663
-0.383928950966261
-14.8610891888482
-1.2747653312314
-2.57020020038155
2.50305315793596
1.80494320249496
-8.91381264126458
2.30799173073619
-4.84875355478091
-10.8143161033661
-19.1470801513515
-11.155277591536
12.8428076611443
-33.5139453888663
16.4770025712731
30.0418331180903
6.83367653823551
51.9015534306905
-11.8587658532201
9.83559079586077
-14.6585207715663
4.61445950244298
-6.36724582564037
0.648549658221546
5.44917647666629
3.23132827549886
-27.5455327102696
-11.4143238600393
12.1723710356938
5.78491579469346
12.5050525291322
-9.38296931085398
-6.20498496842465
1.28052134348637
21.0907715596288
