# predict_model; Vecm
# name_prefix; aus_macrodata
# description; Austrailan macroeconomic dataset
# lag_parameter;4
# number_predictions;75
# horizon;1
# max_attributes;15
# predict;Hstarts-PDA
# prediction_type;rolling
# method; Part-GFS_te(n_components=4)
"V1"
-10.8667422001865
8.76034320320676
19.6611372838544
20.9891574364749
13.3514927021435
8.04385133985226
31.5195292592885
-4.9276171617117
6.59586874611384
38.4416262024474
-30.4518082667302
0.173177412656329
11.4310779949549
13.9631055712167
-7.72255294005058
48.9914519181311
-3.70679142740636
-94.7525051660162
-120.301618542829
2.96684154663831
38.0527777134878
49.3878870731779
67.513947015426
21.0921657401266
-8.94861264299768
-18.7512401326273
23.2876596435683
15.2145250334459
20.5130010050627
-3.23368782806227
19.48948703409
-69.5958621686606
-44.253731175035
61.6639023793262
-23.4665755271738
-26.0950449840453
11.0601139954748
-19.1322243190638
-7.56522997809307
-18.4088757944207
13.2537658330936
17.3812912910385
-14.168209109029
-26.3219260487759
42.9881186599602
28.441743013255
-34.7780369692156
18.4912022828506
-18.8562000469436
-34.0767592766294
34.8526594437141
-41.3451767006631
15.3350735319265
-22.2205410938877
30.4159820044078
54.8124933626607
-24.4412705400767
23.7163063824891
5.61128349792494
2.16223450608024
-15.3680325972602
-4.41461306838075
-11.0218107381799
-43.8846147978071
2.14824418660438
13.6905782420606
-1.01255000856408
-12.9681950844659
12.4537352852238
22.7922958217183
16.0463681150102
20.8712978526948
11.3752076202132
15.0205366360327
18.694332952987
