# predict_model; Vecm
# name_prefix; aus_macrodata
# description; Austrailan macroeconomic dataset
# lag_parameter;4
# number_predictions;75
# horizon;1
# max_attributes;15
# predict;BusInv
# prediction_type;rolling
# method; Part-GFS_granger_graph(n_components=8)
"V1"
13.4234135128772
33.7937669903471
14.4571677738874
-5.71573900722848
27.1198985336371
-4.20089490402719
5.70117461961338
74.9864432215758
-3.46592977608622
-5.79962080152018
10.8772308204172
9.02601122354098
6.25292004291557
-4.99387011906613
56.509209948512
7.7738984191483
-13.1794360365588
-28.2006919508835
-110.694065338823
28.4184052502887
-5.58910197179207
16.442630216776
-12.6717881318747
34.7451889133227
12.6781349702824
12.2241216408797
32.89234459135
1.71193530289018
30.4859488926358
-27.6084954900361
-30.1988912904163
40.6240987460266
17.338716820731
-9.39492003380099
6.60299934297351
-3.05435405763209
23.0554129564532
11.0528056195372
32.9666788274528
-1.84881567724363
8.6204496337265
21.4879701715228
-15.445894103325
27.3440002446236
26.2916559631995
13.4308598698993
-10.2417022687335
18.1936438548381
28.459947748072
1.11408406487296
37.4630942794028
-0.151567306780357
-10.5104381062958
-22.2711103549216
-15.0087217248748
-10.4510875917205
-23.084113464202
41.2605735152255
-4.35076504246205
7.97742676781996
27.8112758470423
4.37308031697108
19.0783681177146
37.8989720105538
11.917230220753
20.4997963664335
10.1746621322772
-7.73449751466848
-23.2954910661212
37.3428531559625
-9.85184468885866
-22.8099565883559
-7.15507568417706
-12.9495764242344
17.1837701330752
