# predict_model; Vecm
# max_attributes; 15
# description; Austrailan macroeconomic dataset
# number_predictions; 75
# predict; BM
# lag_parameter; 4
# horizon; 1
# name_prefix; aus_macrodata
# method; dm_KernelPCA_fit_inverse_transform_True_kernel_rbf(alpha=1.0, coef0=1, copy_X=True, degree=3, eigen_solver='auto', fit_inverse_transform=True, gamma=None, kernel='rbf', kernel_params=None, max_iter=None, n_components=14, n_jobs=1, random_state=None, remove_zero_eig=False, tol=0)
# prediction_type; rolling
"V1"
1.31737075457191
-3.48938949081422
-0.148026643195553
8.18952766727414
-7.13466401063222
0.520695762742993
-2.0315115219592
4.94167107780898
-0.966137501676314
-2.19730124120105
7.83496009681975
3.96332304596648
-2.71806044930003
4.29608040638067
-4.50149349298761
-4.56478532457341
-0.791599455256514
0.616471688623559
2.1334925640112
1.94946631508464
-4.89176605088545
19.3811923934188
-3.26953987161879
7.4543941350923
2.50611181655748
0.157692813674502
-27.7091477284411
12.2309444040033
4.85805106578657
-0.377875362210019
-5.38566699987923
0.182297156074452
5.89013631559779
-12.840805551571
8.52300625890834
6.70046354489294
-3.89346895332358
1.6230485700342
8.79295279627796
-4.18913445993054
-4.02344806507892
-3.13027662271432
-1.23082316018262
-3.51654960477274
8.71110414248789
5.96647913407971
-26.0161781095407
-10.2877177148159
13.9487573297007
4.62077589120016
3.43685469733227
-9.46048420867176
0.0769660020313479
-4.89702244158233
2.50371576278245
-5.54511205499885
13.0266059498663
3.18157941777848
-7.24622638452104
7.82863364886759
6.09365014634156
9.39363388869244
-8.41122994796029
6.66008918768605
1.49828609504693
-7.94059251730765
-9.12335745536691
3.21267668203323
-3.47997559540228
3.65575271907337
-12.8121056150999
10.359103813863
-1.15585725459416
2.30995043213251
5.26382024568986
