# predict_model; Vecm
# name_prefix; aus_macrodata
# description; Austrailan macroeconomic dataset
# lag_parameter;4
# number_predictions;75
# horizon;1
# max_attributes;15
# predict;Credit-Total
# prediction_type;rolling
# method; Part-GFS_te(n_components=13)
"V1"
6.65058476785836
-3.00551957250657
1.02060725305716
-1.95578393604489
0.612732810025486
-1.99506836777596
-1.9910159986391
-0.81749343096542
-11.9306727259997
4.96614586556562
-1.76861486878969
-0.2840992315367
-1.99597076795678
3.32524728524325
1.58404388069242
-0.199739946746171
-5.51347796630227
-1.7384362477262
6.35720788743714
1.95657741735006
6.01777924632689
2.29848052023002
-0.620492889491301
-2.94815629029897
-1.88468420747117
5.64334890202075
7.06846517948814
-6.22499059615502
-6.97053973888361
-1.81718961058482
-4.79597476148551
5.96171101073293
1.12344795996234
-0.643626229152469
-2.00905692604178
-1.94645427790673
-3.18460021949335
4.12611968999464
-0.775819502940345
-3.7060703222266
-0.361450066591031
1.32710729483972
-2.39133824736248
0.371964390477822
-2.48736720816246
1.85672057080349
-0.419088360969877
-3.50018145259078
-1.25708962552203
-1.10915969811477
-5.86580655023091
6.28029640342533
2.29906072961491
0.757234940037559
-13.9329876296464
-3.2589559690438
5.76556001329759
0.893877063376934
-0.924654646424862
4.02154927576301
2.45282463900195
-3.1855567361498
-2.31577526430016
5.05423027546164
1.34793583617901
-4.67099274886193
1.88132406808851
1.48390592196113
-5.57009457189794
3.07667330313044
6.53439434299628
-2.24421943913558
-0.170343496486409
-2.41000271466975
1.46340056136482
