# predict_model; Vecm
# name_prefix; aus_macrodata
# description; Austrailan macroeconomic dataset
# lag_parameter;4
# number_predictions;75
# horizon;1
# max_attributes;15
# predict;InvLevel
# prediction_type;rolling
# method; Part-GFS_te(n_components=13)
"V1"
0.473396129692346
2.64804898871631
5.57712087313874
6.32794260066354
7.41006320462123
7.66328278640046
-2.60634344288085
-10.4632243775031
-2.37087127630994
-5.47167064513721
11.8766496399144
6.08625712593483
2.40762248877186
11.4839473526256
5.32897356024107
7.42823225663789
-0.0983356489348183
14.9658297177973
9.12750489227217
5.02730653417558
8.53952147891113
0.183441392270405
4.21649139806809
-5.42651423964655
-0.419914690284924
-1.06961218150799
-2.17979154564077
1.88332948012845
-1.90546877536607
0.614276772023784
2.79502315643033
-6.66093134441889
5.34604876187968
10.5614700620563
12.8654190358386
10.5826075195068
9.26672237965862
1.52093385288921
7.71454117961471
4.41924496146443
2.06441663161028
0.81186312271783
-3.58144109932181
3.23086338106739
2.24943472077598
10.4134227288041
4.6529267365525
10.3508596151165
11.479381540886
14.2107422026054
21.7257715185602
7.68531276162914
-13.4855119216415
-18.1611442714815
-0.817957647235334
-1.21263048568325
4.30333795608889
2.17415076354296
9.46221341099983
-5.26290329131236
21.6653073027408
5.77419137724562
3.25175026049791
7.38989293788722
6.15006121150513
0.321735387626671
-0.112641732809962
-15.6849191862601
4.4215973290482
0.679188402313213
8.75656421105294
-8.6841458485238
-0.249558223170823
7.38656331769267
1.11233251798684
