# predict_model; Vecm
# max_attributes; 15
# description; Austrailan macroeconomic dataset
# number_predictions; 75
# predict; Emp-FtPer
# lag_parameter; 4
# horizon; 1
# name_prefix; aus_macrodata
# method; Hits_granger__graph(n_components=2)
# prediction_type; rolling
"V1"
2.12209378589886
0.674202539997156
-0.339974002893149
-0.0772137308077725
-0.272541552503543
-0.530109539930644
1.03695841330088
1.81767142195192
1.28207059232226
1.57759154899549
2.38939079907694
1.42603617768691
2.31972324098612
1.95093469187224
2.47791077411931
2.50158152748175
1.46077106386262
1.8304768260701
2.37446778450729
-1.84456769142282
-1.97880368502719
-3.31933730171932
-2.5044179491293
-0.323254860513926
-0.0088787436304536
1.22665033282963
2.31864449291339
3.49257892736275
3.10236042411682
-2.61259130194916
2.33695482548668
1.69313371095835
4.60589195456042
4.22067349147456
2.02644852609373
2.89739914267208
2.82558696009548
3.40563327855951
1.54906481874123
2.61899770841061
1.28688276931097
1.9782145782001
2.50118807521238
3.61363998367823
4.55598879006397
3.43237390989933
3.38308128805174
3.65242311795375
3.43084583011981
2.95605230530762
1.46265040117631
-4.91599199279568
0.80855606731302
0.255275964169849
0.00281445048170015
0.876499554845842
-0.618021207262965
2.02372341249351
0.62099064024154
4.47661698943726
2.27432115752755
2.55676721342046
2.26873991377113
-1.37862566335948
2.38265496045371
0.400705791936379
-0.10251962926734
1.21087767047693
-1.65103679490644
1.56687133079826
-2.36273996558864
-1.48407481070802
-2.00381723292238
2.17415366613235
-0.399985259690299
