# predict_model; Vecm
# name_prefix; aus_macrodata
# description; Austrailan macroeconomic dataset
# lag_parameter;4
# number_predictions;75
# horizon;1
# max_attributes;15
# predict;IP-TCO
# prediction_type;rolling
# method; Part-GFS_te(n_components=12)
"V1"
-35.0371639160625
-24.8185688635623
8.19348073691175
11.9173209302968
-3.78912829217644
32.6404944232231
10.1788748683928
-100.536492083398
24.9316506759414
27.0290325278871
-1.73649804986961
-37.373995097843
13.7904262087367
-14.7123784821515
24.6982745841928
9.01038711334268
-36.8413330430018
58.4668261704227
-2.62555316773051
-30.869673360101
-9.91114109997194
-11.4552538535527
9.88325237888678
-8.13370772486338
-4.03130845576429
13.0835514638916
22.0104112767299
29.042375890387
-25.1457212769333
-24.6093070051116
6.0422525141422
23.4155214451786
3.9452637017992
-44.0091599065072
-26.1950594895984
-5.50099795854029
-34.5781942854764
0.408098474770042
127.465949664025
-27.240035737252
-12.7330705927511
-19.6854206672266
-10.3250794207299
-13.6261789603289
26.8521395113301
27.2689533376349
19.0938582415153
-34.8776333487642
-17.7848225922061
20.913470275051
-7.52430562164173
-16.6184064141466
-33.1851608781939
-16.9352824816407
-55.262273093197
-25.1525415078763
15.8280178536455
-24.6839777156503
-21.5550086354483
-7.15422950890042
23.0923123964149
-3.9165982720023
-2.26402534649373
-39.6754152380149
10.288445028409
-1.63580147317408
-53.867196501294
30.2473650343008
46.5169753161315
-50.2069544550677
51.2844044908534
-3.57387529786791
-2.36391581836569
-38.1882300922714
60.4056160488855
