# predict_model; Vecm
# max_attributes; 15
# description; Austrailan macroeconomic dataset
# number_predictions; 75
# predict; Gov-Nat
# lag_parameter; 4
# horizon; 1
# name_prefix; aus_macrodata
# method; Hits_te_(n_components=6)
# prediction_type; rolling
"V1"
8.13968618503511
-8.88371923216602
-1.66146278687114
2.18279548530767
-4.73132032357393
-18.0124574267291
17.8125943612109
-6.5244913885133
1.68122262436446
3.41748843935201
3.23455987029114
7.78669939890141
-2.30792533376065
14.4434558520259
-17.32757797882
-3.40574400241579
9.25009781477073
16.8466773787354
4.37999890543936
-14.9461842910027
6.9556763360769
14.9683357821897
11.4362396144258
-7.11868510785514
-0.824912743297217
8.01818968825397
9.12972368407752
1.30031398482201
12.0532301171541
-4.60647069946266
-8.82198042153458
12.5414712517206
11.0047152418632
5.78392489082382
5.23607950993063
10.3423666172564
-1.59837672118954
-5.88009789652096
4.62020055794429
7.46406185783677
-0.137275626571057
10.3517837563934
3.46015669749552
8.89937279901648
8.20205413193002
5.39458744691011
0.99984714998558
-1.89658058410388
4.94617941468311
13.6347574203331
10.1504884583193
1.43106696885039
-7.37746201320222
4.7737243423104
-2.3770419557569
3.03536473688453
9.750595292424
4.89667020310914
11.8103274404039
3.21064539277311
4.01422484120137
5.69895160663748
-10.0650619496486
12.0643864571522
3.83694458147196
4.23756389537374
-11.6489093913256
-4.90203172417021
-8.11974762176212
-3.82730937647475
6.41628619951
7.36069655752139
9.68764329524788
6.32609387483371
-2.33952945842481
