# predict_model; Vecm
# max_attributes; 15
# description; Austrailan macroeconomic dataset
# number_predictions; 75
# predict; Currency
# lag_parameter; 4
# horizon; 1
# name_prefix; aus_macrodata
# method; dm_FactorAnalysis(copy=True, iterated_power=3, max_iter=1000, n_components=4, noise_variance_init=None, random_state=0, svd_method='randomized', tol=0.01)
# prediction_type; rolling
"V1"
-0.781441684736733
-0.793385924525009
-0.242346344109946
-2.89216136744914
0.370370504730498
1.6180210178203
0.603612599622913
0.338732648486908
2.78595057925495
0.510958693628619
2.15021353571773
-0.801437695272209
-1.53786667761777
0.226447645312858
1.35976051608235
-1.09959936205738
0.252066171903879
-1.21323942290856
-1.07030555506858
0.550612096807543
-1.69070554309202
-7.89224143657215
-2.72026975059466
-3.57448465113644
8.58328626225718
7.33962865781889
-7.39629890513123
2.25523043377927
-3.00871301946378
-1.06398489748476
1.50159392847718
-1.05537031528452
0.0331789315460448
-1.60659071434144
-1.26173729302111
5.57057469232807
-4.48095886983469
5.71883769451115
0.609620945146576
-7.2172132764664
2.35382954825695
2.90311615969143
0.509318569783222
-0.00663369906860489
0.471669474498166
-3.49748146081256
-1.07157543688369
2.29400444262064
5.78650492362374
-2.29660380865481
-2.68358732126334
-12.4177319738315
9.53131882242343
14.4569925716079
13.1518618827182
1.92750979968
-3.66889775706377
0.0900879130546288
-4.73623420424136
-6.31163147695789
-1.48716299167786
2.00079759942099
-0.271595699291856
3.19654095939024
2.29943308146348
0.295581273260293
-0.87632094137117
5.12957800972883
-2.46832776300761
0.890964134708023
-3.41175258030813
2.04963566121528
6.01730343004124
-1.06322116831017
2.59247796153888
