# predict_model; Vecm
# name_prefix; aus_macrodata
# description; Austrailan macroeconomic dataset
# lag_parameter;4
# number_predictions;75
# horizon;1
# max_attributes;15
# predict;Cap-IntPro
# prediction_type;rolling
# method; Part-GFS_granger_graph(n_components=8)
"V1"
3.48468993616431
14.1302617547199
17.1071000695439
9.58544128994603
2.99584190880244
-1.6469288044124
-1.88333773559114
5.89699982923266
-3.16440006324993
28.9409010213986
-11.1585454913317
-12.0363563032031
11.0461085353321
5.58340609937153
6.36010411392504
-9.88350868484436
13.7355273950188
37.1305491971893
-19.8888656491437
35.627423140223
32.1337651317947
7.88306586888011
11.8453257509622
-2.09171259350328
5.66421910084078
5.53182640499537
7.76087761996674
17.4186807187147
6.71223161529486
2.82281291098208
15.5645885934829
-0.934860605165383
2.17943960725418
10.2315311212018
6.38418440783846
-0.0893886535042578
11.3961023718254
2.95229866166217
12.0077575473934
9.48738021829997
6.85000069882591
18.7464447685106
17.3914820562973
19.7541109942407
13.93403145677
22.7357677012689
29.1528590358254
34.0816020371112
17.1781796249108
-2.35482448896072
9.5619116693879
3.58011850825603
-3.78938539892158
-23.2830403235223
-2.00447744148447
2.49074049640113
5.41303129793978
10.447877687136
-1.00172885263683
-11.7897303094535
5.58143160309347
13.5570211574175
16.6025733442152
11.9466183535039
0.158698912673489
10.0905646397625
1.93665079003306
4.88098301682419
-2.38523552322673
-1.90338507305934
3.48283475975739
-4.51349747181803
-3.59191504719883
17.6121996529545
3.66794316205317
