# predict_model; Vecm
# max_attributes; 15
# description; Austrailan macroeconomic dataset
# number_predictions; 75
# predict; Emp-HoursPt
# lag_parameter; 4
# horizon; 1
# name_prefix; aus_macrodata
# method; dm_PCA(copy=True, iterated_power='auto', n_components=14, random_state=None, svd_solver='auto', tol=0.0, whiten=False)
# prediction_type; rolling
"V1"
2.17086761261252
-0.290909398366246
4.68521307247537
2.1432185006359
4.87244388331964
2.55329976309556
4.64279411993722
13.9867987944519
-4.50264820723062
-6.25068822628465
4.69045380171539
-0.503144357728509
9.03538926696022
1.09945852476947
8.79550261740208
-1.35337925539948
8.79451276029099
12.1846485546965
4.15170826310542
-4.44690210228547
-4.28698472236908
11.1644458883121
9.22909155042032
0.832943837070557
3.34113911278893
3.14941489091391
10.6483224333879
8.01869747359275
2.06884447745602
-0.596594642502319
-2.98443670152495
3.14930757202679
-5.90226076943895
6.53616688778051
2.59782465718803
0.494896352826042
8.26289879314856
2.2537211838337
2.72897292462077
8.16715982789302
1.23618322898491
0.42075660500714
4.12657144701596
-0.730265223656615
-1.9093224316344
-1.72476229406473
3.25653548838303
3.19217819222253
-0.738296402385274
1.8049386577817
-0.414314175336396
2.45326985650924
27.3022284223542
-12.6406192184428
9.29162154096277
6.66415183640765
0.852872294191506
2.19688491854305
-6.26949723490287
6.88866781306272
-6.18526166502154
-3.34532590049069
3.27121383047046
10.2385976463342
5.64299186473985
-1.58563334173824
8.460225626913
-9.36773336393547
6.79941616033026
5.76641037551047
0.328662650835771
12.3337497760686
9.39492662823547
-0.617449811319758
2.85892602445408
