# predict_model; Vecm
# name_prefix; aus_macrodata
# description; Austrailan macroeconomic dataset
# lag_parameter;4
# number_predictions;75
# horizon;1
# max_attributes;15
# predict;HStartsNSW
# prediction_type;rolling
# method; Part-GFS_te(n_components=13)
"V1"
-42.7555941303848
-43.3469182152958
54.9842814511917
-2.79142682173072
23.7720513429598
2.2616535183936
-60.9782715855091
-80.1132226450187
-57.1760245365366
-31.3357371614748
-10.900919898436
-34.6294698042387
-8.32864775718218
56.7234161241853
3.11011471583338
20.2554574487732
-13.4164975178359
-26.1160675202246
-30.6782600177823
32.8384677305577
29.0365072364116
38.8258638538814
-29.0994821324048
-1.34911454337467
13.0143263167146
-14.9605644051595
-6.83470386440227
-3.56645106610347
-73.1946225134435
87.0554010149455
-0.711824605985452
-0.895402903532887
-38.984967088332
-47.2828329249423
-9.17948952231264
6.57680444027195
24.4322613298315
19.7264503376773
3.30921104019246
-4.89664905548674
-34.0148248534932
-8.81439089804435
57.5057880032208
-0.866455847653481
-3.50261848565719
7.11225275300362
-27.1154505604813
32.1871962933149
-19.625892207444
-84.6414330898476
-80.6774571505218
24.8562005453701
66.1634488270486
-5.4602359294694
31.2444989033782
-43.7184718362548
-112.403917626664
-13.7547685696722
20.5411117707964
11.5084199279715
6.29549302199599
-53.0756119134001
32.8323463672837
67.9337206683054
-38.4603618007995
30.2486628214001
-18.5449076138203
-7.84563662448364
-3.10431720408263
49.2816231076557
-1.0207854255333
15.3173085064793
26.2300164454089
-24.3940060522891
22.4865168057612
