# predict_model; Vecm
# name_prefix; aus_macrodata
# description; Austrailan macroeconomic dataset
# lag_parameter;4
# number_predictions;75
# horizon;1
# max_attributes;9
# predict;PEXP
# prediction_type;rolling
# method; FCBF(n_components=9)
"V1"
35.2486049819731
21.8834030820769
-27.8839128181858
1.98748556087638
5.47893068346849
21.1392809986602
28.9724104119093
1.48352657679485
28.2739773813208
-35.7598376110058
2.9810141572243
-8.648056141815
9.84352228365657
10.7119886214929
18.4977566346756
-27.6892312891938
-2.33337453047227
-42.4989012600974
-50.0093319327713
46.4103878366561
10.9684991576995
20.335889958536
-7.03787884312126
6.77479489055242
20.6152035525609
19.0800290010277
-40.9434960126886
2.20670028534768
10.4570640149392
37.5814952781099
20.4973951164542
21.0771871067915
-9.82008550711493
-16.9490627196226
-0.229226495007185
1.80873600458037
45.1262494006445
3.93385584513498
7.19952769475748
-4.26807925424501
12.5365279310322
7.08664438353684
5.02399611619921
-8.892981054725
17.9158520005827
14.0254003872881
8.77286442604105
11.7598886729864
-0.80170572591982
0.421251306786968
0.632409632819962
-78.4874822012613
-79.0600328570822
35.0187487334724
11.3125551064633
44.7689466694573
0.794181857153936
-0.544717419950328
6.74779343362754
31.1533001212248
-16.8604310561763
2.74101358406855
-16.7319842114774
2.93227184880806
19.4849004346558
-0.0118170955455752
6.63558586206404
-4.54322585454887
31.2101172970699
-13.3581786836844
-33.632330455494
0.0140134972499362
37.9324285521401
-2.28404369207766
3.26802814200541
