# predict_model; Vecm
# name_prefix; aus_macrodata
# description; Austrailan macroeconomic dataset
# lag_parameter;4
# number_predictions;75
# horizon;1
# max_attributes;15
# predict;HCE-Fuel
# prediction_type;rolling
# method; Part-GFS_te(n_components=11)
"V1"
59.2042066988798
-33.5432313124304
-45.0008053205137
26.9205990292611
6.60525193316403
22.5295678771147
-41.8954213761344
22.648423559899
62.7177373383923
-200.851064216324
-58.6012197557623
-14.5119292987766
23.8538432880917
35.2135844107152
-49.9555301149112
38.7363215658652
-8.51145812468034
5.38532643530646
-0.407647912596486
-25.2835767837744
135.248500096681
-42.6686196149724
-38.1176234855108
-89.2594031638628
-43.002899193265
51.4819200785341
41.1796155033115
-61.7900294366181
2.55334956125632
73.9586479554524
-10.271416669202
-85.8279580369046
58.5427410625565
-44.7480206421127
25.1614674750077
-103.93351738787
-24.8023717424988
51.7841101446412
-50.6180076195957
44.8693857836138
73.288976758709
-71.7461578175483
-82.2342652889455
54.6599770956965
-16.872152971154
-69.3458314489152
100.831416701916
10.3901122615756
-1.84545940284419
8.1035541957632
49.944293733103
48.102496511441
-114.97322926243
-57.3264050947001
-33.8637093218172
65.1953199784539
-101.829338049351
21.7517807992784
-1.35386360254045
-15.9183530728363
-12.0642393690648
51.8851723043091
-24.1726916310296
-98.5413568654156
31.3165962425339
-52.5302407319032
29.6426620866624
-17.6544650446018
-12.9589066352935
-7.231638584751
3.02528042204214
32.9436187000586
51.8114770868122
5.62844458359266
-136.388626002714
