# predict_model; Vecm
# max_attributes; 9
# description; Austrailan macroeconomic dataset
# number_predictions; 75
# predict; HCE-Post
# lag_parameter; 4
# horizon; 1
# name_prefix; aus_macrodata
# method; dm_KernelPCA_fit_inverse_transform_True_kernel_rbf(alpha=1.0, coef0=1, copy_X=True, degree=3, eigen_solver='auto', fit_inverse_transform=True, gamma=None, kernel='rbf', kernel_params=None, max_iter=None, n_components=7, n_jobs=1, random_state=None, remove_zero_eig=False, tol=0)
# prediction_type; rolling
"V1"
18.28289783916
-6.60775501231637
-7.7455589944712
-8.17410520683815
1.6682595598061
4.38594994000833
8.02262534068378
3.30664892348354
1.25420027094048
4.38590329154693
-7.71540594945826
-4.45752982346853
-0.465874430857331
4.28724175771844
0.0712137607777776
-2.85270011251329
9.28022807376834
9.6824522483561
-6.84920275533698
2.22706043939843
6.6010437456422
-2.45956635960488
-2.88845564967095
9.12123549529425
-5.30477750991924
-5.81774247981443
-4.24913986777754
2.20342533331696
6.18593513867366
10.2243521873019
-0.657970472223298
-7.46871899217743
-1.803563280201
2.38470949337626
-3.125466289538
2.87848214696786
3.32347649617382
5.04695332335827
-0.605376760690087
-0.0669830135955753
-0.67523257864703
10.2621960212325
2.38746521623201
-0.450062516621472
-9.82993929963783
3.95304754897061
5.86105843385504
-0.795622438556937
6.29521015647056
2.22509314840689
4.75630917262816
1.68985135952646
9.47753766886855
-5.54181661715528
1.90610698838103
5.03090121454758
-9.88431211630527
3.6508773413651
-1.49726175027278
10.7878790853956
5.04682574850991
-14.3173043280764
0.938284727163668
17.9765569860579
-12.3601434410435
-3.60055573418478
-25.0412928702146
11.6326394187295
-2.11036093632005
8.99808324642242
11.387390993698
18.2749619397393
-7.32620188219288
-18.0309478059805
16.5380472545889
