# predict_model; Vecm
# max_attributes; 9
# description; Austrailan macroeconomic dataset
# number_predictions; 75
# predict; Emp-PtPer
# lag_parameter; 4
# horizon; 1
# name_prefix; aus_macrodata
# method; dm_KernelPCA_fit_inverse_transform_True_kernel_rbf(alpha=1.0, coef0=1, copy_X=True, degree=3, eigen_solver='auto', fit_inverse_transform=True, gamma=None, kernel='rbf', kernel_params=None, max_iter=None, n_components=8, n_jobs=1, random_state=None, remove_zero_eig=False, tol=0)
# prediction_type; rolling
"V1"
-0.364214865618289
5.9910390546931
9.61247664214841
1.5801754000359
4.59986507268827
2.61644674822157
1.55923370605697
9.05271027926177
5.08358452455631
6.36308390474768
-3.34892688277247
6.56823521478652
4.78029084283183
0.192287501978983
1.32440671225723
4.58633920011141
7.4367736289696
6.10919738402439
3.12458286260865
-0.891578698938574
5.57978111085926
-3.57503689732406
20.498938553167
2.72127742137084
-0.530868844702954
4.66355273316112
6.42616638846506
7.05346027181812
5.06410813037535
1.89064339115503
-5.57199417914956
-3.40768193366247
-0.589993137441684
-1.34906749351409
2.0363180031453
6.60246976139441
2.76441244483963
-0.0479382395874836
9.66027329989798
1.07860067520283
2.30076554057775
0.0560276166620513
-0.712328567572903
4.58843109268418
-2.12138940299759
3.88167261399784
6.17287580356043
1.53161039854634
9.82225972155168
4.83460181852491
-6.17165367012195
4.8399720675165
4.69176786651846
3.81756105551962
8.40890981603613
6.40048217989008
3.7953822850328
5.59939357046799
-9.08094062548318
3.49389564706476
1.92068497072018
1.11632834525768
-0.593142712665267
-2.4739415221221
2.81111285548119
6.1467673066715
-7.12871032054468
0.802808583476467
5.43917636921554
9.28036697532978
-0.587830903100509
3.99367020431638
1.17483613112504
-4.40462817289798
0.734628047426719
