# predict_model; Vecm
# name_prefix; aus_macrodata
# description; Austrailan macroeconomic dataset
# lag_parameter;4
# number_predictions;75
# horizon;1
# max_attributes;15
# predict;RHDI
# prediction_type;rolling
# method; Part-GFS_granger_graph(n_components=5)
"V1"
2.90306496043115
-1.500694738894
8.93434910992389
-2.02081305097424
3.94476830489623
7.85002640700919
-1.8343171334239
6.83979551478123
0.972232867956745
-3.64647932503935
10.9451298652961
-1.26978514173188
0.0326707001467652
10.613032624092
8.57513173270442
0.721054464228524
-1.73688807444381
-0.0828211706363564
-7.35699074487765
14.3519309811332
9.12843896555786
-3.48847548187281
8.04734654557525
15.9011449112447
13.8910526968854
-12.1329837820646
-1.1635376447606
1.1156664819785
6.17017188705841
4.71721174288373
1.87936717280789
11.410713087238
3.31650041489021
14.2340418824112
3.00067685910734
4.34774262091948
5.76556355453446
9.02497791792387
3.6873209619474
-2.95652005474212e-05
-0.39280305747836
5.69267501501268
-0.520077264235479
7.21405419597652
8.76679577512521
14.929692940975
2.08603771433125
5.09387952667089
5.60004780328185
4.18258307357865
3.38999426794093
16.0739689951401
13.4088496805914
4.2169553955301
2.98922662542184
-2.12543950215739
0.371852310576223
7.42933886190682
3.31215780618387
6.07308514096668
1.72500717706501
2.75080413390994
-1.36343469602789
8.31451602451892
1.31336895748528
-0.895989271124686
-6.72987353225969
2.80663670314678
7.79342521778659
5.55111982775192
-1.10397877786929
1.95583143752941
-2.43856923841193
3.17117321850118
8.43433735728847
