# predict_model; Vecm
# max_attributes; 15
# description; Austrailan macroeconomic dataset
# number_predictions; 75
# predict; IP-FBT
# lag_parameter; 4
# horizon; 1
# name_prefix; aus_macrodata
# method; dm_PCA(copy=True, iterated_power='auto', n_components=11, random_state=None, svd_solver='auto', tol=0.0, whiten=False)
# prediction_type; rolling
"V1"
-1.31253008617857
5.72102918853982
1.82759654153651
-2.18811561035526
11.0415502696647
3.0859047249577
5.13362173286961
15.8918066970715
-9.14234421386298
26.6655613859201
10.4139394094989
19.5124787696707
8.00479767629646
-0.515102818708096
-13.1561193926373
-2.68042696192838
11.2921073510937
37.1441852568604
0.148104749220389
-16.9632307210696
0.157371517123843
5.57947428846597
-19.1884434499629
10.9161744434824
-9.04216307215912
1.87716535814579
2.9624417627255
15.0237097791681
-10.9918341654809
18.705966279067
-23.7134601140781
-8.43872745697792
4.56300401945703
16.3000631220745
-9.65207733083205
5.49429763486992
-3.47243473948031
13.16009734865
-0.153267188919616
-9.08298949943317
-0.322329826440013
-3.39426258830197
16.9906121831814
1.23684004883902
-1.78256811922998
-9.24113378496932
0.164296707437338
2.4706617564532
-4.47168591392624
-14.996604751161
0.3529704328932
-8.53187982646413
-0.817610050656145
6.05884220030008
6.11776317922118
-4.70166722316978
-7.39881268452227
8.06580158280592
2.68477079608474
8.43808273214144
-9.81252535455352
19.7238708893979
7.00708525721175
1.17901540022626
4.1485412421909
-26.4852643332159
6.84160398339873
8.55973397048825
11.5162382110564
-5.70206938580853
-16.0979478697888
7.28388561380033
-5.37937428395342
-1.61788545438536
-0.493006290204177
