# predict_model; Vecm
# max_attributes; 15
# description; Austrailan macroeconomic dataset
# number_predictions; 75
# predict; HStartsQLD
# lag_parameter; 4
# horizon; 1
# name_prefix; aus_macrodata
# method; dm_KernelPCA_fit_inverse_transform_True_kernel_rbf(alpha=1.0, coef0=1, copy_X=True, degree=3, eigen_solver='auto', fit_inverse_transform=True, gamma=None, kernel='rbf', kernel_params=None, max_iter=None, n_components=10, n_jobs=1, random_state=None, remove_zero_eig=False, tol=0)
# prediction_type; rolling
"V1"
166.151889943278
-143.097739211311
24.5942632223387
33.8263937533564
20.0489874655924
-7.38153041638494
117.869066171206
-59.4075880834791
-69.2878943384712
17.3993694511482
-9.45359929027741
24.5194707759886
145.328009723831
-56.269570485382
1.4700550217122
21.8953245986263
2.49758679458497
-13.0938558523324
-36.8701405853181
68.7056766683765
7.00356037821534
45.1277913986345
69.332625130966
-24.7211284285104
36.3295353661739
17.2476171415651
57.4247825616674
-42.4318138764999
37.2041489601614
41.2191828444707
50.3504700998793
3.546618451877
-36.3456698788268
10.0719106413528
-30.1079933250045
26.7108017054002
-32.6692379278444
-83.064296230186
94.110093868651
-12.3552277162032
14.9184539582685
23.6942939478693
-5.89311717347014
-20.5010869491935
6.27595864810445
18.184806723356
-0.219238562806375
-11.1362984147545
-48.2532703516254
-55.8985041067385
-51.9556272989851
-84.9287402925995
75.9632194314508
38.1214821798116
-19.5266129245752
-46.7969450170081
-43.7406945779407
-49.5151783251668
-18.5630170467912
34.4632956715922
-45.3216137209592
-16.8671287836066
-17.7105161493953
77.6844141610029
7.5788422339435
-22.6704184819918
-35.7394312163047
20.7107670374909
10.0445562951564
70.9075699424953
-9.56699288356594
-24.6512211018958
-36.6318873310584
44.6845029188869
3.71690276188659
