# predict_model; Vecm
# max_attributes; 9
# description; Austrailan macroeconomic dataset
# number_predictions; 75
# predict; Cons-Food
# lag_parameter; 4
# horizon; 1
# name_prefix; aus_macrodata
# method; dm_PCA(copy=True, iterated_power='auto', n_components=2, random_state=None, svd_solver='auto', tol=0.0, whiten=False)
# prediction_type; rolling
"V1"
8.53164468339642
3.75613308908614
-3.3128820842063
-5.69794361864379
2.40741780007229
-0.816774288194325
3.40209259145517
6.22005125575609
5.33011214885694
3.88799529284917
-5.14338408677285
-0.711720866913057
0.976600643647886
3.17290700417226
0.833105812236517
2.71737064011597
7.13229686390938
5.95902772164914
2.73304682824675
5.67086878505096
5.43269951742175
2.92535315895772
0.242059317254631
3.22494254872248
1.9339301187783
4.83270098978737
6.01653024207288
3.69452488928229
1.04131077962555
-2.84617556953556
-1.6696621175729
3.90476584898679
8.59090609765073
3.46364592809382
6.76059727561682
7.67274364620257
-3.81266380239882
0.431935563243561
5.15851769501207
1.72140058129065
3.5781808478816
0.830036176345234
-0.410367883124982
4.68409528410406
3.07336572937304
1.27598598742005
5.12431393055831
6.98837833760802
-1.96211221235436
9.83882111559015
-5.22280199744533
-4.90871125453696
-8.56532254589811
8.62201338791354
7.40646615011805
5.50640771273487
-1.30874659084086
3.20276250116031
0.64025668082845
3.63444813088086
5.0741430213306
-3.16926813182411
3.42667316104137
1.73187434514539
6.3301926515907
4.44358874142632
0.959611876119189
4.04483084755587
3.43568686486673
5.61411303068978
7.52540593297494
-0.520548538138201
2.41191790960746
-0.277054033968295
4.16456070767254
