# predict_model; Vecm
# name_prefix; aus_macrodata
# description; Austrailan macroeconomic dataset
# lag_parameter;4
# number_predictions;75
# horizon;1
# max_attributes;15
# predict;Credit-Nar
# prediction_type;rolling
# method; FCBF(n_components=11)
"V1"
9.55792547787967
-1.20617530624766
-9.93204804076687
0.294936854871718
-4.73291621938834
6.28959113783041
-4.71140551809388
2.31513917403956
-1.83308602402288
-0.986426841475688
-0.674114864879994
-4.13174336584382
0.809252962166882
0.871328425713958
-2.70326716225486
2.87553723807456
2.82243245748923
-5.25687836620122
0.0488610775019631
9.53349372123329
-4.90050422279849
-1.29309507106772
-0.779501530906888
1.38810978219196
-0.94125680865785
4.86227795136036
9.43299933132401
-4.38102666914591
-5.03856537356962
2.52005136728146
0.28078688651888
-3.46915474902054
3.2000947763675
2.97405619983915
-6.63703107086294
-1.29702123990378
3.55004494176628
-0.881380931732844
1.02003403518415
-3.98235849307071
1.26513565945898
-0.737880429797951
-0.00461809878611491
2.98066109545943
-3.42407154900362
0.557985055442034
3.6442598862628
2.18752504058982
1.82867377805149
-1.96148599769054
-6.20717052689715
-5.24414528512231
-1.47939207726732
-3.24134295655359
-1.66872544057907
0.913514155825706
-0.425544924375486
-0.706056457375807
4.58502640211489
-4.01241531709086
0.168333873913586
4.42399411309466
1.66801096357151
1.83675576839639
-4.81045070741176
0.0475528170225943
-0.492812688467471
0.0210969508120525
0.312884328941471
-0.919233201476866
-0.584417638797684
0.747691158934149
-1.35483114252
1.28679333716698
-0.180137269673082
