# predict_model; Vecm
# max_attributes; 15
# description; Austrailan macroeconomic dataset
# number_predictions; 75
# predict; HCE-AVCE
# lag_parameter; 4
# horizon; 1
# name_prefix; aus_macrodata
# method; dm_FactorAnalysis(copy=True, iterated_power=3, max_iter=1000, n_components=9, noise_variance_init=None, random_state=0, svd_method='randomized', tol=0.01)
# prediction_type; rolling
"V1"
-7.26484504677537
1.86863407192141
-6.90562802613947
3.58501345172539
1.83447153585864
-4.13126495412423
10.9874235706018
-16.116742551377
18.9502138162532
-5.04854124510142
27.567773102756
-6.97468961556821
6.7313350285994
-4.24964115109118
-4.56575354972521
-7.83896345227745
1.77317950902234
5.72575046057806
62.5485007709833
-24.5152020419101
-38.3265435677724
31.6428714715421
14.0984579564482
-16.4054201173437
-4.79942177204115
-9.97775881156842
-4.83328653443674
-9.01193228613084
6.76226280482054
-3.0481981390627
-9.72456920814763
2.45974610907653
-17.5535179147736
11.8314156327227
20.9276770293043
-2.88333753132632
-13.5516055035506
9.26076251072182
-3.71891595346851
6.07993886847011
-2.52319670014364
-1.5555598361169
5.57875190941911
3.52727925418447
2.94132128063008
-10.8544691916784
0.193789545512181
0.437418608836518
-9.62839478286481
-17.6448411365639
-4.22832855592686
41.9271617028798
-21.33411221866
-10.5415263355207
-11.7149029333095
-3.85848894140526
-3.65223543300318
-2.39048602529485
3.91096284769663
3.41533525051639
4.70129204481739
13.4519658931551
-4.84375449350617
1.32507882181126
-22.8695322872264
-8.27288527184158
-8.56768540100449
7.35638720171238
-7.54517211660768
6.56496302154384
15.4218275300921
-19.1912769008513
-1.1639984935857
16.7715229077433
-2.28718196866221
