# predict_model; Vecm
# name_prefix; aus_macrodata
# description; Austrailan macroeconomic dataset
# lag_parameter;4
# number_predictions;75
# horizon;1
# max_attributes;15
# predict;InvLevel
# prediction_type;rolling
# method; Part-GFS_te(n_components=4)
"V1"
5.23894130595404
5.64209896790362
-0.821372574802035
4.18663651485368
10.299990092736
7.02946686276264
2.50718470827001
-6.13172754043716
-0.915065027067051
5.57266030086688
0.699050036230105
2.93135993552487
2.6856416703991
3.45478982071698
12.2749857377943
2.82592230221151
5.03488650457023
8.96286993421966
11.7237744011606
10.3771163875691
8.48708590750276
0.125435787750786
-1.68528545383793
0.492293233571417
2.42892968273726
2.87985324689983
-3.29292243919059
-1.42103642009913
-3.64329223657491
-0.950216247436401
3.95106373282845
-0.594395956735058
-0.0271973641783386
10.1350822495779
15.6240470894522
10.8667274731624
5.0647150579155
4.44670752237664
5.66912287681052
0.638559733561639
-1.86765638018319
-0.0925690684230442
1.55368553770706
-0.194879057628248
6.42174892924971
10.4171914166852
9.27905596649451
6.40831519961081
8.74616507820029
13.1717452474449
14.5107679947228
17.6440985054778
-12.474454612494
-22.0922887745311
0.112457490809329
0.403742379825967
-1.29662407794249
-3.01583487210053
1.33332814583998
3.60868104779671
4.59473629354819
11.4305377975822
24.2688061170949
1.37121363906189
4.99478442697681
3.33621950110734
4.07906199587537
2.0366820421795
-6.3406050375778
2.84735833770916
0.463900333185757
-0.361428598107925
1.61465496566383
-3.70129058117425
7.32991103541971
