# predict_model; Vecm
# max_attributes; 9
# description; Austrailan macroeconomic dataset
# number_predictions; 75
# predict; UrateLabForce
# lag_parameter; 4
# horizon; 1
# name_prefix; aus_macrodata
# method; dm_PCA(copy=True, iterated_power='auto', n_components=1, random_state=None, svd_solver='auto', tol=0.0, whiten=False)
# prediction_type; rolling
"V1"
0.434256056179382
16.7171992700257
2.53975567134614
21.8497736987772
-9.75058651586495
-13.3214649438238
17.2799816258625
-21.4915323497018
12.0902342267205
-20.7089530221097
-2.92518343696229
18.5339663254067
11.4136780168517
5.8357398361486
-7.65539005291737
-16.4251325441738
19.9239726801027
-8.58624497000969
-12.1833944093704
88.8422872990287
-9.26955884648194
-75.3317505911596
63.3614901936313
-10.5357096156017
-13.0597951124634
60.6986844032944
-7.95858368405846
-41.4142362082785
2.77267303367655
28.3636620950453
32.6871988585725
-33.7085342343836
-9.23411866006282
-36.9639410199651
-26.8946969617828
16.1498470087201
-45.8968755778192
42.6522526623853
12.7963026746836
-6.43358267109982
-2.30811873872925
-37.8441118887095
-11.7507551589119
27.2971680051452
-4.72132697143348
-13.8115495081693
46.1178446485199
-9.27689985315231
-10.702599614983
32.6745225553621
-6.47684348761467
21.7824244751342
5.41338102426435
42.6068966349272
-8.00392844422587
-15.4324870460913
39.0012326983933
13.9147136133999
-2.32722315195554
-0.434827523845524
20.0716462933207
23.9714293233299
-18.7243042770596
-10.155522015654
-27.8600872882216
-35.7712332070611
3.69104599809727
-8.3712278209002
-22.6920965791827
12.3880325742546
25.7283357644263
3.46125801164141
-33.5204835271026
-9.09065661406295
-11.1043176060823
