# predict_model; Vecm
# max_attributes; 15
# description; Austrailan macroeconomic dataset
# number_predictions; 75
# predict; HStartsVIC
# lag_parameter; 4
# horizon; 1
# name_prefix; aus_macrodata
# method; dm_KernelPCA_fit_inverse_transform_True_kernel_rbf(alpha=1.0, coef0=1, copy_X=True, degree=3, eigen_solver='auto', fit_inverse_transform=True, gamma=None, kernel='rbf', kernel_params=None, max_iter=None, n_components=15, n_jobs=1, random_state=None, remove_zero_eig=False, tol=0)
# prediction_type; rolling
"V1"
85.6220323005294
-62.6155012118932
41.1249099483598
-44.050808560657
-24.4360538360361
18.8319814631152
54.2020280837827
27.4017502489917
-79.654659434488
38.0881344094197
-60.9646206087864
64.4658791868983
48.6801236174853
1.30153448924403
-50.48924551557
82.6100304981715
20.4206060617541
-74.9162374848991
-55.4624622456414
67.8239293003307
-13.2442796050882
1.80813173930306
74.4739220962545
-14.3855165094518
16.7142455704021
6.57593614710036
42.1171559208466
-34.917497514341
36.6521366382613
-51.94187754877
-3.32347965325732
-20.1984647351577
6.62020404829706
8.70147781980482
-18.6420810476029
127.722551923826
-4.09579409486959
-8.70763366385017
41.0577067801933
13.0200540495224
8.11681517795834
15.0806745704836
-2.13320555545958
11.6412301838653
8.07503929231193
9.26568925046384
5.76153632434535
0.912417140256018
6.60311504398602
-85.053486068626
75.0241416816121
-11.4487956184612
18.8467370809847
41.788972389126
11.9120823674935
-43.026790285006
-32.8205386498114
-27.2431226036268
13.0427466304144
10.4816746153511
-13.9007567311039
-64.0829449909764
-33.6404964751724
48.640348316645
23.5535901748227
-8.64458454993055
-56.1651646217346
0.352768477443224
14.9241454949717
46.8153660541986
20.1176515672165
-20.1720916309143
-59.2536682089566
16.7581321313618
25.4443885425383
