# predict_model; Vecm
# name_prefix; aus_macrodata
# description; Austrailan macroeconomic dataset
# lag_parameter;4
# number_predictions;75
# horizon;1
# max_attributes;15
# predict;Credit-Nar
# prediction_type;rolling
# method; Part-GFS_te(n_components=7)
"V1"
2.83558639321354
2.39128453341213
0.302919379077203
-4.201980356846
-2.60975717331264
1.57047910136034
1.00198521485077
3.4469346907798
-0.973397495286666
-0.650902872254743
-0.804755529555883
-0.592071225063131
1.26351192774721
-0.284624549922628
-0.707544368446526
-1.83303028870095
0.37250902300291
-1.01893668881698
-2.74700782982143
2.60904993821128
-0.793996612906615
-0.248488252821654
-2.20348513342391
0.415262063224784
2.34506658227929
7.21956199753088
6.31252034877451
-5.61373957478144
-4.44030523318761
4.15797325852044
1.85439500843017
0.532433566247734
-2.81384741591836
-1.8887514632925
-4.20837487993
-3.48021553948965
3.17007244707809
1.85213059682291
-0.905185600350317
1.46938917197487
-1.66491359827167
1.83415540276014
-8.3033302720144
5.07943619813564
0.895289732602852
-1.00828806994229
1.34594060931277
3.51668102450297
4.9422949610406
0.920311126113153
-3.6659107967172
-11.8463100511074
-3.5287328395457
-7.34214739217701
7.04327536713705
2.55250198618557
-2.05880219089589
1.18033826007323
-3.3619864541627
-1.73561643139218
-0.208129068387264
1.90262395101002
-2.09225141363721
-3.53979940514474
0.493861842826099
-0.486271553414161
1.29720260561607
-4.16347019875371
-1.05131730258676
3.46661227851473
0.656228021752919
0.10328468170785
1.60552935298486
1.29800631661586
-1.16425752443987
