# predict_model; Vecm
# max_attributes; 15
# description; Austrailan macroeconomic dataset
# number_predictions; 75
# predict; IP-MP
# lag_parameter; 4
# horizon; 1
# name_prefix; aus_macrodata
# method; dm_KernelPCA_fit_inverse_transform_True_kernel_rbf(alpha=1.0, coef0=1, copy_X=True, degree=3, eigen_solver='auto', fit_inverse_transform=True, gamma=None, kernel='rbf', kernel_params=None, max_iter=None, n_components=11, n_jobs=1, random_state=None, remove_zero_eig=False, tol=0)
# prediction_type; rolling
"V1"
-7.0705842642752
24.8611546999237
-8.13996754324791
-1.38894429631667
7.19102640242524
-6.38950455631467
11.8692752796161
-5.12772252855776
-13.5288944705785
36.3410428004608
-1.21084802791492
-2.04214785075444
0.420358416740021
-11.1275529764904
-28.2016855294282
-9.11947591355192
18.6449532648664
-6.63089394877854
-15.1000077908728
13.9145806777032
9.58983312932848
-19.7352646569093
4.13114023212118
23.8784927079133
10.618825510973
-3.51208894005286
-6.86361749855189
-1.88710807593329
29.4415329115605
-50.2040457696247
54.8932527006116
-42.7882310126272
27.7737851343783
-14.1569325674456
-14.358461106501
3.59820617428836
-3.50880113921729
-17.6726489229642
17.812029635668
-22.9527742978298
18.5246192973221
18.9077977798607
12.2018794988497
11.691347318498
35.8699984413586
-14.4315221513352
-14.286618666552
15.2125579064294
0.987221568059625
60.8780056996773
33.252723913059
-35.08998645455
-0.852381680340032
-31.8316276753644
2.17783305419249
-12.1596550525951
-14.0977562842463
20.0052940232151
62.574326922458
-15.7387471138233
30.3657606397515
-46.7944894179602
-11.2689592149357
15.106273631371
-17.9949257094797
6.37073565251937
48.3843451392239
-46.5695431825997
-46.7047897872056
-2.30689610668853
-8.23318131688277
13.2161907285689
-8.38589982637101
12.643707226079
7.48850090285246
