# predict_model; Vecm
# max_attributes; 9
# description; Austrailan macroeconomic dataset
# number_predictions; 75
# predict; SPASXAllOrds
# lag_parameter; 4
# horizon; 1
# name_prefix; aus_macrodata
# method; dm_PCA(copy=True, iterated_power='auto', n_components=6, random_state=None, svd_solver='auto', tol=0.0, whiten=False)
# prediction_type; rolling
"V1"
-12.1681035178308
2.8741526240899
-14.8621443286476
-35.8118858398978
36.1219614678829
28.1869754191006
-27.4311217455943
31.9504026414754
11.6169354247879
-61.2618617975539
116.333994811077
2.08278101675999
19.8802784870909
-13.8303743053536
18.2146670885496
33.6850850310067
28.3002323877557
-11.4100790420347
-2.44754275633057
25.4024513809944
-7.77909329556013
17.1294474302177
-35.3435921599377
-6.89824681489315
-0.642143338007168
4.9701950821483
3.76723726130531
-9.36639056212525
-59.2806212479772
36.7500247901414
-3.13680198181543
-29.0639297175806
57.34519829069
41.8076123659231
22.0418989250415
5.26754724812444
13.2552977202574
32.0370415179709
23.9162162356251
30.6736294610127
24.128136359745
22.5798168413838
3.59471271255214
17.2070999794339
6.42630641289863
30.1356121418145
27.7928281676258
18.515204395557
-21.5841517862878
-25.0061040335847
-30.615404637097
-38.9642824847851
-87.5974086800136
-104.241379061961
9.90617256064594
10.8831820093649
-23.3583137221278
-19.6515711674877
52.4344438139203
30.9530817780185
23.8707328741408
-7.8504745847711
-26.8049822036282
-34.3295624679836
16.0363177080669
-22.6718954926197
1.72861888553439
13.2226451623383
32.902295835419
7.9780945204167
36.776459123821
-3.8232440208845
-8.18888712530409
2.4522304779138
-0.103481174828641
