# predict_model; Vecm
# name_prefix; aus_macrodata
# description; Austrailan macroeconomic dataset
# lag_parameter;4
# number_predictions;75
# horizon;1
# max_attributes;15
# predict;Cons-HCR
# prediction_type;rolling
# method; Part-GFS_te(n_components=15)
"V1"
3.74396320337254
-11.7321806978906
-17.4534500400262
-12.922127187113
4.72792210314394
10.9434778132743
11.4734284890328
9.10977926010684
-2.66408265070669
3.06340520631911
22.78306079103
15.5798289485122
14.4780154712306
5.83831179685681
-5.31520560374798
6.37242796355855
6.74800714229315
-15.7544961207786
23.0859850375058
-8.36260575605094
8.25463573967803
-9.27119038802424
-6.94632030091204
-11.9480319541755
-7.19121760419155
-0.0547942212127488
14.1414609388709
-1.2814930441562
-7.54468704402497
1.33328434936172
12.4719468360762
-0.753533721062568
6.72879667503583
3.64055687748099
1.30438968948219
2.09446877874248
-6.5078630437286
12.1659882923923
4.47623674680507
0.796089236054979
-6.82549583052291
12.1418372871607
-6.24714109684131
15.4721141576778
-0.0895058310779664
-1.27922193419583
8.87441165391786
-5.64347950465199
10.0309039603428
-13.2450242168317
-0.748018409786953
9.60805577205059
2.14356132455502
-1.95934084671545
-9.25354951138525
2.8451541335949
19.3294422142497
2.23033871776117
-14.0336931536956
14.9561918003975
-5.83623931879689
6.5119480563686
14.7818562640176
-3.7998898575626
-2.68183181294953
0.827525975124668
8.61922316756849
-6.31926437491852
4.67527394118994
-2.90995740870767
11.5776555911603
0.174865950047935
4.90713189379026
13.4431095450985
1.84488279153532
