# predict_model; Vecm
# max_attributes; 15
# description; Austrailan macroeconomic dataset
# number_predictions; 75
# predict; M3
# lag_parameter; 4
# horizon; 1
# name_prefix; aus_macrodata
# method; dm_PCA(copy=True, iterated_power='auto', n_components=4, random_state=None, svd_solver='auto', tol=0.0, whiten=False)
# prediction_type; rolling
"V1"
2.51291294456435
-4.62118384839121
-5.42772579640062
7.29266480116435
-0.562116844939162
-0.895893908363987
-3.04464949065036
-4.93057248335674
2.38661521044426
-0.388024318072418
0.96228433430334
3.42706561980384
1.82027955166911
4.8536961864903
0.0574323954617077
-0.687322241211674
-1.55191055157609
-5.73603402261155
5.81295691452303
2.75582885177043
-7.38771356392522
-2.71603054467515
6.74610036043884
-1.37463880975703
-0.589421612647025
4.0901027786136
-16.1917497799759
-18.1791557996726
13.6484175713494
3.62623700470244
-2.10119549916449
-9.17010487249682
-1.83459782949513
8.69833797233063
0.975304480449658
-2.21398481677641
-0.887702992395697
1.47095597738878
-2.81766954246441
0.940235278322047
0.840156437458047
-0.349436953165802
4.15536351549638
1.49054480877858
-3.87249051763639
-0.726116869552984
9.454401674379
3.48869523225181
2.2004964830139
-5.53129971271188
-5.3655905253049
0.486236412850804
0.533048494302073
9.21682151704911
-5.00481968059378
-6.70033459142095
5.24593175300892
7.40067722409305
0.0716694967705723
2.09282973440663
-1.23414718628844
-6.82018557544475
-3.00761054501105
-5.65087916706793
-0.784195764485525
-2.2189101378647
1.35931372533795
-0.695722326037944
1.01980770002438
-0.445400303681898
0.697272547039997
3.2054791484435
0.648147964623472
1.95839918321547
-1.26005707496703
