# predict_model; Vecm
# max_attributes; 15
# description; Austrailan macroeconomic dataset
# number_predictions; 75
# predict; IP-TCO
# lag_parameter; 4
# horizon; 1
# name_prefix; aus_macrodata
# method; dm_PCA(copy=True, iterated_power='auto', n_components=2, random_state=None, svd_solver='auto', tol=0.0, whiten=False)
# prediction_type; rolling
"V1"
-0.454286453710866
-14.6634140880336
7.1281209389183
1.81077915258874
5.53133689139876
4.94205864737466
10.360218892435
7.82080905714063
-3.03556932185947
12.3674188438171
-13.3866459889799
16.877972744767
10.7018928893438
6.87950807874151
-1.80387518793827
-10.9487955448157
-8.71093516473981
-0.831310712007296
-1.16506634892403
-17.7282073569387
-8.27685390879224
4.13808597875435
-8.00443280850817
10.7316521016434
5.3337019222477
-6.95500346403368
6.46915075612355
2.61532796864487
2.7499532230992
-8.29802341633556
-0.91636916942478
12.6848738130029
8.87569432183291
1.53606339622796
-17.981893211236
-5.02614680236055
-14.6816264889972
-17.3021487814507
-3.32135192682872
3.72186782270184
-22.9512665854253
-21.3697173048632
-2.28685676386291
-32.439057359736
-23.8530210844051
-3.35663674741093
12.4932890837124
14.7908891072775
-17.3358021414371
-37.8514036704126
-36.813256378571
-10.7189247508879
-17.2770906252406
-37.9168602372276
25.1769340087203
-18.4356745876311
-33.5356362605626
-24.5929465704233
-34.6963728709839
1.67956997327499
9.45774943089491
-6.42933117470463
14.4210403759443
-0.0262384647282446
-24.1299384529479
10.5926043054432
32.1379950254397
-24.5112033637324
-17.9262323137994
42.2518483596643
24.4456566412593
-2.80425661682504
12.1090976846339
8.19477104811343
-49.4070140596672
