# predict_model; Vecm
# name_prefix; aus_macrodata
# description; Austrailan macroeconomic dataset
# lag_parameter;4
# number_predictions;75
# horizon;1
# max_attributes;15
# predict;HStartsNSW
# prediction_type;rolling
# method; Part-GFS_te(n_components=2)
"V1"
-1.34342122025377
-16.0192465962431
9.14274519285497
32.1056119781904
34.9694935220281
8.38757980418297
16.369346690405
10.6549364949899
-1.65454476715405
10.4447420866848
15.1319865109924
18.2608038362566
34.2383677566263
27.6077948704364
11.1972200820962
13.9589477273139
35.274684352163
-39.9064303299386
-28.1036878779939
19.0195716464089
0.68790432416698
39.1867799229359
35.3422098453176
22.2542104465646
7.47758109775166
1.25455318934702
-4.36770283833432
-14.1308395512331
9.50846021103477
7.5953757409606
15.8863446583462
8.58981981204505
-43.9393305282295
-36.8636492873634
-7.92083197885619
-7.41043801617595
14.7493951284675
0.311552546031307
9.61532966104997
2.25310389856423
-7.67810983261074
2.62234459952313
7.56343318160222
1.05923841389342
-9.87452381353726
1.94958705291357
-9.79549113092193
-11.7948508782782
0.757982597999436
-53.5985826456514
-26.1312936798636
1.917968333524
65.6478112093394
36.5775411521852
-10.7760803137461
-24.322022287257
-67.7237818387977
-12.8254134502372
-10.6320168758195
1.13312973093797
-16.882358859931
10.2514108149695
6.40402944569682
35.981410889934
25.3067069625139
-35.6889176880426
-24.5005245596489
0.897971212624563
21.8630522736089
5.0913260741272
-33.5528703425202
-20.3548162350915
-6.97661875043649
24.6093181779215
17.0625459552942
