# predict_model; Vecm
# max_attributes; 15
# description; Austrailan macroeconomic dataset
# number_predictions; 75
# predict; Credit-Nar
# lag_parameter; 4
# horizon; 1
# name_prefix; aus_macrodata
# method; Hits_te_(n_components=6)
# prediction_type; rolling
"V1"
0.950845022899093
3.51495743024375
1.58065604506732
2.30354790857376
-0.127252524815125
2.14156745425698
1.84039061479051
-0.87833562275572
-0.486309122435785
-1.51288259663126
-3.17326144787765
-0.0368880345980702
1.97603702235803
0.818380879730948
-3.04093589229057
0.322845881100787
-0.373787531781565
0.852166601098268
3.33667951495289
-0.801312142451824
-2.08267043290733
-1.48126444543652
-2.53925415476684
0.379370812897339
0.882580265045048
2.27246836256248
9.06128582351874
-5.35849126963265
-2.62932006964546
1.50304484531805
-0.608352020669403
-0.881629040393199
1.21517947389905
-1.64628092295167
2.75575880136483
1.03386015633239
-1.16649722347029
-0.865990714615901
-1.0956625085392
5.71147514213343
-0.493886590689851
-1.46913916177637
-8.04000887833369
0.851040245793471
2.09703070956076
-2.09039547960225
-0.596764528452686
5.3374779936632
0.207120945283586
1.76119048234109
2.1782855595188
-6.2214824346915
-1.29824315435505
-2.62618794835756
-1.29365564815017
0.658577669650293
-3.95784674641457
2.26197076438476
-2.47952009069157
1.72976292573463
-3.25666191986988
3.55910447538286
-1.03775545020646
-2.79398261504261
0.702081015761831
-2.81840718661276
0.31085644678169
-2.99499537244182
-1.81039800400342
1.91952024161448
-0.862217204408054
0.735303277656432
0.139124471072362
1.78049983228756
1.07799691120749
