# predict_model; Vecm
# name_prefix; aus_macrodata
# description; Austrailan macroeconomic dataset
# lag_parameter;4
# number_predictions;75
# horizon;1
# max_attributes;15
# predict;HStartsVIC
# prediction_type;rolling
# method; Part-GFS_te(n_components=12)
"V1"
34.3353648104533
24.3469930758219
-9.87217357267966
14.813017662164
-18.2949165906634
-17.5234320121656
50.5431925436142
34.746616528043
-21.2597317245166
37.7177552303598
-93.0832413952051
5.27064207775152
29.2869853704876
47.5980129555113
48.1802840236074
-55.993770893323
-78.0800288024693
-2.47593148850443
37.6218570499328
-6.90729221888965
41.957131212779
43.6993978146572
20.2332615972108
-18.2637682714321
-7.38037552595131
-13.0286636745813
17.6738209567933
-32.6488401491858
16.0763194055626
-5.18428550266055
-22.5372510303922
-32.4142798094331
-62.244198251433
36.5499095588901
-3.57740104591377
-34.5648142058825
35.5529410456502
-9.30874457074397
57.3605875307417
2.46666250096931
-1.09508852871121
-1.20326239053944
0.321810340147293
27.1195404386489
8.83924977609865
15.0109486846979
-20.5435508970794
-4.68116894461266
6.93473103850246
-23.2506616028896
-29.4091822265548
39.7217231846333
30.0856140037475
-39.8549016341379
6.25163275146967
-11.9962335496257
-78.0584492975966
18.4983674901849
3.84753220632652
17.3833784120735
11.2570700379442
5.78299805118909
30.6460048568328
28.6221593387006
-53.2800592564829
9.00112524976028
23.5577285207224
-27.6168422053283
-9.18102606768394
11.6128450924941
55.9714764446027
-16.2574740404537
-7.59702727488603
-10.1275164898431
7.88000672755951
