# predict_model; Vecm
# name_prefix; aus_macrodata
# description; Austrailan macroeconomic dataset
# lag_parameter;4
# number_predictions;75
# horizon;1
# max_attributes;15
# predict;Credit-Nar
# prediction_type;rolling
# method; Part-GFS_te(n_components=6)
"V1"
1.57163395262406
-0.63401755322256
0.814290753042547
-1.99303914936454
-4.2442292906349
-1.95363478050314
3.12536263994387
-1.16731452686133
6.85528295148515
-1.47970043278422
-1.53831062701555
1.07123332022512
-2.94157743574088
1.46213380317583
-0.894265823977274
-3.2591600676206
3.35159395534552
0.441108471744412
2.26763229148452
2.46138094562302
-1.89392183960046
-1.76042618446323
-3.22246341222834
0.10860884925143
0.78547113179987
10.7265390735543
6.2524219336131
7.27354378938175
-4.14246081754932
-2.32673190785241
5.26688465774047
1.64088710960663
-5.5592198548368
5.73057960916968
-6.64026122120813
2.14139258391876
2.72181015869653
0.524185501618573
-0.867620539773087
1.74596626241228
1.32861258067715
0.862851704333558
-4.57260983346124
0.616157142603857
4.03341192058421
-2.22595136912382
0.0718602370366862
3.1478987408468
8.15746493291708
0.421102697842605
-7.0771528593154
-7.22622559254845
-0.71559342569721
-6.19724737629071
1.89442698917085
-9.26440373530198
0.575619835975331
-4.19448242056265
-0.245417362546146
3.42343999584377
1.80857922268132
-1.05023771103616
0.939393090939847
0.308694945497049
-0.474190236345786
-1.99826488562597
2.43021813882827
-3.64753072299053
-2.48804404162085
-0.900949932138735
2.40628555504548
-1.11099784616717
1.02047662341702
4.08838013904237
-1.75795135476597
