# predict_model; Vecm
# name_prefix; aus_macrodata
# description; Austrailan macroeconomic dataset
# lag_parameter;4
# number_predictions;75
# horizon;1
# max_attributes;15
# predict;LabForce
# prediction_type;rolling
# method; Part-GFS_granger_graph(n_components=6)
"V1"
1.23797889937227
1.96394213360971
0.879809272736379
0.979693242333535
-0.236571113685022
-0.206955900047581
-1.00336027265911
0.92956507079749
0.435136859295932
2.04028224352944
1.26672283248289
-0.516303816013571
2.18236490349952
-0.0749009790164587
2.31031235223129
2.25928727504134
1.30775887840526
0.0928750627864034
4.99166019495906
0.414197246967067
3.12732968746617
1.25043370717737
1.28128839089647
3.09611253758436
1.03002885000706
1.78011324260132
0.447704819445246
3.80503986107552
3.44820066642749
0.340269445145664
-0.325492356942678
2.3446066906445
0.234868441827481
3.63959351402703
2.16055264084792
3.05294964361832
3.00933301686919
3.37886458955956
3.24857529010203
2.28838157399829
0.597509856520564
3.66184896453299
1.70758718706056
3.22445983556443
4.35692328499555
1.2292177590127
3.39436418170021
2.30056167031003
3.11366124459834
3.36130015425339
0.942549991019334
1.9778253774383
4.16954133358723
-0.337961275738356
3.22260094462578
-0.351804389955029
1.99781119135277
0.811648850338004
2.54283037358941
2.13876351442245
1.72258973230459
0.15388798651336
1.65753184962918
-0.646530899680447
1.82409413250985
3.38608230536444
0.234589804940922
-0.303516063695215
1.82931142468971
0.932109813253469
0.300406017135133
1.75589708800056
0.601766945188431
1.33848596440596
2.20115780151083
