# predict_model; Vecm
# max_attributes; 15
# description; Austrailan macroeconomic dataset
# number_predictions; 75
# predict; HSexfinNum
# lag_parameter; 4
# horizon; 1
# name_prefix; aus_macrodata
# method; dm_FactorAnalysis(copy=True, iterated_power=3, max_iter=1000, n_components=15, noise_variance_init=None, random_state=0, svd_method='randomized', tol=0.01)
# prediction_type; rolling
"V1"
-10.4720370013176
-27.1629008506642
9.33133945180604
18.1324623561915
-87.1839573941601
30.5847167988331
6.76935822792779
-164.256845151243
44.6415732408702
145.536868480703
19.5687796604336
34.0474113792341
-57.8703376981955
96.7103008459688
-17.5582010251323
28.6744187980362
-37.1563669635666
46.9936222107891
-68.3562592370104
-105.697150832881
-18.397788997167
34.7393857811378
8.44415060353588
31.8960695328836
-1.54474741154224
15.5358881455012
-44.7726769831514
14.9502959079842
-0.52654479991458
18.2425387579223
-4.02466860227421
-7.53993041190218
-64.07794276426
10.5367557139688
13.684349376633
10.5347008459301
4.39067442160645
20.342049563368
8.50569461341623
0.953730276427184
-13.0491305010095
6.22349713455625
13.9673337500569
-55.7488834449188
50.3932027698019
22.6932263133491
-14.8010212020394
-13.6585797395091
-4.75157346166494
-71.2438450068505
-31.2287338511748
33.9603710327611
52.8300475456602
-74.4957813723611
13.2300523967648
-55.5158050445839
-51.2971185696145
-11.7746033705485
16.7617353199228
-50.691821827236
5.6004573275398
-56.431826759133
31.5944796007401
44.0480620096234
-11.4055147734065
43.5486015647556
10.8113999810522
-24.6996131461685
11.4757310439152
19.3283943790023
-6.39213302203908
5.65575400955225
16.8688758100865
-19.5992980786343
26.0436872038106
