# predict_model; Vecm
# name_prefix; aus_macrodata
# description; Austrailan macroeconomic dataset
# lag_parameter;4
# number_predictions;75
# horizon;1
# max_attributes;15
# predict;ExrateGBP
# prediction_type;rolling
# method; Part-GFS_granger_graph(n_components=5)
"V1"
-1.2713843786175
30.9008554893036
-26.3607424144239
-13.7679734085424
-26.3014705316797
34.6113267069391
15.2830700089705
-59.5675010972348
-16.0152565734912
-13.620031957133
11.4265713929014
-7.53237653654762
31.1500073235463
-19.7080153327177
32.9297229468135
-21.4109638922432
2.69828688827759
73.7407767854993
-59.93509938442
-30.291989335076
45.2660710447002
14.990003068477
-28.0445067234307
2.68487704956637
-15.5251336061639
-22.3826004659234
-11.9548591465641
4.08085001431653
-16.1254496233051
21.2769900080362
-23.938628754784
-9.77886310477946
16.4940885614527
10.1404921230569
36.5234002504951
17.0398410652773
-3.85127710764923
10.0787343156127
7.64110602040092
22.6499144443409
-16.5397528638786
2.74305381017688
-16.1613940718452
11.8437585855536
-9.86084063661515
6.32479861728335
10.4937510128539
0.350372208710846
41.3703532578477
12.0262682895351
-44.0305724160901
75.6961089334586
59.8274192201593
-37.2285508641093
22.0848287770414
13.5203837017082
9.43596356242437
-7.78852003987346
53.6992124972653
35.3029464411182
5.89629938165651
30.6226969796459
-26.1123607618737
12.6725405670307
0.195102126955192
0.279699993750643
-38.3677482102655
2.01105859356438
50.0641104301956
-18.7473435768748
-29.7326109162413
-28.6457769255166
-30.9024975165187
-21.4128291833869
12.5748502013576
