# predict_model; Vecm
# max_attributes; 15
# description; Austrailan macroeconomic dataset
# number_predictions; 75
# predict; HStartsNSW
# lag_parameter; 4
# horizon; 1
# name_prefix; aus_macrodata
# method; Hits_te_(n_components=7)
# prediction_type; rolling
"V1"
-23.5873443362606
-16.9480746097374
11.805633471113
51.1256671446013
14.2602461461824
-30.5671475601778
7.09178756518921
4.6119982206369
-32.0285557594609
-11.8707978297214
19.296555123177
33.5684963564742
29.2811840074465
45.0485466823138
31.6712003018861
18.608065479943
11.1118845255635
-55.2841313435589
9.83752595765633
-31.2380950180299
43.9912968553825
110.3085116014
-4.15535981507793
1.28356880022998
-10.2825646516756
-17.276428704372
2.34005822604209
-10.9647197863315
21.4245672507093
8.99402547738942
1.07367005020492
32.2850401502941
-46.949124438333
-53.2925628676622
6.5379779375662
-7.9845325522892
10.1219746258065
0.0245736600737272
13.4662055907905
20.6060108445065
3.15299073963168
19.7830023538353
11.8602987432606
-5.69938274917968
-1.52787793374269
9.82688693085523
-13.2828109751585
-11.3559922394482
0.144402004153003
-48.9494551292283
-68.5780748833926
2.01390299962657
71.7715609768024
-6.79161167367058
-24.1129749799812
-58.8465674655942
-59.4960556471781
9.04307049614258
-0.331565820613996
10.4064328999611
-12.8461023241118
63.4489501072188
7.79514132641058
33.7241366987498
3.70163444042016
-24.9115934565543
-55.8206204954674
21.3222459250467
0.205667287868768
31.1566112900258
1.83695705220414
31.5159621130028
7.99437945506249
-10.9234230232258
16.1983609730714
