# predict_model; Vecm
# max_attributes; 15
# description; Austrailan macroeconomic dataset
# number_predictions; 75
# predict; UrateLabForce
# lag_parameter; 4
# horizon; 1
# name_prefix; aus_macrodata
# method; dm_KernelPCA_fit_inverse_transform_True_kernel_rbf(alpha=1.0, coef0=1, copy_X=True, degree=3, eigen_solver='auto', fit_inverse_transform=True, gamma=None, kernel='rbf', kernel_params=None, max_iter=None, n_components=9, n_jobs=1, random_state=None, remove_zero_eig=False, tol=0)
# prediction_type; rolling
"V1"
-24.0443676079503
13.4147088132041
-27.6467275354163
27.0231879706402
11.4458329090965
-0.348014344324359
-25.2571556389943
-26.2279355764326
23.7612973938191
32.275366858857
24.3810789827115
9.15443547911893
0.0709572646886087
13.1782582551362
-23.3037620963738
50.0670164490878
-18.9641294570704
12.2730190719585
-30.8924344346273
-57.251358772175
8.93609613929561
-240.239262308806
256.464093529021
38.3002166960058
-51.320451743397
25.5448562107378
-47.5307192474863
42.1861180067624
20.9359164022505
-45.2928603564246
9.1854509086738
-113.151486802255
-128.218143899549
69.2656524650545
-23.5720112513068
38.5740955574911
19.768329730635
21.7346887386243
11.7625977858207
-62.8130743363447
51.4451472874836
-62.4641743277696
114.913194811214
22.0700389856078
48.2271956071358
68.3608920618342
49.5736757674728
-40.1234449508804
24.3831260297869
65.7841891328159
-24.0017999724108
-41.1023022348436
109.444020052399
21.8698769459972
9.61449040964201
-47.2676229419257
46.9864222884028
-40.9996234941605
-51.1462823713974
-84.0188017878299
-66.2948802431227
104.344801142008
49.3739370985318
54.7739566494111
-37.3080805181754
-65.5485619325107
-197.821451184391
-12.3265114062884
-0.788500455661163
22.3247096638067
28.449285317407
26.9692759135929
-32.8958634132468
-24.320116505839
1.68364722469334
