# predict_model; Vecm
# max_attributes; 15
# description; Austrailan macroeconomic dataset
# number_predictions; 75
# predict; Exports
# lag_parameter; 4
# horizon; 1
# name_prefix; aus_macrodata
# method; dm_PCA(copy=True, iterated_power='auto', n_components=11, random_state=None, svd_solver='auto', tol=0.0, whiten=False)
# prediction_type; rolling
"V1"
-0.443507494557355
14.2494574263418
34.7624878767481
-13.6508939352507
11.5419849174631
25.4505628759996
22.6997845151245
-37.5433874667202
-54.6524856908163
3.93726371861727
-0.256028030701924
4.90741794732187
22.2822205971831
-23.8997367648842
15.7990813822341
20.5307132827394
20.8828969380312
-19.5578278076448
33.6730829024103
36.2859707629638
9.40509667625761
4.51092452950085
-2.29622771207965
-30.7410476531716
-5.20466296954687
8.39717211555335
19.5086352715886
-6.38798125681502
-3.66935630288245
-17.0226720364428
-40.5970844626617
12.5164015904854
19.5596819749607
13.0683152796625
-11.1422547009389
16.1884297693314
10.6900396886145
-1.56193040524918
-5.74379434954514
3.9776776118405
12.0829866942968
-1.29808981249438
9.1397373688179
2.97685766749533
-2.90077974048328
2.45495239339855
-1.79018735871339
-2.78443250619544
10.9398034557201
20.6880520434263
-6.81390926539729
-25.3357988019892
12.9995231244098
-29.2969861333499
8.04626824684914
7.26342714644124
5.02207222104478
16.1128204191308
-5.9979331826179
3.64924108917656
-3.90651206422038
-13.6974874246134
12.337890094507
15.8937111145959
5.52956825617001
-8.39218215011295
8.64244892827671
4.40987461827332
2.83698333575164
7.00398737641442
18.6355746300087
3.21381685081858
6.22993188798726
5.59842656702025
6.5167866323288
