# predict_model; Vecm
# name_prefix; aus_macrodata
# description; Austrailan macroeconomic dataset
# lag_parameter;4
# number_predictions;75
# horizon;1
# max_attributes;15
# predict;Currency
# prediction_type;rolling
# method; FCBF(n_components=5)
"V1"
-0.984092364786075
-1.68478501060589
-2.67177690465629
-1.36005602287265
-0.757883635572206
-0.726712089063312
4.01929352838863
1.01313380248211
-0.233738091833985
-0.639820746197272
4.11016591820439
3.55611064420476
0.498350245391183
-0.253636425191909
-1.7675013528933
2.09925393207407
0.945593070040258
-2.59124466830641
3.56405099860979
-6.01022401814773
4.95787713875063
-2.58669346497553
3.90997803882988
-8.09964814813316
9.75238332403512
-0.736873093016515
-0.566726108390982
0.905195284451876
-3.03497053029536
-1.44707293654728
2.99364193583336
-0.781215370680113
-3.92930641834248
2.00356375503214
-0.269451553646199
0.279382745085437
2.58753994732099
-0.0140890958139516
-1.41579375420002
3.21450548737705
-3.3786057681194
-0.792198352289869
1.38690103479854
-2.74683760766241
-0.690674373488526
-0.912491984005194
4.34285399868316
-2.29494787081078
2.07604782635081
-2.27210799168057
-1.82287358642897
4.05717957775094
21.6587802174914
-15.3738797741852
-3.57734865082466
-3.06803825936037
-0.512242451345319
4.49334693069811
1.93727458028325
-1.86125811689805
1.8933673331036
4.99806350675491
2.31671361729786
3.40537445595715
2.93917900167292
-1.60525591131785
2.94964572736414
-3.25918847066784
2.04314760485123
1.75345347155983
-3.31240114531275
1.9198249474473
-3.72231930744973
0.0838057976642819
-2.52775112914067
