# predict_model; Vecm
# name_prefix; aus_macrodata
# description; Austrailan macroeconomic dataset
# lag_parameter;4
# number_predictions;75
# horizon;1
# max_attributes;9
# predict;HStartsSA
# prediction_type;rolling
# method; FCBF(n_components=7)
"V1"
15.4625372296977
-8.68372786693644
-24.4244955524547
-22.4700490838324
33.2206311910679
-59.2700735330247
58.6571473686529
-11.7099179039465
-8.80843648630754
11.567118715465
-4.2343799130048
-54.161416997548
55.572739296248
24.2110896814394
28.9448191821295
-56.4617750720986
9.80536597821551
-52.2609323963565
-4.97760178042791
-9.50867093793965
-11.5738073630602
55.7258428252548
-16.7989740682284
6.89808317091149
-2.12329248685527
-25.5905316777574
3.77158487078084
13.7475226667151
-4.0181180652876
49.1329423825997
26.1192533958478
-0.21680254375598
-26.4271007709912
-43.4360561090737
-8.72241790064342
21.5734737046932
15.026772123956
-20.912442481312
12.7494952093937
-13.6783408494067
-7.60544865145653
14.5798496083234
2.20143148310345
-10.6372653189044
28.0580920204969
3.83322199143425
-11.5768900718359
7.16369473547155
-15.5126948603937
-47.3850779215473
-48.9097670401433
21.732043263222
49.1593849303386
5.34674698209191
-48.4435936597696
-40.0497531747719
-78.0924627883003
-10.4937427524075
12.6830841599632
-44.3065423466204
7.36097398464566
-35.0932178650277
21.7630650901317
18.3903850878892
9.61251413615739
-22.4348263767451
-1.67043691380982
12.6360272506056
21.6966846940944
19.822236024516
30.4189591882331
-30.3401794793819
-0.820427063836645
23.702932202993
-2.97588786819943
