# predict_model; Vecm
# max_attributes; 15
# description; Austrailan macroeconomic dataset
# number_predictions; 75
# predict; Emp-PtPer
# lag_parameter; 4
# horizon; 1
# name_prefix; aus_macrodata
# method; dm_PCA(copy=True, iterated_power='auto', n_components=3, random_state=None, svd_solver='auto', tol=0.0, whiten=False)
# prediction_type; rolling
"V1"
4.8231013983747
4.4834310848708
1.25080228021812
1.7335901729958
4.66160344721229
3.3958771219124
1.25108393573739
4.64787144308464
6.90738061580868
-5.704158345922
15.7120267697386
-7.107524806785
1.60052902594474
-7.14902315187782
3.56769282456969
5.93698465503834
-1.88438458373691
3.61128931656548
2.17010568219139
1.86861858653399
4.34570769046972
5.74000917041999
8.60166041475358
1.00095316119398
-1.15222813579866
3.7444210601356
7.56133948438967
5.53437149252566
5.18325743810146
-0.732649438853833
2.03676172615164
-2.51252480454524
-5.29971325234861
4.1837263838084
3.08889761502571
6.43698903108449
3.11589738608364
5.60895110372357
4.8428497154574
3.55947819374653
2.72467722767917
3.99625204128491
4.12155096789844
2.22939311312803
-2.63217023913605
2.12456632291766
4.66773075603091
1.10258967169919
4.88659722284154
3.17704284165726
-4.43482200710042
9.06119952860957
7.69520012023564
3.85938068576696
-0.420721293402748
1.40795219085449
5.52940204126873
1.74401947849508
5.53455413274153
3.31370058703236
-1.99226387039572
-0.35452392209904
0.116220396108669
0.870980586806949
2.18496020913339
-0.220871031937977
0.858938875857041
1.54992819765429
0.993116082773073
0.949763831806647
3.21417515845734
2.07211152764096
1.89292139257345
2.62704306885638
1.59587844798528
