# predict_model; Vecm
# name_prefix; aus_macrodata
# description; Austrailan macroeconomic dataset
# lag_parameter;4
# number_predictions;75
# horizon;1
# max_attributes;15
# predict;Emp.HoursPer
# prediction_type;rolling
# method; Part-GFS_granger_graph(n_components=14)
"V1"
2.39511756923966
3.94411725403933
-5.13938669420983
1.47265025353644
1.67877825895378
0.889897131614914
-2.32168569879423
4.62454888896535
-0.224385274617621
1.67004312854787
2.81582183267272
-5.97706466076601
8.44969889411744
4.1346767055127
9.16594926572265
4.22869677266334
6.9923246821767
9.82332622239683
-14.2270650928229
5.14799047161785
-0.0156706985678881
-0.11597654479102
1.6400891478851
-2.23609247647611
4.17588332375671
0.672342464411198
3.7955963023827
1.92160133958523
9.09239210915156
1.12777220811887
2.20182589882954
2.42023458511493
4.58301352391687
-3.05539936508604
0.773887162437622
1.90292489488059
3.81244955886274
4.79507496075804
1.89038803983213
0.244677603947867
-0.97465246844088
5.58060597740065
0.0048108985193565
6.00171469060894
0.208233853870589
6.2859784527055
2.03171188180067
0.649292816544079
5.03526588076219
1.0785382143542
5.62832589342481
-0.215235621274033
-3.14929346357737
0.810044470691984
4.4455636115269
0.339988299597293
-1.64031681447795
3.62608096811053
3.30338551024538
-0.408467054156699
5.78260635405188
2.68331383426441
2.85276171197794
3.53826664901655
-2.50355266568188
0.853381014518377
-7.2581794215722
0.288941147479407
1.58616181216167
1.10503244950516
-2.6962888632049
2.46918155165055
6.45959156685599
1.00555257365706
0.103740619746776
