# predict_model; Vecm
# name_prefix; aus_macrodata
# description; Austrailan macroeconomic dataset
# lag_parameter;4
# number_predictions;75
# horizon;1
# max_attributes;15
# predict;IP-PCCR
# prediction_type;rolling
# method; Part-GFS_te(n_components=9)
"V1"
15.5088714460773
31.4842205526572
-47.9106338953717
17.7248010733037
23.5859310221298
5.70459374528929
-0.147581623872912
-8.6191260263381
20.5922174140007
-2.31645680068018
-15.2943816738897
13.9627174737303
11.7760829669088
-13.6153259353692
-3.67077778503509
27.2008521278366
4.87719460895051
33.6654569583088
7.93204854801245
-30.8768782282635
31.8136126709232
-7.89459623153597
41.9037530473148
-20.5612671278555
14.5042272560557
-48.421867703427
20.6637049596652
12.6744608511146
20.4133011884335
32.9486275824893
-31.265225465722
16.5932642236136
-8.90313580276267
20.9448365107425
-7.95195319002097
2.01907734549183
-16.5317300320542
-7.97491948856843
12.3689355527686
-22.3775566298694
10.7454854560869
-14.4582564034641
-17.4284571656564
9.11451471227056
28.82822585668
11.6596755403556
-33.4809510314253
13.7930481844382
1.94709952643697
-15.8785981382863
-18.3549596419712
-6.42005587276087
-55.5249160140162
-12.2557429433265
-11.53355378377
71.4101226312516
-68.8700241030847
20.4530608844726
1.05283933656758
12.5675082348312
-4.33215333199379
-7.52125165002389
25.8274719148938
-15.3562609993729
13.3735219850549
-10.8446851526458
-14.9766754804815
-3.11805195202475
-22.0670945071066
24.0155752100867
-1.63274233687014
10.9944577809813
-25.7508683825209
9.26656271480163
-14.6694264131784
