# predict_model; Vecm
# name_prefix; aus_macrodata
# description; Austrailan macroeconomic dataset
# lag_parameter;4
# number_predictions;75
# horizon;1
# max_attributes;15
# predict;RGDP
# prediction_type;rolling
# method; Part-GFS_granger_graph(n_components=6)
"V1"
4.79204119301647
1.98655124743176
-0.116697941257127
1.88833447565676
1.92358259695849
4.08679081208119
7.82814265179267
9.35587623111389
1.78438466970341
1.78773467597499
6.64785897648127
7.35634496642903
5.54428794174968
3.71552260061302
4.73342258572949
7.02587846113589
-0.0758952574973587
5.24569512988655
0.175180340622088
0.588300930034783
-2.4892083058754
10.0250356884731
3.15797853606043
-3.36702312404191
5.57250211598625
1.84308346432967
-2.39064258863923
5.76107190795685
-1.98495521959597
8.23556655490613
3.78132327218502
-2.14258179282658
8.62752012261812
2.88931481168428
3.50517334252195
4.45479674058046
3.98308285671462
-1.70353012269053
7.90559339585794
2.2428175498675
3.70282835749999
0.703120866952643
-0.474464976050005
6.7552949350635
2.8579673699386
11.6499804020646
3.81328427074994
1.61674086237668
4.41272606280287
1.27823031360944
1.7611730605943
3.13156331503825
1.97042275646422
4.00380705278537
-1.807180549949
0.0763418303130915
2.01117992868335
-0.63498708433536
3.62162906259579
2.46143869800584
3.20469783445383
0.408576915318328
1.25800043821391
6.18389137766975
0.840493458094
2.74587050437531
3.49947543133916
2.5974544898361
1.91289716902444
2.37120839727226
3.67965215329573
2.13649765115438
1.83209431260381
4.78384646753904
1.03438021285197
