# predict_model; Vecm
# max_attributes; 15
# description; Austrailan macroeconomic dataset
# number_predictions; 75
# predict; Urate-LFT
# lag_parameter; 4
# horizon; 1
# name_prefix; aus_macrodata
# method; dm_PCA(copy=True, iterated_power='auto', n_components=6, random_state=None, svd_solver='auto', tol=0.0, whiten=False)
# prediction_type; rolling
"V1"
-0.0838722899496018
-0.131301658803181
0.0584997474209581
0.173850129517983
0.0180964808678467
-0.227780852712888
-0.0185623067327621
-0.106858036980959
-0.037310191665935
-0.0542425410359725
0.12583979863102
-0.19340568367254
-0.43853388640655
0.116243125001785
0.152934115363304
0.207387302278622
0.0229375635901108
0.0160769952069857
-0.438164846356227
0.598406869082124
0.189750473647731
0.394311655319128
-0.174140231173725
-0.250088633005692
-0.26545512272849
-0.246225927122292
0.0421747212567759
0.104441171336359
0.132084476769781
-0.221156361849079
0.191356640940866
-0.0626843560789672
-0.0395167430282294
0.0640940350689477
0.07110010123805
-0.0343416262508448
-0.0746792160685054
0.159413675657169
-0.152318993562731
-0.0140697506253471
0.00627013029847641
-0.0602405184533393
-0.0613507249054476
0.0909041791728784
0.0387238430963269
0.0053958275624834
-0.185235667175164
0.257114112735603
-0.105169020228322
-0.28958118213914
0.272758100866181
-0.110935809955215
0.171909594532003
0.176838753283677
-0.405127481325474
-0.360129972425555
-0.128532104038729
-0.366364592500456
-0.0457326639319413
0.0291861096337257
0.153316635949286
-0.113245940644345
0.424201060534373
0.437576595367428
-0.0135782204565281
0.1086200477461
0.0356123750757828
0.217055083510251
-0.251465406204904
0.0900574510640591
0.243283527994483
0.0291614121172552
0.0573403669119511
-0.163465800182835
0.0637687938324813
