# predict_model; Vecm
# max_attributes; 15
# description; Austrailan macroeconomic dataset
# number_predictions; 75
# predict; ExrateMYR
# lag_parameter; 4
# horizon; 1
# name_prefix; aus_macrodata
# method; dm_PCA(copy=True, iterated_power='auto', n_components=4, random_state=None, svd_solver='auto', tol=0.0, whiten=False)
# prediction_type; rolling
"V1"
-5.23397564684505
21.1411865761226
-12.8360124494672
11.6030260873155
-15.047669090043
-1.61237042377551
15.5627542347408
28.4962546473525
19.6086776811328
44.7757057628609
35.3957387527524
14.9284078032086
46.372437363994
32.6986843296085
5.09045720784265
12.6127266256728
-33.9442987377593
-15.4327722520905
-17.4761916350178
-40.1557803124749
-18.8897982210991
-1.99001893538147
-9.28370452605871
6.71231021679817
2.8929200233232
27.8270907336561
-1.73604228695615
12.3150951093608
6.35991023192408
28.0978700177901
31.9681813221417
41.7935680745656
-22.2510025954738
18.1303054240914
8.9914823402206
12.112735465716
7.71174524745506
-0.41318916935978
-5.5614646342236
8.49119307364632
-7.61295028465595
3.40970377667953
0.572717428083984
-13.0483921065437
-0.208030845037562
17.5832368274212
1.23718223507468
6.29878726731098
-0.412519564903057
-1.59671413125412
-18.6099548842878
-48.5772317931529
37.0715528475713
-5.06614120759776
-12.3429809178359
18.384842809592
-12.4850183297812
-14.0836737136535
35.4271051388277
19.3863017163229
-10.8450756518249
9.1873630367761
16.145450659255
-8.98906672609589
25.2536935087932
-6.51748831500892
3.00088276239837
5.0785954820093
9.72874200465721
-19.0476326188587
3.50668997148963
-26.8784156653383
-28.6215342395197
8.21200441278071
-1.90680853807896
