# predict_model; Vecm
# max_attributes; 9
# description; Austrailan macroeconomic dataset
# number_predictions; 75
# predict; AveComp
# lag_parameter; 4
# horizon; 1
# name_prefix; aus_macrodata
# method; dm_FactorAnalysis(copy=True, iterated_power=3, max_iter=1000, n_components=1, noise_variance_init=None, random_state=0, svd_method='randomized', tol=0.01)
# prediction_type; rolling
"V1"
1.41763225456643
2.67195244290782
2.64024310584564
1.6345301787375
2.59364672721134
3.0821409233571
1.90696671952197
3.59296026673035
2.90521787382441
2.2169488423665
2.61143927146962
2.70361447342656
2.29200566764848
2.59685534970144
0.922213315350647
3.8216472431733
1.43412705333945
1.11077115017556
5.08202261273485
3.06614693422254
3.24077672501849
6.21880125891794
4.47495426158789
4.2725110683226
4.13295799926604
2.58666013465964
2.78437571337566
5.28183047752494
7.10626574744889
3.66483041866605
3.28114518017613
2.73063984716601
0.739941195655253
4.76798039906629
4.52131398271855
4.21307800812411
5.70570810589307
3.6705512917584
4.67544181436614
2.87301808572639
3.29219771649504
4.20585674027326
4.11963144069919
3.03187711198421
3.15662093687905
4.85158552732768
3.97871063553319
6.54830930333004
5.59440575420874
4.78824820044913
5.91972545669248
7.31923955304006
3.7352089620522
-3.97511524137485
1.33117922271383
4.47727217258886
3.76796315066463
9.27006601040878
7.02107528282783
4.37645079454241
5.62262360915442
5.71202291874572
6.90237771363083
4.4488203516184
6.28133823089557
4.18607588691888
-2.98233733312632
-1.24211103584111
0.944128964673034
-0.0939278302215696
2.17384280376894
4.17982121871512
2.99909633946997
0.762705393727539
2.29857856873578
