# predict_model; Vecm
# name_prefix; aus_macrodata
# description; Austrailan macroeconomic dataset
# lag_parameter;4
# number_predictions;75
# horizon;1
# max_attributes;15
# predict;Gov
# prediction_type;rolling
# method; Part-GFS_te(n_components=8)
"V1"
4.61972185202824
3.35854161943687
1.9082978086748
0.486339944289433
12.7260817899245
0.304104689396492
0.333093016713302
8.01026702174491
5.8831624428547
1.37182486164146
8.85145849055077
6.15830880063612
5.27855526553722
-3.4540689366781
-13.1158243176801
4.33667033618279
1.96821743869794
0.232317198395402
24.3068609723843
6.35981931540278
13.007596279283
-6.05436847281432
3.71495510208266
-0.335043996895492
-1.87456915359402
4.06311569933536
1.06367346774049
3.74726813524404
2.93533336611546
1.53270637835084
6.46583797348422
3.06310617803109
1.51115560974924
7.14946151707431
1.74194887575736
-1.67202741671537
-0.96527097734875
4.8026972215627
3.05940534950526
0.855581781406554
9.12806901858885
2.57838873285827
1.76043035639593
-3.81298971811465
8.33690508330403
1.88636605228354
7.40396038912427
-1.47183996975674
5.78521106098422
-9.08580877166192
11.3372041384711
2.22229205430663
2.1591702400239
-1.37985168779586
3.83942634984134
7.10238480609306
5.53122757301106
2.35154163011598
-0.25522502625793
1.23237786046167
7.63749910716808
4.65693104423729
2.45756262436014
1.10484868254406
9.84929027327361
3.39283298260894
0.842253421312664
1.15060424237462
-0.222056615217403
0.259896331388201
2.89026912745413
0.03685966817716
5.17881034379868
1.42162758833762
1.57116961534597
