# predict_model; Vecm
# name_prefix; aus_macrodata
# description; Austrailan macroeconomic dataset
# lag_parameter;4
# number_predictions;75
# horizon;1
# max_attributes;15
# predict;HStartsTAS
# prediction_type;rolling
# method; Part-GFS_te(n_components=10)
"V1"
43.9664986934023
-57.3132604553564
17.8283810606295
-5.96921247795154
82.7238169215288
-127.911152852313
-28.2855432441821
-6.22871487716224
-23.3726608499341
27.4312798705668
51.8353534763369
-35.4387222582327
57.3024311852258
-108.924091288384
134.005170283353
78.9199853630026
-23.2021505260966
54.3721777530389
75.2631542762542
66.2624487037171
25.1463377860703
-105.552494942053
2.78143200530743
-74.6000333244498
118.376372341836
2.11914316221415
-50.6937585577585
28.7234234699995
37.856896859937
-25.2094489010245
-143.402872557676
46.1152222624294
75.0436902434138
-28.281948412381
34.8865924327035
130.290674632101
-44.8830993879077
-163.239067631231
36.5087291849702
77.5445261264854
55.7470715694697
-54.3522911150196
35.3059072433161
-31.4658623784204
-6.8995553030871
75.2191737969809
-16.4375735892749
-8.16659934726268
57.337131884346
-1.61679840805924
-18.8160173079244
58.3958856042507
-14.8131439553291
-15.727351172325
-22.4349813419341
-68.299530872362
-80.7584571484449
-70.9882107195298
-38.1635242112409
30.2056211728627
-3.28013968214877
-31.0956928027184
27.1236093739812
-53.6226175721991
-32.5209630421801
-17.3186186091222
-50.4803471082194
42.7437031931284
-23.7610260390059
-15.5529172200759
-10.6051132010488
-43.7412978435226
58.3663651427609
37.5650764664506
49.4692074653364
