# predict_model; Vecm
# name_prefix; aus_macrodata
# description; Austrailan macroeconomic dataset
# lag_parameter;4
# number_predictions;75
# horizon;1
# max_attributes;9
# predict;HStartsTAS
# prediction_type;rolling
# method; FCBF(n_components=8)
"V1"
-39.2384721584483
-40.1518223508388
-3.33216327071216
53.8416196592601
-60.8556941765984
-73.9627663529135
-2.72385922744336
-3.93696369620703
-52.1372160819435
84.6227703064704
-32.9300780534753
-5.83603875693074
47.0229654475389
1.07215266699762
-44.0936798108705
35.1796714741458
-6.273332646859
46.4260688902363
24.1460706925841
152.287382386416
-17.3604233562049
-16.1442487989342
-9.13950601049029
12.6948102180769
48.8303437428416
-2.21419650581218
-5.82961317091391
30.4841026816979
-22.5556131125202
5.54038731470975
1.91800625512535
-9.76363785035451
-4.69755454901096
-11.4682360040263
-19.991210776796
2.7885630807073
3.9433894663385
-18.6863483589657
31.7247676897814
-39.2520575983977
-10.0762827881742
-4.51314977360606
35.0685741458635
35.9971243402235
-89.8248183885109
52.2092642496607
-69.1434913960964
37.6800831589432
35.6221601412227
-49.978173052052
-47.2652449512524
-17.2715373959065
17.6954952354956
-44.2179055605734
6.00468900754834
-70.6312237284079
-66.3949197899465
-12.5307219962622
-79.5134814983965
1.45656474557525
58.0511603317569
-11.0801933563025
11.0918371459961
-15.2885004018539
5.08936156958519
-10.7631961024086
18.4441455062504
10.8166581060285
-13.3466152966352
-14.4845683198581
2.12610846619079
32.0664511537116
-38.1213732213279
6.95927836415882
25.0735176047207
