# predict_model; Vecm
# name_prefix; aus_macrodata
# description; Austrailan macroeconomic dataset
# lag_parameter;4
# number_predictions;75
# horizon;1
# max_attributes;15
# predict;Cons-PurVeh
# prediction_type;rolling
# method; FCBF(n_components=10)
"V1"
2.04000460580185
3.81112652435507
24.3475821828274
1.6916404810508
-0.534146172648814
31.0223057847325
36.9733239444805
-35.0792267428903
33.095973100883
38.8248866523912
39.7810799350155
-36.4126407481021
-24.6169030503252
27.885106066968
-54.3851863583847
2.17294358915927
27.2575204216902
23.2637524899324
-100.614292755607
15.9676199586472
-1.72881645664664
-32.2619402315806
-32.3249025683056
-2.05792150481764
-3.51241558874401
20.1086404972511
21.6927127340903
-8.94978971092214
-5.87510684889844
-8.54405364068647
10.9404284161677
12.7046373514417
19.975757120113
2.2067698388431
-31.5688157240204
2.38559236308102
30.647450628285
-2.75729346710345
37.8936632824405
25.6510681965705
3.01530683795831
-28.1386690955035
-25.2687630630609
30.8183734730237
41.2378760917411
0.159411686841773
-10.5833860775216
32.2160510852692
-16.1070129823912
17.444073698375
-2.04276419477818
-71.6730346056207
6.55077407415733
0.229747717056275
-37.2221139854185
65.2697604464202
-1.66527790350432
53.6467935950409
-17.907925524872
-6.92830983227653
-1.03519302569327
-6.0013495374054
-2.42733306695198
34.204157486879
1.85798506405273
32.3269953811979
23.9746409151087
10.682236940379
-5.25628075956705
10.0055446089639
1.21011716160277
7.75195312560638
-33.3423734758722
35.8859834585873
-28.348932035828
