# predict_model; Vecm
# max_attributes; 15
# description; Austrailan macroeconomic dataset
# number_predictions; 75
# predict; Emp-FtPer
# lag_parameter; 4
# horizon; 1
# name_prefix; aus_macrodata
# method; dm_FactorAnalysis(copy=True, iterated_power=3, max_iter=1000, n_components=1, noise_variance_init=None, random_state=0, svd_method='randomized', tol=0.01)
# prediction_type; rolling
"V1"
1.07955571957388
1.64632598098702
0.235244437017123
0.0653147907453984
-0.326826027031822
-0.989644972663368
0.182688979016843
1.92450535260246
1.83683018247368
0.720196358165977
2.19839877302756
0.527943435254823
2.27579989795161
1.76363510328985
3.06899505967432
2.36564492440744
2.11231913795922
3.59162464086112
2.99539138600451
1.06999465174534
-0.459323513476101
-3.16683778425042
-0.864640755182362
-0.592744866218087
-0.7148181113284
2.01425148099424
0.370070966055539
0.8140296204358
2.683084681603
-0.322266312756912
1.90508320067551
2.02536903777065
5.92315758570416
0.980358603434735
0.948030451301315
3.04378201563033
2.49578127994765
5.62008891207714
3.43375082138427
1.60246039484602
3.37134339601854
2.06694384987726
3.88697644613717
2.60572349062748
3.18706861115991
3.47433565258298
4.3722691302906
3.45154805587979
2.74965081883774
3.36187726386075
1.18924100618631
-2.04031205551924
0.223539046189983
0.915528944143398
-0.429563279729562
-0.00787521887945916
1.5091932619302
0.193080828890921
0.0674705516953296
2.5884602882757
2.01574350161575
-0.220347199087625
1.13968959585774
2.28641036420983
2.1794876374368
1.70520445298999
1.23188027227434
2.75459512592737
0.848226964138251
0.176315382394545
0.500416288376831
-0.319925470209466
0.378926611904843
1.87060632181962
1.56518036423268
