# predict_model; Vecm
# max_attributes; 9
# description; Austrailan macroeconomic dataset
# number_predictions; 75
# predict; HCE-UTF
# lag_parameter; 4
# horizon; 1
# name_prefix; aus_macrodata
# method; dm_FactorAnalysis(copy=True, iterated_power=3, max_iter=1000, n_components=5, noise_variance_init=None, random_state=0, svd_method='randomized', tol=0.01)
# prediction_type; rolling
"V1"
3.52084019296977
-6.41705084047488
-1.02440882669768
1.1106145009579
0.46947299524773
-0.0578397025458313
-0.410162438865361
-3.72836625099667
-0.300002104669532
-1.11401582907832
6.14689006430371
-0.209260543128836
-6.98871445898372
0.600188295108132
3.16468034961263
6.55639709094327
4.96438500366646
-4.32426161795249
-2.27003716797401
10.2472149381131
11.1026801947114
-15.1432626711197
5.28701826359978
6.49256819026407
0.261034638426154
-5.22497832998593
1.17400398963165
3.43486588635925
-3.05239982619529
-2.43568566340239
3.47193485909244
7.10193320645663
5.65403842411665
-10.1968482050455
-11.664810525989
5.94387167403673
-3.84945380806079
3.90285978684822
-4.67540173738293
-6.61495741751769
5.41180972086638
-1.06183209269236
-0.465707038328195
4.61619371517639
2.24977532098187
-1.7105569583805
-1.41374242427458
2.7402212877501
12.5275787011793
-5.82768041270436
3.47238490682868
-20.6163777064798
-20.8524568658242
10.4942159786659
-6.01630377350695
-0.0452492920508126
7.73106814688822
1.44018572548735
1.04134309543418
3.28316450672018
-2.95029462808031
-3.04523422908604
0.591714114491087
8.89269101413511
-5.09509612856563
6.53036318047077
2.14850170969621
-8.07729152466324
-1.73693106764022
2.08571333114205
-1.61206104914738
-1.72755274834806
-0.809421444314051
0.287020929281953
-1.97288357507377
