# predict_model; Vecm
# max_attributes; 9
# description; Austrailan macroeconomic dataset
# number_predictions; 75
# predict; DomSales
# lag_parameter; 4
# horizon; 1
# name_prefix; aus_macrodata
# method; dm_FactorAnalysis(copy=True, iterated_power=3, max_iter=1000, n_components=7, noise_variance_init=None, random_state=0, svd_method='randomized', tol=0.01)
# prediction_type; rolling
"V1"
4.51024977512033
4.29078827731418
-3.89148401788729
-1.46324933770624
7.534999602427
12.4984372948898
-4.5409737062035
16.8971114421369
9.67413748139481
8.20867481676907
1.19248974121055
9.38324869669789
8.74784448405525
3.56585454509059
10.4524529975722
4.83224295718074
2.93273830598911
8.47025026015239
13.4489044455815
-8.63014616596877
2.79767812507749
1.64991779545821
-0.479068258487757
1.06886377744222
4.61918586056502
11.6472457159157
12.643742886542
3.52144553977348
4.32216565742218
13.1897623799217
5.18055033626392
9.00298017378595
15.6148308212202
3.74054150073962
-1.87562729866974
5.90820577418686
8.92059065950369
12.6691418936983
6.08696602222613
11.5834247374525
8.53708432353053
6.37765376279887
7.29187564881339
9.94768523374957
13.6201091922627
4.51840886854103
8.38959013434166
12.5646174212004
10.4223980825287
2.76776390578261
4.52444937644043
15.2764677159627
-4.04663644722611
-2.58940595635003
-7.6985908591447
10.9360799851604
4.310973875332
5.04760713393778
-7.68359154464638
8.36823171496709
3.08288687293771
11.3120574813226
11.7212409330307
6.68073669095061
4.3173803468827
11.9798656520554
6.52136840380285
4.10751874614276
-1.28788768624299
10.006540772058
4.86049549644582
1.96760636965197
1.92278608305037
0.098191253724612
-2.6865486019724
