# predict_model; Vecm
# max_attributes; 15
# description; Austrailan macroeconomic dataset
# number_predictions; 75
# predict; AveComp
# lag_parameter; 4
# horizon; 1
# name_prefix; aus_macrodata
# method; Hits_te_(n_components=11)
# prediction_type; rolling
"V1"
4.79373726825418
2.33107347630002
10.042507664734
2.26025167759523
8.24376777811979
0.235087900358682
8.04831706668665
3.64426946991357
8.68527758141911
-6.55438306885271
2.73155275741427
9.65065824087949
-2.3027408445271
8.81827122007206
6.72448064648316
1.03400233052815
0.523930932940411
8.84592609020647
4.52009462049879
2.25924066156175
4.22291476181154
12.4117290694012
-1.27457158063552
3.6534751548426
-1.23402335544185
5.02823023571834
7.38819017766334
3.55588872031553
0.766056248676922
6.7302792233353
5.50919513781031
0.915294464912015
4.77177919147215
4.87558646447232
2.49495587330431
8.2522459322592
5.36977783470451
-5.99475948371445
5.08723181419065
8.49178276811922
5.1627219292239
5.81313610326958
3.41159110655982
4.12465867266846
4.6214157625408
12.0862310174938
-0.35158630448357
2.55202033650595
5.51801810510784
4.24890913323245
9.25005083104345
-0.583150542384917
0.407685373395225
-1.68323879518965
0.401787081997264
9.79996434165093
0.0110108899355071
8.44709178189224
5.7022726250332
4.07665908126426
4.58577436465305
11.4313536467302
1.74103821951152
2.62782099131583
3.83543119782972
5.06795485699901
1.46510625789793
-6.81905062604604
-0.694595027935458
-3.32422287158164
4.11712848156991
2.85630787553711
-0.00654098412662943
0.871915565053158
-0.811641353766956
