# predict_model; Vecm
# max_attributes; 15
# description; Austrailan macroeconomic dataset
# number_predictions; 75
# predict; Mbase
# lag_parameter; 4
# horizon; 1
# name_prefix; aus_macrodata
# method; Hits_te_(n_components=7)
# prediction_type; rolling
"V1"
1.32465494320685
-3.96971732031511
32.8800363687057
61.403909159505
36.7831797323656
-22.1838730113681
-22.8112632707663
-12.6047518327658
9.54434577985946
12.5920422182023
8.13720982504787
-12.3152339915563
5.28765475622041
15.7004469895166
-11.7740822284221
-59.2057796709338
54.7804867855005
32.6567881011822
-22.3790796609511
-6.35372965863772
35.3461706009247
-13.4076155070231
-35.1992571117146
32.1403652297992
22.8251738400218
-25.0004552166048
-2.37174868210653
2.41928216792775
-20.1646618962117
-33.4765541614926
83.3728327003408
-23.6986872150177
-4.2718365728298
5.00675082540544
15.3682726425186
-4.96433358502097
10.213804366267
-24.5872585352704
-8.97609190032801
23.4337846993383
-3.31779358931023
-3.41753817739367
-9.44400480804307
-12.1170003310048
19.4103685267613
-5.90856532543259
19.2549717380412
12.4573268909151
-10.8174340115353
-100.658641840366
59.9023969444549
116.311140152644
6.95661085532236
-42.600697819556
41.0779865714765
6.03011705325056
-29.49240734477
24.2945337777599
-31.5048506913366
5.82631668938954
16.5392479999224
15.5721914845379
-55.3136753219062
20.6877544429264
6.32330461012098
12.1399705875942
-3.18895522610443
6.57963935119379
14.7160980177792
-32.8794298627312
0.708441947515107
77.917293867728
6.43802935857011
-33.5714193269428
-19.0674050575697
