# predict_model; Vecm
# max_attributes; 15
# description; Austrailan macroeconomic dataset
# number_predictions; 75
# predict; ExrateUSD
# lag_parameter; 4
# horizon; 1
# name_prefix; aus_macrodata
# method; dm_KernelPCA_fit_inverse_transform_True_kernel_rbf(alpha=1.0, coef0=1, copy_X=True, degree=3, eigen_solver='auto', fit_inverse_transform=True, gamma=None, kernel='rbf', kernel_params=None, max_iter=None, n_components=15, n_jobs=1, random_state=None, remove_zero_eig=False, tol=0)
# prediction_type; rolling
"V1"
-2.36120304218352
21.0055177876226
-2.25950012264721
14.2671103083818
15.0620080356994
-22.6985571560221
-2.23089439626919
-28.6364262540931
-6.01736306255674
-26.9239003090408
-14.6568201023864
-49.6429278473614
26.7105848979255
14.0951924892428
-3.10505030744366
-12.1950894538259
16.5017712559836
-17.1854156125048
-23.8741066877585
-46.5885278417862
-1.65354854782747
-19.4220572676455
1.94115004021134
31.0892802404889
-40.6011477046413
13.8481182948442
41.467816192681
7.5720597104855
32.3667166440662
11.3111859764529
17.2962102386487
3.30311543364889
24.9606035760604
30.3337573611273
-17.029533623113
46.2100192159381
16.3068454148972
-9.44679267020215
-30.2428630747284
-0.68378111647002
-20.472172184168
20.9879266877241
15.850509172488
8.17124451172282
-0.8846177998899
23.3876978631653
26.1063106039055
53.6392432948296
41.4102715403161
-41.2446381237176
-87.6051198945967
-29.1469526134184
-54.2195520236725
76.0463777034967
29.7945801972697
49.0214079671339
-27.0742300833383
-5.08862439318887
-19.0307992184643
71.052243202442
-9.26218336156638
-6.0081370976346
72.9747530172911
-102.214924652805
-9.48381252426534
-18.6246993977603
3.83222860726479
51.055701643118
3.60151638400555
-106.128195939546
-69.3156331784964
-41.4802670015684
39.6814800263947
-18.1091403757614
33.8503371557658
