# predict_model; Vecm
# max_attributes; 15
# description; Austrailan macroeconomic dataset
# number_predictions; 75
# predict; UrateLabForce
# lag_parameter; 4
# horizon; 1
# name_prefix; aus_macrodata
# method; Hits_te_(n_components=8)
# prediction_type; rolling
"V1"
0.143879989167236
-34.1341415365789
-33.3790701253228
10.3730880436371
43.2918659645962
30.5548157063037
0.024035588279994
-9.02123055067033
-29.7607703920389
31.7590162116868
15.0272159915243
-79.2706852169674
-14.1570428826628
-29.4307633052032
27.0799077896029
65.697341410553
40.9320319436218
7.52169734751452
51.1251658069049
-0.232083799516654
-41.146015571046
-31.641551682437
26.0453553078449
63.4278089944402
-17.7477662131161
-4.53785078174826
19.7687645784678
42.0230615006263
-5.93302270538862
-67.6075228799718
-42.0300530106819
-96.9989289676894
-3.82289569267728
4.66271447742262
-28.3392282394185
35.8469296854598
39.3782223711636
24.9285334220823
-0.411557065405426
-3.79968660870872
-28.8625495519313
-13.2172147391698
30.744759542816
-20.3742357047599
-32.3574407299683
6.4694979539183
-35.1564509150195
-33.9287222778769
43.5846818928641
46.3023088651058
17.5201720603146
-92.110137704955
-1.82547602599181
-39.8468880385184
-23.9713791446721
71.0103307950768
26.2335915865127
-47.8505318772297
-87.2177518809109
80.3994467418903
-19.2713712158693
-52.2662047302477
16.1906391083035
-3.20416785816711
19.9795784070419
64.6351675681227
-49.7366283992875
18.3516291997344
46.2209938041228
44.8547811668754
-45.1670570020007
-67.3912747798379
36.3059140748704
43.7390459999128
26.2665136574842
