# predict_model; Vecm
# max_attributes; 15
# description; Austrailan macroeconomic dataset
# number_predictions; 75
# predict; Cons-Edu
# lag_parameter; 4
# horizon; 1
# name_prefix; aus_macrodata
# method; Hits_granger__graph(n_components=1)
# prediction_type; rolling
"V1"
-14.7496442906439
1.57432506697607
2.9137071932634
2.62330572888803
-12.788170017039
-22.621152784762
-9.85094840395518
-14.3169432428756
-2.74316252703231
16.3495812560775
-3.27047751117556
9.09922522041787
8.05612771341572
2.75399963785857
2.59560253633164
3.30956544265425
10.8916021778568
11.8518982040339
10.7720151282717
7.79561875545833
9.41618559395787
8.57314335579713
-11.8329684476469
5.90922124700547
13.9186065537481
9.03137764552462
7.94059200299963
13.2893840996283
5.91600556685976
-0.517475408635253
-1.29879296446645
-5.4132534453433
-1.17242868997286
1.86451363649675
5.73409965274943
2.52925029186487
2.40126528070024
2.55796381859184
3.42582877545062
2.09122939908869
2.89663522709643
1.24971344035666
-0.0332738697141215
0.299917533819382
1.43348043158042
1.04387425195212
3.17210686381067
1.09054173592141
-1.71570897315734
0.486657458171397
-1.45204059824026
0.0825700627261736
9.38823900981049
24.0298363179192
-1.61826458671285
-6.38660299654784
-2.84308121564922
3.04628757833175
3.29659272669822
6.54581724194218
4.66591476183756
5.59331492605852
2.88950610638122
4.97237549251563
1.95952795690299
4.98321330566862
4.12050218212023
2.8645402722209
4.89984148105127
2.1823410545118
5.0055146503831
5.3145744633049
6.67888759133908
7.02784814432778
2.82111982461355
