# predict_model; Vecm
# name_prefix; aus_macrodata
# description; Austrailan macroeconomic dataset
# lag_parameter;4
# number_predictions;75
# horizon;1
# max_attributes;15
# predict;HSexfinNum
# prediction_type;rolling
# method; Part-GFS_te(n_components=2)
"V1"
2.52008883537449
-27.2632494102134
5.4355573883483
27.7558001075204
29.8577382473012
6.25663770413034
13.2591665051116
-6.81066566068072
21.0865841802935
-3.9421302693223
0.245474793457501
13.3616299269711
0.00600386164325206
23.4777940191858
2.06004935296198
23.5585705648955
-22.5188326022189
-32.661021977556
-16.0876351924957
-5.96561100136494
12.5787801845508
38.9564419386265
23.9879863501315
24.5691931956014
7.96564538946836
-17.3717577108312
-37.3296289270295
-3.00472876874765
5.53242177396887
10.5631201163144
7.33339191324923
-21.3509244041523
-50.9654146810897
-0.379405490444597
13.9785207015312
1.4400027334023
12.0613689003774
-11.3596608037028
19.4167469998391
10.3942504645197
6.0660641893276
14.1737646569259
15.2325942770552
-1.2508200514581
22.1637066775473
22.9215442322476
-9.77265682930614
-1.77756870520996
-19.3129522535394
-64.2471645794137
-30.3391570471214
30.918328558507
48.8054542511297
1.17332539809524
-8.23685160409505
-42.7837059143291
-55.0870437740547
-5.60328921611196
4.2370551322141
-11.8307966742364
-14.0499158218166
-11.9789111637846
11.8132168038979
17.114474944851
-6.34908909144138
14.0261293361226
13.3017318150626
21.0747995561163
-14.1440810937769
39.5725907500438
26.8761695855254
51.7643535770547
23.5941817433805
-6.74670797234681
-2.55340067535055
