# predict_model; Vecm
# max_attributes; 15
# description; Austrailan macroeconomic dataset
# number_predictions; 75
# predict; Emp-HoursPt
# lag_parameter; 4
# horizon; 1
# name_prefix; aus_macrodata
# method; Hits_te_(n_components=13)
# prediction_type; rolling
"V1"
1.3210943853869
-6.32430719892852
6.81639253599322
9.23896314874356
7.39833892279232
4.35884058652099
8.37292950489203
-0.344249650733556
-5.7138534326273
10.0378530051957
0.502881192079049
6.49772355186315
3.21817579226826
-0.821626040203278
5.3531298446931
8.48735912144767
6.86548991027309
5.18017554705891
7.1134736374522
-4.92360886030753
-5.6147579836802
14.9493497587388
11.0292992415734
6.48396741663113
4.23144553815018
7.79328351139152
-4.38843598407066
14.1814001755545
1.40623634219591
0.51857445558589
13.8262915065256
-1.53826334689936
-7.20947078941927
4.42161282486041
1.97072326675032
-2.52031414200358
8.76759269616628
11.946569186185
8.68331497231179
2.58970866260339
-8.70710317772205
11.6938282233231
1.259739426149
3.80752170779945
3.87622561769315
0.629335927396918
1.96554149098217
4.04573139792326
5.66326487742295
4.86487827646264
3.58953742557466
-7.46715420362136
3.38745903188173
-2.26609626636665
12.6716398790419
8.07680217180963
0.938751886689977
8.09217398596779
6.94037272605537
6.90507418340418
-4.70772600312983
1.94285597243089
-1.89809807370496
2.06648439904908
5.06779725748597
-4.81627898031214
-4.03285491526311
-2.82436947651037
5.69351600156813
5.97699111007773
1.78448480648038
3.32572665883079
3.93167876863773
4.42334403751705
1.40804876795436
