# predict_model; Vecm
# max_attributes; 15
# description; Austrailan macroeconomic dataset
# number_predictions; 75
# predict; ResInv
# lag_parameter; 4
# horizon; 1
# name_prefix; aus_macrodata
# method; dm_PCA(copy=True, iterated_power='auto', n_components=14, random_state=None, svd_solver='auto', tol=0.0, whiten=False)
# prediction_type; rolling
"V1"
-5.66409961090429
-7.29409989587142
29.4297948805751
-4.94222446752944
21.7715244386675
28.2393017819611
16.1011574768343
62.8620955597982
55.4157486851128
30.001093625593
1.11787674446645
20.7697418130898
9.40490849148593
0.436940624646964
47.2635660140088
-9.49342900577655
43.230534998376
28.9212676715269
-48.0901866731015
47.6662878714329
-72.0179982703246
73.5679562755205
46.6956171134067
6.69365187836854
41.843217225159
60.869190225728
-17.3118833453034
28.2809946219322
14.9353831130789
-2.51884316583221
19.5056332116195
12.658169998658
-28.8651278464915
4.01915214276019
-13.3159705173964
24.3631453488609
2.81762095815432
18.0971390787033
-32.8782182489508
4.09547108912791
-0.513461030299562
19.4342444682971
-28.5626500405198
9.50507491553234
2.50021889304922
-2.61404063088473
-10.4209548202448
3.31244856014735
-46.1017798705665
44.520660834144
-1.51291349023861
-14.3215178304249
-9.07917383388944
-3.46696471619112
51.7269230288326
-5.49197767960237
-10.1624429043888
-0.527718624140981
2.06699030673454
0.289635402608062
4.68276145412185
-15.6654702530542
-15.6223956695954
6.35596386878085
7.12608454379106
5.16731138694974
-15.2966688820652
17.5247806639749
0.816058121158668
-7.6464096562264
25.0702604044715
23.3121424261262
2.63926209986902
1.862989576596
4.93092361478345
