# predict_model; Vecm
# max_attributes; 9
# description; Austrailan macroeconomic dataset
# number_predictions; 75
# predict; Credit-Total
# lag_parameter; 4
# horizon; 1
# name_prefix; aus_macrodata
# method; dm_FactorAnalysis(copy=True, iterated_power=3, max_iter=1000, n_components=8, noise_variance_init=None, random_state=0, svd_method='randomized', tol=0.01)
# prediction_type; rolling
"V1"
3.80403506625927
-0.195812006089545
-1.22940218010229
0.287786831532631
-2.4137503213744
1.09308885305411
-1.85005838443458
1.55786091316077
5.95250413599958
-0.721554319051899
-1.05647922634695
-0.582293623345313
2.28643444553701
-0.0367960037521963
1.04143530944453
1.03590429548843
-1.33321119751536
-6.14103378897214
-1.02178039097717
-2.33269798314438
-2.08893891320576
-2.11945712441634
-0.871193268271716
-5.56815763355835
-1.61702378533394
3.3529866742926
6.25714583706639
6.2482434809277
-2.21618445452897
0.206424510322037
-0.821963780490954
3.57644404300319
-5.00654618549403
0.504884917868213
5.59612702729629
6.74679347563257
1.25034336363904
-15.2579381993755
4.23604322979715
5.63073982909854
3.71898801322566
0.762215490406811
-6.81460555966307
0.256115946100726
-0.513350078213362
3.95348994664954
-2.98006108273454
-0.304850014756533
8.48860774953538
0.194373870857527
-2.57286552403414
-17.1824935104834
1.5286101245686
5.58759294107614
-7.45036348624686
-0.21475767610379
0.113145767844417
0.881520733250098
-2.72406688390338
-2.58741527978469
-0.407484669744268
9.75396551688148
-2.21519100563976
2.65918374861941
-0.56577908306573
-2.79640907908231
2.30606957211528
-3.42004121657545
-2.14494818627429
0.716096209978627
0.897311135362914
1.71593393445076
1.19766182289765
0.823098765018985
-0.282236063421949
