# predict_model; Vecm
# max_attributes; 15
# description; Austrailan macroeconomic dataset
# number_predictions; 75
# predict; ExrateUSD
# lag_parameter; 4
# horizon; 1
# name_prefix; aus_macrodata
# method; dm_KernelPCA_fit_inverse_transform_True_kernel_rbf(alpha=1.0, coef0=1, copy_X=True, degree=3, eigen_solver='auto', fit_inverse_transform=True, gamma=None, kernel='rbf', kernel_params=None, max_iter=None, n_components=13, n_jobs=1, random_state=None, remove_zero_eig=False, tol=0)
# prediction_type; rolling
"V1"
60.6051878217549
-72.846790656238
28.527252502339
-4.7915065798295
14.5220432259707
0.304751429635376
-26.6597626064615
-12.1763435183432
-7.18755994211265
-45.7708394854275
-10.7956994985267
2.05407167374338
26.7196313511092
13.5579559368637
-13.3250544545736
-4.81699643590218
-20.9001096559668
-3.28720602454211
-28.9579774220364
-30.1228589009913
-13.6140885147172
-24.1005845032267
10.1631372575228
8.39850830528317
-10.5033231433049
25.9744839966236
6.12249753363456
28.0491333707416
12.3201216690427
38.0760812374863
35.3024442598998
15.8653293997387
43.9991753555691
4.70554716296691
-22.0757188316173
-2.56418798878045
57.1332549528329
-38.7093109457471
-30.5367610745407
4.7429758451164
-7.75888637966531
-10.0551520921466
-4.63482301455515
8.56113996248617
3.31617795894691
21.8042952810298
7.86492294935137
18.0936742514165
46.413503399362
4.12439126019411
-46.7075825187428
-38.3853493233096
-26.6974003891901
30.6321341429571
44.5995750449731
81.0297998821504
-7.82872014860817
-19.5359488461057
71.8678947961875
70.2058052242308
-14.6441268352711
57.2990973862986
-29.1439065785734
10.6283939946552
32.7940280545409
31.283794117383
-11.9937870146839
-34.2021161083049
0.0881346269769054
-29.9247556455687
-55.1687171925587
-7.41303843229812
22.111348741267
-24.3940438320623
21.8088284748665
