# predict_model; Vecm
# max_attributes; 15
# description; Austrailan macroeconomic dataset
# number_predictions; 75
# predict; DomSales
# lag_parameter; 4
# horizon; 1
# name_prefix; aus_macrodata
# method; Hits_granger__graph(n_components=10)
# prediction_type; rolling
"V1"
3.22989685699471
5.83218047479938
-1.2519785535955
1.06315511608083
10.0067420607154
10.8907308342745
11.0237001362567
16.1655150417025
17.4160127413644
5.52737904933325
5.71004994279417
-3.20423190403888
12.4613891477379
-2.18889612218018
13.1434265824828
7.52501064971068
6.74485145897164
3.33382077417515
-6.16578984951043
1.74803974130163
5.49497918684432
-5.34320546713481
8.15056762841548
3.49195225042539
11.4738900148952
10.0727586998866
19.6832574100434
8.69488992526604
4.14292516399769
10.8307709462464
2.71799421308818
4.79931972367514
17.5952609954336
11.121717024198
-7.2886041816476
6.7615407094173
5.12408683932773
12.9594987394792
17.1586660340392
6.19694818267867
4.86711438768501
3.85472854571406
8.29267435610894
12.7899565852211
17.6654201081084
8.56277436109022
0.86489329026397
4.66280584235339
16.8744206871101
15.0839912306265
8.43376250377167
-7.66678866198982
-12.4684801783702
-0.714822316423699
-3.77659643861803
23.6200692076173
11.7793329977526
-1.73844339869285
-2.96540933280415
8.58486188921997
12.1745515783949
5.78818307123781
11.9431702498975
12.6886162907295
6.36495767538879
10.4562954719928
4.79001864792413
0.187984279363669
-2.66113428450492
3.38973533033519
-10.1358720877391
8.21371336238779
0.727631890202037
7.43622308813049
-1.25504824201133
