# predict_model; Vecm
# name_prefix; aus_macrodata
# description; Austrailan macroeconomic dataset
# lag_parameter;4
# number_predictions;75
# horizon;1
# max_attributes;15
# predict;HStartsVIC
# prediction_type;rolling
# method; Part-GFS_te(n_components=4)
"V1"
21.5341511249882
-1.49000989560291
19.630960594369
117.786126948826
-52.0286277967809
18.495702283719
-9.31137085651602
17.3361837008672
-5.54019780929318
21.2772690562413
-28.5539782711033
14.7340513908745
-1.93398412359712
36.9988080548101
-4.97694548472048
39.4405488258651
-39.9191010704813
-26.9259085504687
-32.1053790028277
22.9392851551537
28.2879815472939
58.6313410148157
8.92927876435418
-19.6812227313019
49.4162049451638
-16.353633508587
-18.74513723479
6.25211441118087
43.4761760091075
-7.33646599999068
-66.4769196522458
10.7586179831637
33.3936307512871
8.89899727424798
9.61227652202733
7.00703442735711
6.41474440355905
-2.12052281196372
9.84948886588552
27.6831754460526
13.7852561566421
19.770600114058
-12.1224844025527
6.31742740104777
7.48826911615338
12.1948582918578
-5.31964829384501
0.521873011317315
3.9271521920306
-1.85992270176991
-10.6269604989712
-3.06467820157697
58.3096067909539
-15.4811925132652
-26.2439894391321
-24.2209733707298
-53.3080396584736
-11.9541646294577
-15.6003045801966
17.4784614540143
-20.5265226505822
39.3694216608653
-15.4863536737222
20.9279332739179
-39.7261932827744
-3.90268989060341
37.731037627544
1.47436441231736
7.94386213363994
28.2251231607936
-4.73958849928023
12.0352615649174
20.803394461558
-18.8601047459515
4.00072784923436
