# predict_model; Vecm
# max_attributes; 15
# description; Austrailan macroeconomic dataset
# number_predictions; 75
# predict; Emp-FtPer
# lag_parameter; 4
# horizon; 1
# name_prefix; aus_macrodata
# method; dm_FactorAnalysis(copy=True, iterated_power=3, max_iter=1000, n_components=4, noise_variance_init=None, random_state=0, svd_method='randomized', tol=0.01)
# prediction_type; rolling
"V1"
1.23367347941032
0.859743672797885
-0.989515077808894
0.481104142703846
0.134327439423623
0.64471481344161
0.447775076948987
1.57498141987372
1.87415345510399
0.69742107218213
1.2046409614223
1.74336317266121
2.56381195677198
2.57784242997948
0.915724629179522
1.66393990281746
2.35072259503835
3.67499190600139
3.12994153965924
1.64140550742951
-2.14246538969277
-3.36301767854782
-0.844478309490961
-0.62025544385942
0.576312828656113
1.53863370937957
0.257525255801074
0.812753847375792
1.7427437646547
1.15335478025731
2.22410595503756
1.44309148484285
4.0681234357585
1.51767593564904
1.12393812126202
4.05219560918221
1.16638528387593
5.59631131098227
3.58216411126718
1.51276734612882
2.13316550674957
2.46946116960777
4.23623407803638
3.04845634228958
2.84142391503093
3.89737722888797
4.33239309785786
1.42410614371854
4.9880152608284
2.20962948215707
1.75265198004452
-2.84471749190025
1.62752259173063
-1.96789616062182
-0.113840019859656
2.28288218858644
0.033009401343558
0.532433989443167
1.84106183686852
3.49722059715149
3.3149308676762
0.595684542120945
-0.962847141946098
-0.376724696555663
3.41059650452972
-0.202845805948814
1.39059269760165
-0.491141903767652
-0.273249986745659
0.0910656986673753
1.08686986665654
0.178464712862555
-0.159015103974556
1.0686893032001
-0.94431079132095
