# predict_model; Vecm
# max_attributes; 15
# description; Austrailan macroeconomic dataset
# number_predictions; 75
# predict; Cap-BioRes
# lag_parameter; 4
# horizon; 1
# name_prefix; aus_macrodata
# method; dm_PCA(copy=True, iterated_power='auto', n_components=11, random_state=None, svd_solver='auto', tol=0.0, whiten=False)
# prediction_type; rolling
"V1"
-29.6466142797092
5.34358361437192
55.4541754166072
-19.5053645279561
-2.14952905523926
-6.06639498454382
55.4013813134306
-50.9600638891198
-8.19649860828673
113.741147502613
55.4084582992806
-17.6840704269413
-9.12192587177105
15.8129033422687
59.3321865254297
4.07058918180919
-21.5525447858188
22.1523294569848
-46.9562246307319
6.18854729103729
-20.1260279239231
46.9660472484573
88.0833458783847
38.8191928574949
-57.1206454926097
-9.99421322900892
-52.3676143160868
-99.9350762921145
-59.2612398433351
74.1654567867323
127.738564908204
61.0256558531125
84.8759186198502
-57.5385492056467
-42.0147316910423
-4.21223627892895
-17.936186046312
25.2934793635378
24.4914247431601
16.713583391709
-11.6804927734842
-36.0324546503998
-1.94463895261957
-28.8027697415353
-42.9250982218538
40.9753587508202
57.0426310021492
-33.5341651635349
-18.3432819967234
18.7342397608529
-78.1626945800579
-28.2745218154464
27.370868415405
61.3007668199597
10.5682182128297
-59.9580070038725
-48.4301236134839
55.9132340053534
184.843942569825
1.17826051608505
15.7272424999116
-14.7123110309164
-26.6685612174126
-55.5324107315597
32.6365640338082
-36.0691223826453
33.0423551500119
2.19150322936889
-65.0499536524418
27.0441988219171
-24.9778065657109
-22.1961335310147
-27.4875144171575
-5.00327767601757
-15.0298458778953
