# predict_model; Vecm
# name_prefix; aus_macrodata
# description; Austrailan macroeconomic dataset
# lag_parameter;4
# number_predictions;75
# horizon;1
# max_attributes;9
# predict;Imports
# prediction_type;rolling
# method; FCBF(n_components=2)
"V1"
9.86556683181592
15.7159229663864
14.7544643524447
13.2978884032227
13.8015635819382
14.0551176104234
14.9253429680979
-1.08716350581478
5.64590714365123
10.9014462465103
0.166804793316922
0.719681511582932
8.53881457986491
9.75544205431749
12.4820877707912
20.0354921103358
7.51554637202464
8.45232631795811
3.58425964298439
-3.77256147642869
-11.3110414189093
-8.36701822963002
-7.52477849665344
2.08034647991347
17.0044528458393
21.9103904192094
3.49427709429114
23.2870058696932
16.30027101681
5.32308915475123
10.8389519368689
14.4215074569116
20.6444673451413
17.9000387239898
9.19254707843798
8.91906693917543
14.4888013958228
11.3197061912394
8.8907831524625
4.26169054365836
9.07528365455706
11.0070611624092
12.2567303172716
8.67123705275216
18.9637228092235
12.3641084592502
10.4515866557423
9.83354946821873
21.2640937660653
17.1774983299413
10.1377971475487
-33.2648715331914
-35.7431379250206
-16.4405251804651
16.4024594328835
30.6233858657943
21.2272189641127
11.9851054969342
-6.59743642788662
19.6635226474084
5.55250619714128
16.4861458122274
16.7484491418714
1.18829206802388
6.71488012551974
3.50982970139655
0.218705275579394
-5.94054834481889
-10.8153380267593
16.3337251980832
-6.82629813812406
1.1839626860154
-15.8950643754769
6.21353511956736
-3.16215206003827
