# predict_model; Vecm
# max_attributes; 15
# description; Austrailan macroeconomic dataset
# number_predictions; 75
# predict; ResInv
# lag_parameter; 4
# horizon; 1
# name_prefix; aus_macrodata
# method; Hits_granger__graph(n_components=3)
# prediction_type; rolling
"V1"
-20.3712194748822
-17.1777624764764
-2.03779327915742
6.18407785622336
16.7528168628807
22.0919266098931
22.7218653388883
21.5113163997874
17.3879553695722
23.0097306991131
-1.78348399560134
5.52688016252271
17.2294866519595
20.525878637127
24.3162883236869
23.3937895811243
21.6800136368114
26.9735593299709
-54.0038410857906
-15.5645712084622
19.7871974808622
-2.68057346049181
60.0435230275795
13.0956431114927
4.46694417209568
15.8665972934561
2.79877274772336
27.83647444568
11.2115457233168
37.3597265299616
46.1326102485249
-7.99825777788056
-13.7355471189334
21.0982965828637
11.1913409194067
-5.26477602714916
6.39158596922844
-4.23239446262455
7.20208886284047
4.5523399412979
-4.07201033686747
0.381628431566234
-7.87944936626023
-7.74653403728335
16.5762508878927
22.9534066064383
12.5420903151058
-23.3316850148201
9.6597581656504
-13.3351678372641
19.6257262513795
14.728935247478
56.8318337062673
36.6600128992072
1.72734434675345
-13.743365058275
26.4930614345521
-10.5460180240395
0.274072133846472
-15.7186359069525
5.87924212598044
-11.3744921737252
-1.61014275900713
-2.90303998941424
2.38310809830757
-7.14274478472612
-3.29066735776347
-8.26707250069468
-10.9435636940545
-5.9447855519353
-6.71248422520932
3.76899538332475
19.8352316693565
15.8760371904392
13.3361552318102
