# predict_model; Vecm
# max_attributes; 15
# description; Austrailan macroeconomic dataset
# number_predictions; 75
# predict; Cons-Edu
# lag_parameter; 4
# horizon; 1
# name_prefix; aus_macrodata
# method; dm_KernelPCA_fit_inverse_transform_True_kernel_rbf(alpha=1.0, coef0=1, copy_X=True, degree=3, eigen_solver='auto', fit_inverse_transform=True, gamma=None, kernel='rbf', kernel_params=None, max_iter=None, n_components=9, n_jobs=1, random_state=None, remove_zero_eig=False, tol=0)
# prediction_type; rolling
"V1"
3.22840678204606
86.1186620405327
-57.0064609659882
36.5875042761765
15.7785311984918
-0.411056586930127
22.0607891521855
0.328452771511554
-27.3058570515756
7.78587555588127
15.0110387158709
16.9817152588723
12.9593381711081
-66.1737249141793
19.7844184873365
7.92878686160336
-18.3636633229564
45.8355856927745
-12.8778460479858
0.908823573205629
-2.89462395476388
0.432273076347272
1.08921986898096
16.2231385213866
15.5814905316011
-12.328242439407
-5.02056265963284
-4.05828951569261
-3.81299400236685
7.66854346067298
6.36241140108554
7.33885878509619
6.96179520416319
1.47935711484485
-2.04646397573304
0.0555656376283353
23.0453139958906
2.98414907548309
-19.0286908364845
6.36522704195727
0.437417517342896
-4.22804279448717
-4.46202429523238
9.80018182323527
7.89398975822364
5.92181275495925
-1.24806403131142
4.29644457534687
6.53460144524739
-3.67640776915326
1.361966077103
13.2725194295793
5.01797446958966
3.24026734000331
2.13045973868257
6.95136708748197
-0.179062105106222
1.44537805687575
1.25044615019727
6.84962802839423
7.67959565013251
-4.05315400762891
5.93189594118589
-0.924412192680067
7.93696955169794
7.43853112595218
-0.417569814747793
-1.08974709821127
1.89763691943816
8.04771851406179
4.03058744300259
1.18391430319723
1.41734064188807
1.3307936854138
2.01597364245825
