# predict_model; Vecm
# max_attributes; 9
# description; Austrailan macroeconomic dataset
# number_predictions; 75
# predict; Cons-Hea
# lag_parameter; 4
# horizon; 1
# name_prefix; aus_macrodata
# method; dm_PCA(copy=True, iterated_power='auto', n_components=5, random_state=None, svd_solver='auto', tol=0.0, whiten=False)
# prediction_type; rolling
"V1"
-12.161788006898
-12.7232875635065
1.23689851231705
-12.0849222094684
10.5011599173955
1.24008518248262
5.17290198716184
-0.18498748515843
3.31073901302359
-7.41975215572058
-40.0048048417459
25.2685977918929
6.98998502039276
5.00030198058982
3.88201080044639
20.0622028784152
-14.2298452689681
-23.1106587901284
-4.60373045354969
-6.96301407135709
14.8364992284825
-17.5646618380253
11.7640100222531
9.88398216495473
-8.83442625024427
4.90527244838918
12.824344824759
-4.3755179476445
16.146033349689
3.59173333886872
17.3285688573259
-15.9122344594121
12.3278023052483
19.0436266332839
-4.95169131152837
10.5012246364615
9.18250168225894
-4.06058372574944
-13.7071507096175
1.25437048215185
1.53367227529937
11.6132255590619
3.34634603920031
2.82434895100377
10.3319636471938
-17.2603499694318
9.29963638574004
5.38340463172111
3.35521483704474
19.0680096362895
20.325175508036
5.60464611326495
13.4929798715151
-19.7085218608857
6.13022236503148
11.2951300628184
14.0025706530555
13.8947089455738
2.39266557121351
-9.03272868006968
1.64865522935528
5.40599880774218
0.995386988781252
11.4499413113111
-0.785654607223259
5.03480546965322
19.291224760772
8.62944008964108
8.18344096220081
5.2778717333232
4.02736437635189
-2.1205572579381
5.53278421297045
13.5574705202395
5.16144988358186
