# predict_model; Vecm
# name_prefix; aus_macrodata
# description; Austrailan macroeconomic dataset
# lag_parameter;4
# number_predictions;75
# horizon;1
# max_attributes;15
# predict;M3
# prediction_type;rolling
# method; Part-GFS_granger_graph(n_components=2)
"V1"
0.830198844701837
0.377617709236501
-3.93755999417589
2.62920948943779
-3.51458300562759
-0.921176047114263
-0.674760588605122
0.727992433540243
-0.259784761699765
2.21516729812677
-3.96083854935699
-1.5002004556776
1.22228248693704
-3.80563695249965
1.74433684899815
4.3479270260134
-1.05355505992221
-5.50834969596431
-4.36540095756832
3.54850501067754
-0.583063050597525
-2.69834966766592
-1.21953023157166
4.94841835019297
0.917927210659529
2.7493485800274
-11.2802297333948
-10.8013592697747
7.82222172696278
-7.56327275226373
5.62552577778452
4.59549592215661
-5.35861934063684
2.52338428427721
5.11263551317146
1.7121255503609
0.759923423939226
-3.03002263539732
-0.96249805705613
0.788863134016461
-3.04090369854228
-1.24183938311806
2.52934242063838
3.36317260144853
2.01932783050856
-0.634046589621671
-6.72643259030198
-4.88796922411963
8.9815597227187
3.34558357750025
11.9625163656396
-14.3456797166746
6.13292351238923
4.90697799899203
-12.3737887696866
-2.68137815027146
-5.09709620816728
-14.503614052523
9.31990273965
-2.5892372566413
5.59378667623055
-1.20958539369462
5.35178668415672
-0.418514695373851
-1.84146029705636
2.51336708113871
-0.197216626956792
1.65666932083143
0.57971666106963
-0.319111631803307
-2.19108816047814
3.33481804666521
2.62625600366461
0.30515611383888
-0.0540686290564596
