# predict_model; Vecm
# name_prefix; aus_macrodata
# description; Austrailan macroeconomic dataset
# lag_parameter;4
# number_predictions;75
# horizon;1
# max_attributes;15
# predict;Emp-JobVac
# prediction_type;rolling
# method; Part-GFS_te(n_components=2)
"V1"
-6.64370459420438
-34.3496022084893
1.57175371826165
-19.2193729713228
-1.2117119839262
4.98309377390214
0.64718964654133
14.0255034671292
13.3317770955776
2.55878106331296
-1.14442616297599
-1.58781701617407
-1.69563730631772
4.109020747238
2.1167707091138
7.51029400080955
-2.2015085637761
-4.52663017151016
5.10179293269066
2.9211494448247
2.22510358410985
-0.695277769732734
20.2625987852844
-2.20771494139289
-2.62552658178124
2.84662455986786
0.729319165727951
0.763592390507128
-6.71724283279624
3.56697086620714
-0.17699880480585
-5.31071063072773
7.00524616407337
-7.18128370913297
16.0524670113182
-7.3811745248831
-2.57028310577251
18.368271609457
-15.0224491850317
-1.40818758632336
5.59948208504804
0.174606877323594
8.36725671258359
1.8271334199385
8.32764055322023
8.89204006023056
-1.67788407604904
7.80748988424324
1.69996742883069
-1.89497878708347
2.13876622607801
7.91859634969318
-2.34522243926709
4.18103943429267
-1.28039009999059
-3.30848740370189
-2.67086364005772
10.9812868941
2.34836070669907
-2.61268328954255
11.6800114327556
3.59559495040183
0.693668724418812
-3.89694876058638
0.797668534144075
6.98142227257504
5.93097632334541
-4.49569895676862
-6.71737139541666
-12.9527106533083
-4.87108317596423
0.947921860777427
-0.0995982300376475
5.50608976063173
-17.1316792762567
