# predict_model; Vecm
# max_attributes; 15
# description; Austrailan macroeconomic dataset
# number_predictions; 75
# predict; Cons-Hea
# lag_parameter; 4
# horizon; 1
# name_prefix; aus_macrodata
# method; dm_PCA(copy=True, iterated_power='auto', n_components=5, random_state=None, svd_solver='auto', tol=0.0, whiten=False)
# prediction_type; rolling
"V1"
-12.1617880068855
-12.7232875635014
1.23689851233343
-12.0849222094549
10.5011599173658
1.24008518252236
5.17290198714948
-0.184987485165378
3.31073901309798
-7.41975215555957
-40.0048048417075
25.2685977919098
6.98998502038645
5.0003019806178
3.88201080048302
20.0622028784244
-14.2298452689572
-23.1106587901977
-4.60373045357544
-6.96301407137806
14.8364992284081
-17.5646618380195
11.7640100222907
9.88398216497863
-8.8344262502548
4.90527244840349
12.8243448247801
-4.37551794762452
16.1460333496239
3.59173333887418
17.3285688573759
-15.912234459389
12.3278023052408
19.0436266333132
-4.95169131152896
10.5012246364482
9.18250168226851
-4.06058372576052
-13.7071507096326
1.25437048214467
1.5336722752929
11.6132255590553
3.34634603921381
2.82434895097001
10.3319636471812
-17.2603499693606
9.29963638575925
5.38340463172988
3.35521483703992
19.0680096362919
20.3251755080096
5.6046461132206
13.492979871478
-19.7085218608488
6.1302223649599
11.295130062822
14.0025706530862
13.8947089456121
2.3926655712205
-9.03272868007708
1.64865522935545
5.40599880773297
0.995386988778681
11.4499413113
-0.785654607209611
5.03480546964711
19.2912247607598
8.62944008962937
8.18344096220153
5.27787173331767
4.02736437635579
-2.12055725792778
5.53278421295495
13.5574705202283
5.16144988358805
