# predict_model; Vecm
# max_attributes; 15
# description; Austrailan macroeconomic dataset
# number_predictions; 75
# predict; Cons-Hea
# lag_parameter; 4
# horizon; 1
# name_prefix; aus_macrodata
# method; dm_PCA(copy=True, iterated_power='auto', n_components=10, random_state=None, svd_solver='auto', tol=0.0, whiten=False)
# prediction_type; rolling
"V1"
-4.57045721216858
-7.14626951714387
-4.69097994884565
6.37667465002956
-2.57091477223201
-12.2241679319773
6.58188593386359
-25.4501796377555
-29.636942678786
39.4759272723414
9.53482879400885
24.4904841748891
1.55241302821768
13.8628845514337
6.16952158856709
20.0151546387087
-3.67010471128772
-8.44745236198515
-16.2701451255102
36.1584211962263
1.59039682866738
8.95033169431458
-1.38913053955071
8.39913150949485
-2.05039616046899
3.64062385031997
19.9517331319113
1.84432130544788
2.69345421371457
29.8855473741131
38.8532904709568
-11.5224674136035
-9.22364377351214
23.2778997741178
-1.2826847017102
7.2282462290014
4.43597360524212
-6.04438998736965
-4.05169217378279
5.62923501142281
5.88605341416347
6.32187307086418
14.9372214006641
1.18362546198203
11.0813338277409
12.2266817079972
5.0915545027742
6.12805605693339
10.4444819428609
17.1234867296677
-12.6346415448538
7.89806834629843
-7.52939989604454
20.4101350551852
6.57060693567195
12.526829181866
11.0964359079605
-7.25789692793723
1.86945468066247
2.48599276951638
7.22502157074444
10.3960923929399
3.55490534848373
1.47214623606972
-3.04717115891269
12.716654071192
10.3533575906302
21.2852766076117
1.64320330710258
-0.860165230631833
7.52772801324344
-5.49742173660976
6.31868569089502
5.19021183894097
7.47698000111533
