# predict_model; Vecm
# max_attributes; 15
# description; Austrailan macroeconomic dataset
# number_predictions; 75
# predict; SPASXAllOrds
# lag_parameter; 4
# horizon; 1
# name_prefix; aus_macrodata
# method; Hits_te_(n_components=8)
# prediction_type; rolling
"V1"
24.9800789187749
7.91641838628673
-40.3756156670698
82.4470785464084
78.1120156786935
35.0626161410906
-31.0505981221397
2.83003197193718
31.431158912179
25.735509430729
-47.3994650850292
7.13570716156969
23.1933329577061
10.2703879580981
1.40610903887749
19.764065326161
49.7198485576798
6.4355837882626
-25.4734618010127
-12.6609328554075
-17.501652846247
7.79368553300014
-21.6801569564478
26.754267417184
-4.83006220320062
-17.3049825989598
-2.51641255477783
-25.1818392413933
-33.2383813978035
18.2051762468358
14.4309027772818
1.94422628307773
27.4373104990062
30.8483456209123
-1.93988423083119
24.9691822326308
37.0917251560739
15.9941820261043
-3.61394715662005
31.7482569684146
33.2419958580884
15.6119403843315
10.6834896529649
12.1692299272584
30.5289597519201
22.2774208436353
26.974258735652
19.2391934014211
-18.6805425927158
-43.9540129023506
-32.1229216571433
-129.501510695961
-97.740595880479
2.07656854841006
52.069843136022
39.923358322624
-15.7411064480306
-17.7083967142999
7.49919388060463
30.8073508686839
23.530117422123
1.16733873721578
-39.1198844376161
-14.8487010191857
-2.04520080399981
19.4250992616052
1.079768146767
-30.1867172726643
61.3844084090973
36.9880860380548
13.119912028981
29.948446734406
32.1784892917251
-1.37661620304677
-4.76377635801367
