# predict_model; Vecm
# max_attributes; 9
# description; Austrailan macroeconomic dataset
# number_predictions; 75
# predict; 90daysBkbills
# lag_parameter; 4
# horizon; 1
# name_prefix; aus_macrodata
# method; dm_PCA(copy=True, iterated_power='auto', n_components=7, random_state=None, svd_solver='auto', tol=0.0, whiten=False)
# prediction_type; rolling
"V1"
0.770399524130113
0.882660121328028
1.36495628252887
-2.38896952502623
-0.422657752547107
-0.35616188701679
-0.0889258183695412
-0.587212716913021
0.34355037387118
-0.343422317184182
0.274242478266362
-1.12249776532472
0.289523658568393
0.231502100559912
0.532348349304701
0.807897530683439
0.215243030823267
1.38047992422604
-0.178858915650854
-0.282221217921691
-0.208691919490202
-0.99555843259205
-0.481652787986881
-0.206596333391848
-0.262720995035296
0.399536222220553
0.299285324373493
-0.384309468646119
-0.127656265995968
-0.492010454362636
1.11224268012185
-0.0395043398407298
0.115897533652225
-0.0669433970504242
-0.227980580794744
0.336298306040535
0.22106609543382
-0.0219374236631286
-0.0254374637381739
-0.0413788471968189
0.0553204784525795
0.313306522535633
0.271300324311415
0.0134086884482237
0.364159081315941
0.00584261596314774
0.147706763982835
0.423059908227065
0.361079523165836
0.166799278414739
-0.531864913680449
-3.92049378625993
-1.41145513065667
-0.510705901294899
0.0133392150438258
0.443249315511532
-0.506241778033084
0.442681356806213
0.465501579373746
0.0136332641205325
0.126629208235329
-0.150908443881457
0.197364669774166
-0.283322460664073
0.0581348327518718
-0.130116386397965
0.494275372403557
-0.376710829272116
-0.0478110266914253
-0.485537248511012
-0.134417705121189
0.217859800091718
0.0206606570508783
0.192471174536121
-0.371608722860589
