# predict_model; Vecm
# name_prefix; aus_macrodata
# description; Austrailan macroeconomic dataset
# lag_parameter;4
# number_predictions;75
# horizon;1
# max_attributes;15
# predict;COMMP
# prediction_type;rolling
# method; Part-GFS_te(n_components=5)
"V1"
-8.48011957792039
-25.4131462140233
19.9256241079793
4.7582884273914
-19.8381016447365
-1.73641456586825
23.3376272115425
26.8314089010705
-5.81368195596652
-9.69472838679749
-3.41688670987072
7.42353904539467
-31.613794823723
-26.8490448492403
10.351143378071
4.98039296661789
63.2698179355629
-41.6512842161929
-4.30268439283299
-17.4301420710455
40.1795582973555
-25.8539427986075
1.72114871126101
24.2287734427303
-12.6995108152311
28.1594681808003
-22.0156600859087
-21.4383018840316
43.7635694246862
-55.1317857281776
-55.5501562830163
26.8695959096053
-3.85630394575965
-40.2801349578174
-3.01985601621126
21.8838542419773
6.37552673040996
-0.791489628753835
43.0543649605293
-41.5128017395089
35.5283609242447
-57.6804590971492
0.657534053761301
16.3927285774778
7.83443290802635
42.5542431888655
3.01165031807333
12.2021490238635
-20.3075057955299
17.6269437847961
8.42014951039967
-88.9919534532908
-8.10978998497589
108.426174751628
4.57317112388278
-64.8810959008322
-9.97252582627551
-7.28493989542566
-25.7299282656072
131.501459727653
42.3185062112995
-27.1954749826172
-30.8023902567995
13.4350171244053
-26.2282212183663
-36.8690609615223
-76.2810833607533
3.71756261420172
3.79239504793496
-74.5798173551951
32.472036747831
27.746456853917
-20.3790867325677
6.67343121406251
2.05901047123382
