# predict_model; Vecm
# max_attributes; 15
# description; Austrailan macroeconomic dataset
# number_predictions; 75
# predict; M1
# lag_parameter; 4
# horizon; 1
# name_prefix; aus_macrodata
# method; dm_KernelPCA_fit_inverse_transform_True_kernel_rbf(alpha=1.0, coef0=1, copy_X=True, degree=3, eigen_solver='auto', fit_inverse_transform=True, gamma=None, kernel='rbf', kernel_params=None, max_iter=None, n_components=15, n_jobs=1, random_state=None, remove_zero_eig=False, tol=0)
# prediction_type; rolling
"V1"
39.4149806663128
8.08666957340512
12.7925536398593
-4.52397309080493
4.88127919720152
-11.323345812374
4.85516468562907
65.0932890725335
14.657961427319
-40.991704576368
18.769615934697
-7.53299831266528
-23.7946580855004
-23.0032434640033
7.64305645650289
6.70083962727681
3.02307753926012
-12.134550179362
-36.8031549027838
13.6357913204696
-0.897069414385971
-4.67422677752203
8.76754970657243
2.99473284683492
-4.442587037911
-37.4946274079096
-69.1692092735585
37.719604782759
-25.0409798139795
20.4782865644934
17.4896785536754
6.06967080588316
32.2183350760315
-41.4057773317258
-33.3915457296249
55.7797827382753
4.08512073861835
31.2025523655697
46.0095072834419
-27.6353241559378
-22.6364526428798
11.9282481959693
22.2068441342017
-7.37274589668103
21.6443267121662
-18.7419997864163
5.00041089413826
16.156625251506
-5.49454801818536
-21.3049051918676
15.0205623446647
11.9497833462072
-31.5203077542431
4.11297457949858
8.16846754173116
39.1545501807326
50.5859940671105
-12.5032158018768
5.98770790942345
-7.82554042927236
-4.075524466575
0.2513783697502
-83.0639078853214
16.9915864053589
5.20931207289329
-50.6189850511583
3.89426342661584
-20.1638312842309
-1.16002333845831
17.332658883646
1.64061287129413
-9.41944083832809
-5.3605221065112
2.23377962368319
-5.27772292809846
