# predict_model; Vecm
# max_attributes; 15
# description; Austrailan macroeconomic dataset
# number_predictions; 75
# predict; Cons-Other
# lag_parameter; 4
# horizon; 1
# name_prefix; aus_macrodata
# method; Hits_te_(n_components=12)
# prediction_type; rolling
"V1"
7.08493711926105
6.55947158447061
9.04501403726107
-7.02025327625924
12.0275639120868
-5.17837364691969
9.30669292698792
-9.57873982968305
-1.20947080360858
10.9396972681438
1.98583116192396
9.1213118339181
2.33319961940976
13.1458751651139
0.704281171938448
-0.891314858507391
-8.4661796530635
-2.49583144355381
12.4226195686848
-0.300861621344959
-2.91122127049316
21.544042983485
-1.14805139370977
1.67604013378739
4.32285747326057
1.71664754561082
3.69545352394228
7.2474837142158
-5.64962735117397
8.57803757315004
2.52604377060975
2.2531910506874
7.63820709895764
13.24768005459
-0.702905831068736
12.7312277487939
9.97611712252457
5.80985454756621
2.19273341065988
11.9149530562408
2.58520578340841
8.64616035304047
14.6172908211743
4.55499462230216
5.36940235445381
3.49067135385154
10.834910840677
9.50483724304752
9.46421383485502
2.3670062204364
-0.494162298099201
4.62503420320863
-16.6234687047839
-1.12560737837783
10.3048013185876
5.10998800221507
5.11339324940679
11.1074521609199
2.93400601208854
2.23761233656028
8.07674638355637
-4.7125719125132
5.20098272484716
-0.00611884528631004
4.04869780414727
0.774664968642017
-1.41855616351941
-4.09502332840075
3.83634456418022
1.64668353603233
2.27568103703663
-4.23330628015665
7.07788019989467
-3.05425619486746
6.47721282021296
