# predict_model; Vecm
# name_prefix; aus_macrodata
# description; Austrailan macroeconomic dataset
# lag_parameter;4
# number_predictions;75
# horizon;1
# max_attributes;15
# predict;HCE-DTA
# prediction_type;rolling
# method; Part-GFS_granger_graph(n_components=10)
"V1"
10.2521665303987
-7.31227327786502
-4.05706521212543
-0.857345862293496
-0.503678367329861
5.18177901065147
-1.47983616550856
19.8466718714189
-0.726751900545179
-5.83674022547511
22.9601253307964
-11.1733362213673
11.2758448586146
-3.68265311796639
-34.3950577314804
41.7171490444784
53.1754042073457
-6.15803105159539
6.02575724304742
-20.4439844428206
30.0013590883954
-54.7952192388494
-47.2339904145631
-15.9016848831642
36.6673760717367
0.907922926017209
-23.1937590963846
7.72903248844331
-64.215704390317
7.27073518954236
24.7171838823495
-5.19874964474279
0.961859272999347
3.28684671901177
11.8930058384615
9.44867950881301
-15.1389276223391
37.9103296051768
6.00335216213885
-10.7628643497056
3.79905616303376
10.8115223424421
14.5084039208427
-2.05709150262404
13.5353636781471
-33.5625263528789
-19.293138366179
-27.2736265617487
-2.8641351865773
-1.43483660782632
-9.00262019317334
1.75551193837849
0.322321872509131
-10.6929008845361
-31.8876783080529
6.10806060400779
-18.6524956664579
16.949086130387
8.16627568101593
16.0528313327758
11.6839963526032
-25.0763324285972
-9.50629554668058
-12.8408000651558
29.8951875883595
-15.570273557153
7.9666076747648
-18.5533543536996
-18.4519744068103
19.5147368644451
-28.8232218310968
33.2033411716215
-6.30641762468488
7.64205209519
-2.13442860893412
