# predict_model; Vecm
# name_prefix; aus_macrodata
# description; Austrailan macroeconomic dataset
# lag_parameter;4
# number_predictions;75
# horizon;1
# max_attributes;15
# predict;Unum-LFT
# prediction_type;rolling
# method; Part-GFS_te(n_components=8)
"V1"
-50.2872175460271
-2.09483667010738
2.95126326656954
-17.0749213035211
-0.0749262753875195
-3.51096774918464
0.557773828432175
-17.3355958503305
-16.1375339389
-1.08952213536083
19.0948666074107
-17.7275520298208
-50.7025833575482
-20.9121991821384
-7.17908967367502
-1.19910059837342
-16.6176005560389
-8.47461101112268
-4.40659259244726
9.35531127809667
-20.682550780484
35.0342544914482
17.1414165641554
-2.82930406910593
-15.3329794319159
-22.2668155179181
-11.7997233168869
10.3355666137819
9.49454839654721
0.682394138482604
-16.6735794815964
-8.96017991869072
6.24157638684231
-13.7934679064992
4.7999763901424
-28.1579140266985
-17.1006951883962
-12.5710791016017
-1.08075087228172
13.6220906527198
4.73636268553205
-25.9443760499504
-16.7033211323264
-10.9830787899532
-11.0576880257411
-25.3297478191729
-1.45223861604897
-6.1824772015673
-17.7341285376402
28.4282476329195
-0.790351558109792
27.7918977515039
43.2055520486812
85.9090166033775
42.4974496722809
-19.3741296748836
-20.4519338983052
5.51412518894913
6.8366240793409
17.0759590599133
-22.9352338286734
-11.7005221235551
9.85737178709467
-14.3580757502306
-3.14693433893204
-1.17461875938831
22.9653184097343
14.011570154675
7.64206701876433
28.3812600063506
31.4771371789539
-0.744643195087697
13.0379262661602
43.398665668562
-20.0703684903329
