# predict_model; Vecm
# max_attributes; 15
# description; Austrailan macroeconomic dataset
# number_predictions; 75
# predict; IP-Man
# lag_parameter; 4
# horizon; 1
# name_prefix; aus_macrodata
# method; Hits_te_(n_components=7)
# prediction_type; rolling
"V1"
4.79020296349529
5.33030665291727
3.42785786018227
-1.60883461824509
3.95868111930288
-1.58812111352617
9.50602517577608
5.54164117889299
3.04839038137853
5.23511611006596
-13.1485582908126
6.38058724706582
10.7753107889811
-0.163578361595777
-6.92774252402224
-4.81081862926092
0.723841899477146
8.13436613557622
-0.471954919611459
6.23611145738136
0.944282905167409
-6.61206111362832
1.67581318244331
1.37883083194033
4.43704643244716
13.8291755687598
-4.23405994233023
0.564060011398589
13.7034114755981
0.603704578096567
-2.02456538949482
0.893016424174927
5.3942567612012
-1.39422394286295
-2.62573734135079
4.49320516099588
-4.63817317509848
2.89828518686428
1.78079350968951
-4.61144238842595
-7.19806705425078
2.64979182205597
2.97412790317915
8.48267163949608
5.39868246967246
-5.32481130494186
-0.0662701223307516
7.60515974776479
15.575810545975
9.88415509143539
-7.50478905127359
-19.9206470494873
-23.1509861819608
-0.528167287740218
-11.1835145691808
17.7156399142901
-2.01618832924071
3.32951509592568
-3.73108509501381
-2.38227861258955
-6.49132627828393
7.34756195635628
4.61598926883723
-3.59364230215239
7.96432058221505
-10.8039082654509
-7.10059738303286
8.2925495066473
-1.31524470949893
-12.1118002426447
9.96240189311137
1.10444142019388
-8.31922701409222
1.46589398994519
5.47659858622601
