# predict_model; Vecm
# max_attributes; 15
# description; Austrailan macroeconomic dataset
# number_predictions; 75
# predict; Emp-JobVac
# lag_parameter; 4
# horizon; 1
# name_prefix; aus_macrodata
# method; dm_KernelPCA_fit_inverse_transform_True_kernel_rbf(alpha=1.0, coef0=1, copy_X=True, degree=3, eigen_solver='auto', fit_inverse_transform=True, gamma=None, kernel='rbf', kernel_params=None, max_iter=None, n_components=14, n_jobs=1, random_state=None, remove_zero_eig=False, tol=0)
# prediction_type; rolling
"V1"
24.3549850880116
-2.94386110104544
-3.82900302083223
11.2136102153025
-1.87082332641637
3.91710796717985
3.03336040745674
-7.19046472507947
16.7563533632102
7.76322696622137
-2.75322047043342
-8.44395134616184
5.5351139326028
-8.32909475840679
9.92305508249597
6.34144379224637
3.39599086750004
6.00271655266515
-2.16728051765751
-8.37385404253131
6.10819150156477
-13.2771687125662
24.7048299882349
-3.85201551673401
-36.1765013629938
2.36142631405914
29.5822972736301
-17.4452462366651
7.43478784632919
11.7898764193486
-9.33300573916376
-11.3156669247838
4.75700476182632
5.08626553393372
14.7998141596085
17.4828569479693
21.5254898967029
6.65090039815547
-10.7307354683352
5.93915411981543
-7.45251753322234
15.4356206514049
17.5895160256405
-6.99337608315673
21.2313728364873
9.475004713505
-21.5261805963726
15.4257877179597
2.76123574619309
16.0156722454793
-4.28426423441024
-6.79148371244011
-6.3024224932049
-6.63763901132436
-4.80265430499461
-0.71926734402723
7.53143344854406
12.3307972417063
19.7529260643957
0.938481643307689
14.4777616421712
-15.2935551895231
-8.76521753657227
-2.85879014834514
-12.4917565829543
2.40271293808745
3.4258025806828
-9.25880247610798
-15.1469610298965
-6.51010175801104
-6.46447880153231
-13.9719458309747
-28.0607888444105
18.0179597744122
4.06791423571012
