# predict_model; Vecm
# max_attributes; 15
# description; Austrailan macroeconomic dataset
# number_predictions; 75
# predict; ExrateJPY
# lag_parameter; 4
# horizon; 1
# name_prefix; aus_macrodata
# method; dm_KernelPCA_fit_inverse_transform_True_kernel_rbf(alpha=1.0, coef0=1, copy_X=True, degree=3, eigen_solver='auto', fit_inverse_transform=True, gamma=None, kernel='rbf', kernel_params=None, max_iter=None, n_components=13, n_jobs=1, random_state=None, remove_zero_eig=False, tol=0)
# prediction_type; rolling
"V1"
94.1116448134934
-62.5588645610763
7.91479887217698
-17.4285074729977
23.4233382371843
-10.0517091239433
-14.5747494982677
-16.9246905273678
-2.5522301737593
-32.5530942470757
4.96445841464052
-108.45671735134
-14.8973902547856
21.4646430072432
-9.00143756613526
-21.8996931147661
-8.41937882527685
5.38952750781212
-24.6174534644211
-11.7073050971061
36.6600598113124
-9.80661699454759
21.0107592224907
11.7247933470463
-7.03561487105453
12.626811496102
-64.7403063132932
68.9340725349248
-22.8804086740329
39.4824858277327
0.771821722340658
-36.5163205569962
-15.7258014410898
34.6766667741735
-15.163569310329
23.8451082898338
-0.0796340796954973
-46.7848984868105
50.9913408939889
0.795579434484834
9.36927083935579
2.23551046083836
1.1916760973726
19.3895175294986
18.0369023051365
11.3393069800302
4.37413181512078
25.1361801007352
-7.14650153289307
-8.10454802626326
-90.2479230309657
-79.1303557023866
-38.3141407896118
28.2331581716436
53.2278713842956
57.4606190535147
22.0686073468011
19.7588844010805
39.4285581324326
-63.6994527167301
-70.2204845979155
58.6372252127128
-78.8168110691367
24.6004984871545
-18.5935156801717
50.7071762728171
2.63129547589282
-35.4694788332886
44.2266895201862
-15.7150230627078
-84.7243944050962
-2.81187439794767
62.3985223856228
-53.0815957987265
35.1870211982136
