# predict_model; Vecm
# max_attributes; 15
# description; Austrailan macroeconomic dataset
# number_predictions; 75
# predict; ExrateUSD
# lag_parameter; 4
# horizon; 1
# name_prefix; aus_macrodata
# method; dm_KernelPCA_fit_inverse_transform_True_kernel_rbf(alpha=1.0, coef0=1, copy_X=True, degree=3, eigen_solver='auto', fit_inverse_transform=True, gamma=None, kernel='rbf', kernel_params=None, max_iter=None, n_components=9, n_jobs=1, random_state=None, remove_zero_eig=False, tol=0)
# prediction_type; rolling
"V1"
33.0527043905827
-49.9475036979993
7.49391094197199
5.33471259627228
2.46212518199804
-1.38454315376551
-9.31475051417063
-11.5081202868549
-6.8275840859204
-61.6767445928716
-11.1451710536944
-9.22821064294652
56.5554492224004
-7.19213925278426
1.30437319306395
-8.6163973840377
-13.516788017734
-12.0148297825595
-24.5514766797304
-11.0183320685699
-26.1585936511772
-1.73151448478393
-6.63970379119258
-13.6339400541034
16.9171406039892
21.201399410007
22.2095269471965
9.1379476076926
8.44971998359251
38.6642359597697
37.2489572947496
20.6828563383748
17.7112049161234
2.16731120557431
-23.6443810186789
12.4838062109176
26.5277205844023
2.03831773960753
-8.9752787455402
-8.67528784365227
-4.29558401861963
-3.16625691388043
17.2637837510237
0.437728014551637
9.25493249583437
18.4669092978801
27.1102239279426
17.0366803942849
8.07528843113108
9.11642120150981
-54.2107318147752
-36.8902406632508
7.35843560647149
47.5286785813454
27.0132644427537
57.8582044294309
-55.8909023935616
4.90119346457771
47.6192760048433
40.0473634774146
-53.6055712240697
-23.1728674140423
-35.7531042304811
-16.0656057622328
46.7096933851603
3.66964993913004
-15.7889051378016
-27.1478209694952
7.95251590637163
-25.6287724722169
-77.1411235771364
19.2909284956106
15.2828370337938
-10.7056015272904
15.0557520968803
