# predict_model; Vecm
# name_prefix; aus_macrodata
# description; Austrailan macroeconomic dataset
# lag_parameter;4
# number_predictions;75
# horizon;1
# max_attributes;15
# predict;HStartsSA
# prediction_type;rolling
# method; Part-GFS_te(n_components=2)
"V1"
15.9356345672527
-39.5659392267877
-10.0671591278054
-48.0681381367722
3.69581649046637
-30.4426984951889
4.40134876604925
29.0460286996426
-59.5538137048504
-102.847134146532
-13.7129385418025
54.7367352742567
59.6550584214912
15.7707831604842
33.3368594522711
27.2504345160617
3.62685395375379
-26.5551154402219
31.7842078027763
-1.26201992316502
-1.47288964505867
17.2499838276303
2.2338570485725
10.9586903016373
2.92277399204804
9.48770370558702
-4.26347322272324
4.95952731446139
9.50936111013792
12.3729560557447
-12.07777693507
-11.7135994244092
-1.01666693590077
-5.57762340844036
17.7818523833639
26.9200134705022
17.4872153782609
-3.9977056140232
8.58817821780299
11.2431959607236
3.89734115658723
9.81828448431481
13.8387541121543
1.1465143247821
2.43708776639324
-1.87118677176984
-5.33273034813403
-6.34683881543925
-10.1135095254978
-41.8666186769802
-27.8339265964655
-1.86185265651728
3.84849499712433
-30.3050499899643
-34.9438536080912
-14.2977615703298
-5.00877061194225
9.74973554698536
-13.2066003335565
-15.6593014285589
-19.5033337319804
-16.6970935522742
-0.117403367414473
-17.586903500508
-15.4681519782695
-9.3729388782729
-6.76531422940312
10.2639704991537
-0.183891396972726
23.2549879069108
20.0591456004074
-0.642350373805058
-17.7933031875472
3.41383368687268
1.68277135549899
