# predict_model; Vecm
# max_attributes; 15
# description; Austrailan macroeconomic dataset
# number_predictions; 75
# predict; Imports
# lag_parameter; 4
# horizon; 1
# name_prefix; aus_macrodata
# method; dm_PCA(copy=True, iterated_power='auto', n_components=8, random_state=None, svd_solver='auto', tol=0.0, whiten=False)
# prediction_type; rolling
"V1"
15.7305684002787
16.5442015736235
2.9943683894544
9.02195242753569
-2.33419118328744
21.318206191657
16.0415606840765
-2.73164044729233
40.1675392212207
5.18826851381609
1.08564734540388
-4.87107521366784
17.411102125772
15.2432222713325
10.6704168287442
4.30451047799073
14.1774222051274
7.28761768409619
4.59589649244926
6.92942238938736
-17.6424614187011
6.68924041229977
0.00194114857946648
-5.22697801570529
-0.321277606423602
19.7146284088212
5.07262757882098
19.0312648244679
19.8307217277698
-7.04495011771879
9.5658107391718
15.2082746879917
23.2014423667139
17.6483097633727
8.365986746333
15.0515135936633
11.728236310585
11.3761216624838
2.17506297375473
9.38254949894888
4.14142701000436
11.8712985370306
6.52638244254163
9.18106548634453
12.5996903449251
10.9841088940989
5.62229617041891
16.3494001309905
18.5352698533534
16.7897021410749
14.2843794063568
-50.1162232304385
-26.0483176230402
-13.6169163341663
4.61508273365458
25.5029988582887
9.50312619510766
13.4719081193013
7.34375126919912
10.4484996550546
6.71359730495108
-0.400983202681261
11.5449289907608
10.0678139986341
9.12400861348378
0.872360272994866
2.18179696179137
-4.08983894674169
2.58215940874993
-18.0180637216088
5.80441255393491
7.19673250914126
-20.2380412865749
4.01311663027554
3.31156434585523
