# predict_model; Vecm
# max_attributes; 15
# description; Austrailan macroeconomic dataset
# number_predictions; 75
# predict; IP-PRM
# lag_parameter; 4
# horizon; 1
# name_prefix; aus_macrodata
# method; dm_PCA(copy=True, iterated_power='auto', n_components=4, random_state=None, svd_solver='auto', tol=0.0, whiten=False)
# prediction_type; rolling
"V1"
1.66276940398225
0.525994804136655
7.73903343970581
17.8093868013259
11.9079556203059
37.8662570213485
-19.6956002806406
3.35135137364411
-58.7438553417194
40.8382276195447
-71.7874157722624
28.6355950871649
-16.1630507482729
71.5481868540089
34.8834661255435
20.822330261267
30.0985788640226
-27.0964353798844
20.5631523019916
-8.36981636289792
20.1803148167015
-26.0172232909195
47.3067852362566
13.8958956886464
-12.4074800059885
3.99875685033678
-14.7997673685536
14.8634277051621
12.6320303153749
29.8457802320246
3.24107855946541
-27.7144611317394
12.01730542964
20.9456815572624
5.98971144545433
-17.5508710821779
-41.5210388167438
-0.680216745773184
12.1702169666088
3.5998736310915
-5.58449743879337
-11.0964167564873
-12.1925286450714
17.1686426874024
6.86481692565065
0.219545419952191
-4.04490391247471
5.03257717231363
-5.56850514149665
31.487271093673
-13.7978370715515
-32.9638835946575
-52.6220567572252
-22.3705387634657
34.6823897193893
-39.6922191570743
-21.6927448041043
-11.0908263841904
11.549864072157
11.2758742370062
-16.9857753917393
-0.0069086458403822
3.92992261929037
-5.30206550083498
-60.1900223130296
-30.6141788807966
18.0234943372426
-6.05189513591
3.83540089835813
-11.2147258963101
-3.74889724381817
-5.91120034009348
-0.634038392688996
6.23746878032122
-5.13438224313501
