# predict_model; Vecm
# max_attributes; 15
# description; Austrailan macroeconomic dataset
# number_predictions; 75
# predict; RHDI
# lag_parameter; 4
# horizon; 1
# name_prefix; aus_macrodata
# method; Hits_granger__graph(n_components=13)
# prediction_type; rolling
"V1"
0.961656689000564
-0.442131669612157
8.38542150756641
6.59346970156598
13.2667157333903
-1.23557134974094
-1.61494294886255
6.59278753360373
3.11839271757958
-4.36191562406015
13.8315591268925
11.8061106153672
2.85152424587806
6.3800569223357
24.0057474899302
11.1816858881934
-6.92683667986875
-9.08907528916186
-4.1541444578761
12.7323423769195
2.4624551571481
-1.9537350396465
11.7378551470739
5.62969276073579
12.8716356464615
-19.5762492452915
-3.40633037589396
6.75349417485352
11.8735313479638
-0.102636574973629
-1.04200764227828
5.60093750168777
4.21409557176351
17.5735856753092
0.646573888620362
18.0072633314505
-4.95528142558137
10.6522896126605
5.87136506029803
-2.04047677801456
3.32245700887222
3.04980156515805
1.91446262749296
13.9925807422058
3.7738148366857
4.04430193613694
9.03128420053414
10.677798083423
1.32916439373263
5.75915195901934
-1.28660626791124
8.19993849387556
15.8474887116986
8.73699120653666
-4.89159929114976
2.16560972937245
8.30208280174565
10.7636033642288
5.02377354304152
-0.399946344885615
10.8042391493243
-10.6068209184619
-10.8786464128555
14.292111014947
5.29308216244573
11.356980271303
-12.590304210704
0.804806344698788
-7.72524319426623
11.1989634344614
10.5229404705884
-9.53894223764047
6.6915180483423
4.30385770096831
0.242610023474389
