# predict_model; Vecm
# name_prefix; aus_macrodata
# description; Austrailan macroeconomic dataset
# lag_parameter;4
# number_predictions;75
# horizon;1
# max_attributes;15
# predict;Cons-FurEqu
# prediction_type;rolling
# method; Part-GFS_granger_graph(n_components=4)
"V1"
-15.7666800347113
-11.4867573078987
-16.6912551601427
-5.86902236898221
-22.9889158230126
-10.3167551075128
2.9529232639645
-1.9177532929695
13.9947869255538
0.241931876139163
-4.42572767350175
1.49010982503372
4.94058676942165
6.83968485963765
12.5241391317131
-6.67595677109967
-4.51074112893811
9.80475300673284
22.723402532233
21.9020287498951
-8.40668328500781
-2.43766708322941
14.1696701472652
-0.961605412841049
8.74545855988259
6.71068158765333
10.4961445157086
16.5726684307915
3.07800717907476
13.6732988168882
-3.84312479448684
1.29600037585386
12.4604410307182
0.0757091058166878
12.2523576839495
3.51139537620805
14.2743978552214
-8.40181428159383
2.45158646247197
-0.512680992973402
-3.62967499870865
-12.6198782061203
13.6711424492515
13.5547558506098
1.50503242747392
-1.20237867549882
14.5240377873897
7.79450055159254
5.98457109127721
3.02032310640121
-6.39400633029263
1.23829529765654
14.8642370826848
-26.6003017303167
26.6960649917948
-11.0262739034427
-0.827132685583995
6.68375559438901
-4.36629365169967
5.95078047311679
1.1000389210965
4.05221229980112
6.10279649684873
-0.114042679663169
6.69080993916474
-7.04620525151755
4.81468912233824
0.489072402940075
2.12543644449714
5.70720292431353
-1.09713514914646
-4.67744168286279
5.05865505712076
2.80166947826656
1.98655744108929
