# predict_model; Vecm
# max_attributes; 15
# description; Austrailan macroeconomic dataset
# number_predictions; 75
# predict; LabForce
# lag_parameter; 4
# horizon; 1
# name_prefix; aus_macrodata
# method; dm_FactorAnalysis(copy=True, iterated_power=3, max_iter=1000, n_components=2, noise_variance_init=None, random_state=0, svd_method='randomized', tol=0.01)
# prediction_type; rolling
"V1"
1.54273407082259
1.80779890904787
0.728318762350559
1.49274015822211
0.460221339816638
0.345162970020105
0.417345394717726
0.45392824006505
0.303795567815634
1.14103937393443
2.28184507620778
0.608909884651901
0.627239444395081
0.104670732506724
1.35921487024631
1.60739069733638
2.33432434001898
2.5205533931551
2.59276448973647
1.69187944867804
0.517473155590251
0.82506871970855
1.9354379936571
2.13652053267601
0.729676297634839
0.83312926106038
1.92029149807933
1.71358625979189
2.71115984753016
0.911573903628621
1.46432644487158
0.604178393453042
0.64598293337077
2.07992626022113
1.68205182437111
2.36250879482433
2.49678599004024
4.68188693689035
2.79910302996504
2.52032452121386
2.5607045280956
1.65039416597067
3.19430361599889
1.73596395804224
2.39085914906031
2.14036205421543
2.97240999372907
2.3765867386408
2.44691267546639
3.11807309940733
1.8008974617548
4.39387632462527
5.32165055944443
0.691326998614297
2.12035991718522
1.53836032793187
1.68513219397864
0.347739701203663
2.49965415930309
2.19736867358972
1.95763083713031
0.124387671858607
1.69872002181115
0.608250239343419
1.13045045803323
0.937917257932091
1.25083784819876
1.01225870806991
1.95521472809428
1.47626900737129
0.898740553892998
0.160677500614432
1.00029883288243
0.885269838188835
1.89150349061142
