# predict_model; Vecm
# max_attributes; 15
# description; Austrailan macroeconomic dataset
# number_predictions; 75
# predict; ExrateJPY
# lag_parameter; 4
# horizon; 1
# name_prefix; aus_macrodata
# method; dm_PCA(copy=True, iterated_power='auto', n_components=8, random_state=None, svd_solver='auto', tol=0.0, whiten=False)
# prediction_type; rolling
"V1"
58.1678944502645
33.6364601959619
-44.2739038493611
18.9506563305176
48.7586958920678
-22.769570363653
-7.24187151941927
-0.926512919962633
17.1974171870597
-23.8912426479284
-25.8588424814382
-51.1630688366482
14.0626957829263
-3.00526842892315
-28.8400507879881
-17.4538138186119
-38.2768517402729
4.49257862860446
-40.3294204721518
35.5808528381336
-11.5790237019326
12.2807145370458
-33.3517051798392
25.8247345375026
23.806094189233
9.30101761996832
5.82991625223926
-5.1009282418939
-11.0142737474305
18.0669830180614
76.4638552647592
-29.6449532689213
3.62962380647916
26.6686067852134
-0.171030229201709
16.25905450475
16.9547965495964
-9.73463249669073
1.80193154167644
30.0113387358203
-6.34024354457929
3.81152093726378
13.8234088656442
18.8494666561908
5.13784521311572
26.7788515060012
1.04195751748962
24.6622757467124
-15.6442183192253
-24.2172570528381
13.270000071077
-128.822158190567
-51.3103674296723
-32.8588884280546
4.23498845407958
6.31286459471026
-26.5845668296504
-32.4155021662499
31.4727465824114
31.1383064113515
-10.0840676983312
33.539130318998
19.73077057003
-16.4433231996331
-0.78244437912367
-68.9073606594217
-1.32564975678203
5.37058364450698
31.1885021115691
1.60934478352768
0.291537015849687
7.54436370336215
-19.4000992835062
26.0497481651973
-2.97302769306829
