# predict_model; Vecm
# max_attributes; 15
# description; Austrailan macroeconomic dataset
# number_predictions; 75
# predict; ResInv
# lag_parameter; 4
# horizon; 1
# name_prefix; aus_macrodata
# method; dm_KernelPCA_fit_inverse_transform_True_kernel_rbf(alpha=1.0, coef0=1, copy_X=True, degree=3, eigen_solver='auto', fit_inverse_transform=True, gamma=None, kernel='rbf', kernel_params=None, max_iter=None, n_components=14, n_jobs=1, random_state=None, remove_zero_eig=False, tol=0)
# prediction_type; rolling
"V1"
-13.5450324155352
-19.257423175535
-5.93181194334938
8.67504806449961
19.8555277178965
5.10547454991579
26.6854730560237
36.1667537486473
24.9268767741524
11.5290579527549
11.4709181644254
0.808121897733573
8.9421872966896
5.73095237289831
15.6484816999916
30.7462588775778
20.5229715369754
43.098497981418
-74.9236861631981
-59.2615475363228
-25.3876581575648
32.4147476945433
45.800175842488
4.97525632090068
37.7529260863661
27.2704925542567
31.5246476069668
-20.403642280041
3.80382966673595
5.24457452366812
100.577124880576
59.2913758627121
-39.7964333591404
27.4055060376828
-3.14709015766942
-21.6786605737028
-4.72960064166226
-9.71086651359896
34.8751751550359
12.2811080890593
5.48174449628307
-24.947842291257
1.78064511590635
-3.91580106986774
51.7917621053166
1.99650730477274
4.3578844346677
15.3383304015708
38.2380866062153
-63.8920228612001
19.3337632374638
-26.4977486004193
46.9701070737883
-24.9871611630649
-1.17819302769477
69.6272833440409
-76.3819343053219
88.6297896473356
6.9111273190395
110.227986001636
-33.3019127860402
154.563593512753
29.5714557734836
-17.1429406389654
1.87790307736746
-13.0089215012183
-14.1266398504135
7.9172606887493
-0.729196611199025
5.31767667181727
-1.75349620010775
6.37360511847995
31.7297172306679
10.1647030332272
4.74812161574195
