# predict_model; Vecm
# name_prefix; aus_macrodata
# description; Austrailan macroeconomic dataset
# lag_parameter;4
# number_predictions;75
# horizon;1
# max_attributes;15
# predict;ExrateJPY
# prediction_type;rolling
# method; Part-GFS_te(n_components=11)
"V1"
43.8648177240883
-7.62253803445195
-14.7740891998056
-121.003872903472
12.1283028125163
-24.0106541007208
-41.3601027273173
16.1750584955991
-1.57272815391533
-6.92937186330352
-34.365475900601
-11.513268768469
-23.8355661369716
52.0320326063636
-45.0356159426386
-20.168076318883
-47.1835743223644
-10.7160776085988
-43.1178821009565
98.7263556755536
-68.1922659331114
35.0021538179925
-16.3561412269548
17.5867856634947
19.8834880727895
5.96441092569614
-16.9781513594542
36.149932027987
4.77280462730407
32.0357659645222
40.8310460089583
-41.4442450921038
-8.3026162417984
47.431575671955
-34.3016177026378
25.807797235777
12.6456785620517
-13.7253177070615
42.7342183881592
11.4442292187249
-20.8462059446166
13.7778276449533
8.87253999604022
14.68928324997
13.7086883217479
48.9104762876174
-8.6722768454681
-6.75694484446935
-30.1440989051724
-6.29445675444749
13.7751986879803
-149.924358485236
-111.049353511877
36.7086399873052
27.1114019789949
17.4531981715109
2.02415330261759
10.0730930899517
-9.06500359121131
17.9547203545433
27.4820449204864
14.9458249899547
21.2315128963284
-40.9733648293023
-31.2019700245928
22.9615502293794
-36.5501801935696
55.3881372047093
48.8204847041182
-9.21456715503146
-11.4208594052019
-9.87425875408035
9.1797942183409
26.5325043530506
-34.0468512718286
