# predict_model; Vecm
# max_attributes; 15
# description; Austrailan macroeconomic dataset
# number_predictions; 75
# predict; Cons-PurVeh
# lag_parameter; 4
# horizon; 1
# name_prefix; aus_macrodata
# method; dm_FactorAnalysis(copy=True, iterated_power=3, max_iter=1000, n_components=7, noise_variance_init=None, random_state=0, svd_method='randomized', tol=0.01)
# prediction_type; rolling
"V1"
18.2260847057717
7.3208559226681
-1.26408169433504
14.9585310212457
2.61869971616143
51.8486899540166
17.965616425067
46.1137717602837
18.5152928442628
-12.2813828852188
18.8477634445492
22.1009300059824
29.1840301731565
33.5929008854801
-51.9566615434413
-12.6021749389241
23.1952175500575
-58.4021609841213
-24.0753734926628
5.63481089421411
10.654923336518
-35.0828636384864
30.0852659161726
6.0291905244209
24.5966577748655
13.5724303092179
0.547069133355581
-11.2039904074452
-1.5331991093728
19.0418494682238
28.2083218804367
9.96422535147782
12.3979089573512
-21.392341982355
-23.7746941719684
49.1632406504602
-12.0088004847794
-6.71492339537844
4.26288049241011
4.30758111025017
13.3858718824079
9.62276769357696
-6.76729603791451
-5.43358825107923
4.52533652013863
9.7842756548398
8.18354282980518
-25.4947012905513
41.9753574959984
-33.6153151401057
-14.2254867021428
-19.7827750714032
-123.792147920831
-22.0078017335737
18.6900274858368
58.1107987488812
10.765097153263
23.4275657156323
30.4938824379342
-41.4688906265962
12.7598496483429
-36.5968759305312
-19.4862689785453
27.574549649827
3.0324054823912
22.5134577004628
13.1560342904164
18.5078497748363
-18.6561850781153
-7.36055368629961
6.56833160593478
-4.58828103143255
5.06677703938977
-6.81197776337264
-0.916140360168828
