# predict_model; Vecm
# max_attributes; 15
# description; Austrailan macroeconomic dataset
# number_predictions; 75
# predict; Gov-NatLoc
# lag_parameter; 4
# horizon; 1
# name_prefix; aus_macrodata
# method; dm_PCA(copy=True, iterated_power='auto', n_components=11, random_state=None, svd_solver='auto', tol=0.0, whiten=False)
# prediction_type; rolling
"V1"
8.89022170149552
2.10791135358111
-6.73170444385784
13.4804797449903
-9.71834929509762
1.54543032322481
-1.01616615261343
-9.66687321371148
-20.8128760417
10.6953746381962
3.25428819602086
24.5242960836282
-6.91501478179843
6.59603311578436
1.88857989538864
-10.5890338555907
6.962775310003
-3.05308502908915
18.8108447856935
-14.2240181186092
-2.18783481691656
-2.64479605011728
20.5284943823759
-1.86727850095574
-4.08024102854394
-3.82557884912559
4.97491131016994
-4.1276359438458e-05
6.91792529582373
-5.54812700330434
5.187369884042
5.65035307130487
2.01799268702797
4.77131628839273
2.17161409862645
-0.762663704758974
2.55444338266754
1.0076364956709
4.91023530574903
4.73762054917812
7.05339782637457
6.23237227506248
-7.75245435415706
-2.14377790532117
-1.12459703945478
0.992395199942558
4.76541601037743
5.42137723659372
0.635699521910854
9.41991795759322
1.07048815435843
12.6068853094194
7.71003967469244
6.41543903324425
2.72691998090158
-0.305400866789024
1.92172627374018
1.03488571145453
0.515862030085383
1.46269554211925
5.10284552074044
1.90488155215119
9.67555150889886
1.0352431689559
8.50856890921452
1.3988253363873
2.96884249340041
-2.63794757506535
0.31795778129036
-0.556092211660572
0.0670620389325037
3.39340579555757
-0.0412438605307808
3.40111212240156
6.68065038418878
