# predict_model; Vecm
# name_prefix; aus_macrodata
# description; Austrailan macroeconomic dataset
# lag_parameter;4
# number_predictions;75
# horizon;1
# max_attributes;15
# predict;HStartsACT
# prediction_type;rolling
# method; Part-GFS_granger_graph(n_components=10)
"V1"
-89.4267211489445
73.2338780448208
23.7641331613144
39.8052833911406
-28.5261421351229
-72.5138910191775
25.5542395084233
-34.464383033953
-36.3772945997507
-33.235114793
10.6806123035463
14.0942682629497
16.4102583649776
48.1214389896781
-13.7675989112676
58.7276041791783
56.1845407956821
-97.4340204525041
-4.27039153122589
-110.270266782994
30.1379522390662
7.70127489643069
-17.9894837094742
19.9860370315166
-74.6098925786
117.302232054996
34.7079105044387
5.29755432104485
46.7294061465497
7.11846696240151
-41.7796833114371
-0.391447646814619
-60.5300710650747
-37.8226152101939
-31.691404304469
-13.7344100188747
45.8694291838114
48.8151161977742
0.0951847961934627
13.9339402175455
-8.01092778124617
44.5042376993037
4.046426396814
46.6672570332096
-4.50734716660782
12.8431866003401
24.6763615787658
-30.7040589500666
-23.956149916366
19.1768142301742
-22.2063803340707
91.9928748021422
41.8395930783289
16.6202107177397
-22.4114975613218
-84.1516469914367
-7.64688151187678
-49.8935594045098
-32.7737675403846
12.0775107148691
16.4104977768375
-4.57193719593854
23.8485467535259
-19.2290775067655
11.1230194274869
1.6112796227173
-7.26229809907641
3.70722734667811
-24.1644758088251
14.7557334858029
22.4083918877577
30.0016840067445
-21.5789900716906
27.5083484106511
7.08524273364755
