# predict_model; Vecm
# max_attributes; 9
# description; Austrailan macroeconomic dataset
# number_predictions; 75
# predict; HStartsTAS
# lag_parameter; 4
# horizon; 1
# name_prefix; aus_macrodata
# method; dm_PCA(copy=True, iterated_power='auto', n_components=3, random_state=None, svd_solver='auto', tol=0.0, whiten=False)
# prediction_type; rolling
"V1"
11.0287250590493
-51.5875471218403
10.9863569902113
12.2786404073917
57.7215856758776
-54.9571592750269
-49.4925611606443
75.6626831284461
61.2078154442223
-57.207765637885
-70.6043339604419
-0.0747405137384316
34.943702564796
30.3999658522552
16.2990430247172
-28.8986841020155
14.6499537835153
70.9909478870441
18.441998911837
10.5903835365932
7.26033780103768
-27.9930592304057
-12.4791577728374
47.9035927356372
34.4258491399946
7.22884076763891
-1.75732637987891
14.786750504328
-27.1084860804716
9.84386833620079
3.39921282035374
3.0471048004095
65.8791535787665
-40.3720988409102
1.18396350735413
49.0996456119172
-18.4074066889051
-5.51790001110971
-5.16486697169086
11.957452905839
23.3209267409538
-2.46894270256394
15.1739224130416
27.592943537052
8.25544492626261
3.00828583468013
-2.28950135382147
-6.40270367836369
8.05483300014891
-27.204028046561
-52.1338039995613
-86.80609075869
-13.806126387973
25.5812444691918
36.8134996774816
-28.0449584187782
-71.6436564828552
1.14293512369295
-48.3049445152329
-15.1463651899099
27.2664524646004
-8.69351384304288
18.990019746981
-35.785883965017
-14.7961944403877
-6.99630108507199
-27.4560183200212
10.1268461187639
-9.8489744058928
36.768085908044
-2.40234115326389
-8.01283415572436
25.646281354089
12.4041793636648
20.1451503261447
