# predict_model; Vecm
# max_attributes; 15
# description; Austrailan macroeconomic dataset
# number_predictions; 75
# predict; Cap-MacEqu
# lag_parameter; 4
# horizon; 1
# name_prefix; aus_macrodata
# method; dm_PCA(copy=True, iterated_power='auto', n_components=14, random_state=None, svd_solver='auto', tol=0.0, whiten=False)
# prediction_type; rolling
"V1"
6.81971966342117
64.2487155016893
-55.6645620281914
94.3010988473231
16.0935827625868
23.0436310565709
9.10524347636468
-29.2583332129709
-146.588077948019
7.65496869520868
-33.1854408454438
2.26023413553712
-2.28072733718743
11.8483107055945
39.1074368322198
18.9675620230702
-14.4951656839325
-124.610613060886
58.2223514203715
9.73417225544855
23.4853259514867
71.5522968603206
-10.0723914478664
-25.6250481182374
11.4065760124056
18.2847082767886
5.46575490605913
35.0657259614231
-3.7602948374437
17.6258807570751
31.9510214883758
-17.1186807684688
4.24959286465613
39.8803530790655
-5.61346631151089
43.5804144866508
19.6780427899531
-3.71181222459484
32.3229486864066
47.6474044027527
37.5468794652758
-27.2391704467753
-14.3623313353567
-31.8824251140541
16.4797407230387
16.4136073809803
37.3353008295269
7.35693355533295
-25.4735849849535
15.1978261918709
48.288980669914
38.6098338105237
-63.2238010564758
-59.4471742458075
1.07411766020741
12.7376945154481
3.15470296325651
-47.1386188562062
-57.9309603904968
-28.1963706851834
16.1788088734508
-4.45699903354237
-10.8344129490454
12.1717023193702
8.2267875598237
11.1955758466553
-54.702000299586
-2.53903843130644
-3.50266854655808
-15.7521320704891
4.1604080382926
-24.5627772117157
-44.7717104393117
27.175258024135
10.4600369684503
