# predict_model; Vecm
# max_attributes; 15
# description; Austrailan macroeconomic dataset
# number_predictions; 75
# predict; Cons-OpeVeh
# lag_parameter; 4
# horizon; 1
# name_prefix; aus_macrodata
# method; dm_KernelPCA_fit_inverse_transform_True_kernel_rbf(alpha=1.0, coef0=1, copy_X=True, degree=3, eigen_solver='auto', fit_inverse_transform=True, gamma=None, kernel='rbf', kernel_params=None, max_iter=None, n_components=11, n_jobs=1, random_state=None, remove_zero_eig=False, tol=0)
# prediction_type; rolling
"V1"
8.63825397973866
6.41591766446104
5.92664489874666
2.25820810209332
2.07490933180504
-2.87552922189175
19.3155553183163
0.178383127655214
-5.69301068253643
11.5355168258457
4.97215793382418
18.1393582641061
11.9537694735607
0.764932803981523
-7.09387021239269
0.70069630871348
-6.36392921380343
1.96743299757824
3.49993807679037
-3.51787797306381
-13.8339550106317
29.0792225543438
-1.69380903278925
5.59429461046344
-15.1717797268723
21.2814182806101
9.84355988694781
8.15639107882961
0.227096155835945
-2.95795543674838
3.99976392371038
-15.3902710102543
10.631665290336
9.91656041192581
11.5679945120892
12.1626166317134
-6.58223485339548
1.90594111513736
-13.7155457127528
2.48025986085847
6.56459420465987
3.47122029171765
4.44110722431539
7.54063834013605
5.67954264800531
-0.393687088456168
-7.46954174412698
12.2744240706692
12.8562800038775
-12.2144797220813
-13.4558127823872
-5.14359847401276
-16.2005308923114
7.13804916906839
19.5328598789732
-2.88673915258236
-9.37929663200358
-3.41904313342485
5.77636682007922
6.90565008410928
-0.55458033087246
24.0889254380517
0.99087452731033
-2.2288305930832
1.2773866002265
-11.7438608626326
-0.666965398053231
8.38259804408715
2.69328239140854
-9.28113188477804
-1.82213815186099
2.79468163638178
-0.980869915752955
1.42875802570236
-8.43889347813816
