# predict_model; Vecm
# name_prefix; aus_macrodata
# description; Austrailan macroeconomic dataset
# lag_parameter;4
# number_predictions;75
# horizon;1
# max_attributes;15
# predict;HCE-MV
# prediction_type;rolling
# method; Part-GFS_te(n_components=2)
"V1"
0.52637837713076
-2.74044616397843
6.24149617240347
-3.42190865832073
5.4145243659156
1.26622737930244
-7.9273357218679
9.79435215939177
-2.57500571908797
4.50370541253588
-0.982384310400403
-4.90191771804948
-5.39794479270856
3.28013615854638
-2.02563772779804
10.924891164756
-7.54878435840638
-0.446954308146515
9.90910441437472
-4.8692890509927
-7.33993412745765
0.315617636083127
4.33991892693059
-5.33158113561222
-0.458821967755157
3.16763347330155
-0.984024085223688
-1.90144135479028
-0.330660727002215
0.933111961758528
-0.568479899158482
-1.14224086935539
-4.35448934861409
0.959932502259394
7.85876826716855
-9.74911523132667
5.43746918292002
9.53712109740639
2.30158735385051
5.29319436752771
-5.83417214363364
5.20246003543778
-1.18180438553856
-0.7669908259642
-1.55311461527543
4.61184736303534
-0.665358017267627
-1.66402929041056
-0.690284192904457
-4.79422393018389
-1.71583986428067
15.5992354740237
3.82502040688905
-2.08023885202865
-6.71765100035719
-4.71429986752847
1.2509291840642
0.906494973470865
2.02517924474459
-0.342693686840841
-0.325108899650632
-4.5980334667304
2.81499101895085
-2.02605176964265
-0.658887429485956
-3.00574557398812
4.97420428179817
0.514687414375355
2.02046749021582
-0.773599214840895
1.00658936546741
-2.68711597911254
-1.06386819511103
3.17357794036604
-1.37783159491363
