# predict_model; Vecm
# max_attributes; 15
# description; Austrailan macroeconomic dataset
# number_predictions; 75
# predict; PIMP
# lag_parameter; 4
# horizon; 1
# name_prefix; aus_macrodata
# method; Hits_granger__graph(n_components=12)
# prediction_type; rolling
"V1"
28.9050492281475
3.15967714838523
9.94864988657615
14.8522441321939
-5.35128589575292
1.37230220127426
7.97443291907288
-8.99900866273748
-2.2180206074032
-12.0677118868114
-11.7339301701999
-5.17087549478368
-6.33953690108356
8.10390488787905
-12.7523677604092
12.9028192153498
-11.1439862156324
-37.120873107803
3.18492020053869
5.02961655324103
-18.0725030628377
33.3361402452473
-19.6793114698599
9.26275308743162
0.735051454837603
7.90931079505867
28.8729643388522
-6.44156591157163
5.8797847635104
29.8294657906573
21.7593630602316
15.8231570961123
-12.9620496606154
17.7616747943029
-3.35569945288503
21.2139694640911
-10.8566211193022
19.1088495012306
14.0238511522737
4.09089206405848
-25.7467530899369
-4.17214292194722
-4.66252405311619
6.04495068889342
4.4049944772691
22.2824157055555
22.330261263866
19.5451257812361
-6.7654429285723
-18.9818686624972
-10.5094435725781
-55.5305336962175
-21.7706893857053
79.0365454246549
15.5039802710733
-4.93941104172462
25.2147816597911
0.129368582940505
8.67459201870344
-23.5487338867674
7.19551575554333
34.659844681599
-1.70087891813859
15.46470050337
12.4163091709408
14.0443787337533
-8.71755689036368
-2.04211344057544
25.4391314640496
-47.1977627907975
-15.4011750519597
1.30536427020972
7.08604753404264
-10.0326787125754
0.765616644147768
