# predict_model; Vecm
# name_prefix; aus_macrodata
# description; Austrailan macroeconomic dataset
# lag_parameter;4
# number_predictions;75
# horizon;1
# max_attributes;15
# predict;ExrateSGD
# prediction_type;rolling
# method; FCBF(n_components=3)
"V1"
11.3307586560365
-5.00614270619213
19.7129970340544
9.92929308308529
-4.50414953255418
8.92525678604974
-12.6516650027041
-12.1189301196363
-1.5304315391094
-4.15785598114362
10.6750453473927
1.60041237789516
4.04214037635682
-5.46397111624469
3.29435254047667
3.28392447511866
-9.72574079505487
-10.0905323488213
-32.0684982206168
-12.6572187975424
-20.1917305486909
-11.1282243921533
-20.2367263051238
13.1405851643453
7.9387607740017
11.4775321738678
-8.87078387547958
5.06833511126608
13.6346674190818
45.1930104260882
20.0622600487435
18.4956066334908
19.663993640411
-19.580275376014
-16.9957921789213
14.2791704567882
13.6298803703131
4.80385886896067
0.698161994031609
-10.8630995498402
-18.2138960674521
-8.00543305174463
6.16040177337299
5.0347953779449
-1.09717157807307
14.3299737097234
12.2784202921886
2.04247087353108
1.68800114453901
-3.02887647537699
-13.3698298718064
-83.3869620218632
-46.9708893245575
42.3502657174249
39.8850729270402
22.6660868137417
2.4665690371006
-19.4505370563447
5.57999388169705
17.2615797648424
1.36716343042371
11.0549178101225
-5.79898325946974
3.7347269221098
10.8132606899841
-12.8879750463433
-7.53048543435298
1.31494257002114
10.3903437216613
-25.7473612966105
-25.7613952197531
-10.1639765998946
14.2422179659329
-6.02862198064152
-4.48264872084384
