# predict_model; Vecm
# max_attributes; 15
# description; Austrailan macroeconomic dataset
# number_predictions; 75
# predict; HCE-AVCE
# lag_parameter; 4
# horizon; 1
# name_prefix; aus_macrodata
# method; dm_PCA(copy=True, iterated_power='auto', n_components=11, random_state=None, svd_solver='auto', tol=0.0, whiten=False)
# prediction_type; rolling
"V1"
5.14777542485906
3.08679081017458
-0.520003764855841
1.10018782825973
-5.25036044174551
-1.23492420505448
4.60586677523095
-6.28427149019875
20.0587143021127
2.42170228217128
-4.78139193437205
-14.4516034357443
6.52049317501603
-2.18361887712751
-8.21060079450447
-9.20873770685521
-5.82170605035801
27.1099643592852
-21.4518864284718
7.37285903449956
-6.08113068230368
10.793537933637
-24.5339936015519
14.9378358957081
-4.61722596130661
-1.14644151095901
3.07877452943705
3.53195913385559
-13.498120809685
15.3530904594842
22.2008649452523
-23.4517052409878
-9.5875874754536
-1.55006754435465
5.97684923698528
8.04398804397039
-0.923318245438562
-9.23473961490351
12.9864056017685
-0.831089820302007
-0.23216170810646
8.1432480919656
-10.0940103475019
3.4588427078176
0.422268293165939
0.353289329246705
-4.47507366369077
10.065290582442
-12.614106196862
-27.0692012361111
36.9111934594756
27.6165203201955
-16.7268208740384
-20.4527532974312
-0.10433246356869
-6.90660912618243
-22.2829060530774
-1.02406398128774
-1.05523249491539
2.84452177655958
-1.70057279817332
0.564258540702871
-4.94187811481668
1.29888599139222
-1.0833567494097
12.0334345915497
-6.57229254333986
1.57069877204868
-0.111874846714829
15.8584046244073
-16.4782337890062
-3.37489835743967
21.6741702598854
-7.60765670680153
-4.39158156581768
