# predict_model; Vecm
# max_attributes; 15
# description; Austrailan macroeconomic dataset
# number_predictions; 75
# predict; Emp-PtPer
# lag_parameter; 4
# horizon; 1
# name_prefix; aus_macrodata
# method; Hits_granger__graph(n_components=1)
# prediction_type; rolling
"V1"
1.8835391838308
1.25492299777641
3.92275771391871
-1.51412148791806
10.4883538577698
0.500937095667444
0.616694129354854
4.08977016864152
1.95349433379661
4.2801120402772
3.13323737596275
5.36659938177827
1.66695511907265
1.11598885928609
3.3128145957532
3.55552149313786
3.90281992604208
6.56489748245738
4.8677309237511
0.72479415029358
2.47247509464273
5.77117763566938
3.90041232238298
-0.705530727098111
-0.0620003276678227
7.71728342340959
3.99643875952991
7.04213444494046
4.51458195435748
3.63241293951078
-0.428969810049273
-0.471293960505668
-0.824667429098118
-1.63739406878231
0.422662453948445
3.92644260919669
5.38770951740067
3.36628788735184
5.20923833364074
2.91176986108511
1.81042125576803
2.50320096913217
3.0581185909269
2.86126985426801
-0.36350042879345
1.26718908622853
4.96994267827227
-0.54299763990843
3.52723464817991
6.06684935577537
-1.09211078255925
8.66258829111639
5.33804268163123
3.51360061927914
4.73518554341945
2.35829790330641
6.37120404042946
2.87232926703296
4.65670535917064
1.48172654699001
-0.573438291625504
2.26808825913022
0.104811574184916
1.79449586053208
1.71383395839324
1.16919987550189
0.668961503306797
1.92924130135611
2.18810883651265
3.09216653308085
6.28423111018664
-0.152975274200241
1.56569359601435
3.54197466755935
1.79956801766198
