# predict_model; Vecm
# max_attributes; 15
# description; Austrailan macroeconomic dataset
# number_predictions; 75
# predict; HCE-UTF
# lag_parameter; 4
# horizon; 1
# name_prefix; aus_macrodata
# method; Hits_te_(n_components=3)
# prediction_type; rolling
"V1"
2.7760020704089
-2.2910214985721
5.22735670413051
-3.03280308011086
3.57653562632343
-1.30090408125889
0.939304727371698
0.128528241225885
0.252091697942211
0.771442904774726
3.02892487231127
-0.860127083707814
1.07276248978472
2.01218118893088
-6.88783339477491
5.57898140817499
2.69695982178347
2.00171717239697
-4.72923708905343
17.5046954311735
14.6744922510001
-14.1173937834152
-0.366735820386183
-1.03526524022527
-0.831889587008383
1.32283513983966
-2.29179136410974
1.82007381095195
-6.90845676165529
-14.0186885709647
1.32843861564631
5.18247349497096
5.39812058266912
3.05344798700003
-6.74775044529433
-1.48996058698765
-1.94510560935896
7.05777684227368
-3.95085751986573
1.18257625301863
-2.20879592023941
-1.61302804472817
-0.903486929224435
1.23293829877908
1.25417280535663
1.7524784440468
-2.61502197309329
-4.0676981900628
1.74385658264019
1.27768413898459
-3.95547702143119
7.21777944075191
0.474796112477735
2.04642982570613
1.65375047575167
6.22075941754329
-6.32080948574911
17.5948283053262
-2.41860732101759
1.50828639915633
2.03179848522578
-6.53558010598711
-1.89079609293399
7.89096286732633
-3.16095070167853
3.4076568283047
6.54546891069849
-5.3939282690999
-0.0909458729768272
1.45793857000896
-1.8330821504109
-5.76363664893013
-1.08741164750478
-0.209460697438589
-4.74760088437199
