# predict_model; Vecm
# max_attributes; 15
# description; Austrailan macroeconomic dataset
# number_predictions; 75
# predict; Unum-LFT
# lag_parameter; 4
# horizon; 1
# name_prefix; aus_macrodata
# method; dm_FactorAnalysis(copy=True, iterated_power=3, max_iter=1000, n_components=2, noise_variance_init=None, random_state=0, svd_method='randomized', tol=0.01)
# prediction_type; rolling
"V1"
4.242643788802
-8.33218712120309
2.19761665293024
7.38944379989142
-0.668125340914062
-2.83537603066846
-8.11132321932309
-12.1281025843195
-9.67734622178358
-5.92430815814122
8.47248703505189
-18.3598268919595
-38.0156971544773
-20.2440264109964
-11.3262507965897
-6.25162979660571
-6.93854135789973
-20.8587934891334
-19.7245412920175
8.99481221427962
9.67107933169761
26.4546632174918
19.0275623559849
8.78025567951384
-11.7302678371896
-24.0058272573795
-14.517516810912
-6.42929641846135
11.5583788538828
3.87284727226287
-13.2852467998772
-15.6838018318164
-14.785843468116
1.65069954866021
3.23581075321646
-20.73538070875
-8.38856846573195
-7.35971479191311
-5.02725457526814
4.73203999112313
1.41971935799785
-16.2312741618106
-8.93186270490522
-2.28128186686186
-1.9942087427698
-14.6671183692573
-19.3352035805981
4.6943909739587
-12.2238264182964
-4.37977558421094
34.9276522376809
28.9177406158352
33.68108251589
41.5779114048373
4.51095158192299
-5.94619899385019
1.47843196018206
15.5895512874884
-2.29032548580551
-15.4594236347975
-10.6810258837881
-18.8435037689473
18.4613690187021
5.49225338576024
-0.31209148820143
1.5684376499642
1.38247146396849
11.3655230670836
4.23139271910493
21.4842062399517
22.2282774062096
14.8236941361853
16.11302258561
-1.78471476890941
13.4672796682524
