# predict_model; Vecm
# max_attributes; 9
# description; Austrailan macroeconomic dataset
# number_predictions; 75
# predict; Emp-HoursFt
# lag_parameter; 4
# horizon; 1
# name_prefix; aus_macrodata
# method; dm_FactorAnalysis(copy=True, iterated_power=3, max_iter=1000, n_components=8, noise_variance_init=None, random_state=0, svd_method='randomized', tol=0.01)
# prediction_type; rolling
"V1"
2.09613633159126
-0.704873827135113
-0.500188717830719
0.804792636273232
1.75490107665765
2.96711768659458
-2.89620968780049
1.52312131899358
1.8241150435448
0.106639146800334
0.456289794795979
0.682627246056747
0.570113299082096
1.31158963404936
4.50118601887625
6.36490109122327
4.59635798078055
1.32680016575304
1.85665253495286
7.28936120924077
-9.28260608146883
-3.84207016278673
-1.33222715805457
-0.505354651226275
3.54883955445452
0.975985034655054
-1.8130347781497
0.215293246318879
4.87187531211261
2.73614213433716
-0.890105145638041
3.61274323511139
2.99188511395183
-1.94836203691405
0.0168707542286559
4.05106776223074
4.21034365102587
5.26200950422306
0.227529894761551
-0.629746122082804
-1.27187323238059
3.07209386066706
6.76230301609303
3.62070713122501
1.17005729544118
1.26339984573404
3.60721207099746
2.53410738656865
3.74173010750987
5.13627251741023
0.300130936355453
-6.97180897218998
4.70869766378247
-4.67869183612244
-5.99291095177244
3.07621087375489
3.66955230805597
0.0840904096112965
4.2523733771369
3.17500159953874
2.99244492042252
-2.42750846382259
1.84628729971089
0.0509410538118478
5.73641080969723
-4.34774721629193
-3.10515479604401
-1.9353934245
-0.386154502805058
-2.01279749479136
0.489447970010953
1.78889739664892
2.30879319429765
1.88156124740206
1.17944490659974
