# predict_model; Vecm
# max_attributes; 15
# description; Austrailan macroeconomic dataset
# number_predictions; 75
# predict; HStartsTAS
# lag_parameter; 4
# horizon; 1
# name_prefix; aus_macrodata
# method; dm_FactorAnalysis(copy=True, iterated_power=3, max_iter=1000, n_components=1, noise_variance_init=None, random_state=0, svd_method='randomized', tol=0.01)
# prediction_type; rolling
"V1"
-0.589101782946056
-12.0988716850259
18.9280979974082
27.8964989205473
69.1583842167431
-4.85455502257826
-9.49542631373971
-13.5301989805441
-43.8417370773109
-4.91998558801667
-15.2823615833953
-12.8258970538823
3.8731918891643
-32.8873811000023
4.68844495560085
-6.78638555354931
-1.29414374429339
-9.99243409822628
10.2420795818479
18.6013937551669
-12.065259528237
21.8910580571679
10.4830459514999
42.9996330508373
15.4907618830823
20.406480434642
20.7480636624712
22.6471597994968
-25.8517186004828
16.7490177781718
20.5584743636429
35.0413109911482
72.638625827016
20.4151124731357
-22.475284956076
-40.1168446887171
-36.1113712150082
17.1902821121757
-6.92659627598366
-4.81873664831917
33.4196374716642
-9.17693626654492
29.4870377124028
-6.37481843601493
8.60871273601963
19.6220576577829
-12.3666352880461
10.574627432429
-30.7512524593171
-22.7811539440537
2.24037391208338
1.07679308556953
60.4431044194884
-73.1856964760943
20.5091213762074
-7.75101414252912
3.84448662591632
40.9986376924876
-38.3692538669166
-5.31734742347146
-57.2875186155803
-31.2536791698723
9.00033293372773
-13.6386984633148
-13.0103973417987
-31.5286408621591
-22.0416163442337
-17.2611850130475
-6.20148052693965
9.73729338751992
-8.88657363247814
12.9448530856064
-17.0370884427952
41.1445771200017
6.33805751187164
