# predict_model; Vecm
# max_attributes; 15
# description; Austrailan macroeconomic dataset
# number_predictions; 75
# predict; PEXP
# lag_parameter; 4
# horizon; 1
# name_prefix; aus_macrodata
# method; dm_PCA(copy=True, iterated_power='auto', n_components=4, random_state=None, svd_solver='auto', tol=0.0, whiten=False)
# prediction_type; rolling
"V1"
18.5497646080536
19.9368379911344
-12.008865028442
29.0733370514712
-3.24856020884383
7.6476723370436
6.10023592293713
-6.05484415304922
42.753138851609
-12.1346600170741
19.6624107140603
-24.491762060544
23.9850401401183
20.7568807310566
2.88478488035767
5.20523467458142
-9.65239835412616
-29.7409921723124
-6.31928303669095
-18.2845437440234
0.612579792590095
8.72719369404615
-6.50956293952633
14.3317197792317
9.7762907733212
13.6103672601881
5.24360786445801
5.21719517340663
-2.00857978256908
37.7927185830728
21.2171332968992
22.3243180972241
-12.6698729284495
16.1613347785315
13.5219937375138
-2.18480026369148
15.914403566755
-1.88810260316323
6.62467694852512
7.9452881764176
2.36522220310138
3.75228550852201
2.42583386986747
-1.81146097744075
8.09380163403808
17.121430488897
1.85167127451117
8.17647508233902
-2.31740290155743
2.67514830600541
-14.3798589608652
-16.424693257829
15.0775006543881
-17.0125228981833
2.83671510851436
13.6091446571059
-21.4257912963763
-5.931159055945
53.8762029048551
30.211794376459
-9.49798900632344
20.9903861353606
14.348234897043
-1.58045466977722
5.80167850771629
-6.88495708365
3.41507481301973
-7.01808597114644
1.4944890893395
-14.7979486473739
28.2676441380655
-19.5018825648208
-26.475876983862
-2.55639161705659
-15.4970745183256
