# predict_model; Vecm
# max_attributes; 15
# description; Austrailan macroeconomic dataset
# number_predictions; 75
# predict; IP-PCCR
# lag_parameter; 4
# horizon; 1
# name_prefix; aus_macrodata
# method; dm_PCA(copy=True, iterated_power='auto', n_components=13, random_state=None, svd_solver='auto', tol=0.0, whiten=False)
# prediction_type; rolling
"V1"
21.2215369627259
8.41749026536182
-9.99515074503646
41.7724330338568
-15.656303013175
4.89423465931527
-31.5193351700627
-23.7947491792373
-39.9481606243338
0.137546907840392
2.49700742422943
-18.5987981370201
4.12943097488735
36.0051028596236
-37.8286681129704
-5.18878925900936
-43.373576692856
6.65927161441583
89.1941348010615
-51.9681011291612
35.650599599275
-58.5884193662088
25.5201811661018
-52.806179802487
-6.08285210632665
9.55111365904214
40.5669278056093
-20.2357395089734
22.2506296943402
-15.5990723796716
-38.7934209908909
-33.7838830753948
0.414317756799788
27.4777364755205
9.12624052630271
37.7201010333211
-24.246352060043
-36.2435712703383
20.4319923022932
-8.88529255336965
-6.52563752322353
-15.0643081601172
13.3809254138115
-14.8300010825831
62.957451725073
5.84510391673533
-37.2749993632126
3.89257443082604
-15.1734798844656
-7.12894791335679
-9.58224983762688
-49.1689313642969
-40.2198063202602
-36.7980827593266
13.9190967571082
49.7250137348979
-33.1208810098841
5.40514980478294
-8.32607253135138
15.9232371507677
-5.89334991286532
-10.0803509855637
10.1824656939152
4.99605808058716
57.6532893121895
5.6615950581905
-26.6441195077383
18.7940764211201
9.53064035893854
-11.581176163194
13.7053607797173
-16.8454261008967
-15.4896796241615
-1.25149182182313
1.9000716615074
