# predict_model; Vecm
# name_prefix; aus_macrodata
# description; Austrailan macroeconomic dataset
# lag_parameter;4
# number_predictions;75
# horizon;1
# max_attributes;15
# predict;Cons-EGF
# prediction_type;rolling
# method; Part-GFS_granger_graph(n_components=13)
"V1"
5.45635306575647
-14.1468337589446
-5.59514126927496
15.4681634310663
15.0351238532825
-8.25276479881376
16.0528580615861
3.1422578052555
20.7545432874075
20.5333305296443
10.2497879070114
-2.56775068277656
-5.96445529153103
9.55305801887198
7.9839704173742
-5.68045442863265
0.102314691007749
-3.0981586311028
-9.30382149715258
-2.75891978551165
54.1555517071586
24.6830321826025
-1.82536727217644
-12.2570672381674
-4.16172201742603
-3.87755673221132
9.21984710164763
-1.92544625606692
6.33871077243264
-3.71680494816315
-2.08547706491934
34.2993559478346
-9.53535851582592
8.78571999135645
6.97075174575995
-6.99880340090078
-23.3542362350715
8.42745099568588
-10.5028253613646
-0.329672874122779
25.9769352204989
2.17000675168455
-2.09415972397665
-22.3491701161383
24.4201352195266
-3.22682640900085
19.0043448830791
-33.76753016519
8.9879148337633
-15.596523819066
-25.3700194950804
16.1907977092064
-0.304942557878856
17.5915868045772
-10.4694435917673
13.8010484864031
8.5565687492895
1.70578760044755
-4.33486744975662
0.553527670238034
-2.42805612588621
-2.45616914650278
-17.6318809381009
-7.5262521417069
3.44908925526698
11.4044840391937
-13.5084597017251
-15.7378129461003
-27.0828024978714
8.91023609600241
14.3532071604115
-3.98283629022242
-2.01619136981116
-6.4096961377488
-10.6198355324188
