# predict_model; Vecm
# max_attributes; 15
# description; Austrailan macroeconomic dataset
# number_predictions; 75
# predict; Cons-Other
# lag_parameter; 4
# horizon; 1
# name_prefix; aus_macrodata
# method; dm_PCA(copy=True, iterated_power='auto', n_components=8, random_state=None, svd_solver='auto', tol=0.0, whiten=False)
# prediction_type; rolling
"V1"
12.0904794870865
5.2013919895188
9.4978339297714
-1.41101445751566
6.00126518794152
-1.16770264684637
4.76491095462237
-2.76492496048147
-1.07408460126531
1.35832856799827
8.60586297562689
6.61407578408598
10.616824997897
5.95033052245696
0.765744073520078
-0.798788507284866
4.37728696944957
-11.4279539498627
1.00386324014148
15.7627462686925
3.06636738595531
5.77301630234155
6.87006465476403
3.67475928876169
0.763432070129982
3.83962547356444
2.14992922464039
1.71951544109895
1.40847242197453
2.91490985370887
11.1366250558374
-4.16544423050502
7.46866528693971
7.18204580495254
1.07746515367392
6.15533840212045
6.77512876097823
3.81942475506035
3.97876135608464
8.75966187513456
5.74987011956787
10.6227928903058
8.04741382124921
6.24593749772598
6.30196381546228
2.11021026991582
10.4851310305601
10.4980314419508
8.40623121224697
-5.13962672944758
-4.78849361871547
4.8636352538676
-10.0795718674041
0.441331382288296
7.7489727822956
4.0438621790293
6.43370137363393
5.68832985118368
5.43985604173348
1.68923430735939
3.5444961090914
4.28158914072863
3.77985764483597
1.70386501005095
1.40376610611848
4.82101812088569
-5.34552692457412
-1.12010733173385
-0.0714273238502857
6.21269750728175
-0.845392280762144
-2.53850313267306
7.26150006418654
-1.12541504657169
6.69674781759623
