# predict_model; Vecm
# max_attributes; 15
# description; Austrailan macroeconomic dataset
# number_predictions; 75
# predict; Credit-Nar
# lag_parameter; 4
# horizon; 1
# name_prefix; aus_macrodata
# method; dm_PCA(copy=True, iterated_power='auto', n_components=11, random_state=None, svd_solver='auto', tol=0.0, whiten=False)
# prediction_type; rolling
"V1"
7.71466034458646
0.619911882358128
0.796616487234664
-4.8823643827639
1.10118810202319
-1.94179346761136
1.13734117316989
-0.596118323484731
-9.83220463206141
6.78105889920338
-2.6712643165168
1.04173150930586
-0.723934734580082
3.07669469226489
-2.35403690147366
-0.891395892208381
0.736074154717343
-0.187383115398955
4.94903275459764
-1.17171027294215
-3.9386590052218
-0.582429323554299
-1.39972237995022
-2.06041354404844
1.25065584459007
4.57063932162381
11.3173314301738
-3.13750040896568
-0.844300501905589
10.8178063365974
-3.27290672411078
-5.17666578145237
-6.73771782031044
-2.34844293377729
0.165603426507904
3.1653897187076
-1.13739788536589
1.34843343944068
-1.19071298792304
1.48384905730936
2.17583667686029
0.425743398810936
-1.31407046268094
-3.22175873292367
2.76225804449383
2.11112150091471
-0.110150842409486
3.39367774055513
5.15050855718547
2.44789114054945
-7.87477743782499
-13.3762726984154
-5.0992754564212
-10.5942317125059
3.95848627913859
2.373509173686
-2.47255051344667
1.39390668277177
-1.58085632695992
0.194150198813255
0.580729978480988
1.25792997220984
-2.91830536724454
-2.09104859854538
3.4597390766135
4.49890574303557
-1.61047445924547
-0.912699652755121
-0.5181506239238
-0.208490438644987
0.941673276693653
1.12662126360091
0.732347701961102
-0.152416162845593
0.923402059919153
