# predict_model; Vecm
# name_prefix; aus_macrodata
# description; Austrailan macroeconomic dataset
# lag_parameter;4
# number_predictions;75
# horizon;1
# max_attributes;15
# predict;Emp-FtPer
# prediction_type;rolling
# method; Part-GFS_te(n_components=5)
"V1"
0.815844634277911
-0.155483374360816
-2.44689783091925
2.0693531489344
-1.78534645681955
-0.863062822748208
0.15722342361069
1.34711463122476
-1.7397228320395
3.05579590272293
1.41559921958824
1.9247590003423
3.47768916257502
1.78809184681178
1.51504703219426
2.60778218077328
0.106874704589043
4.23848275839867
3.19381695689594
5.18553406397941
1.19613458651846
-5.26197344576152
0.051942628800973
-3.72348918169008
1.55510125492856
-0.959649538674078
2.49048697174293
0.789586031924042
2.19992677507597
-0.475466283729079
2.06632841074923
2.28024682295423
4.88311099706283
1.42737990014662
1.74927764786518
3.75388591885874
2.48941378340976
5.43485861232015
3.19227995377643
1.05415607405812
1.82592988959045
2.62885018520586
4.43898701620042
1.94411665774827
4.2955690395977
1.85657274317697
5.57707188966004
3.09608071789687
2.74283256054789
2.79986351415144
0.235654135381871
1.59820292791199
0.291678417608884
-2.20269287174631
0.844977854243081
-2.87495218824881
0.781486763518048
4.90673527138121
0.108983534022318
3.51015630024968
6.16774053685402
-1.03903019210983
-0.105222109126128
-1.02821543592336
2.28720342106171
0.963451143490231
1.69961497381607
-0.0203477129229207
-0.102727227747008
-0.0872832114554586
0.121061696198171
-2.18171388081906
0.339988465335182
1.23796239943567
1.6876437362404
