# predict_model; Vecm
# name_prefix; aus_macrodata
# description; Austrailan macroeconomic dataset
# lag_parameter;4
# number_predictions;75
# horizon;1
# max_attributes;15
# predict;ExrateCNY
# prediction_type;rolling
# method; Part-GFS_granger_graph(n_components=1)
"V1"
7.20236056163167
3.09637266392851
7.68195971984632
5.34429330556671
-1.64033971238053
-2.82994368968418
-26.4973419806626
-14.1198271040519
-20.4370551279493
-25.6348939293518
-50.6856816167608
-18.6589868679965
25.4320324113392
65.4042155512604
-25.9212866546822
-22.3697027001335
-10.6957710190363
-6.40614956446943
-7.63776572214517
-27.4573280888385
-18.9403652357565
-1.32137802852286
-17.018019673512
-7.86931719867173
4.05616608309331
11.058144288036
-3.57628416860093
19.8297180706142
30.550987301128
26.7135665635909
28.2498479700261
21.7121741074493
33.8662215764291
-4.93289199522471
-23.1513961816269
-13.0894589833958
10.4003804159306
15.4482831130179
-19.6965418454174
1.87287091734736
2.28068581297744
6.8872467054734
-1.72485601068691
12.5131879386897
3.21310786376644
11.0985479221411
2.46279038221422
12.2390597214556
-2.41109456588815
1.19236452871354
-17.7871587853052
-87.5522589473224
-22.4546066828369
-12.3623287733888
-20.0216336848681
-5.0942852031051
-22.8724382452693
30.1296711033458
37.5489073262966
13.847039558115
-25.0837556088883
21.9264324206478
4.16311933903692
-2.4752232004764
-7.64186488045321
18.1749743671518
20.5730321672516
-33.6497388682746
13.0023281269674
-18.7935949987684
-37.2053972648871
4.17908976416979
-14.2925300776751
7.64960424323374
-4.16610466423421
