# predict_model; Vecm
# name_prefix; aus_macrodata
# description; Austrailan macroeconomic dataset
# lag_parameter;4
# number_predictions;75
# horizon;1
# max_attributes;15
# predict;Cons-Food
# prediction_type;rolling
# method; Part-GFS_te(n_components=7)
"V1"
-2.48984617151424
3.42479164446912
-4.44561372422116
-3.77994833893316
-0.970982136065936
0.0662419181004912
6.12235369103739
4.81231112840479
4.98673844083299
5.71471891116719
-1.45419515593185
-5.72287830444589
1.62205143205975
2.8752133045672
2.57143988533915
5.6337525289663
2.7459025820178
4.56978697297447
3.74774412966141
7.03696301397235
1.81255037654313
1.0317968765598
6.84134037161947
1.55353840452967
7.23793836668433
10.6629352156775
3.38253139980691
3.55866842764344
2.65352153415106
-0.076270069521859
-5.57053070838481
11.9797833646317
5.4597921209179
4.92032695953335
3.61474953961115
3.80798400681641
-10.9796544556452
10.8596827609487
2.61916175698895
3.62864478242406
-2.77488839461396
3.21763199589713
0.292024342984565
1.84233772203814
8.62986355225043
0.622375609709185
4.57577469386073
7.89520700649804
-0.718688508550293
-2.98995601311789
-4.50062024030695
3.54299675855631
5.42310658679914
12.6710428775831
2.30655063365652
-0.8927927128701
-3.90342493077315
2.62850842847246
5.78868326744737
2.16054513074274
0.210983335254759
1.24541831337942
-2.84983784808581
10.0677233380704
4.01304516840237
4.95945541532347
3.81045367888476
6.36165688204309
5.23078247402497
4.28115066842797
-0.179826879452721
7.42053898634673
-5.25083530636543
5.27934571804631
0.297232694026786
