# predict_model; Vecm
# max_attributes; 15
# description; Austrailan macroeconomic dataset
# number_predictions; 75
# predict; ExrateSGD
# lag_parameter; 4
# horizon; 1
# name_prefix; aus_macrodata
# method; dm_PCA(copy=True, iterated_power='auto', n_components=6, random_state=None, svd_solver='auto', tol=0.0, whiten=False)
# prediction_type; rolling
"V1"
-8.60528920378999
26.3243151744
-26.3995160577814
7.20628806530062
-9.53143669618676
-3.84896737599268
2.33716600116902
1.59321207906886
-21.4000687150874
-131.069178777916
109.574022297525
-12.878087207224
14.9588497351771
5.27187908104261
4.92367388727047
32.7981356052497
-9.73572790353721
-14.5130732832847
-22.7177186731014
-17.7940805713616
-8.54578767521616
6.14126298126166
-6.62915559232298
14.5577389094344
-14.6344487032741
15.4133236272019
5.85830972315145
-4.6586429849145
16.2354244726797
48.2938366721978
51.3174618295428
-20.8311174690786
14.7602812170533
12.7492095341403
5.23747648371896
5.38621288984939
13.0185797713479
7.5569451816308
-8.47396502726566
0.122155521854825
-10.1173463523394
-9.73021231827149
1.5652726273604
-2.28212554156806
-2.58269395746031
21.1135404879335
2.12857830962164
11.4032170517553
-13.4240806651327
-5.68976587463846
-27.1900665173075
-45.7221695148484
74.9782003827842
-45.9734813384016
3.84709553200833
27.5431587212673
-38.4480326605685
3.89926678921384
63.7257809276533
10.5032129155005
-12.8121591576572
17.0841424019987
-4.13097363114923
-12.908923116194
19.7340820632298
-39.2353814772982
34.1076454115131
-23.4523394802852
-3.3786754388083
-2.23649853402365
-3.6690277426706
-30.1206909854142
-15.3920093358342
-11.9392010391308
-7.52806392399819
