# predict_model; Vecm
# max_attributes; 9
# description; Austrailan macroeconomic dataset
# number_predictions; 75
# predict; AveComp
# lag_parameter; 4
# horizon; 1
# name_prefix; aus_macrodata
# method; dm_PCA(copy=True, iterated_power='auto', n_components=1, random_state=None, svd_solver='auto', tol=0.0, whiten=False)
# prediction_type; rolling
"V1"
1.59336955061066
2.96102801422642
3.71142935841434
1.62348185270242
2.83671440153274
3.52161220570368
2.18625940045514
3.36772707863359
2.66130864463486
2.26681024053821
2.73085624481531
2.79910894926121
1.96209113857889
2.02861792182248
1.26786269695937
3.38626576050283
2.54655332015081
1.07593094960465
5.2549345460527
2.69377750961793
2.66129988909258
6.12567391486176
4.16082755028039
4.29126256208858
4.32454799706312
3.21636331352945
2.39423978275505
6.08409935150645
6.62180473164577
3.9939771955127
2.72675080808604
3.06599258759521
1.54575891240302
4.95792116856779
4.77568529520599
4.05764950176013
5.73951072046027
3.68276619449339
4.59671520440325
2.75802896966798
3.65647178724976
4.01468919240121
4.33904954121365
3.25050820649811
3.64267748571495
4.79959134320321
3.97689885685289
6.46433955176833
5.69784467745088
5.27763798363184
5.29070886375685
6.64555712744526
3.71355146154093
-4.2228840356243
1.3130716361703
4.27954369419932
0.97925249436849
9.26984538527673
7.25669680645392
4.50430952074142
5.68924464451973
5.89705130637629
6.99913630144462
4.63496007636896
6.24373073518221
4.56189710532337
-2.97679160653448
-0.9921900111242
1.08080695033153
0.0317479851615891
2.33808506090254
4.36344168841685
2.87915332273854
0.834989459396775
2.36212950051576
