# predict_model; Vecm
# max_attributes; 15
# description; Austrailan macroeconomic dataset
# number_predictions; 75
# predict; Exports
# lag_parameter; 4
# horizon; 1
# name_prefix; aus_macrodata
# method; dm_KernelPCA_fit_inverse_transform_True_kernel_rbf(alpha=1.0, coef0=1, copy_X=True, degree=3, eigen_solver='auto', fit_inverse_transform=True, gamma=None, kernel='rbf', kernel_params=None, max_iter=None, n_components=10, n_jobs=1, random_state=None, remove_zero_eig=False, tol=0)
# prediction_type; rolling
"V1"
0.94509209118844
-3.66182137803936
10.1438463649839
3.79850257237255
23.319844543435
23.1429858869364
24.6994175993691
5.46293658888957
6.65826398589175
-3.29761453534545
6.5201094114893
26.190943241897
-18.1139189652845
14.8021475646268
-6.84676759401469
17.8216904676263
-2.82519848235165
2.53937008155769
9.94007613235603
23.1155404801369
-12.9330822425199
16.252143320762
0.394598074381791
1.4439011168779
5.06701638917371
2.09391306522646
-20.8791337264283
-1.11470522581375
6.99488482120976
-3.09764619130476
-9.20240250713021
-22.5326952891491
-12.4559649844487
20.94241480853
-6.05777909013665
5.91704028936626
23.2562797484097
-4.30669198348926
-8.62539581108171
10.4457387311048
-21.0478116436932
-9.05963154673396
19.6211601499396
-4.09865830557258
31.2042745649018
4.53665436685852
-36.7906918655517
26.2206705744698
1.59496161406626
-3.17151157555675
-13.3975404299483
17.7477995100192
4.51775112203189
1.94737539955063
-1.58991946433833
-0.0913862907905967
-3.14612010583262
28.5013448662791
-15.6061847234625
7.92089286343199
0.134595000040291
-18.6624772011472
-9.87233709962875
16.0334088441764
6.29063119615734
16.1454388676793
38.3403317823933
-1.50872984150434
10.4340022848083
4.67777323108887
9.081773444515
4.8536366057637
35.3290610457521
8.00125352391332
11.5492569384089
