# predict_model; Vecm
# name_prefix; aus_macrodata
# description; Austrailan macroeconomic dataset
# lag_parameter;4
# number_predictions;75
# horizon;1
# max_attributes;15
# predict;Unum-Total
# prediction_type;rolling
# method; FCBF(n_components=14)
"V1"
-7.60334561551138
-0.808953007481234
17.3357478871874
4.22050574035345
1.83237882415826
-12.1020756474035
14.4498856900829
-35.012264226121
6.2230084952972
-10.0891465429043
1.32396742021627
-9.45886353091304
-42.1552939156316
-8.50663450465728
-8.03199148262043
2.33390572507549
-2.36550027276439
-8.38527693499411
-25.1090201519244
-17.8027396974281
9.21373892627487
31.4181556037781
27.9988128378982
-3.21957896608134
-18.4250336555035
-20.8157056449147
7.24681491991605
-12.5319111602541
10.9735321709324
-9.14160398312353
-19.9480090712986
-18.5094802694824
-17.1115150347023
10.6954410365183
-21.8107608965364
-10.4133582641887
-3.34182208597478
6.83317694753668
-9.31249373826629
15.0323596684648
-5.23110007072606
-14.2109452150367
-0.960235141710101
-28.2406402756845
0.327549239538528
-10.6592933383086
-7.65625015528109
1.58053981241517
-6.92701863396902
0.0930571499128784
58.8826338077801
-8.55072295946711
60.9440586794876
60.3693392181491
-23.0924878598069
-9.29917629407498
1.38144350253144
-16.1964586691831
-2.77941703716419
49.4517067143959
-39.5849167653127
27.4596646017683
-0.865067249985772
0.760594422824338
-16.543297978696
6.67785939942465
24.1367664214296
-8.97523718463752
10.6567369106057
17.9812956489446
34.297155565729
-6.277623752457
31.4680156702676
16.3617691965085
3.19648926056701
