# predict_model; Vecm
# max_attributes; 15
# description; Austrailan macroeconomic dataset
# number_predictions; 75
# predict; Cons-PurVeh
# lag_parameter; 4
# horizon; 1
# name_prefix; aus_macrodata
# method; dm_FactorAnalysis(copy=True, iterated_power=3, max_iter=1000, n_components=5, noise_variance_init=None, random_state=0, svd_method='randomized', tol=0.01)
# prediction_type; rolling
"V1"
13.9180961421208
13.6245086256205
6.30670020246593
6.61995254481387
-0.215055236529347
37.0524910887675
33.5030049562696
20.7402853480667
16.4044906006861
-14.2089084696859
22.1288910216812
15.5088570595844
8.96130471418526
29.1186248069333
-36.2763786501646
6.99531188479317
18.7430283649147
-69.7590305183029
31.1479533905008
4.7376949660133
-2.86860071719855
-46.2126565091297
8.91631996211958
11.2344266064053
25.7607750120995
30.1944121224992
15.8059187780369
2.56561386674519
0.432447699550096
17.2803004641774
26.5325650982449
21.3114446497534
38.863103234089
-0.0396893979776882
-18.4996397620177
12.937036155027
-25.3135812253327
4.4118818007187
1.57720785942714
-1.94201605302807
6.97076321897455
5.66686836991814
-5.89355857053252
-3.42395687187812
1.71137785560482
21.0637754695845
3.05568667327653
-27.0275463173361
39.8600008988165
-50.2406742503506
-17.7416547237692
9.80808253681168
-95.3170704411142
-31.4313248514342
22.9832467600018
37.4373283349252
20.7768267057671
21.1671316888212
37.287989526484
-36.2274128399664
11.0424171254402
-33.269670270867
-13.6628991877613
29.0075128201656
5.20405621372292
26.6402385596361
20.1250353244175
18.8108576154251
-17.5927442712309
-14.1889892120623
12.6119994814817
0.0130343961668075
-3.29575958571159
-0.0229929515538856
-0.87525738131677
