# predict_model; Vecm
# name_prefix; aus_macrodata
# description; Austrailan macroeconomic dataset
# lag_parameter;4
# number_predictions;75
# horizon;1
# max_attributes;15
# predict;HStartsNSW
# prediction_type;rolling
# method; FCBF(n_components=4)
"V1"
-24.7104946017121
-36.4955543319042
19.4894851524718
-2.98001876045002
14.2970671998
-44.0477814191224
78.6864293688262
-17.3666927207231
-6.76145316770571
4.82282061846871
13.801553727179
-1.98352253882849
-18.8399121994616
25.9894557648917
40.7774469885379
6.49127365262451
14.7903001510828
-27.7101101075856
-18.5533195897782
46.5244929236585
22.2955917456182
-16.210300441004
-10.689255007777
-0.233971711264301
2.08319083822248
-23.7275321369131
-8.49159747729761
5.43049505083432
11.8274939709156
20.0815992656908
6.69178937906278
-24.3558371483099
-40.0351757569233
-37.6765744884559
-25.5089557018011
0.000833679968021528
10.6160308249823
13.3481816613902
-4.81999369722724
-3.50360271123119
-3.6890528535089
9.87069321451518
7.52224831896009
-3.77261266856708
-3.43186204373051
-10.5128423779162
4.79387891629214
10.5973957479064
-19.2601675099619
-25.1460825293151
-41.1912332886818
30.118700348128
58.5116725467213
52.3382847108845
-30.0517752372707
-53.0289142627383
-62.8671087982395
11.1330949764849
-25.5741313844268
-10.6503139980744
19.196144327051
-8.56627744109305
21.9384428396972
59.4832380631474
-59.0435626365237
-32.5247623766218
17.9697519104132
-7.7356944684931
13.0046432350886
10.0513662335849
42.0442627243379
-0.0365899750720167
27.8413086887543
5.93745564780939
6.50657206929934
