# predict_model; Vecm
# max_attributes; 15
# description; Austrailan macroeconomic dataset
# number_predictions; 75
# predict; PEXP
# lag_parameter; 4
# horizon; 1
# name_prefix; aus_macrodata
# method; dm_KernelPCA_fit_inverse_transform_True_kernel_rbf(alpha=1.0, coef0=1, copy_X=True, degree=3, eigen_solver='auto', fit_inverse_transform=True, gamma=None, kernel='rbf', kernel_params=None, max_iter=None, n_components=12, n_jobs=1, random_state=None, remove_zero_eig=False, tol=0)
# prediction_type; rolling
"V1"
43.893083235514
-37.8692041374177
52.2541027633448
-28.163585994244
32.0286254124593
2.39761196516357
-21.1266377380769
12.6429500506627
40.7484515288254
-23.5016396242596
3.20701541357874
-26.4810591053203
-16.2723782710264
20.0888815656017
-4.46615316300654
2.32443875334171
-21.1197691812669
6.10072652939305
-26.2848075033497
6.64502344870779
8.17676045843912
-13.4230001064786
25.7304590152959
-1.87039125190896
-9.88231400599907
19.3314423231841
-23.7143620807911
38.6540066611876
2.16096093523718
15.9221840004774
-2.43189512405019
17.4696450750307
17.8135759817857
25.5252144385856
-37.8061991462521
14.5731875822557
5.35348882611715
-28.9491527034684
22.7745081592959
-1.6544268827356
8.83347292215755
-11.8884372647368
-4.93987924055309
11.4681442705304
7.86659792028333
19.0539540315555
2.65736353566
13.7108520865388
28.9758856572816
2.89299988073196
-50.9912912203111
-23.925432230689
-14.4890995623321
35.4876153817847
5.02260562452623
67.1828631586857
26.7655146296733
11.4440681311925
-31.3132101451309
62.283263321306
-16.7036425097208
25.4766371060461
-52.7385585595149
13.412740521897
23.9978921457586
12.6864320761513
-7.5140220889034
-25.8960385033101
19.0113829295282
-26.561977598978
-57.4232291463014
9.94403543278522
17.3654642279494
-18.6831722021031
17.3026101096653
