# predict_model; Vecm
# max_attributes; 15
# description; Austrailan macroeconomic dataset
# number_predictions; 75
# predict; FedFunds
# lag_parameter; 4
# horizon; 1
# name_prefix; aus_macrodata
# method; dm_FactorAnalysis(copy=True, iterated_power=3, max_iter=1000, n_components=8, noise_variance_init=None, random_state=0, svd_method='randomized', tol=0.01)
# prediction_type; rolling
"V1"
0.943621561631827
-1.15592816764045
-1.51159579640661
0.403473070557489
-0.478197878420042
-0.0314474553922643
-0.427063090302768
0.0761568999783269
-0.542884813257217
-0.128970287701172
0.737205713367104
-0.141257461422155
-0.421256816946068
-0.187043513996775
0.402757619035345
0.495530062455967
0.671258790025581
0.810944597705141
0.839782157430035
-0.59058001687372
-0.132014304248009
0.184893185295533
-0.843923963073489
-0.447245145692762
0.0325207571509521
0.810726386712235
0.135795204913117
-0.664902604800511
0.329773383448031
-0.441835551632118
-0.156904087495058
0.864269191790622
0.340211293224815
-0.0691027552871743
-0.734533510930844
0.196047630140839
0.492366644286277
-0.0800419695249662
0.0624217003891476
-0.0244635375548533
-0.111785870656802
0.400613747401459
0.138033389549842
0.0818005085506805
0.316027405721148
0.0748310184861975
0.0983779143744285
-0.0750312085809529
0.452132063786666
0.241853907856273
-0.328962954365455
-2.77847534447469
-1.90095003718432
-1.97377829744508
-0.654628356472223
0.762595641334225
0.393377751527939
0.540639088017545
0.216157961412324
0.428062034354598
0.0229021541467651
-0.549323947638537
-0.792069977166434
0.328986724928692
0.0107621899514079
-0.795427722982292
0.0390355273474953
-0.796167002225005
0.0218708563838782
-0.0747660431743739
0.470530027877652
-0.172805815695527
-0.3213204857687
-0.0387479731503414
0.227426813687382
