# predict_model; Vecm
# max_attributes; 15
# description; Austrailan macroeconomic dataset
# number_predictions; 75
# predict; Cons-CloFoo
# lag_parameter; 4
# horizon; 1
# name_prefix; aus_macrodata
# method; Hits_te_(n_components=12)
# prediction_type; rolling
"V1"
3.99387950723187
5.17820170381594
6.98321358001118
-7.58909360511963
-2.62627594690366
6.87363042327648
-1.94013819311742
6.91017903618132
5.84593707520393
-0.364910242398287
17.732317670569
3.26399468313691
4.58415139331338
3.01830409745511
4.25461479143251
3.11493415157383
-18.5347245860613
-12.716909162788
55.1799357127665
-26.3825255369164
10.1995427083897
35.1202561801456
-25.5982007489223
15.8956994146109
-9.25664579919515
-3.99547617233313
25.9187320255079
8.69759407286146
18.4318179198674
13.5104031849517
-0.0320140263213957
-0.653124864006708
12.3052252056354
4.60258010496938
7.44690322736183
-6.15832468004464
22.5598675421729
5.68015182799438
-11.3772291851436
7.95312857263865
5.80848803489539
18.1783606461636
14.7667636400313
-3.3667568346755
0.591844636758939
-1.30264095915758
16.5766011216948
8.7127420073644
15.6812698683305
14.5593523429848
-13.4595863336004
30.8909376804593
-7.59211839737937
10.4264057699236
13.8462969481196
-5.59172300087927
26.0830212826072
-6.80560700361978
7.09186868742766
4.53461961002973
-2.51622766083893
-13.2011418729083
-7.26537973976699
-7.65600921949616
-7.67924754732497
12.9391126702105
-0.449890119603347
3.32035423040001
0.412987809195905
8.44870834261575
9.30027754154897
4.55955747938802
-9.81118641068054
3.37368012403385
1.51494559999558
