# predict_model; Vecm
# max_attributes; 9
# description; Austrailan macroeconomic dataset
# number_predictions; 75
# predict; Cons-RecCul
# lag_parameter; 4
# horizon; 1
# name_prefix; aus_macrodata
# method; dm_PCA(copy=True, iterated_power='auto', n_components=6, random_state=None, svd_solver='auto', tol=0.0, whiten=False)
# prediction_type; rolling
"V1"
8.49836291496144
10.3699906482471
5.17275995018019
6.26565516012775
11.5733907920928
3.22941533666874
7.66732407125972
16.2529368584395
-24.5161979469676
-8.05740011853036
11.9094786401227
8.2330877793253
7.8334505567992
6.39678502973232
7.25766940090609
8.69649910978375
8.81589471722992
3.52414099482313
2.75525163773957
7.51012966978707
11.3198415865001
-24.8974325059553
2.40325282886837
5.20387517144719
1.04543855899791
11.8801806057674
17.8526861023874
4.45327933841919
3.80763038408375
1.00603252868049
10.6845770513567
5.54462823381253
18.4401357402806
6.3120093388169
-6.16208522626195
7.16100453750006
0.400236244452438
5.04634340641961
4.33016620718829
5.00385087769026
4.21437986675052
3.81917255462551
6.64460129946626
15.9581912953189
7.30754694328797
-0.40511090828946
2.57121880427899
6.52890803751419
3.83284207103036
0.485112447707931
-6.31850039436973
-12.6031246945068
4.29028928703449
-3.49447962497284
4.12936100049628
1.63585281626355
-4.31846201997998
1.96300721303503
3.36865052360886
14.0288200529733
2.8631596191452
12.9455275211009
7.55251378598842
-2.64588666920396
2.07297942652761
3.39038788844832
-2.18223324111009
5.55715326565636
-4.10510157464409
-4.64661706906636
-4.29016185891618
-0.275496039441558
8.16573792212601
-6.2328918134033
8.76997475942973
