# predict_model; Vecm
# max_attributes; 15
# description; Austrailan macroeconomic dataset
# number_predictions; 75
# predict; HCE-MaiRep
# lag_parameter; 4
# horizon; 1
# name_prefix; aus_macrodata
# method; dm_KernelPCA_fit_inverse_transform_True_kernel_rbf(alpha=1.0, coef0=1, copy_X=True, degree=3, eigen_solver='auto', fit_inverse_transform=True, gamma=None, kernel='rbf', kernel_params=None, max_iter=None, n_components=15, n_jobs=1, random_state=None, remove_zero_eig=False, tol=0)
# prediction_type; rolling
"V1"
9.58440987223764
3.99068220355628
-5.86351725546484
-1.94953536975163
0.444210778114604
-1.76862786389533
-0.983382099698314
-4.62659631599637
12.15704469364
-2.2463822988663
-1.97034226671526
2.5982892689048
3.20394208780652
-15.7612336378563
0.460399800269764
-9.92313039750544
-19.9969251495746
2.19327871421549
-1.46761026054541
6.96959665703793
-0.7847303304173
6.80087453998304
-6.15483755571927
-1.35114269305122
-4.50276909018976
-2.8962089733527
6.88240080410881
-0.015660097560952
-6.45289047555952
1.98268076138301
17.4149480474691
1.63666336038598
-12.6288497151619
1.27833085539837
-7.87218789021389
-0.517517317262418
12.1543864039683
-10.1607756994314
-10.8249537998008
-11.2675340293873
4.98230032829429
-0.00659847505011896
-8.03473697598689
-12.354531596347
0.996098718855585
1.50397077543618
6.42551540864432
-1.63291267868594
1.90237371109727
-12.4848608866893
-0.283169965281472
11.827811502661
6.44995115940138
2.38292475983628
-2.02450387009694
-3.90533320793253
-6.8213221506551
1.24560863188655
3.98014691270515
-4.32910791617749
-16.9470587615376
2.02099755355407
14.8145712719499
3.64499959808749
-12.9787009230454
-8.85630026988498
9.2433946809236
13.8383497197346
-1.5028693408232
-3.48267565212937
-7.44918801437739
20.513319108062
-2.01479167612961
-11.6229750870549
-1.57652492200152
