# predict_model; Vecm
# max_attributes; 15
# description; Austrailan macroeconomic dataset
# number_predictions; 75
# predict; ExrateHKD
# lag_parameter; 4
# horizon; 1
# name_prefix; aus_macrodata
# method; Hits_te_(n_components=6)
# prediction_type; rolling
"V1"
6.24335882047767
7.61476795700665
1.71356678115505
67.3967544364039
-29.8475118857359
-31.7990728063842
-5.71559495125757
-21.2413291509381
-11.475128178334
-14.7911425202603
-26.5811798415223
-2.70144885428474
-16.1456932706634
45.0556689993394
-17.7893221614547
17.1741840378303
-17.111201521235
-6.22911680649161
-12.1869129759673
-30.3949222225847
-17.5225684770228
9.31897363092616
-20.9416734584736
-18.5118727003867
16.3063792497652
29.3108547455145
2.77381036134381
12.8142671190542
8.34598867103299
15.314862205671
33.2366198821014
33.1438368955179
8.19837768034172
-5.04715489863494
22.9102671246751
10.0777179452173
13.2875640810998
3.28055985254269
-24.3315485332656
7.62011904276243
-19.966804566957
7.91913628562823
3.52333027718252
7.05465545828998
22.4128035940623
23.7647991069383
-12.3740078243204
30.2716979780026
13.5326909807725
-17.8137168431637
-27.7709071182844
-32.946577934825
70.4530453486039
-46.14254025489
20.3350204938073
28.8545508251422
-36.5176393972049
-15.3025048368935
63.1209035572834
35.2906053343582
11.3914011690642
35.3828023672394
1.97715167545788
-42.2785834831828
12.5887906280775
-3.19997699283514
8.13804427404171
-20.3225079947677
4.9730417300018
-12.8375248698484
10.5999172976779
-53.7389480709731
-43.7817422341468
19.5964147231618
-14.8223684569712
