# predict_model; Vecm
# name_prefix; aus_macrodata
# description; Austrailan macroeconomic dataset
# lag_parameter;4
# number_predictions;75
# horizon;1
# max_attributes;15
# predict;FedFunds
# prediction_type;rolling
# method; Part-GFS_te(n_components=8)
"V1"
1.06618521557086
0.218703546440177
-2.03753985108586
-0.663712610642608
-0.848561041324633
0.20961370360645
-0.252172810616602
-0.674280762347632
-0.0779564540711311
-0.419029687734431
-0.245896348805961
-0.593767196637936
0.420080473620875
0.36848634930636
0.173146044700698
0.699047038045436
-0.812972714264152
1.34471433364643
0.150874486271584
-0.0220803302914834
-0.583193817806015
0.421746895527014
-0.544360531473691
-0.862977357466507
0.42251441306754
0.511467031007794
-0.0524375092988934
0.350135188611766
-0.624970591521759
-0.288028992625022
0.457789191562959
0.327090763792053
0.597111127547852
-0.297119192456213
-0.140976007904924
0.00495520628682901
0.46050344576606
0.0498295913218175
-0.0770502984339388
0.023356075463038
0.0468547000085911
0.418215234147459
0.399115050814065
0.364755274419508
0.0783053255726179
-0.169729617956948
0.266947827527252
0.0271151243059207
0.651347024939909
0.194918788635006
0.0234734238253608
-2.14459189676202
-1.90391050581548
-1.40882943727705
-0.381607496041952
0.97749541671527
-0.204488393121124
0.371807435032585
0.566083056572858
0.238266788449998
0.0192825234912768
0.279849299545127
-0.407524100308256
-0.07279439328465
-0.293886382214096
-0.469255133050254
0.682354865518852
-0.245461780236874
-0.724797207864409
-0.271366533400431
-0.111722866138104
0.0661630421675498
-0.442580266114755
0.364557469781922
-0.412148605011974
