# predict_model; Vecm
# max_attributes; 9
# description; Austrailan macroeconomic dataset
# number_predictions; 75
# predict; Exports
# lag_parameter; 4
# horizon; 1
# name_prefix; aus_macrodata
# method; dm_PCA(copy=True, iterated_power='auto', n_components=6, random_state=None, svd_solver='auto', tol=0.0, whiten=False)
# prediction_type; rolling
"V1"
0.960542758298975
10.6552083176824
14.8794230819321
-15.102484050528
27.9196489094676
19.3392723234635
-29.0587876683482
-16.3876351267999
-77.0953866379621
-1.28204997213179
13.5051079596787
9.27984980379673
-14.1516459214109
-5.36352608340636
26.4721953196165
17.6621271071492
-10.4277400007914
19.9297958261807
13.8773126138206
37.2349103482956
8.00851103653118
36.7563089567854
-22.3829315812381
-9.12107583007617
5.96842134114701
7.97116244344505
0.276197182016419
-9.23684091666091
0.772875790775032
-4.33434119128618
-11.0266369100478
-2.17254687833926
-12.2010877818623
13.6937824284886
-12.4812527540654
1.22270783885416
1.09427596250336
-6.14078482626466
15.9535341189776
17.2217605470549
11.621307180882
3.3351280038345
6.77080964968616
10.6163962563289
3.32919764046932
-16.1956259092376
-0.289106525145303
-4.38180523345424
0.407003598376283
3.942270545087
0.839425893311177
-20.5241746476911
10.8575353806533
-7.50654962699627
19.1846292739183
6.70865912529615
-7.68300848699031
1.4744476969636
13.9690440994178
10.705927421773
4.04254418810169
-10.5462505444014
0.00865234618944855
17.3937549126646
7.9364011580868
10.5760647769283
13.2038444223398
12.8774571033801
5.8517948266424
-6.12763370633366
21.1600570030099
4.05993825245644
6.0803961541325
4.36876046062602
2.43672129875039
