# predict_model; Vecm
# max_attributes; 15
# description; Austrailan macroeconomic dataset
# number_predictions; 75
# predict; Emp-HoursFt
# lag_parameter; 4
# horizon; 1
# name_prefix; aus_macrodata
# method; Hits_granger__graph(n_components=14)
# prediction_type; rolling
"V1"
2.59377495206669
-0.221488963013974
0.148225650961736
-6.35092780262962
6.90420263043955
-3.46354635364285
0.238500796936843
3.6228198197219
-1.19793898704658
-1.68138751956163
0.420512938726814
-2.97321315316397
2.07683240190737
1.76610796551373
6.74777182054869
6.06811623607068
3.21669409272043
0.833144338313607
-3.90196669074352
-2.07145043422245
4.14102144934148
-5.25591923010736
0.0812477815948173
-2.66692743472421
2.86186271354888
2.06180337230882
-0.97268283590234
1.82553037898377
5.74741426528611
-3.51743173956977
2.29719951399873
-2.96178614928757
4.43338752149216
2.74784528218897
-1.45460881538039
8.5587371962269
-3.04814881590126
5.85626516274931
-0.516851578429389
1.79267904565174
-3.04245580377621
6.25148224514803
0.942686927887744
3.80363792439982
0.811247572521311
1.80962296415981
1.93492667381863
3.75333394058573
6.21421770069022
-1.82970207887862
-4.14998486849826
-2.80188379649356
0.628191034681619
1.03406829200035
0.607135167024059
-1.08255624310666
1.70819163284997
-1.3685808612346
9.97994105783355
-2.13317977357969
8.42674961907214
-0.184361652383377
0.346093177967125
-3.6929975717965
-3.60228923010053
1.72954575181655
-7.32850998762068
2.66809028475262
1.64342150565481
-1.91946630639683
-3.0840645550696
2.29992137571253
-0.650380825727363
2.09444539153091
5.13822856086321
