# predict_model; Vecm
# max_attributes; 15
# description; Austrailan macroeconomic dataset
# number_predictions; 75
# predict; HCE-MV
# lag_parameter; 4
# horizon; 1
# name_prefix; aus_macrodata
# method; dm_KernelPCA_fit_inverse_transform_True_kernel_rbf(alpha=1.0, coef0=1, copy_X=True, degree=3, eigen_solver='auto', fit_inverse_transform=True, gamma=None, kernel='rbf', kernel_params=None, max_iter=None, n_components=11, n_jobs=1, random_state=None, remove_zero_eig=False, tol=0)
# prediction_type; rolling
"V1"
-3.46447694966401
2.35724883111313
-6.3583300603887
-5.66406962038228
-6.71729445309113
-12.3217622277181
6.95632994058459
18.3912944588235
4.77590173285631
-0.542514933325446
-1.39035696054947
-12.3675891532927
24.9542456872141
-9.98993846425362
2.87039567095407
-5.65889822722047
-3.46307726416375
1.22326957013854
-11.7446225041309
-4.50289149571226
16.1644113457371
7.12496380420686
-4.05226822075945
-2.80907661451138
-3.02401810933742
2.08625492104481
-4.77274797026823
8.07813530364304
-1.42587791469145
2.68669371609875
-3.99034700252952
15.0716647250208
8.56992423890607
-8.34404442880004
-2.64201865430707
10.1767300434103
4.8401139063453
11.951040142272
-11.1039387638074
0.866793970081875
-4.33901463154626
8.18059466400706
1.14282147824022
1.10967731728787
0.549546810826284
5.12568401479079
-5.35524136859683
-1.2074688958987
-0.613480975428999
8.35609293747919
-25.1960044131617
-6.29511099637618
13.7348739313863
-0.710170157461489
5.89286311421616
-0.102977579244187
13.8253429133616
-11.0815566137407
-3.63836020152012
0.866476336453008
-1.92047409160989
20.0835506758078
-17.9316596322226
8.52707226980158
3.03321697266077
4.75170189341488
-5.45505265933821
-10.3837621304708
-2.73838728476651
-1.57306944863171
-0.282790432695291
-0.395491202700815
8.23899414143423
-1.53857869954689
2.25775745037249
