# predict_model; Vecm
# name_prefix; aus_macrodata
# description; Austrailan macroeconomic dataset
# lag_parameter;4
# number_predictions;75
# horizon;1
# max_attributes;15
# predict;Cap-IntPro
# prediction_type;rolling
# method; Part-GFS_granger_graph(n_components=6)
"V1"
7.23172449705523
5.17778559444655
11.3442934471393
12.4361615535524
-0.249147242071141
4.61496673876159
-0.465487069766383
5.89147648705074
6.38851296381539
22.9176751896457
-6.67549978548838
-11.122592332897
6.16005970226051
0.43475655023904
6.99187634937555
0.964292500955043
1.97398346959396
24.0919607924379
14.1314775808558
26.1836182249656
20.7281503097336
12.4091664189096
0.850219350834328
-4.49738445055847
4.64917135513221
7.15069857579259
12.2047015380524
12.3016130272512
3.09230029646287
14.0649401987936
-1.2398007879643
4.27152929500591
1.16425552572828
9.55088470229402
13.5927987255563
-1.05856000292425
13.2163832704022
6.89209108181803
12.5052674155701
10.6361203274987
7.87659688100332
19.491129322954
27.0510964719648
20.2249851389241
10.3138519481486
21.1483685468799
22.1201744818589
28.8868890671765
17.7928675001859
-0.807426254087364
7.45574102716094
3.18085230683907
-1.56320525098714
-19.7843707079368
-3.54814745908597
2.11511957387219
3.47901957823595
9.87562392956795
-0.323564733130598
2.13187561898184
10.8043898216538
13.7005314941998
18.9944752441689
7.03633055744233
5.0384952898462
3.224124673434
-1.27581690127735
1.52788195479178
8.83812499917989
-1.15059974465362
-2.15855811049702
-0.0341486697541526
-1.06001374746641
20.9004884459429
-1.49501971964564
