# predict_model; Vecm
# max_attributes; 15
# description; Austrailan macroeconomic dataset
# number_predictions; 75
# predict; IP-PCCR
# lag_parameter; 4
# horizon; 1
# name_prefix; aus_macrodata
# method; Hits_te_(n_components=10)
# prediction_type; rolling
"V1"
17.956057688655
10.2147237156223
-33.3910482231472
-20.1151976294832
14.9785869179932
12.5980761503656
-7.78105828535399
-7.30000457461419
-4.74915954470244
45.5042517138742
-1.51363132717039
-2.79321738198676
32.623146749948
-22.6888351633272
0.912188477042724
18.862724059126
9.1015407228896
-35.2722383280722
-41.4652382626969
48.2343724370274
-12.734681329682
10.186802891864
17.2468945151176
-17.3010437468618
-10.0819309306579
19.2936808862587
-0.152693342823109
23.063564650653
16.828486648159
10.2708623598976
-24.064289500298
-24.5428441089083
15.4141565739225
17.7255266640866
-10.3776290010779
1.48447110404245
-13.7225392029892
-6.24727933129846
15.2908162831694
-10.7700673045813
-1.10831866956175
-8.52689875594623
-17.8767899422358
-0.549082549043744
32.0288652230282
11.3975792530336
-22.148929771421
17.452892100984
13.1696616294063
-3.1417134011696
-27.9031535460769
-32.0704223674395
-56.1600924606117
-35.210604732689
12.6681799338795
53.3448424643608
-11.7305460879554
12.0349429399142
-43.7104483263435
27.6171932003278
3.65387599864799
-1.54981786167037
-1.05892414149045
-21.0337494573414
5.88167227740557
-15.7832175301577
19.6098336320245
-31.5076954229814
-18.2891864119692
-23.8575793447377
9.72455081648961
22.734207662033
-45.4272031550544
11.6711412862436
-31.1048715397358
