# predict_model; Vecm
# max_attributes; 9
# description; Austrailan macroeconomic dataset
# number_predictions; 75
# predict; Exrateavg
# lag_parameter; 4
# horizon; 1
# name_prefix; aus_macrodata
# method; dm_FactorAnalysis(copy=True, iterated_power=3, max_iter=1000, n_components=2, noise_variance_init=None, random_state=0, svd_method='randomized', tol=0.01)
# prediction_type; rolling
"V1"
7.34226319623271
10.5723618687613
5.85008591828147
19.8593756837112
-3.18377935145745
2.96315748363456
10.4386290017539
-10.0424476877517
14.3059700209154
-17.7524399997427
-19.7854723901896
-1.72584176981552
17.7600565781725
17.7021795557161
4.69978750741571
11.2047310588212
-0.957481773740828
-10.1858051593871
0.216604208054679
-5.99491120871197
-14.9278544558658
-2.36848273867806
-7.24933410272043
-3.95544068532265
2.39307005227244
11.3890230758854
7.77297433922092
9.99481184549895
8.01271388885262
15.6622135643765
12.5041531675775
16.5814596369544
12.0238658812005
16.737712065586
5.9688046091996
-0.304168223967151
9.15005965219227
0.266568324459401
-5.01960910828985
-0.367408805385409
-7.73892956786038
-2.53424044064975
0.059703871090288
-0.393535328237195
6.54280213750924
18.8336126276363
2.18718922198425
8.13056385164211
5.45207791148377
-0.151446931078095
-3.57834580827385
-19.5095627306754
2.23990918251213
-25.7878060139834
-22.6666242433045
4.1712347262729
-6.86192384299692
12.1283097363337
35.9138451288409
23.8273055178509
10.0206843003523
33.8653081594632
0.674140141575232
19.2965841429374
-2.5191867582142
-15.5661770974717
11.8018168245804
-2.27105046491596
10.6403889408913
-12.4156094029837
-13.759089008291
-20.2064663814176
-7.25966142226318
2.59197526271403
-13.1299418143685
