# predict_model; Vecm
# name_prefix; aus_macrodata
# description; Austrailan macroeconomic dataset
# lag_parameter;4
# number_predictions;75
# horizon;1
# max_attributes;15
# predict;IP-ME
# prediction_type;rolling
# method; Part-GFS_granger_graph(n_components=11)
"V1"
1.90206771828109
-7.46325265885089
1.44178724782925
2.15368003392763
8.98862845580842
-4.50348086435477
22.7849282245297
-25.2867645193589
12.5051372552043
22.1378771831568
14.2958849037727
9.84781351533181
16.3552955275295
-21.1604618507759
-23.1349834761879
16.0620102524371
-5.6803537202541
34.8334746611089
-34.662311952907
15.0400305137412
18.9061236941685
-19.9103608894213
11.7876977076578
-14.5626029369635
11.9398388437843
0.764554832570765
-4.2304461263784
23.7953031939632
11.9610239620507
27.3268565655859
0.525616739208019
-7.36519728145548
3.3098175166815
3.50742478106411
-0.841197343883639
2.37544159914755
-8.14829009764962
18.813102052277
0.31291186039133
7.78031029980942
-29.2326445931016
3.20038362878034
2.39224991457779
7.31605386013735
0.181831023597018
-3.72602450745151
1.03444033198416
-26.8644031613243
15.8889661042292
26.7692315878967
-44.2003692215533
-51.1499018244983
-25.376591440066
-13.3547759427586
-16.9034836254532
58.4660657589993
30.3066372538617
-57.0551668275503
13.1138624665461
-10.0837152073709
-6.24728973236089
-1.38814036556822
9.41041357208984
-1.95360718179523
-4.53720910170028
-8.95522699558856
10.081152799811
9.05970966090303
12.141523197654
-5.58368639511869
6.3494368244605
13.1890423786545
-18.6770961903171
7.75846054214247
-36.3722223312061
