# predict_model; Vecm
# name_prefix; aus_macrodata
# description; Austrailan macroeconomic dataset
# lag_parameter;4
# number_predictions;75
# horizon;1
# max_attributes;15
# predict;Cons-Other
# prediction_type;rolling
# method; Part-GFS_te(n_components=13)
"V1"
4.80409849597861
17.0790009249937
5.5026876434254
-4.33021278932986
11.5118367754287
0.423716305624532
10.4913712104467
-10.5556831694631
7.98977918984667
6.19565602932552
0.965907882712724
14.9794343936775
1.9060081861826
6.48642781899694
3.71700138032389
-5.18601665511986
-3.41563338930463
-1.38737843115161
-6.34833210114585
29.1391489284048
-4.41206100149098
9.34868578118833
-5.68618653708893
6.73892132038615
3.42867255416047
-0.129613648480609
4.86255059455228
4.45536193005676
2.92746702533701
0.823051255618964
1.55743620133312
6.71807366249768
4.08937190426906
10.7641750521693
2.48472726830726
9.05018916922025
5.14559015969628
5.76956504617501
7.11521064624277
8.67200169034328
9.23801070931567
12.5996907802547
2.04804041572383
8.10313054717223
0.78466445393866
7.96205376229251
11.4615702216915
10.6207212048208
7.32703425205564
2.41706797417223
-2.81121143147246
9.82121122676363
2.10182013178696
-5.05229306505307
6.02656479967693
1.90184723383983
4.91154100405906
11.8253970730847
-3.33544709010874
0.664887605820532
4.24193796043208
6.60446566950612
0.964809701771927
4.79443483595508
-3.63780558859765
2.68417723014616
-2.29410391888716
-2.18141888166836
-3.09067425807612
2.36249747074173
6.84788975297723
-0.479094991935419
-0.368451790598321
-2.18808664718612
3.89638394905758
