# predict_model; Vecm
# max_attributes; 15
# description; Austrailan macroeconomic dataset
# number_predictions; 75
# predict; IP-Man
# lag_parameter; 4
# horizon; 1
# name_prefix; aus_macrodata
# method; Hits_te_(n_components=5)
# prediction_type; rolling
"V1"
5.14423308323845
0.994215972006129
-2.90088780243317
-2.99212194302676
-3.07554812493591
8.23643227601372
7.32283448356087
-0.887731371003821
10.147038545137
7.38647847400402
-6.04487180265025
2.59437103579222
9.5588250753911
3.12880272642349
-7.89959748651636
-4.71166454776538
18.4772223007363
-9.18331651924025
9.6246134666074
-4.93647008826735
12.8933918922964
0.772979024542368
-9.89709212755434
5.26571936750889
4.14600188817222
12.8601753403768
0.417151455709085
-2.43075894451677
8.10542086539469
5.09002416906267
-4.1838924399511
3.66061244980336
2.58441422463818
-2.83402736394473
3.81103332963448
-2.47565002838263
-6.83900813295879
6.33338657443289
0.383890932200016
-5.95215728983412
0.108776261193488
-0.70595432899166
-5.99058380748478
8.33104719779486
6.859436949661
-1.73946263216418
3.87832450932088
-2.65153680680905
11.4014309455295
9.81517589653571
-4.33945423984227
-13.7616428730739
-20.9358929724434
6.74847512313362
-11.523707873408
12.0530517899322
-15.9775367497095
1.40178680379581
-5.71816875560512
3.05937307323278
2.48115194400461
7.00536806737741
-4.37471458474312
0.0160022012127614
-3.02311682982685
5.42809571163754
-15.5540369322886
-0.519838698307391
6.67073654971291
-21.9310966708594
10.4097354338388
-1.38269610354926
-19.09559742794
-0.375906237737882
1.46658493058161
