# predict_model; Vecm
# max_attributes; 15
# description; Austrailan macroeconomic dataset
# number_predictions; 75
# predict; HSexfinNum
# lag_parameter; 4
# horizon; 1
# name_prefix; aus_macrodata
# method; dm_KernelPCA_fit_inverse_transform_True_kernel_rbf(alpha=1.0, coef0=1, copy_X=True, degree=3, eigen_solver='auto', fit_inverse_transform=True, gamma=None, kernel='rbf', kernel_params=None, max_iter=None, n_components=15, n_jobs=1, random_state=None, remove_zero_eig=False, tol=0)
# prediction_type; rolling
"V1"
20.8545550175601
-57.7536739624399
9.5756587656066
-7.07081314339994
-20.1011903892835
-4.55117271818856
38.9670968159965
56.6245329957827
-52.5296927089988
-11.016075647732
-45.5224226019756
32.8858123206882
103.466295318309
13.6248410150738
-22.6589345894003
57.6466493986029
-16.2626469646837
-42.4635669371148
-18.5962202731346
31.3231748412802
-23.3302045525302
36.7045108299722
55.2773232489713
-12.5735540117111
-31.2818469407014
-2.43337346832984
9.71107760034657
-47.4052611415441
-22.8373696034396
27.5425248693215
-6.66419432616942
9.72215385347029
-38.3644591945318
-23.6902559933097
-31.6777987755995
88.1383809324505
-16.3958297896389
-27.135543966146
52.7553481906852
30.0509632804668
11.507240486787
10.7366109375004
-63.2827894199038
12.8191695454755
-20.2230050443456
26.5690156786625
38.4580404322986
-7.62323062519992
-51.239618184307
-63.3674233029772
21.3290619407618
-2.47725586791344
55.3873252490311
5.96617989244765
27.0653576508026
-24.6807124302197
-86.2709887461802
-34.065945617549
-14.4195760224162
13.2017070057338
-55.354074348499
23.7027129461589
-2.97838756486862
37.8229368701638
5.92641191362661
-36.0915339849277
-2.53166595645545
1.77221053390789
-23.2756456617805
59.901169969917
57.0817738992078
-34.79156141576
-19.4389488692653
4.56875840943056
4.23386275961958
