# predict_model; Vecm
# max_attributes; 15
# description; Austrailan macroeconomic dataset
# number_predictions; 75
# predict; Gov
# lag_parameter; 4
# horizon; 1
# name_prefix; aus_macrodata
# method; Hits_te_(n_components=2)
# prediction_type; rolling
"V1"
-3.12734681307773
1.30468189240338
-2.4236515401768
6.50428360845956
5.70284440744079
9.26409399575281
-2.55551277639223
-0.781334689323963
2.93329415610019
0.577809047824063
-0.143512075340547
-4.01993945020236
11.2346381741071
2.72578030729797
2.58348936583941
-4.51679593637497
-2.20112061370475
0.72620778340276
5.18289933596036
7.08452284435639
8.64969709545739
10.2612242707871
4.56454613823382
1.07963530277338
2.20351109334778
4.30111857659278
2.71535183318097
5.04856607613964
0.946890777079839
6.3914232514308
5.2850609952617
6.65870881549637
1.26190978695605
-0.21327836267281
8.2229654032902
7.00774144662857
14.2284593126233
3.47305349412252
3.10902422426788
1.86078694986796
2.93017873648406
2.81988989496923
0.539366994013898
3.50994550171167
7.48289033642526
7.91038462253198
-1.49066192613584
0.33813772727398
1.2089527048118
3.51926331454829
3.23986906488261
4.41779819867243
7.38297029389817
9.71096696700819
12.4517008184579
-3.92370149495261
4.58714937702018
0.130578889411406
0.0658248059998808
3.75645433478453
7.01072665161183
3.30392257291667
2.81905431856121
3.41381728199033
5.97404454546301
3.94305956769994
6.11198003308573
7.45002231077823
-0.628764618024056
5.43190599663266
2.14859560231056
-5.51874835251225
-0.808535592869657
-0.902967697982549
0.0657509678216091
