# predict_model; Vecm
# max_attributes; 15
# description; Austrailan macroeconomic dataset
# number_predictions; 75
# predict; ExrateUSD
# lag_parameter; 4
# horizon; 1
# name_prefix; aus_macrodata
# method; dm_PCA(copy=True, iterated_power='auto', n_components=6, random_state=None, svd_solver='auto', tol=0.0, whiten=False)
# prediction_type; rolling
"V1"
14.6627487258044
14.6310060733062
-5.73151405805566
11.9091401961593
-11.5690650953763
0.641534294097703
-7.76725933445169
-10.4177937639346
35.5823307534055
-55.298620610159
-27.9368310307123
-0.422793375895212
9.14853832616253
11.1999847033718
14.4176015702569
4.68068930284032
-8.35441026730448
-15.4861259191001
-26.8033707816468
-27.1042378281865
-16.6745490811569
7.92217703458958
-3.19047868703424
3.49213098490239
4.97171387015855
17.8012276573367
13.3329037357991
3.13021196282831
19.4695931189645
41.2139745406678
24.2014085046492
19.551146013229
29.7124957966911
0.088379967306168
-12.4125895384933
31.8328618492169
21.7632111361594
-12.2641539298256
-3.51224940666314
-4.53209225685474
-2.35330931136889
7.29807689072378
6.26992557978662
1.01797415619578
13.9381676910593
18.7973113885968
11.6188012083884
20.2790121216662
8.92227478237631
16.9390524144366
-20.6400248187762
-73.7410907737192
-32.7446090111997
-8.12120077719096
15.832806552065
12.1035040878495
-39.1652084953001
-3.43025884258529
56.4909748122723
26.2290364615016
1.2217864990983
40.3552646239086
8.30388818088656
-35.0150478967714
2.51114415253572
-21.9619720062536
16.0655550493542
1.28470615266137
-4.55383688038947
-22.2988391350042
-28.6654676348378
-9.1529234206463
3.80658911394073
14.4463707225128
-11.1908326546791
