# predict_model; Vecm
# max_attributes; 9
# description; Austrailan macroeconomic dataset
# number_predictions; 75
# predict; LoaAdv
# lag_parameter; 4
# horizon; 1
# name_prefix; aus_macrodata
# method; dm_PCA(copy=True, iterated_power='auto', n_components=1, random_state=None, svd_solver='auto', tol=0.0, whiten=False)
# prediction_type; rolling
"V1"
5.11521382313293
2.3891852138613
-2.57985689588783
0.849618869734657
-4.99296055367442
2.53966944393269
-2.8126980552837
-1.28680792734405
2.16301023844466
2.10355893191633
-0.574990670920679
-0.455324321673676
3.77973802923886
1.35728922285112
0.812540288156521
-1.17669811814652
0.510639462126851
-2.21934289345638
0.557915313859462
2.45662998512932
-1.92301857752572
1.78778151381522
-2.32617860773034
-4.60503509852614
-0.707060449344206
-3.79476446226608
6.09284930364941
6.98862328221265
1.79042235711889
0.267240073041437
1.48546959631018
-3.41653952013948
-2.18615481420639
0.553216371242822
1.45578094685214
-6.41933445170063
2.27411507866916
-0.292533500178828
0.627520632709213
1.45141829889727
1.61975074838542
3.57202258832043
2.36323495502398
-1.38104706200837
-0.971883850380938
0.0942490450037142
-6.30235715962931
3.15714916263832
4.90952810287447
-0.86282992631642
-3.59686378120511
-1.250218229066
5.6917730888704
4.05249156871426
3.10240424498267
3.98197195302182
-0.102897200357278
-6.68833313519443
-5.25035904783679
-1.07705605894319
-0.298595972811427
0.772754131022245
0.624897585375907
-1.38814820918716
0.426284150683813
0.52409707863287
0.404887324598212
-1.00671821216634
0.0869835297454628
-1.50520720789118
1.16515756217142
-0.0767098161442036
0.0139681274352425
-0.510562405803366
-0.153920454049548
