# predict_model; Vecm
# name_prefix; aus_macrodata
# description; Austrailan macroeconomic dataset
# lag_parameter;4
# number_predictions;75
# horizon;1
# max_attributes;15
# predict;Cap-MacEqu
# prediction_type;rolling
# method; Part-GFS_te(n_components=13)
"V1"
5.98714045438696
24.5460310941255
-12.5400875485234
-37.6163725866666
18.8686129844122
79.6089813666532
49.2877136654845
65.6854881945709
-59.769113030005
-11.5412305164402
-0.184477248814102
-126.066846143058
-72.5882588944018
31.494073083925
67.8086331963426
47.7482705779638
-13.6611284695553
37.7185195748396
13.3276473555729
-7.29935111468619
-30.059772323395
-65.5243767265203
66.9110524028361
-27.145363407602
25.3137983302095
-0.762587151684433
7.8072722997672
93.5016648533988
4.90429003065589
0.057075022202147
-10.1670957869886
13.4708083171327
-4.28933915504142
52.9676320722647
-7.76902023777465
15.24663884522
13.215249252522
-3.08177043721195
42.2185035346123
8.11973682813869
12.4504511916114
-29.741845670599
-11.0576594535594
-7.87646368578811
-1.70279636598777
21.3794383988413
16.0876857346934
7.46870137302795
7.98071083839577
52.3015156212442
35.5009851364223
-18.1570552465935
-43.1067374991159
-20.9074303591083
-33.4789461480342
28.0116671835602
7.73910310775072
-5.5587748148865
-56.9762017936429
-0.364277178158779
12.9200075012007
12.7052959929183
28.2921864951553
26.6510871090763
-12.386071030301
13.010749580397
1.39186095521026
-1.93675989486618
6.12449327319563
-12.0466402441015
-17.5487757972321
-48.9494926639853
-19.8635634207863
-0.358267489681723
0.236130647235889
