# predict_model; Vecm
# max_attributes; 15
# description; Austrailan macroeconomic dataset
# number_predictions; 75
# predict; Gov-NatLoc
# lag_parameter; 4
# horizon; 1
# name_prefix; aus_macrodata
# method; Hits_te_(n_components=5)
# prediction_type; rolling
"V1"
-0.790628817726224
4.8808656215687
1.17671584110335
0.305729330291176
5.23604509630904
0.0794996724770309
-2.5056614527146
2.17419461446994
12.7598578866697
14.1299380420056
0.428589626459443
18.7080721764889
2.93653181245585
-5.26776384997359
-6.78781308160285
-5.84668547617938
3.60251991332326
0.299036419459153
9.54618482694495
21.0304609872423
-7.63935768448376
0.687207908213438
2.81084797070736
1.1745454393646
2.99120042033333
4.97647675182785
-3.91419674223482
5.94653313556364
5.12900936994527
-1.40257338028983
6.05907877763608
1.54697786603682
9.20395685439182
1.78032208531084
-1.0963311699677
2.89052164754969
-2.6917367937441
3.65893966706924
3.10017092949687
7.23002348324697
7.45920693221493
8.13462417002992
-2.12364583363573
-2.73216676277045
-5.39325493960705
-1.98463239295106
6.72630896974667
6.43568832349679
-1.02436529555419
-1.26207628105522
8.41528493417818
1.73616587390439
5.98665152558923
-3.07484201920942
5.76475510317538
2.665858406559
2.95161288011598
4.06625142979106
-1.92100934685139
1.87175790762326
3.23395700974923
4.64561975477876
4.12388247183421
2.33501323078448
4.65103916647227
0.576484406851265
3.35062082260367
-1.48637135605521
-1.06771954445717
-2.2401708843456
-5.14423627289038
8.27860532548398
-3.1378370511056
1.76390533390331
3.64046093569558
