# predict_model; Vecm
# max_attributes; 15
# description; Austrailan macroeconomic dataset
# number_predictions; 75
# predict; HStartsTotal
# lag_parameter; 4
# horizon; 1
# name_prefix; aus_macrodata
# method; dm_PCA(copy=True, iterated_power='auto', n_components=10, random_state=None, svd_solver='auto', tol=0.0, whiten=False)
# prediction_type; rolling
"V1"
11.9843860665408
-19.3124100509832
25.9348745280523
3.35242062221386
-23.6147909000844
0.144708579324187
-11.3263618033574
-72.8270294877724
-59.8221010040282
-20.1325424243893
6.87885941444946
-14.9114644897748
7.95971596613583
36.0416841153149
-0.703880193664427
-1.2814069371624
-13.4961569423849
-39.8785566818421
-1.08121710641418
-70.5079811699533
84.3579325256558
-5.62536158725916
-13.1354083317648
35.2463577632167
31.5441346873404
-6.75142571315726
-25.3184825284853
6.90974743581306
60.887756677525
4.78607856289522
-92.2961365779035
31.6274914493577
-27.1856968639913
-14.3155363480622
14.2213127248647
38.6426415851969
12.3939652974815
-9.38634482057701
20.4921595525175
9.36847616722563
12.7388718221059
10.6850159107489
14.7242947418476
-11.8050709975979
12.7951920537117
16.4125868403011
-27.3175306929893
-17.5758567942749
13.0871493237427
-66.3767313794362
-51.3591994211914
30.8403864631748
66.370145349591
-7.56370810429397
-5.09845728937628
-48.6242613913411
-52.2720660991558
-19.5892458360378
10.9717360482078
-29.8006813091128
-0.646662258047744
-5.37472181334041
50.9468055502285
33.8945554744411
-2.06236383684533
-16.7922269716908
-0.216442607652502
3.80063282398684
-6.85521748741636
40.2315710939288
6.89247701297769
-13.4496180036151
27.5874431255665
-3.47320527955789
11.4544610275272
