# predict_model; Vecm
# name_prefix; aus_macrodata
# description; Austrailan macroeconomic dataset
# lag_parameter;4
# number_predictions;75
# horizon;1
# max_attributes;15
# predict;COMMP
# prediction_type;rolling
# method; Part-GFS_te(n_components=13)
"V1"
5.03336242015711
-9.3708088440482
-3.15532308263316
2.33976529534598
4.18271714351093
14.0462727412869
-37.3972506735369
39.4028053735265
-12.998755742928
26.1486047588677
-27.2208348254687
13.4519603635033
-21.5734043108065
5.50411414771711
11.2796028123773
18.3159578802133
3.43976049014873
16.4706981790191
-14.6799346649293
2.00504161822137
12.807563701787
-41.9882969551024
31.8658016791782
9.88478598786222
-32.3773982959885
28.0780300483692
-12.7736816482358
-25.0620206080991
3.8354207814428
-6.32880152763808
-27.3397918356875
42.8290770023435
-7.76476366219757
38.7525131512673
13.0658121645255
-35.3446645346508
-9.70548700879002
19.8654185160912
9.03905737500176
-7.16198791582217
11.2321228460295
-70.0479173122605
-2.56551085344792
32.4615859533121
-4.19599260695792
-5.9494372934873
9.03788720976838
15.3229932602809
28.5282289679281
14.5536999497087
2.43439904930086
-178.733970150734
1.56430378194434
10.3270086425457
78.357370800206
-29.8675362181301
-18.8516066566055
-2.91549899623764
-103.610491627287
3.43759766642709
42.5711045942411
52.4703351574591
9.70673873335007
-32.3876030235081
-15.5483939883626
28.2803173475936
-23.5127002287749
-79.5807686228002
15.4529333013943
12.9561975235724
-19.9539002016675
-5.71850104900198
-1.68663994072322
75.1431117812683
24.1303979139235
