# predict_model; Vecm
# max_attributes; 15
# description; Austrailan macroeconomic dataset
# number_predictions; 75
# predict; Unum-LFT
# lag_parameter; 4
# horizon; 1
# name_prefix; aus_macrodata
# method; Hits_te_(n_components=13)
# prediction_type; rolling
"V1"
-32.1643154092579
-4.77929590579849
-3.45331718619301
-19.9347634904298
17.486855798018
1.20069866056174
-22.4261685575759
-1.82530417142114
-15.6161546441555
-2.29894590572503
10.3952227158228
-30.4866548061608
-23.8678566778882
-12.5500538805532
-26.6447063542737
-15.8354138721927
-10.4045800948801
-27.1658610199253
-23.8009310163039
75.3228056890924
-23.9816055226617
22.4030729339255
17.3090081025393
10.8189382082391
-2.72926922453211
-16.5586198926516
-12.5266949493827
-16.0825716777957
7.33836043921992
7.58553865191251
0.458485217240135
-4.38670873010978
-20.4267698164292
-2.8531515195849
6.12976734837121
-25.3433691831751
-7.86459024348932
-14.727534000034
2.60962670422362
7.29545720419143
4.57747432643251
-15.158264199095
2.27529780366672
-3.7332980928608
3.10192991195671
-15.6311312181649
-17.7947557326192
-5.32772129769055
-11.0572820509845
3.68878336075203
31.995167635403
42.8720982187234
43.9392271700407
67.6728853657891
-1.55840292075308
-12.6665814599858
-27.5520174222827
-10.3778660267582
-2.72904230286425
-12.4447627790515
-38.2851018095021
35.0980189153529
6.4919915329179
31.598586795038
-10.8987573853781
-9.07211706210758
13.1060924323384
31.8720189366259
12.4476791720622
23.575420517474
23.6951251871718
-14.6918308479544
26.4392061620011
-21.6618443114597
7.33782493281952
