# predict_model; Vecm
# name_prefix; aus_macrodata
# description; Austrailan macroeconomic dataset
# lag_parameter;4
# number_predictions;75
# horizon;1
# max_attributes;15
# predict;IP-WPP
# prediction_type;rolling
# method; Part-GFS_granger_graph(n_components=10)
"V1"
12.0588079724897
29.785365299326
-18.1074818179118
-39.0350698472794
17.1309990904444
14.6008947199661
-12.4043094811723
-11.7401335980429
-10.3720049688437
0.200235862988569
-1.11076071407696
27.3024672018348
-21.5317658928463
3.31383090762121
-0.0859129367638656
-1.05915750612688
66.7699192036868
1.15182732916659
-8.57872602346167
20.1360542207593
-16.9158627700796
-8.07994570227689
34.2440170021522
-33.6258630433991
18.7724382257438
37.7891102566763
-82.6210629350405
-17.2013423675874
11.9734795797391
9.59327447313957
6.12212438798951
11.5376370784542
11.9531007178636
-5.90565794839129
13.6911348826823
8.30947778403868
-4.19354817548066
7.1767268828469
-2.18683995957816
-18.2213377077658
-0.057340605549586
13.8635968924966
-11.470310119373
1.38990970999648
-10.8329539543921
-17.5173638873865
15.8467027792543
1.39330294925363
-14.2245776269072
-8.0308050774956
-37.764831227338
-18.6028951969883
-8.10791431229133
27.6165017194509
20.9558995053025
5.93771319182045
-23.8110329982727
67.7209401331274
-22.944783885104
-5.71037670816241
-26.4562403131981
-22.1264343168811
41.7634035621326
-54.0950860599067
13.158860297181
-36.7807932982106
-15.5327747154276
6.98879062663291
-0.911085905081025
43.6595824899623
-28.4547471025054
-17.9450202474539
6.12454687857365
12.993953842688
19.8852400557947
