# predict_model; Vecm
# max_attributes; 9
# description; Austrailan macroeconomic dataset
# number_predictions; 75
# predict; Cons-EGF
# lag_parameter; 4
# horizon; 1
# name_prefix; aus_macrodata
# method; dm_FactorAnalysis(copy=True, iterated_power=3, max_iter=1000, n_components=3, noise_variance_init=None, random_state=0, svd_method='randomized', tol=0.01)
# prediction_type; rolling
"V1"
10.9765856395366
-6.22434849876965
-0.131447688024236
3.53624031337665
3.61878225572842
6.26763220009674
-2.85511493646766
-0.659124245768817
0.747522263142778
9.53124829555089
7.00643547153891
-2.9421643142305
-3.85272025070294
9.64533750350995
14.312995235362
20.6080437231586
-7.31098121635303
-2.57859587211061
12.4216593899386
19.3707079010393
14.3511257770884
-10.4600515061384
12.6925857140799
2.51037823824223
1.28466020426728
0.427624897285501
5.23837454763637
5.57624582550963
10.7937322141018
7.28891858012079
0.420028763975966
-13.8097623596944
-3.94913921999342
8.63570675261082
10.2289410503453
3.31440603768163
12.4668955223051
14.4020150585958
6.54994464450168
3.89772539905894
-7.22666052234514
-5.89826382139438
13.6538229026308
-1.34452369351744
-7.96971556129408
-14.2205779013304
11.0500461517266
-4.19136860541038
12.1803806698474
3.25665952592847
2.63291286916611
-6.91554390964885
-16.409981809877
-17.2753849182796
4.61418648996118
9.93480444305879
4.35573524746266
-6.05113895168846
0.030462266663196
2.10171209218952
11.8253736320606
-16.7386128981572
1.45029810476461
-14.1908420831307
-0.00513053281082421
2.49098564230891
-7.89911364827881
-1.96010627803086
-14.6994477428336
-8.09047027286409
3.66045985998238
0.655704007735583
2.96355163171858
-0.507710589327278
-2.66645055921164
