# predict_model; Vecm
# max_attributes; 15
# description; Austrailan macroeconomic dataset
# number_predictions; 75
# predict; Currency
# lag_parameter; 4
# horizon; 1
# name_prefix; aus_macrodata
# method; dm_FactorAnalysis(copy=True, iterated_power=3, max_iter=1000, n_components=10, noise_variance_init=None, random_state=0, svd_method='randomized', tol=0.01)
# prediction_type; rolling
"V1"
-2.8172187210497
0.504840476561729
-1.01444102467789
-0.951509017366029
0.752169331193304
3.48878328761347
-1.94191096472462
-0.751945089264899
2.30421010299703
6.90844307592368
-0.194092775270232
2.32924719102594
-1.58137489363268
1.25920456332236
-1.66071491587067
-2.44715208913174
2.8910728618238
-2.08637150787026
-2.54108376087598
0.136904866060576
-5.54012968031195
-8.22453082619666
9.846331921909
-7.98200988553257
14.949793646683
-5.05355821045115
-6.65923628253246
-0.0279612880399673
-1.25377529971622
2.34254536521307
2.86956226354053
-0.200311644288279
-0.503776208092456
-5.06696735201239
-1.31575823415542
2.81170586451047
-3.71649122709836
7.52348350837183
-2.15722493775859
0.670982091256464
0.375923411529444
1.36408679003534
-2.62651048811517
1.61553063161813
-0.592465795655095
-1.52346045614988
3.80716475223228
-1.0206984052479
-1.68502497799551
-2.26592635912825
2.55894675835954
10.3542232676471
21.7558066671988
1.73825454242446
5.28424338388016
2.66200613866883
-0.902249129615877
3.21899724566037
-3.87154118470763
-1.90490171792463
1.08691563726464
1.02578028699954
5.51503479433644
-1.53509787834278
0.148625422733664
1.74169809437411
-2.26795284710779
1.17367474156068
0.232280328954831
2.95550998108763
-6.39971583750524
-1.93553755434108
11.8987528192984
-5.253838872602
-1.58413317711161
