# predict_model; Vecm
# max_attributes; 15
# description; Austrailan macroeconomic dataset
# number_predictions; 75
# predict; RetSales
# lag_parameter; 4
# horizon; 1
# name_prefix; aus_macrodata
# method; dm_PCA(copy=True, iterated_power='auto', n_components=5, random_state=None, svd_solver='auto', tol=0.0, whiten=False)
# prediction_type; rolling
"V1"
9.49322622235153
4.6645460893406
1.33723953534909
5.32785676831766
0.583873848738712
5.11481656260147
5.62273484055259
3.19810742539638
2.22832992287815
3.57237115298075
10.27612119556
3.189007522426
8.9407844332656
10.3393867454118
8.21375310251949
6.69504569607665
8.92739842146029
-1.98837332992097
16.468379751048
-5.91291283689195
4.61088299126049
7.95574312166828
12.9016651462011
7.83439730589244
2.72581328391467
10.5028938766623
5.20670597755367
9.78355473823085
9.91332378513897
5.68094242614688
1.90022415653583
2.66463081748172
14.4060578217897
8.01291246517568
9.24799916492734
1.42365000954423
0.206811952494173
4.39576502711702
2.85550561373005
2.12826604520272
6.64484655539431
3.49124026367462
6.79002363548608
13.6817921600147
6.72838572910404
-1.66295057804164
6.33325052845696
4.2659455612185
5.93267984940653
3.37181279082068
-1.42849837213707
10.1163510845659
0.871224000895583
14.0993048395263
-2.00445706053458
-3.3730920723759
-0.274070962359663
8.51785374987358
3.13519816005071
-1.31505328616272
2.5873496044885
6.45401353079717
6.59651148307396
3.08881265658908
2.29984310933981
3.87080403996327
4.19003629030206
4.44033496094653
0.583641160228422
4.76269200506084
5.70195032021325
3.45869324423963
7.19284963623804
2.47319064599558
4.27052558532496
