# predict_model; Vecm
# name_prefix; aus_macrodata
# description; Austrailan macroeconomic dataset
# lag_parameter;4
# number_predictions;75
# horizon;1
# max_attributes;15
# predict;Cons-RecCul
# prediction_type;rolling
# method; Part-GFS_te(n_components=8)
"V1"
3.59560131954469
18.3993491667797
5.04871575190685
3.52200615931815
-0.229477141902378
16.4336779542007
6.76571325312614
19.120072474478
5.73724660475926
3.98933780549428
-2.01999523924533
-0.792349280503243
4.69420060832364
9.17458167625974
16.3227114356066
22.240609029608
-0.693686426361175
0.720374807450753
-1.04599942638476
-17.6501562384271
32.3434269075234
4.08452469622515
-3.59463806454809
0.67326097617579
1.86107829355142
17.0856267196158
3.4519437130227
5.80885078134997
5.94177619956765
14.8193332016061
4.00857769161087
7.76518246948023
4.9783176606111
2.71353309895138
8.1625638080771
0.712438989286763
4.386517266703
3.4426740599807
17.5894403377071
10.6862303564921
5.27825416254124
2.32064397702838
3.08110682328907
7.5053656133698
5.03178717718463
-0.261034031456654
3.12633899012026
5.08402280586903
4.85647588066188
3.90472101047957
-8.26527389592125
-5.72560088008622
3.44191682196483
10.2414968198054
-0.220206346827829
-3.99883458116947
-5.4512000114893
-0.107171901950299
7.67237969733257
4.57601374697246
2.04746196308086
22.7243182607029
4.56888973026506
20.3186491220077
1.67561003579549
-1.97292686287054
2.07886715260775
-4.97289774098425
1.00552476313021
-6.37368926858112
-1.85386906363803
7.76519171334946
0.982216723968784
-2.13795581418013
19.067301610626
