# predict_model; Vecm
# name_prefix; aus_macrodata
# description; Austrailan macroeconomic dataset
# lag_parameter;4
# number_predictions;75
# horizon;1
# max_attributes;15
# predict;HCE-Pet
# prediction_type;rolling
# method; Part-GFS_te(n_components=6)
"V1"
2.6623539747081
-1.03547372140537
-10.7080345842915
8.28285194285798
-8.36377988065348
-5.59575615093067
20.0645684261391
-1.04991589546696
5.66307601058615
18.6738478399922
-6.54720003076182
-4.48722185413885
12.1406236363208
-13.3817230723577
-5.29557534597306
-8.34236143335606
6.18012817473405
-35.0008119580105
3.61000680606521
13.0276693623178
-13.7469725281485
-4.15103910931127
-2.11469829842942
10.2446424167289
6.94643385690708
14.9662066785181
23.6708479195575
-18.7787804846067
-17.216726311665
24.5640718747877
5.29541202196156
-6.76906249650912
-0.663192116974592
-14.4010212160485
-0.727315346265569
7.5648713584786
-3.58011808429174
0.487139110770662
-0.405767597671855
-0.908639177189052
3.92019231453263
10.618108549853
-4.71915189495432
-5.87221031299222
6.45596974336414
-1.60927814671985
4.92830242595238
11.7255396852692
-1.37007994619618
-3.03616584403006
-4.04314962465889
6.62385442776549
11.1048882402306
-9.94973358164608
2.89141005443398
1.523171944559
-7.19434740061897
15.4976992709621
-1.69206659260131
-6.69933606171185
-7.35596687648074
-0.539942633674588
-1.31278746491752
-2.84699111930959
-2.85246693654352
5.14541952333243
1.01538738855282
3.25831227007989
6.92963762894737
8.63543742643922
4.87750440334411
2.2870946009539
-8.68648574106346
-1.9849963436309
-0.114047607391261
