# predict_model; Vecm
# name_prefix; aus_macrodata
# description; Austrailan macroeconomic dataset
# lag_parameter;4
# number_predictions;75
# horizon;1
# max_attributes;15
# predict;Unum-LFT
# prediction_type;rolling
# method; FCBF(n_components=2)
"V1"
-9.30673937317859
-4.07086040373604
-13.0143621432657
-1.68910527561937
3.7056608975672
-17.8879499172704
7.14801743241765
-11.8063407450882
-10.0846640377187
-2.59181206015835
-2.02347882226623
-18.7845750818598
-25.2849276662047
-12.7542475551637
-11.4757509444227
-16.2730370697329
-4.88787158954824
-11.815287370188
-15.1419097868454
6.61203906139988
8.68441458225249
30.8661970580051
21.6464416939733
10.2189787565635
-5.027737000618
-23.9832553601002
-15.4276714747299
-3.18178325005168
8.69520299598065
7.0750773944283
-12.4122605361295
-24.891815015961
-20.4635843839558
-5.35405270024294
-1.05880240068436
-19.4764082214103
-11.4619156391191
1.06581507185476
-6.04931550300889
-1.30635730327151
6.22212888568349
-7.49178877125389
-11.6397864514963
-15.5950729205113
-9.43540600539729
-18.3135949291482
-16.2606268870893
7.82714769075563
-11.9049930338677
-13.2352511794734
15.6539906272164
24.377792112821
60.6827566880046
73.24674655818
18.8924567539699
-14.730788413275
-20.3035029731536
-17.1799621728725
-11.3201868937571
-2.23442057305891
-0.649935207554752
-2.99459456646438
4.81808788523286
8.48961457029861
2.23890709301875
3.4788244059296
25.5144829613152
-5.35845006661882
22.007074749666
29.2827320666669
5.92807231428036
11.2625039167633
-5.16503096564298
4.73615728228056
7.52290488768639
