# predict_model; Vecm
# name_prefix; aus_macrodata
# description; Austrailan macroeconomic dataset
# lag_parameter;4
# number_predictions;75
# horizon;1
# max_attributes;15
# predict;HSexfinNum
# prediction_type;rolling
# method; Part-GFS_te(n_components=8)
"V1"
11.6845535074922
-21.4178816751737
-30.1996323108288
-3.21287180181842
47.9671750299095
-5.33262276763368
10.3483101724668
-1.48587014178289
29.0719888341707
0.185141791077068
-21.2759025576236
27.6549343534384
18.4544906384944
33.1456946503175
19.6592325486003
4.24973366730311
-27.0967577786759
18.4077265309444
-84.4871767367689
46.407848455789
-7.5601630792943
45.061543204512
36.3129494191773
-9.6531356218535
8.14037467714821
-11.144687300373
-34.9716376777389
15.8816104969016
33.0721380688037
-8.25876306891515
2.700379956805
-34.0875419383389
-53.663917731333
15.0518453922521
-3.33175975387047
34.572812867082
26.0665229503075
-33.7535486856608
26.3286654259603
13.5330809262689
5.69885607450262
20.6413945103898
0.0564844369498698
-3.52936521984267
-16.6457168170516
13.4142017675024
3.14002935000911
10.9890113573109
-32.7339283877156
-46.9796360521347
-81.7159321312452
41.7927577180023
56.3807049984191
-29.8097200596325
26.3312082658704
-46.4635162251742
-59.7008352464737
3.82439535647296
-34.0804449025062
-14.0630328772456
-10.6935758681979
-2.90572090167784
23.5297874572193
18.0535674960744
-24.4029085228901
36.0491139115175
-11.1141079184436
11.7280799209139
42.1541067360585
16.8708791052388
22.5971405364174
-7.21131045646437
-7.96821623624414
-9.65495615535483
-7.32216373211384
