# predict_model; Vecm
# max_attributes; 15
# description; Austrailan macroeconomic dataset
# number_predictions; 75
# predict; HCE-UTF
# lag_parameter; 4
# horizon; 1
# name_prefix; aus_macrodata
# method; dm_PCA(copy=True, iterated_power='auto', n_components=11, random_state=None, svd_solver='auto', tol=0.0, whiten=False)
# prediction_type; rolling
"V1"
1.98504615520207
5.37607932113069
8.82326400267751
7.03701598971366
7.65040078428807
-0.814892350550015
1.38517209960846
-2.59806251118909
7.84635952780872
-49.3183983255945
-41.0977598949378
6.35498086837272
-11.5045989293401
-5.91517663546853
-1.03074657940792
8.40193982176597
0.423295939382053
13.5161618135688
14.4366704192849
-18.9603551170014
16.873891504472
-7.66540124444124
10.2722588671303
-24.4468395157531
10.8231260295448
1.28375990203
-3.97274030955518
8.92321669325439
-2.31505739287877
5.68789026515012
10.3479236588317
11.5279816531708
23.0129632575279
-13.700105643084
-10.746810254079
4.65214620192584
7.76580670464704
-6.74987956981758
-4.96927526922796
-0.432223812670234
-5.86688011636016
2.60653609094101
0.285816858016193
31.2334830358123
1.69110253698084
2.20075890705509
5.03703787351001
-10.8296300685017
21.5850577440168
-49.0815540426112
-7.81727219053744
-8.82091494388535
12.3200213755321
-12.7279677249885
-6.67645161578014
8.68076273966397
6.02879565808017
-7.23311700933377
-5.1316272887927
-2.76920867820174
11.2165823526041
6.62537669565186
2.63716271448601
9.02753618588879
-2.72489161540548
10.2569056069887
-11.7678345444917
4.96170698807298
0.555711533639942
-1.977479732323
-5.1372560030415
1.68792820615848
-9.26191250636101
5.15016886187612
1.69095376362079
