# predict_model; Vecm
# max_attributes; 15
# description; Austrailan macroeconomic dataset
# number_predictions; 75
# predict; EXrateKRW
# lag_parameter; 4
# horizon; 1
# name_prefix; aus_macrodata
# method; dm_PCA(copy=True, iterated_power='auto', n_components=12, random_state=None, svd_solver='auto', tol=0.0, whiten=False)
# prediction_type; rolling
"V1"
19.7149053709648
30.3914448158893
-13.2597303363221
23.0152927626427
14.1401753956879
13.0579947658422
-9.7430756784777
-1.23259357971427
338.156843976424
163.383700686137
-36.4366436534538
31.8925585215511
-59.5570459059671
7.71229389484285
17.0215173429536
7.37460669578444
-35.7622058206849
-56.8325832415332
-26.127611343152
-60.6366821763095
37.6677223016223
-5.88379028639524
13.3397739641679
-19.7414322459453
23.9978586279221
12.896891923255
-17.2414161130345
-14.5055438045577
6.21333210325671
-4.92279655694479
54.6620974991401
85.0773189367173
-31.6168140512494
-10.7739502597413
-36.3368641978971
25.9931943956919
22.9803340712043
-31.2958141780178
-6.08374985705944
-23.7597367023923
-9.62215213780727
-1.81083974793618
-7.867258250975
7.3927006966477
9.24709657452129
-20.4737244464117
14.5381865639159
20.3448083241293
8.33613619943998
78.7167184378132
-5.61186209329369
-1.80366025740688
-21.1129277515631
-50.9160446541556
54.8478177923403
-0.588282966633517
-22.2630930591561
29.414976951636
16.7704659216863
11.6578558810997
1.94645057739275
-1.70177207245076
33.5369153516859
-17.2381004113688
5.54095624559827
8.12081722375652
-0.301935334933352
-27.2108012869455
-3.21968500106931
3.35389073529579
-28.1899554744903
-36.1210683705377
-13.7923695344992
-10.7397779438982
2.28135175209241
