# predict_model; Vecm
# max_attributes; 15
# description; Austrailan macroeconomic dataset
# number_predictions; 75
# predict; Emp-TotalPer
# lag_parameter; 4
# horizon; 1
# name_prefix; aus_macrodata
# method; dm_KernelPCA_fit_inverse_transform_True_kernel_rbf(alpha=1.0, coef0=1, copy_X=True, degree=3, eigen_solver='auto', fit_inverse_transform=True, gamma=None, kernel='rbf', kernel_params=None, max_iter=None, n_components=14, n_jobs=1, random_state=None, remove_zero_eig=False, tol=0)
# prediction_type; rolling
"V1"
3.52077221692004
2.79961105905294
-1.55297168697848
3.08533656245546
-1.71653779901635
-0.0914744071455896
2.18341049269803
1.40555825365597
3.59243026966708
0.679136203794922
1.51176467691237
2.06874900167424
-0.746710954429311
0.930423343007009
3.84784433662351
2.47640407527258
-0.22450631444649
5.64546581666475
5.7190902267534
-2.1594604886837
-0.362113329603962
1.17339569745809
0.540453313446562
3.3978366957131
-0.0425047314045682
1.3650272329295
1.06159282468448
2.18836273459172
1.85436129747418
8.28441320293827
-7.28815418219249
1.22121396243434
1.65457701122762
1.29679539677037
3.94112459857223
1.01221762620475
3.71015215559169
3.78253131139144
2.0856667014242
-0.0927957646746448
0.405740229594531
4.30770762346436
5.76098464473286
3.29973265805476
-0.838304052362438
4.44632092008166
4.47813825271097
3.12744993863243
4.75491770381419
1.97742744384505
3.38188695007582
1.00601016024228
0.905862138789795
-0.640545903030591
-3.5070992808656
5.25569034278303
2.65880728055542
-11.0144161528235
7.14557216797727
2.37187847342096
1.24627289888435
0.666274322979359
-0.820032775122259
2.95475442957306
1.47083400346892
1.123471933301
-1.41674264150256
1.8095509425432
0.272379918153357
0.678829824283699
0.545994101006253
0.969848582614473
-0.75439474985464
1.71836116528566
0.855191299095311
