# predict_model; Vecm
# max_attributes; 15
# description; Austrailan macroeconomic dataset
# number_predictions; 75
# predict; Cons-Edu
# lag_parameter; 4
# horizon; 1
# name_prefix; aus_macrodata
# method; dm_FactorAnalysis(copy=True, iterated_power=3, max_iter=1000, n_components=4, noise_variance_init=None, random_state=0, svd_method='randomized', tol=0.01)
# prediction_type; rolling
"V1"
-7.28978111162916
-24.2208568251002
-6.64442620190724
11.6000273446585
10.965232723647
-22.5066086037354
-8.55910228492124
-12.4512574322045
-11.7449507141501
7.55094093031232
9.32724223633849
18.0248641823163
22.9868602783287
-18.8712241720702
-16.4657549177085
14.4613876933543
-2.44664707243673
20.6139585722066
-9.85415369228149
-10.2235986998627
32.6413379429594
-0.245360013261465
-17.0897765880693
13.0488142834794
-0.595735455302297
28.376456998109
-9.98156118163875
1.58857179753664
4.02132712059386
0.456252781610982
-0.130370565220419
0.40861346806261
-0.382938478577833
6.65744480481092
16.6539585311989
-13.9130436728372
-3.24251327338562
-5.92337744728947
-9.99148520734643
3.79118012886193
3.10635663863071
5.18817722612314
-0.832040990089721
-1.17156369292758
13.7487384849376
2.71762378223193
1.99350893563852
1.12932479316167
-11.2859672446246
15.1535033720078
13.3640099767475
2.12159580026819
14.9060860555075
17.1634693946015
-4.97788495759065
1.68857354305198
-3.93181055596571
-2.12242132289703
0.902638255630005
16.669238213828
7.17145952783424
-0.847350009102477
-3.67498945259801
12.1487203170984
0.635438984023518
9.0622011279238
2.8726299111326
3.24300999619862
5.134350914591
-1.29653502356787
4.68041796743696
5.27990084267028
1.52683514621171
6.99220154424301
0.974218344359444
