# predict_model; Vecm
# name_prefix; aus_macrodata
# description; Austrailan macroeconomic dataset
# lag_parameter;4
# number_predictions;75
# horizon;1
# max_attributes;15
# predict;HCE-Post
# prediction_type;rolling
# method; Part-GFS_te(n_components=9)
"V1"
-7.84179750508885
-9.58416178306403
17.2702058122057
7.61126425315346
-16.4657075980325
9.16943499087679
4.51825345307206
-5.09953169471333
-1.97599676727227
1.13660386482814
4.15840067143761
-4.01168855901872
-0.368055203276035
-6.43017353538233
2.18908900733749
10.5720572832924
23.7162913709363
6.44483441543841
-12.0084797092602
-17.8488308258081
11.3794166077217
-22.9669879062086
5.81978761900127
10.4929049025312
-9.18595858139674
4.76844496686009
-9.2484194480567
5.89531063061898
-1.44057981212734
-5.949366941557
34.3715406960269
-14.3092260118196
-0.247718093447139
0.238802152703732
-8.57189542944912
-12.613873949459
7.53618943051151
21.9422658618955
-3.58003918106188
-3.77974545640013
3.65536590153471
-3.48753521435044
4.69404137659023
-0.615250991658234
-4.30003072197787
2.66952202690817
9.37947649297961
0.709336069087398
0.700613265539582
12.5880303383502
-20.5871154857089
3.61592893609162
7.7450134793708
-16.4214412694019
11.3544950841006
16.6246899775402
22.5683550950192
-6.28165473869293
-10.4941741736527
12.1989968497609
38.3263667984874
-17.1151951440256
-22.8636855196514
5.31951021035077
16.9185029284297
-13.9732088093674
-8.63938561921088
-4.69464504037516
14.8546250710851
-11.7148707959163
10.4309568215692
-3.46002908480871
-10.8797970552167
25.8399966804781
1.67336412075988
