# predict_model; Vecm
# name_prefix; aus_macrodata
# description; Austrailan macroeconomic dataset
# lag_parameter;4
# number_predictions;75
# horizon;1
# max_attributes;15
# predict;Emp-JobVac
# prediction_type;rolling
# method; Part-GFS_granger_graph(n_components=9)
"V1"
11.7890839820843
0.461553434663196
4.89560118580186
-11.0567712897615
5.25582446401778
4.56967036404239
5.72578648165474
-4.18253818405287
10.8317046773203
13.4084785386585
-5.93026980924958
-13.6068217017151
-3.24341039428668
-2.34272631206613
11.1961030119008
7.63285096364325
-6.32247016804773
11.8364859568551
-2.94964462732627
-6.30992613670415
-2.74808254675953
-11.5646938529521
3.22906497909965
-11.8964849341988
-0.878358502128982
5.77724649193404
-6.71532185512897
3.08103533914517
9.25638517933158
4.0071109779156
-0.287499645860582
-0.204898370005709
0.0350696823478223
5.49484134278713
17.3163461107659
5.77760194985837
9.50721334425875
18.6319435420303
-4.33104103801379
-3.28682497614975
-2.98873923690949
11.5570189210641
6.73166674806841
18.2510353392302
-3.127082405967
1.97111401869126
-0.2997068635328
9.37339808188495
1.1854210459858
4.73396744605164
-7.19610012527123
-19.8902301454086
-9.60834276677899
5.77806568686545
-2.40114007798928
-8.8607105079038
1.47854181330607
14.7537893290239
3.10358942404381
7.71815986098241
6.53250525608545
-4.65812938546449
-4.90741651867605
-3.95663989812953
0.495873690794184
1.27915919496703
-9.39965050717547
-10.0795351755946
10.9608907334393
-14.8700673746968
-10.8756127114509
-2.8248902120578
2.00704528243648
3.91867570534766
-2.81043563812248
