# predict_model; Vecm
# max_attributes; 9
# description; Austrailan macroeconomic dataset
# number_predictions; 75
# predict; HCE-MaiRep
# lag_parameter; 4
# horizon; 1
# name_prefix; aus_macrodata
# method; dm_PCA(copy=True, iterated_power='auto', n_components=3, random_state=None, svd_solver='auto', tol=0.0, whiten=False)
# prediction_type; rolling
"V1"
-2.35975079435707
-1.6742079841291
-1.13837308562151
3.51540565585629
-2.31206597914204
0.470877446933162
1.8623634500034
-5.25112271475418
0.954659135628636
-9.50686699360773
11.9703871285095
-1.16706469352273
1.8848057779363
-5.52363766381933
-1.54296784287195
1.00037217433789
-11.9288509584769
-5.44089967243217
4.76776089580288
3.43374037107873
2.29686090084743
0.247457922108073
-0.959862690053274
-6.12772435133913
0.0990831925564635
-4.15841887871712
-0.294755753950784
4.2587360173311
-2.77115646815035
-5.55519119081776
-3.8265409211795
1.37435460021554
0.0189595752484284
0.315554887134292
6.13210040365423
1.66743021524362
-2.44468183739296
1.09820267410721
0.226289841416812
-2.68131595732949
-4.14771428414471
4.01881491688586
2.73533185031564
1.58848379280971
0.741743021884153
-1.62137888110324
-0.887028717550393
-1.00925465446637
5.46107297726907
1.81110567929198
-2.08846046280504
-3.85353343679673
1.76946120071491
1.93943774151369
-6.61250177679541
-0.336926645387678
3.77376388190818
1.59478431321905
1.03151908397436
1.29156721501067
-0.946520649637683
-6.71776010532079
-17.8725456277231
13.9782757599333
-2.60889249927461
8.29703024754487
-3.46604658264644
2.07988584914796
-0.44747550807507
4.25122828876826
0.849021191351208
1.6138670247985
10.5809709854323
-4.8826369744943
0.0885201196992737
