# predict_model; Vecm
# max_attributes; 9
# description; Austrailan macroeconomic dataset
# number_predictions; 75
# predict; Urate-LFT
# lag_parameter; 4
# horizon; 1
# name_prefix; aus_macrodata
# method; dm_FactorAnalysis(copy=True, iterated_power=3, max_iter=1000, n_components=4, noise_variance_init=None, random_state=0, svd_method='randomized', tol=0.01)
# prediction_type; rolling
"V1"
0.490835393665327
-0.227851963154944
0.234092400525663
0.371312156851305
-0.116189159849301
0.158468760521174
0.0544323852789298
-0.0571034259237736
-0.276303702846991
0.0331946948179444
0.19906619303449
0.0695090854098045
-0.795798218831356
-0.0796716518692572
0.0102201304441245
-0.208226547521559
0.197464378391788
0.273269027779807
0.146718243686013
0.25306476104525
0.153708950084805
-0.256955793975101
-0.374263809760955
0.183808815532928
0.612111730247968
-0.288088964418813
0.231067226827034
-0.0400339386775905
-0.146246826626773
0.083135309672726
0.0456698228872084
-0.0466227929072479
-0.226109260837473
0.147418784941347
-0.00431029648189757
-0.158427977970432
-0.309020116969782
0.146685615195021
-0.124026445598124
-0.0987161991732818
-0.0703859441796748
0.0110293317899562
0.0228232423160371
0.299571745561793
0.108110292182257
0.0797302790362126
-0.27410722813926
-0.0341771131902723
0.293672672345213
-0.420771559685873
0.441396771198854
-0.0557895863737291
-0.602181842113484
0.566569410011772
-0.0669900108571039
-0.379384469791971
0.372245250666114
0.333325615414402
0.0500268140451441
-0.0297364012077281
0.0362732839445995
-0.292470749916266
-0.0400031488143963
0.62830389692955
0.332227852815742
0.0978437022250988
-0.396582340900703
0.143846405001095
-0.130150436589603
0.343062630381213
0.294680876285543
0.123911120591434
-0.232217263818203
-0.224573098904434
0.125930842138752
