# predict_model; Vecm
# max_attributes; 15
# description; Austrailan macroeconomic dataset
# number_predictions; 75
# predict; IP-MP
# lag_parameter; 4
# horizon; 1
# name_prefix; aus_macrodata
# method; dm_KernelPCA_fit_inverse_transform_True_kernel_rbf(alpha=1.0, coef0=1, copy_X=True, degree=3, eigen_solver='auto', fit_inverse_transform=True, gamma=None, kernel='rbf', kernel_params=None, max_iter=None, n_components=8, n_jobs=1, random_state=None, remove_zero_eig=False, tol=0)
# prediction_type; rolling
"V1"
-17.6352516147484
56.7537841500945
4.28963277565815
1.96644044733533
-10.3048472155317
0.674876832353376
24.2568937989635
-27.0917167751124
-11.9725277278653
18.198361169772
-2.68783178182685
5.98551433179005
-15.6041380635174
10.1130296068332
-13.7076567080282
-6.71930473345531
9.79997443617957
-5.04113224138236
-7.95343889567358
-3.08230633894524
22.1314730350665
-7.29705379637054
7.98611215967648
30.3892472955233
-15.7931150381586
-5.45852685844412
-0.958266773477731
4.97279349439219
35.631735619029
-25.5666033371026
48.0818612802048
-13.1939401760786
-33.5402657421261
21.6781083176824
-6.87614059601175
-13.8389484608954
27.9533514525691
-24.9491248936817
-27.8011559128749
1.35001954117721
6.48656563811809
26.9659764868816
22.3926406618979
-10.345136399782
26.4865010723561
5.38563443368566
1.6652946509888
-2.70697219140794
17.8207604525806
34.8704013423366
25.5236227299293
-37.4568433939763
-20.2479603293933
-18.8880899860424
-16.62836978936
-10.9644516082918
9.6258938401664
19.758791630008
-16.8886749357098
-69.6808130839148
-3.16873966341768
10.1374125740181
28.3416427975946
-4.50093042441409
-7.07341770896855
-19.6170904521286
1.51405888081243
-1.16482058344016
-39.0344065141418
-20.4949073788762
32.0536583066754
0.948598103754986
-19.6061548288725
-2.09643702069415
3.74813507602689
