# predict_model; Vecm
# name_prefix; aus_macrodata
# description; Austrailan macroeconomic dataset
# lag_parameter;4
# number_predictions;75
# horizon;1
# max_attributes;15
# predict;ExrateMYR
# prediction_type;rolling
# method; Part-GFS_granger_graph(n_components=10)
"V1"
53.5777774547138
11.770493399897
-50.302581284362
-22.1867825503498
-2.97590516789427
42.2710293787291
25.6639048562557
-26.5787254208639
101.972531841616
6.49912927816754
-28.7775778439409
-0.833344620311812
27.486981231202
-32.1264008674484
32.9004892144911
35.6444558180699
-12.8195012920069
-67.0283414888481
-27.002767818958
-67.6623547637186
67.8330303260166
-29.2500593887784
-31.7896997449647
-40.8726299642755
33.2041607543949
19.3771872097672
-76.4281403419118
27.9091564745115
5.58426740065902
50.7547635331967
44.6512116876097
34.1994816876535
-7.36182261244575
69.7140162231273
-7.81551037890086
37.3012148390179
7.75726125303289
9.20872718998871
-35.5372717320913
11.3271506050567
-8.13664057772905
-2.92193300538845
-59.7018522701908
-6.79380113745618
-5.26552658933318
57.1768045284442
-28.9095672711695
9.5235949341839
4.02507866479382
-31.0399561688633
-13.9812365995414
49.4240679503689
63.1161661045556
-53.9896999634832
31.8026497611386
-30.0915571482138
-12.0162074987334
-29.6539478611694
5.84492724189504
39.2821974098161
17.1709855865917
20.929619297828
39.2918162684046
-56.4738820829193
3.94369155435105
-6.59326361590437
25.9217637642076
19.8990196995392
-56.7748596861972
-18.1889069530963
4.36977243021794
-0.414190751494557
-2.90834473908177
-37.0332669075985
15.7496946825153
