# predict_model; Vecm
# max_attributes; 15
# description; Austrailan macroeconomic dataset
# number_predictions; 75
# predict; Urate-LFT
# lag_parameter; 4
# horizon; 1
# name_prefix; aus_macrodata
# method; dm_KernelPCA_fit_inverse_transform_True_kernel_rbf(alpha=1.0, coef0=1, copy_X=True, degree=3, eigen_solver='auto', fit_inverse_transform=True, gamma=None, kernel='rbf', kernel_params=None, max_iter=None, n_components=11, n_jobs=1, random_state=None, remove_zero_eig=False, tol=0)
# prediction_type; rolling
"V1"
-0.0550299655881393
-0.0646213251524898
1.02331277226761
-0.00864530058632331
0.120469798071945
0.622281442166074
-0.322282204361351
-0.483465483932352
-0.123237713735861
0.00119859565248268
-0.18777228022376
-0.290906283280457
-0.572281132917756
0.668493940378545
-0.192609142707962
0.0664428877569102
0.422283768160486
0.0613162373478393
-0.463521017904368
0.372318546085293
0.647360014753905
-0.140389948859928
0.00390462749752359
0.190562417260541
-0.450630838929921
-0.201194676968311
-0.366902629124432
0.357200008889175
0.319666413532624
0.121476406984655
-0.308272353190247
-0.704389953640611
-0.00558339941738014
0.458284591609484
-0.0245869246737676
0.035253323214304
-0.469341074484875
0.20093273233251
0.563693211196908
-0.156847942754894
0.11644421161536
-0.0670161150829968
-0.0774705957706336
0.0287802733828826
-0.161003976129512
-0.0219696501263456
0.144981628658101
-0.122753880693929
-0.0419078671880665
0.371898283601209
-0.219249023260689
-0.385141861941579
-0.0555012679316165
0.255197093325766
-0.200879132364905
-0.655824376582803
-0.242157150903155
-0.205313110716687
0.277442343915851
-0.967324513386247
0.456915162711684
0.767161064017934
0.0850860897598341
-0.0664998832054005
-0.230090158433618
-0.0476334934618845
1.30090008615716
-0.187242601659722
-0.429259962970921
-0.083151004254078
-0.304388186690017
-0.0118488188183584
0.343592275533746
-0.290819700690759
-0.114723541841684
