# predict_model; Vecm
# name_prefix; aus_macrodata
# description; Austrailan macroeconomic dataset
# lag_parameter;4
# number_predictions;75
# horizon;1
# max_attributes;15
# predict;ExrateUSD
# prediction_type;rolling
# method; FCBF(n_components=11)
"V1"
54.4737645739533
1.21308147968671
-21.7728479812424
5.99412016975337
-6.83945587787629
9.31674907818514
0.447627074088425
-23.9644531164522
-15.708675709617
-35.7047135446924
-22.8127356294415
-10.7376363093157
7.33757022714891
14.1131610959833
36.290615010292
-41.4759599460056
-12.2735037452939
11.9867287194547
-103.844224442612
-23.4114164922233
5.16914184970391
-5.26097132657942
-7.29707672126113
0.023210113678656
10.9432027751858
30.1574846688937
-6.46934588142709
7.1413833496458
3.20322875291415
41.6950986530089
39.6080331682345
20.1889954490843
20.1830713983227
-22.619674352005
-40.4162820175919
15.0311467838686
34.4202137870653
-19.835866799491
1.57708551781668
-10.5729921899337
-3.89559379395097
14.5459752919324
7.50889613414503
11.8171030361773
13.2406288256086
9.83855211272856
13.6026721845291
14.5978955609491
21.8626006709834
-4.76763480770492
-15.7684898909299
-33.5448956597611
-34.655926020621
61.2389250393275
7.18093695374707
26.3217439070169
3.34048129353612
-2.40958816681934
37.095045136084
28.5276496129143
4.33254657078599
30.8154386564674
-12.2188562633256
-27.8367342777332
-0.35145531142822
-15.7031481828362
0.808762175771175
27.3164980409767
-58.090332267233
-11.6423572594722
-9.60197284880346
-32.4468425648569
37.0310627643315
-5.99417299552671
1.41342876313613
