# predict_model; Vecm
# name_prefix; aus_macrodata
# description; Austrailan macroeconomic dataset
# lag_parameter;4
# number_predictions;75
# horizon;1
# max_attributes;15
# predict;Emp-PtPer
# prediction_type;rolling
# method; Part-GFS_te(n_components=13)
"V1"
4.03260781905077
-0.856641973004728
3.40308802682593
-2.23637373922661
2.66467010991308
6.68063771890374
9.37640829344988
2.25472195809524
-2.47455307072031
7.06694504991114
8.79683622867025
1.39114592051248
1.13373538270902
5.22851299611324
-2.79148882289698
5.58990086443233
0.52478978745083
4.53088999948077
7.24823329201652
0.217988956392271
6.61510103840705
12.4889368972662
7.69111455584015
5.96933227252898
1.91360428468923
-5.18899531667409
9.61850881363614
12.2014993409015
1.18974133765657
-2.85328542755164
2.9180142815841
6.72120598521043
-3.21633873585737
5.8106815427314
1.77547645152289
6.15798625019868
-0.236276080307925
4.95887916873958
4.82738916688687
0.340215746050101
4.68315625077689
2.90223989077015
0.765124494648287
-0.929382407533264
3.95224382073093
-1.22554802093641
7.82821304816615
1.45363953263734
3.77811340770945
2.27820223234249
2.22124229307001
6.23390934471458
3.34683373154874
-1.32882004775011
10.797413091512
7.80342463692676
1.9050063539187
2.45738096244277
-1.07147125070606
8.53112168274629
-6.55228016088986
-1.27751985033942
5.09431392654575
5.01552085042241
-1.8956060326318
3.91677203291293
2.02873869899668
1.10078649451679
2.38024096951765
6.66502522300049
9.20097676082369
-1.30221921653228
8.50774903164177
-3.60355535985652
0.667157454191123
