# predict_model; Vecm
# max_attributes; 15
# description; Austrailan macroeconomic dataset
# number_predictions; 75
# predict; IP-PRM
# lag_parameter; 4
# horizon; 1
# name_prefix; aus_macrodata
# method; Hits_te_(n_components=11)
# prediction_type; rolling
"V1"
-18.1533147886656
10.6709118777092
5.5730852693174
50.2506621836786
12.0435006957606
-8.66853109337725
3.1563489927925
-142.042362988659
-114.23500389686
74.8931139783872
-39.349809401031
5.69129411458267
-33.3889264207001
117.679064889514
9.28233701917361
8.98318804619077
-23.7477420744846
53.7995177645227
20.3252494779161
-16.6853082043098
-13.1723051125153
-3.71826718937428
34.1891784227364
-11.6454695988573
-4.22518888333346
-6.45771544565329
19.1282670872608
-8.40026470560037
13.1517010122546
22.9390942080955
2.41257330840241
-26.9800879823252
9.62715196790526
37.0616878116098
-27.9740895334402
-1.30091249988032
-50.2730578707057
8.02813915803147
12.717260529458
10.3712164754601
-3.10277083574347
-4.95684750341162
-17.5452357576086
36.7797975916339
-5.50351346097273
11.0718184813915
-2.35277926633652
-4.75194721633582
40.283009209882
-12.2486373047526
-31.3985975354729
-45.3848491852751
-106.072524693255
-27.6906532934538
53.4909823135944
-44.0507464333928
26.3653987787153
6.05370040254608
8.16065586591093
-8.70731632878492
-17.2308795788042
31.8163093614101
8.15376999405423
-2.28927860489966
-61.3916818442933
-55.9596035248514
2.58759659336099
38.2244530184792
2.84788241611223
-12.5880090551046
-10.8975187647607
7.32165766177924
-11.4583768266905
5.99148775574028
-27.8433363475815
