# predict_model; Vecm
# max_attributes; 15
# description; Austrailan macroeconomic dataset
# number_predictions; 75
# predict; FedFunds
# lag_parameter; 4
# horizon; 1
# name_prefix; aus_macrodata
# method; dm_PCA(copy=True, iterated_power='auto', n_components=13, random_state=None, svd_solver='auto', tol=0.0, whiten=False)
# prediction_type; rolling
"V1"
0.387233847395252
-0.534540069237025
1.06563893587162
-1.45259533728475
-0.235549352595402
0.0963137546783866
-0.107390930485873
0.122920211398906
0.253770303303244
-1.00397450301238
0.390967638367296
-0.916477846149398
0.516609602045151
-0.0835398538200033
0.200067893606667
0.456732919160435
0.875607905735106
0.408886080850914
-0.295236277272317
0.985895101350601
0.220191605666228
-0.686342560417907
-0.664432180025806
0.0833572244380829
-0.477930860135848
0.32228013980547
0.35444766258681
0.0745824094697745
-0.65356977019808
-0.520193928397748
1.65988115558533
0.0483998919822521
0.407471255731995
-0.311767600944577
-0.489723792033987
0.514636926216592
0.244103419670706
-0.0160556882537311
0.0791746798916319
-0.112226543059326
0.302895109653579
0.269537544442214
0.305607704410835
0.374564046776813
0.152533754544494
-0.107453752177036
-0.00159648003505625
0.380066903275262
0.150599685329004
0.425051597385917
-0.429825243177476
-2.9394297685896
-2.21935556315536
-0.158505995532511
0.160909452424968
0.612269321989184
-0.222501629594325
0.841041327633069
0.234376990583084
0.173419994186167
0.179947144243834
-0.15831974148162
0.222394886656052
-0.246231454689214
-0.323849070463877
-0.115178688311386
-0.0655932674053718
-0.367786968929052
-0.259988282672028
-0.054099934468574
0.089446166688121
-0.570499025325948
-0.0332447244893863
-0.120753870983146
0.0616019705684256
