# predict_model; Vecm
# max_attributes; 9
# description; Austrailan macroeconomic dataset
# number_predictions; 75
# predict; IP-FBT
# lag_parameter; 4
# horizon; 1
# name_prefix; aus_macrodata
# method; dm_FactorAnalysis(copy=True, iterated_power=3, max_iter=1000, n_components=4, noise_variance_init=None, random_state=0, svd_method='randomized', tol=0.01)
# prediction_type; rolling
"V1"
-7.51159614043464
-0.885231836304951
-3.56423008532259
-3.45945210397198
11.1677240260189
-5.63909030625512
3.14650580821391
-2.39350400265659
-1.32471427167392
4.56218583772695
-9.72405205751533
11.5240951783798
3.37895201469831
4.19828378924712
2.08384983313404
-0.625251673842552
-1.21059405813069
17.9022605915039
5.07722520841442
0.640990780883546
-2.36186468852204
28.4605597368805
13.8541604064529
-0.545130861418558
13.7528579376072
3.20831549128927
4.14352576298996
0.873777723345247
3.33329132293511
-4.2604785832488
-2.76812958545028
-2.2682920583464
-10.32288347685
3.17355228064253
-1.16438309897571
6.17319602864469
5.67792855998064
-5.6151735733416
-9.53662986152588
-0.524590494858327
2.04892057052715
6.34449692695442
-8.42756266167176
-6.27240426706481
5.6304540564611
4.37872938504089
-2.99359599643759
-11.6824867834013
-8.58896457072388
13.494671879085
1.11755098963046
41.271598659477
-21.5675998839646
-40.6919767911753
-12.9551776174843
-3.81159100062679
4.0249009571915
11.6862001949447
0.289599235416141
9.70088031696083
-6.08047137102602
7.59609015005092
26.8069544427345
29.1609818643431
3.55877990207579
-12.9304411264818
-1.25023287623938
2.80485389372971
12.4316836033369
12.3028934346715
-9.10966069388699
-12.2532500651884
-11.1039479504936
-10.5856824523912
7.96667519798987
