# predict_model; Vecm
# max_attributes; 15
# description; Austrailan macroeconomic dataset
# number_predictions; 75
# predict; Cons-InsFin
# lag_parameter; 4
# horizon; 1
# name_prefix; aus_macrodata
# method; Hits_granger__graph(n_components=8)
# prediction_type; rolling
"V1"
2.26318058929624
12.8858570931946
8.06578040841074
11.8285672026701
7.30045693992321
4.6716041285725
10.9046166948997
2.99672704141906
3.46936963937556
14.8829101557161
9.0144535389297
12.5166716097129
14.8380337827424
8.90259517855353
9.90318746464792
8.81653307352402
6.98811697533467
2.77012597563857
-7.61827931097973
-7.99316523443146
13.9923810035787
14.8058318782428
-2.55721576797554
-9.0560918725726
2.85097353049743
16.6804811152023
-2.04547298290793
-3.39195311165393
9.40289316795222
3.61653991582799
2.71659243546458
6.68077320288281
8.29955689694763
4.4183814181724
4.40109510108457
3.16047769635747
4.08235672686319
8.73033935125736
8.4948407765735
1.6674523881255
8.08148332919446
3.29177366460342
5.06403874972363
6.30303261132375
13.1616860307867
13.2904099216721
17.3082756398889
-4.95860793948042
2.77134801301953
-10.684383130705
-0.0996421905952924
-24.0890086962051
-18.7653772078959
-2.07694713425059
-19.4777723226842
4.61106204064036
11.5742367867039
0.341522042410929
7.2130764490096
3.15081219653812
-2.12898863743916
5.40983200855395
5.46962847206185
-4.86033278112674
-10.791347566143
4.12831200762406
6.52037507750095
9.05897568150723
2.00390868750275
-8.26493313210626
20.7022263931493
8.14764237649801
17.055370717543
3.62431831990148
-9.2506660171051
