# predict_model; Vecm
# max_attributes; 15
# description; Austrailan macroeconomic dataset
# number_predictions; 75
# predict; HStartsNT
# lag_parameter; 4
# horizon; 1
# name_prefix; aus_macrodata
# method; Hits_te_(n_components=13)
# prediction_type; rolling
"V1"
-90.2827208964867
-100.797061072009
-12.1851995557229
-31.2544609007698
21.2278103258269
36.1223019815519
33.5372092583811
-143.478187384725
138.339249509335
-78.2322772110034
56.1942259007413
112.227851500242
-28.8441152826379
9.97447549848004
90.0663945152892
-51.783788757199
-101.057284703076
158.584490184693
-98.7875758302183
-130.958684804722
46.3054440464196
59.5511311737103
-33.6212723600665
54.1287335989346
-30.171782619886
-19.4500521458699
-112.120322884276
-16.9336911044986
9.09839564420283
136.298808841612
89.0969182487485
-20.8481275101033
-31.181870578999
41.6513192496262
30.5076219846427
-5.99293101382758
12.4450242543209
31.9374410382116
-50.6812089430985
92.0119394945837
-59.4597874219668
23.7259276848654
-4.89780886723433
-81.270974644625
6.63256622552345
-77.111885123826
42.9119849461144
14.4765434028909
-11.3466570451705
-74.7327245741075
12.6854493192492
219.692857950702
-4.06564510754011
1.74971075944319
87.4545472335286
-65.5795237576016
-12.4744404131321
-36.7695608942923
-0.90012475061457
-77.9077306782462
6.93805876149614
0.816037025373472
67.9819013283658
17.3100085472798
62.6452810606943
12.8449335783478
-5.6874352991739
64.5180029449694
31.1553079278729
-68.2613567421618
-55.387133510961
-19.4629589599585
30.8818559072929
-29.9791596810784
12.5126162138597
