# predict_model; Vecm
# max_attributes; 15
# description; Austrailan macroeconomic dataset
# number_predictions; 75
# predict; HStartsVIC
# lag_parameter; 4
# horizon; 1
# name_prefix; aus_macrodata
# method; Hits_te_(n_components=7)
# prediction_type; rolling
"V1"
-5.24206054226242
-27.7695177993571
39.5922369698096
12.405746642223
-2.6365727965028
-16.7664218986269
61.4835954436283
-7.66242222897026
6.98482397991716
20.3251834781341
-9.99625076487699
31.6711344337347
11.3144543188358
45.2910699146375
-6.05118067326303
24.6089891667594
-42.167552449789
9.97081794998798
-31.7273433440374
2.78611035779902
54.4792147933417
20.7147546678393
-8.93368680629416
1.15950896069713
2.02326974579692
20.1045070054121
-14.3266126820819
-15.5575396355014
25.7240902638045
-26.159421529504
21.7907524248077
11.663856950733
-44.7546967368817
5.98881256757322
4.78306142212347
-1.09582107225771
29.0065698548352
33.3083850891084
2.3094132712689
5.66496471650582
0.174974369712138
3.38117181874676
6.63668489784326
11.5230742795105
-1.48879538663848
0.713233555401456
-0.919296703825456
-6.55604394750061
15.1844805750193
-32.4829392099333
-40.8846577084725
44.9068632732308
45.5504919457363
5.2729613349992
-16.7297638908139
-19.1767117613688
-40.5556069806464
20.320029888638
-8.6920737625502
18.6344081256911
-21.3992474426066
32.3572782160579
40.9810758800944
-13.8198736159183
-42.6798870002531
8.31030647505561
15.6875684972669
-14.5809609879116
13.3548208598802
28.6853862313028
22.4281506287875
1.13172191166418
-3.41854718253895
-5.35573340230398
9.92017657973715
