# predict_model; Vecm
# name_prefix; aus_macrodata
# description; Austrailan macroeconomic dataset
# lag_parameter;4
# number_predictions;75
# horizon;1
# max_attributes;15
# predict;UrateLabForce
# prediction_type;rolling
# method; Part-GFS_te(n_components=8)
"V1"
-44.0216960860011
61.6603108881311
-52.3843152896578
-66.0547111686701
24.7126225374723
-19.0729981566806
13.4158373107856
5.79055939202571
-13.6799828930415
29.5730666396438
4.34699203836678
-1.29397496095073
-53.9828606464501
-13.0096668966888
39.395930241361
1.94353590941478
-18.2246965007706
6.85953715306094
64.9736595909718
-45.5952646688925
-141.071615995573
25.6862012337493
77.5522851424677
71.2934675328789
45.7927252862636
-68.1456118854024
-40.8752104201835
-51.3819095768015
48.3993050552148
-20.4688801462356
22.3329555091878
-162.875664831099
-36.9335106064544
81.1219708793005
67.6224744231843
-15.4135108852561
23.383888714131
67.0640064764267
-10.6783719481961
23.7443812700543
20.1028200970228
-35.616956270543
17.2739647252818
32.1230351018118
-34.3662016876667
-37.391860642724
-12.8114136790521
-52.9183869477962
60.3879259548912
-94.7996537814821
-22.6295715689665
85.6414079772752
115.928925322994
81.4607898571676
94.7582888525029
24.134602212653
27.4335044337239
-37.3486541042203
-12.7764941125838
9.31790941222407
16.1933282400488
-91.1397497794972
-32.8316733409573
19.54715292275
24.8267622240963
-33.1720350023965
2.51233058642925
-22.7211460369057
5.41682895183624
-10.42648424616
64.0840335244197
-24.6434400136613
23.2932814186468
28.8631362219982
8.46663460972795
