# predict_model; Vecm
# name_prefix; aus_macrodata
# description; Austrailan macroeconomic dataset
# lag_parameter;4
# number_predictions;75
# horizon;1
# max_attributes;15
# predict;Currency
# prediction_type;rolling
# method; Part-GFS_te(n_components=3)
"V1"
0.951879647941936
5.17135954517673
-2.21763331123915
0.561809180605873
5.72354230877586
0.0573169674990105
-3.48522898173946
3.97823500506029
-3.21188706800029
0.487271548616107
2.90105628592377
-4.49648744480736
5.67531989133608
-0.631936450192391
1.16751589228174
-3.2568910890788
-0.241145338225975
2.50430671641007
-7.37322560575892
9.12292815602324
2.72623580567219
-4.78720620049098
-0.862742778569219
-9.43689359058525
5.73588247289215
10.8712211297597
-5.51120645391032
11.9006743307047
-8.66154213100147
-3.18373995716977
-1.84255968728407
0.235801027946895
3.38254246147871
0.831356325739766
1.14363090599724
1.36443982343102
-2.97791213890049
6.46888549098425
-3.38475510759851
-1.57030167133525
0.875840780772056
3.00988267864317
-2.43984456670004
-0.410918050132823
4.91935963590158
-0.49733076320447
-1.22846798387685
1.00394654864756
-6.21902754296692
-0.12897703476124
-2.38847347756234
1.32853406131873
21.4739378875017
-8.02529838795827
5.49476815525842
17.3125830549615
-0.822702421550561
3.48712844883007
-3.54092620124537
2.39010509899618
0.703756462081887
-3.41180048065346
-5.06532711514564
-1.48313954392086
11.2115201139259
-0.183230162451777
-3.28387441362045
5.70382388714339
0.399538400244
-4.2344872957549
0.417514313010342
-2.71708612199851
-5.34781707479003
4.18132706280264
0.861013524793489
