# predict_model; Vecm
# name_prefix; aus_macrodata
# description; Austrailan macroeconomic dataset
# lag_parameter;4
# number_predictions;75
# horizon;1
# max_attributes;15
# predict;Hstarts-PDA
# prediction_type;rolling
# method; FCBF(n_components=13)
"V1"
-40.8787131220205
54.0594122563044
-24.6983099152582
1.21034425555133
58.5696052065384
-13.7294582092391
26.0337482496443
9.58071402340302
9.05956787346398
41.6902414920381
-37.0920387601657
-0.734261432730667
34.5474958628857
27.1427602606485
63.8613148523284
23.8613050270873
10.4320070090675
-144.848044399392
13.7953239276544
-179.731685531826
15.0252947176982
108.530106795596
93.5960590858738
-8.04872503053798
-10.968288641386
33.8071726489008
1.4233248393697
-17.6122756001005
-0.800254667091454
-31.4755348711296
59.9227023677635
-10.5048189455385
-17.7666063365375
15.6516304906154
-61.1145376274817
-26.9444426896938
1.10853310378016
66.7191195744638
-36.1047332486134
-37.9088786561472
5.74597054393558
-47.0691371173735
-6.81778140568459
-5.23691022576919
-34.0006775493137
-19.3549553076299
-44.3820475976861
89.4097804907085
-35.0829721716414
-15.199755279622
78.800914321129
-93.6846112240091
102.631252468255
19.8847984252995
34.9384016557654
16.2877218280486
-3.04820839133821
20.513572788174
-14.5950750744805
-25.6062510910673
-30.1106519086784
-18.5911086380942
-24.8307198145031
-31.6179268500042
-0.677499469065296
64.30202170827
-19.9356222008759
27.4753386005569
-24.4984577499204
26.7681420702878
79.2672075242194
57.7308615680992
-86.1830552228289
-17.8779516366668
68.4820588175282
