# predict_model; Vecm
# name_prefix; aus_macrodata
# description; Austrailan macroeconomic dataset
# lag_parameter;4
# number_predictions;75
# horizon;1
# max_attributes;15
# predict;HCE-AVCE
# prediction_type;rolling
# method; Part-GFS_te(n_components=2)
"V1"
-1.82990938151577
1.45523258351146
-4.68215297701112
2.6142633796195
-0.338036576362241
0.778519886161118
0.286126914312887
-2.57051737660791
1.84451950902731
-4.26063408491504
1.19312980878855
2.03519816219882
2.6456607467586
-1.47247479079699
5.19029634391322
-2.62942332850608
-14.4935406063078
-8.59777267276048
-2.89239995354851
-2.87677425200186
-7.695654745676
20.5798254032784
-4.40162541389351
-3.32227052232233
2.51268061422538
-11.8167560606343
9.36219673258146
-4.36391343288825
-4.36949617054781
-8.15759399619071
2.97883697011973
-2.1066768533217
-5.67805413600142
-2.96763689194655
-1.98330180425087
-0.229175009108134
11.1922503549112
3.94355093238178
-19.1529127456426
13.9099973359977
8.76451326775412
-7.38398231258418
5.70377119803266
-1.0117644774158
-6.90789262753448
-6.51403223754165
8.85913304017511
-4.58953672151476
-1.89416355569196
-12.1480047149254
9.57248272386237
4.8820326888379
19.9629262268134
-3.50388695355625
1.6419787217398
10.0847417139669
6.25062755257836
-16.9005688086047
-1.47569952881602
3.2295743238507
4.41633032412214
2.41087462803934
-9.87027489253407
-4.34664666662242
2.27474421409091
7.96223105649051
1.08366771234028
-3.58799031639643
-9.11788982655941
-9.16051804770779
-7.34996111568282
5.18050516876235
-3.07723196688628
0.479333980827013
2.76471551238965
