# predict_model; Vecm
# max_attributes; 15
# description; Austrailan macroeconomic dataset
# number_predictions; 75
# predict; HStartsTAS
# lag_parameter; 4
# horizon; 1
# name_prefix; aus_macrodata
# method; dm_PCA(copy=True, iterated_power='auto', n_components=9, random_state=None, svd_solver='auto', tol=0.0, whiten=False)
# prediction_type; rolling
"V1"
-15.6026143450253
-31.1756192058099
42.4237281900736
45.7442561456804
-7.59166311645902
-28.9752547901809
-18.6593742982608
-40.8956183015981
-32.1024871880454
10.2164410054722
-1.67263090854871
-20.4278743599251
38.211809737051
12.8931436784459
-9.69264200541977
-18.090805457305
-29.4138642000991
52.1795279618416
24.8990040531875
21.3501624886361
-26.8621038099008
-38.191242628218
8.42105725277519
63.1199691652403
57.6414168702401
-9.12618689525582
-39.0458788622028
27.5697100571534
-18.5823785957917
65.2048936662185
18.0030849367525
17.0217530293246
-37.7803961794395
-67.9984822621909
4.00585041107905
0.0360809679837016
1.58896480724012
35.8490990809413
3.00376278869916
-23.3808188812627
64.8633654076465
-17.3149369444985
32.7205508958622
-2.65173251231549
-67.4229399590131
46.8647964930549
24.9841061693317
-10.1890444455147
30.2657615097429
-42.6406743729937
-103.607705884697
29.0774887279645
9.24216237860459
-78.5824797291649
11.5940877468902
-19.2589295719088
-35.8028494373552
-42.7213059496227
-19.2274655497791
-62.3381956595954
23.898936376934
-8.45706987523075
-20.1587828258923
30.9445415076267
-53.896691678834
24.0320231857782
-18.5997231840869
40.1300443338631
-32.9524707295984
40.4870160627438
35.1469357325234
-20.3498211658701
19.7365869248819
-48.8763652761875
50.5198220203752
