# predict_model; Vecm
# max_attributes; 15
# description; Austrailan macroeconomic dataset
# number_predictions; 75
# predict; Emp-FtPer
# lag_parameter; 4
# horizon; 1
# name_prefix; aus_macrodata
# method; Hits_te_(n_components=13)
# prediction_type; rolling
"V1"
0.837730639620329
-1.28653374650681
-0.520461402178327
0.676635175676827
-1.47390018518841
0.394233745974088
-2.04727599181851
1.39776702518164
1.71608607996917
0.376530006658725
0.88874126908821
1.50236922051437
1.96033169914478
1.69944251296602
2.08490189663912
3.34450801767319
-1.6116795808785
2.46406748607474
3.05556926195947
-0.903633285491084
1.43455906355448
-5.13355224883944
1.79232559575262
-2.35083887697851
0.897546200764329
-1.24779825349456
0.720759648313324
2.48765065257637
2.82486320661787
0.974970668409819
-0.421789367329136
4.24478823525536
3.27087169252113
1.81206287230889
2.20034959281749
3.16824350032674
3.82019889696069
4.01143773504712
2.2718200911761
-0.337723365067711
4.36631876774509
2.08355524122835
3.02457524732542
5.23839422990191
2.9700036051112
3.59870357121349
2.97443881229643
4.82305111345839
0.547280176155376
1.97888339269279
5.56382605175557
1.09655839219339
-1.44360551826995
-0.838513814668757
0.987059447883119
-3.42182285051559
3.82501962998763
0.769410849567884
0.884093668358515
2.79764718432849
1.71002352859785
-2.4925459529509
1.6409966206745
1.27221389332556
-0.832036379604418
1.95563979925159
1.87772578625511
2.21745180758516
-1.64725670141183
2.01526420874063
-1.95782981154372
-1.08281571034634
-0.315803219414276
3.8637648548766
-0.000857694149475119
