# predict_model; Vecm
# max_attributes; 9
# description; Austrailan macroeconomic dataset
# number_predictions; 75
# predict; M1
# lag_parameter; 4
# horizon; 1
# name_prefix; aus_macrodata
# method; dm_PCA(copy=True, iterated_power='auto', n_components=2, random_state=None, svd_solver='auto', tol=0.0, whiten=False)
# prediction_type; rolling
"V1"
-6.43850250957573
-1.81384549245484
0.88560205711799
-0.0525357169520269
3.28497373715969
-0.410292001741798
-2.79490668191715
2.43621533670873
5.14548881393036
-18.2280974766854
-2.58346511021178
-3.02012617800957
3.74373973861652
3.72047699480483
-2.58566209411932
-1.76614514702104
-4.3306693767162
-13.4160540056465
-0.537552283582646
4.02305123952317
-0.964614499597322
-0.672268136249581
2.45670598128256
-2.71474852908248
1.23050466435881
6.36395422323857
-76.3297304752499
-48.0043690018652
1.37054835576133
8.71548207422196
11.1069863711084
4.50015898825994
-11.4742552963054
11.0945573094895
3.84084300872592
-13.1561733605313
4.16833513515581
7.78620566627928
2.83792170617966
-1.44276454995992
-1.30633342613118
-0.591965288981881
-0.52197449527972
-4.98523312970218
-1.04277950750784
6.4602988301263
-0.755667722154633
7.96601928379516
-5.32389529026239
-9.09279658661896
-17.2482394542646
6.10488166515771
18.1821458398027
-34.3745304808766
-2.15619731946622
9.62713939722302
-10.6237656432662
-9.17090169563821
-1.10701945111571
1.1114279702328
8.31174408451246
6.28666239101531
2.00640852442228
9.44949008835491
-1.27093081771314
-4.45927143577456
6.998451237907
-10.6516072192968
5.55717169201887
1.54399417552296
3.72343719307046
5.06409004639751
2.01740071608173
1.38660227167904
-1.85263339247628
