# predict_model; Vecm
# max_attributes; 15
# description; Austrailan macroeconomic dataset
# number_predictions; 75
# predict; Cons-Food
# lag_parameter; 4
# horizon; 1
# name_prefix; aus_macrodata
# method; dm_PCA(copy=True, iterated_power='auto', n_components=14, random_state=None, svd_solver='auto', tol=0.0, whiten=False)
# prediction_type; rolling
"V1"
1.90963559291263
4.89991424958096
-7.9886344423863
-1.50432756604371
-4.33662373207709
0.057399146796721
8.02553494125307
10.3591376785638
0.543380145373448
12.4144284437791
-3.78284360013538
-7.90767736579884
11.4645967541041
2.02572940771524
-4.51926311130031
0.574913671120463
8.0962380103768
4.62648523096859
11.1845868520741
-17.4322757283935
15.0525657930583
4.13783021872807
-4.08013281419861
7.30204118199209
6.209496128804
9.31313747918939
5.85499686891389
2.47951797215475
1.49595625335488
4.43140751230265
-12.0282506481103
11.4655886659981
5.59802003317489
7.33573677566436
7.11221269712263
-0.677477861753275
-9.15358177066972
1.89312843090892
12.573763551755
0.560286070113225
-0.868340105532782
0.734712898213361
-0.506129273637258
6.06611367618873
8.89876741995787
5.09616123814775
4.79241482971321
8.66495410119713
0.313079954628176
15.7896981705359
-7.46606347921737
0.63580822312469
-5.4772606422393
5.09281981321334
4.9042550388549
6.19499107960969
4.53227912671312
3.11316430015719
11.3792897652329
-9.34649395372642
1.7965307574343
1.23278922790417
-0.172622528464084
18.5213771165494
5.11340773694296
4.31976887506449
-0.00509890762141296
4.26719725966312
4.3721849928016
0.331838692864015
6.6369632916047
0.11892970517166
1.40237607804314
4.42211189739337
-1.85857936102225
