# predict_model; Vecm
# max_attributes; 15
# description; Austrailan macroeconomic dataset
# number_predictions; 75
# predict; Emp-HoursFt
# lag_parameter; 4
# horizon; 1
# name_prefix; aus_macrodata
# method; Hits_granger__graph(n_components=10)
# prediction_type; rolling
"V1"
1.18641209944057
-0.661111968927782
0.897656474496119
-6.13909013790714
4.84153292315201
-0.105576585316315
-1.59894164995183
2.59824117603098
-0.842198507484607
1.01609640456388
3.38740850698163
-5.02649366239553
3.75512600621273
0.90326164168795
6.96946869650007
5.33148358170825
4.63418042901576
0.420102286512639
1.81461277429637
-4.53071678188369
-0.387578896223651
-9.55731125803713
2.41729474781731
-0.377411767463117
5.02778889943721
1.6792299667053
1.4528891654738
2.90900096483087
5.52175936564226
0.897094401503593
-0.291114479952856
1.18885438506756
4.90923044956512
-1.80813354764219
0.314519506740972
7.90672789953226
2.54793363838249
5.72704061095351
3.55362957295535
-0.0596443992367635
0.0226265062412435
9.33648652284525
3.94970911827743
5.10330407184939
0.650670503994612
2.26107168638565
0.62781325999152
3.02569149520514
5.67915111868607
2.14225739445738
-1.89492155076491
-8.04517023418873
-4.40143953274054
1.30954492362771
0.921588889842301
0.454947682184273
0.172994861367071
-1.64386641272034
0.857466048971594
1.38886647465006
5.82660327924798
6.90508776466156
-1.87993254194921
-1.48693126630993
2.79661947725057
-5.27950971664904
-4.61842248311571
-0.669189689869726
0.536439222680979
1.43185886924857
-1.88603588195289
1.00442969250497
-1.53532624956534
1.40358423735181
2.3212553185706
