# predict_model; Vecm
# name_prefix; aus_macrodata
# description; Austrailan macroeconomic dataset
# lag_parameter;4
# number_predictions;75
# horizon;1
# max_attributes;15
# predict;HCE-ITA
# prediction_type;rolling
# method; FCBF(n_components=8)
"V1"
-18.2243646456086
14.2009403309845
27.2596288108096
-0.736819295825185
-2.85186381067341
-18.6903030637237
-23.5811415153496
-1.54532572747544
-5.95911619586892
17.5273440493542
-9.33341365452479
-12.6656530844799
6.19418833738591
15.4711075143133
-9.58920288137369
29.6873581211212
20.7553949709355
22.4408908608788
-5.68297700717896
35.5684272575726
-24.1852937235073
9.25900078771605
-3.09487905245629
6.66699555748733
-5.14364814759613
4.99759664787604
2.66369914452244
-1.66723469486858
-4.35164257186987
12.0254480244259
-3.52468012373592
4.36323825487149
1.35905221300796
-16.826319183188
18.5821725166408
4.24376109012663
-7.3345990885277
-8.46398717619198
7.47380454576358
3.50401473434063
2.70527244494543
8.78674171398459
-18.1030553007416
4.34291150666973
-4.53091578364749
-0.632453840693516
3.69013300476246
5.25437162719585
-0.286269695955893
17.0044837338588
-20.5442086779485
26.3662010836777
-21.7444078472847
-10.1309470859562
3.04856106404428
0.789195909286964
12.1637130257867
-20.0489155485984
-22.2627633573653
-7.13455802858483
12.7585528682932
-10.4589731417087
8.90512088138241
0.984754157465782
-0.309341710225108
4.68718105464313
12.4691941701409
3.57719027640609
-21.7005870616516
-3.36105168740086
16.1963740613481
9.94225472960114
13.2405916501832
-20.4988712346968
2.15977433733813
