# predict_model; Vecm
# max_attributes; 15
# description; Austrailan macroeconomic dataset
# number_predictions; 75
# predict; Cons-PurVeh
# lag_parameter; 4
# horizon; 1
# name_prefix; aus_macrodata
# method; Hits_te_(n_components=1)
# prediction_type; rolling
"V1"
6.89780402540863
20.7295303056884
-51.3201561169242
13.4478388246067
-0.795832235247438
19.2325540876554
17.1489671413662
19.8203639469197
32.3918245113709
20.9189288052801
33.8316232012341
25.7262084911192
-6.50894926405303
16.1404624378152
18.8982411171778
4.49434649857708
1.34468570779202
-38.6961433757121
-0.0764990391429765
9.89729410547148
40.9908340763138
-0.32349350612248
36.60454305229
-68.29998827458
-48.4290743610591
15.8077920600746
30.6741922637601
16.152603458504
0.328943793292408
-18.7071254162013
-1.80525350676404
-1.18943854420976
8.69192849518334
11.0686149660751
10.3092848668902
13.4514708534116
10.040279361927
14.5386351555031
8.69534054630509
-8.86008138906817
-13.5037324956758
-15.2868560909776
0.166988347204025
-5.51571367101476
1.13382670468382
10.7761896740603
11.6893302143566
13.7345380510241
20.9565760918882
18.2588337285332
9.34887909054521
-10.7165727427261
-11.646674431306
-16.0832486050012
-32.6043248367593
-13.2793013464039
-13.8070783626952
26.305805540196
-7.7989521215935
-2.64587525317029
19.8860073058125
-7.75055164259279
-13.7442462807304
-22.3904729405294
36.3946211546736
0.45451226409072
27.3986276035304
17.194392770783
3.44600630698961
2.78045478644649
0.0454240004943192
13.4092010429053
-5.99744002771773
2.70476844357291
0.118443664714959
