# predict_model; Vecm
# max_attributes; 9
# description; Austrailan macroeconomic dataset
# number_predictions; 75
# predict; TotComp
# lag_parameter; 4
# horizon; 1
# name_prefix; aus_macrodata
# method; dm_KernelPCA_fit_inverse_transform_True_kernel_rbf(alpha=1.0, coef0=1, copy_X=True, degree=3, eigen_solver='auto', fit_inverse_transform=True, gamma=None, kernel='rbf', kernel_params=None, max_iter=None, n_components=8, n_jobs=1, random_state=None, remove_zero_eig=False, tol=0)
# prediction_type; rolling
"V1"
4.46743820323869
0.769124537697521
6.18719160180738
16.4981960322044
-1.75919641645895
7.0309990313928
7.68940399010311
-0.861537365474448
6.14774702313669
2.74070847522657
7.79845369874735
10.286876148419
3.73772280799489
3.82858402937393
2.98422176373979
12.634673716276
8.04535746154427
3.38613597651493
5.75680864264519
12.5578915515316
1.37821920925897
6.14283110078575
1.04750358446792
5.52326380940341
3.10127603436789
4.85824886535937
6.68450912091674
9.71681330157087
3.89973091517043
8.50480660236817
7.03518417901713
7.67610355701043
2.95451321076553
8.90464786151594
7.79204455944434
8.92478622120383
7.77988097972498
4.35117940659147
9.77668146933389
9.3444062367656
4.18103118569139
6.19628389688914
6.30742209382392
12.8791814618269
10.7572743678242
10.2837220741874
10.344778604469
5.77018795115088
6.84935072909692
8.39437394505997
8.33594714103928
2.69008784800368
-1.70294104184086
-4.16054405763263
2.13144430720645
6.35938661319629
2.49732621457443
9.89725646730056
13.6459716826378
9.87423662005581
8.56759539831291
11.4538147215386
7.86944025597068
8.34350307950782
6.49373602554758
5.00243866716809
-8.34815503669525
2.56129918723188
1.08920158283771
0.368215906774093
5.24674095912619
3.32397016969097
2.51324374809551
3.9659653374777
-1.18397191566789
