# predict_model; Vecm
# name_prefix; aus_macrodata
# description; Austrailan macroeconomic dataset
# lag_parameter;4
# number_predictions;75
# horizon;1
# max_attributes;15
# predict;UrateLabForce
# prediction_type;rolling
# method; Part-GFS_te(n_components=4)
"V1"
-9.22875376992811
15.4494352263513
-34.6573054869021
6.73139925888194
-40.843460284639
9.17675280559049
-0.754640648259414
-6.64338201517395
-22.433283077071
36.8173028664571
31.5050929652941
-14.6936462889102
-26.6388238187197
-8.32104034684651
-21.8310554716373
32.3247225663058
-17.9539521534102
-0.403048206439681
-9.85527911719857
24.6751252233654
-32.2713704128328
-70.4877337504252
76.5390416609791
39.2008286409713
-11.6905943663973
49.6993408685207
9.81938800723685
20.2680525098189
32.1898579618662
6.70676718710885
83.066315201081
-20.7590466908309
-27.309530389963
83.9151821076083
-19.1091572292303
-39.3063964312592
-21.99834825829
68.7449634690073
39.1292269070176
-24.8483439790499
-22.254893238696
-3.22251812018481
29.6811559366392
-3.10443688628012
1.31210269044711
-30.2408145938213
-21.6812491864774
-4.68315321980716
51.7769209554401
16.9635961463597
-12.7206039006057
28.5130663326131
53.7812439972991
11.9759883439539
71.8394323815523
39.1373963949996
-76.2491107452042
-65.5428484026346
-11.9033777957576
55.7820060972622
41.9134829703027
-2.73127983846227
-22.7452954678934
-58.7690753102174
-6.45877621746193
34.5476451443579
-23.4204303487768
-22.4559804871976
13.4931731958514
80.3989930169771
-12.0317601599609
-28.5019543551456
-17.9078564281239
13.1202931126999
4.07592643731104
