# predict_model; Vecm
# max_attributes; 15
# description; Austrailan macroeconomic dataset
# number_predictions; 75
# predict; DomSales
# lag_parameter; 4
# horizon; 1
# name_prefix; aus_macrodata
# method; dm_PCA(copy=True, iterated_power='auto', n_components=13, random_state=None, svd_solver='auto', tol=0.0, whiten=False)
# prediction_type; rolling
"V1"
11.490361254466
11.3445527042453
-3.28976915805638
5.6305161129041
4.19305210485225
7.04493215261898
-2.92290675814637
8.60168941428839
-5.10796789055614
21.2092259229048
4.21723277310739
12.1359823691246
1.63182196235012
7.73695584594642
3.47312078435164
0.194221163352197
4.87393272806308
5.82159372457318
18.5762494468738
-26.5970397128989
3.50962985025131
24.9656346941337
-1.45315750927996
-0.132681605830015
5.79080292955345
24.6069340726917
10.3256670857393
8.29684263498664
10.2604599359087
-5.31006719801742
-6.80280952859353
14.5356656180242
9.90526931906392
6.23018635460234
-0.340756824816187
11.4030561115619
2.63159645809801
16.633088261266
5.3696864832209
21.8165057032011
7.40541031332937
2.34633967627385
8.30636990799167
5.34044047113865
14.7948745528907
8.5019326684889
9.51901696638597
12.7271821275167
7.82123119085705
9.64996979552596
17.8254064819404
-10.6801932386331
-8.32314879476244
-12.6747815465081
4.43438977757414
7.55546920065405
11.2202304065749
-1.34646329974167
1.52621727196291
-1.48874872586319
11.559293644706
1.32645830999296
11.4870098095141
15.5097174521565
11.407937565409
8.32520167791802
-1.56274186119857
12.6990940244354
-3.8294005234176
-3.37521900773989
11.8835667158593
2.55886046259076
-7.2350561034358
6.29486464975007
1.18490451813208
