# predict_model; Vecm
# name_prefix; aus_macrodata
# description; Austrailan macroeconomic dataset
# lag_parameter;4
# number_predictions;75
# horizon;1
# max_attributes;15
# predict;Exports
# prediction_type;rolling
# method; Part-GFS_te(n_components=13)
"V1"
0.782961953764472
3.86088187213056
-3.61393825558365
13.6366641847101
1.52505666319723
21.630388445779
33.7889647391191
-15.811432173373
-21.9548501284015
18.848617947268
-29.9029312655704
11.1513985121742
-8.273522857958
2.69556354259319
8.92879896303355
15.2991595383891
-1.19000604646612
7.55542947044685
38.7847271719193
33.5398229885336
-20.3922376141275
16.8040418365288
-7.52037466259605
-17.522773262216
21.6328528433218
-12.7519741610807
6.12900282985436
10.8853308415095
-13.3799406033222
26.3742546450862
-11.6956808726486
1.85927225946732
-11.2310983480388
4.69769556810211
-41.3506841343805
-3.89635400225494
17.7148800372202
13.664136538947
-18.4107851182224
2.710218349165
10.2469689671226
-2.48584773227647
-6.25190243943023
11.5688111509702
9.09671683195482
14.1948413432618
4.36476916523696
-0.554519377679326
19.448183349827
9.11304388409861
-3.86948247076659
-22.601811303358
1.38451793558037
-19.5661111923057
20.2956047307924
-2.15996953848152
18.5002229469003
15.5989404580753
-15.4839284073214
-3.29003108177188
13.1132718059456
-17.9532104063903
7.78980428570331
18.691344280084
12.7547744715189
-12.8051335988588
9.59342501332564
3.53931542852083
11.4583470749489
20.6050791350432
10.5781086708512
-12.6214244643222
9.21843871044553
22.69977080085
0.24740941887603
