# predict_model; Vecm
# max_attributes; 15
# description; Austrailan macroeconomic dataset
# number_predictions; 75
# predict; LoaAdv
# lag_parameter; 4
# horizon; 1
# name_prefix; aus_macrodata
# method; dm_PCA(copy=True, iterated_power='auto', n_components=12, random_state=None, svd_solver='auto', tol=0.0, whiten=False)
# prediction_type; rolling
"V1"
-5.56803163984181
1.51435805287833
12.890408158645
1.05123021207125
-6.88737736860638
-1.15057225432455
-2.65508362908314
0.93830197819608
13.5229133445412
-4.57100582773534
-9.07156235486724
9.43982997124613
0.861942694210098
-1.86632463029076
3.68691356406268
-5.96465273152846
2.27637814640703
-6.18355942152057
-6.04450673145172
9.88432048200712
-5.1772097900449
-10.4292933475139
3.50267782020043
-10.2197581621497
-0.983020522790649
4.49995275489028
8.82025486107214
-9.66663724067482
1.35061693873065
4.52327890045954
-4.18545026908475
0.680528479473474
-0.432519679839494
-1.6292274237821
-1.07593691934294
2.88885478029033
-4.0132451986267
1.1159816460572
1.3387132104033
3.23540735920052
2.38232356051237
-1.57671003050582
-6.53020670798162
-9.0348941286373
3.86092957010097
0.491264111165202
-0.78424151623318
8.64064500043943
1.30981306856909
-8.91825902734256
-4.85649457798179
-9.74950016453296
15.9408947902244
-0.0853749803781189
4.5798157364403
-3.04784091614356
-1.70939753441626
-2.21971142188149
2.69887790084789
-3.28942298890878
0.355941503215483
-0.0252370721412511
-2.51471691984352
-2.81783267005957
2.74682618946596
12.104536018448
3.65298279993123
-5.02527406628793
2.14591621696226
-0.0743512881935854
-1.20856684077424
1.13408087442243
-0.179780390884619
1.78931011291788
0.470186502350893
