# predict_model; Vecm
# name_prefix; aus_macrodata
# description; Austrailan macroeconomic dataset
# lag_parameter;4
# number_predictions;75
# horizon;1
# max_attributes;15
# predict;Credit-Nar
# prediction_type;rolling
# method; Part-GFS_granger_graph(n_components=13)
"V1"
1.15380719383344
-1.70677831653367
-0.640392916926908
-0.343918416673158
-3.27174301136292
0.0703421109636816
2.2575621121739
3.79266170470388
-2.72226556898583
-0.800686087948236
0.870175579321766
-1.90968012170049
0.387123552009877
0.323184247827391
-0.2222879555166
-2.41482852465519
-0.134237333714668
0.13507169681504
-2.32912818490682
6.97408447248229
-2.62342486216313
-0.827747962981825
-2.21233745254693
1.51103534186739
1.24984032481932
8.18450274223247
5.65047417675226
-4.38186450291216
-8.57329190991195
8.32491178753409
2.7219540746731
1.57976869269968
2.30293664153731
-8.69386210388589
2.00810644978358
-2.90727042001433
-1.29894281992996
2.9246181259584
-0.477691696538484
2.49386811872814
-1.01229731353808
2.42258985688637
-6.27640922611892
3.76202479043622
-1.63205184435767
-2.32217711736103
-1.68353781222858
5.64304228694514
-1.50537228908298
-1.20917293012481
-4.96556709628563
-2.32196020904789
1.89885652122475
1.15033125468567
7.56755022735863
2.57430314392323
-7.97558898872551
1.71013399342622
-3.55320922870015
4.15476059962916
-1.78184010598578
1.10629133257105
-0.64809032617969
-3.47556742851538
5.5997801263467
-1.42516571378879
-0.545566194892876
-1.39923944825955
0.700734859546969
0.839761110524593
-1.408138781229
0.342617758487283
3.14162435922038
1.90097401238883
-2.96753312606818
