# predict_model; Vecm
# max_attributes; 15
# description; Austrailan macroeconomic dataset
# number_predictions; 75
# predict; Cons-Final
# lag_parameter; 4
# horizon; 1
# name_prefix; aus_macrodata
# method; Hits_te_(n_components=8)
# prediction_type; rolling
"V1"
4.19088954499487
4.95913524913359
-1.02558128222729
3.90979960260043
2.20997625868225
7.29878135981526
7.00913797374315
4.15697094421538
7.22446564750347
-0.840751771395155
7.09084404902369
0.284207855192126
8.05359178383269
8.26362855492654
2.06548856496186
6.32946466106773
0.682735048856828
3.22954453316134
1.26789766500051
4.92994912109732
4.94241139288986
-1.29243198389385
2.76128466685223
2.16224081393586
2.97884562203217
5.30596039522716
8.09967648946648
1.56195007782774
5.73695204437224
1.98818708360812
2.30581520687325
7.2058873431046
3.9483262414274
7.55555460099741
7.30462772711825
3.357780005462
-0.74397500568933
2.58384399002055
-0.766399244600301
5.8414896567537
6.13623823294821
3.3725302143055
-1.87908430739045
6.69426977130411
7.48148387780443
2.13774902124306
8.47133690426722
4.07204662551343
2.67572615608987
0.838715770985232
-2.70073495838029
-1.94323623829518
-2.90422657275622
-0.23123860713925
2.75383155564782
4.15232732157553
-0.899892943503111
10.8953054259106
0.503639404026973
8.59384737550392
-0.343961002854833
5.34041584000106
1.72749898849672
1.11885615282223
6.65100962151342
-3.09916616956703
3.28694943660218
7.54483107968578
-5.99443019473932
1.7379923890373
4.5482153479827
-0.921575863732538
6.66088820487512
5.83956774928869
0.030468830022141
