# predict_model; Vecm
# max_attributes; 9
# description; Austrailan macroeconomic dataset
# number_predictions; 75
# predict; HStartsACT
# lag_parameter; 4
# horizon; 1
# name_prefix; aus_macrodata
# method; dm_KernelPCA_fit_inverse_transform_True_kernel_rbf(alpha=1.0, coef0=1, copy_X=True, degree=3, eigen_solver='auto', fit_inverse_transform=True, gamma=None, kernel='rbf', kernel_params=None, max_iter=None, n_components=7, n_jobs=1, random_state=None, remove_zero_eig=False, tol=0)
# prediction_type; rolling
"V1"
-57.5815396430896
-11.5827218710855
33.8015299127308
1.22578246901023
-46.5553725165405
-26.0628547670464
-86.2801361906048
108.888518307184
6.3618170473867
-40.5648856455643
21.9056402852081
18.0124179758865
50.4612104103536
27.7671578711031
-3.20167489608184
34.4685776961807
-23.8972035777077
-15.2311838565469
-64.7314235439669
-12.7102997790016
-13.6105405500232
40.9966838718018
82.4056765038071
-13.6229604938401
6.5489071639149
-7.57397790248463
33.7377716203798
26.0679037200056
46.4741004496729
-27.5419227620641
-24.8633133985799
-13.9801763156741
-68.6976775920925
0.832510970451358
-4.80023925144943
-73.9160527164735
20.3077765840152
32.3741176193781
-3.77119739655043
13.2018292061416
-3.11920877931683
44.0459247105893
34.976255639209
22.0128247918666
-21.9496442235607
2.87755369608649
20.1330081494935
-7.06966632551567
-41.3999084115423
30.3824877415377
20.4779680433653
-57.7986148158718
25.1721118348913
83.2949767826965
-36.1819306900384
-5.27201398365109
-81.7831923507996
-29.0286970952677
-58.9332710046407
-35.8484895858489
-7.80189500934055
-27.6464096216997
6.89067482729422
18.5651447655717
26.1673969726846
-7.88344990872141
-3.79407381481091
12.7735313782028
2.41317159260321
58.6496805707038
49.7503400470269
-38.0916111791801
-10.6740275244678
-14.1393051983858
-59.6843155397299
