# predict_model; Vecm
# max_attributes; 15
# description; Austrailan macroeconomic dataset
# number_predictions; 75
# predict; HCE-OthMot
# lag_parameter; 4
# horizon; 1
# name_prefix; aus_macrodata
# method; dm_PCA(copy=True, iterated_power='auto', n_components=10, random_state=None, svd_solver='auto', tol=0.0, whiten=False)
# prediction_type; rolling
"V1"
2.93612549281005
-2.64569318764447
-0.695776733596758
8.60225751980452
-9.87876019002459
11.2744688504185
-19.1288815395277
-9.10899273722325
-12.9684699275872
-10.1599919486461
14.0003591940365
6.55617897707058
-12.1184240239659
6.19307816284805
-6.92558848271903
1.15805892858392
10.0343149521109
-10.7539400535973
-6.9841099142685
-7.02102110515556
6.10342688204307
-2.59894402114121
6.65310853423748
2.3296780657015
2.27601420709122
4.20838217926587
-8.71566711964002
4.01651517114376
-9.52505422973904
-16.1584740675939
-5.223698841261
6.96657240060652
-7.87200629153694
-4.14105570374644
-3.83000010922433
0.190170475958688
-0.445187289655978
0.268523847227398
1.55646252315155
-6.36920229857284
2.77801428377775
0.59504412947025
3.72540080564223
2.08531079065854
-3.50606559428955
1.27151216340097
-0.318902109180112
-1.70528295036027
1.29453997888445
-2.61747846271476
-2.92075221985394
2.73672445538241
1.45024186572723
2.91191528759833
3.73035913422457
-2.73739831823627
-3.47229706086502
1.98135270180607
5.68533444811827
-0.972142026357324
2.95625434249119
-9.05412576631584
-4.70498298780942
5.79548858148063
-0.297250978678543
4.65262512210778
2.54751997129481
-8.34655036473759
2.48708913551686
-0.762198197843182
-9.20392318971426
2.3860180443618
1.02083330098072
4.57895804431908
-1.52263228212777
