# predict_model; Vecm
# max_attributes; 15
# description; Austrailan macroeconomic dataset
# number_predictions; 75
# predict; Cap-MacEqu
# lag_parameter; 4
# horizon; 1
# name_prefix; aus_macrodata
# method; dm_FactorAnalysis(copy=True, iterated_power=3, max_iter=1000, n_components=13, noise_variance_init=None, random_state=0, svd_method='randomized', tol=0.01)
# prediction_type; rolling
"V1"
-13.0540098112872
31.6574071812652
-24.7908690941816
9.28550675531114
-19.0034122141776
35.9744407282255
41.6708320309206
-34.6497094472086
-138.093571351048
-1.40328921313095
5.50368157458563
-42.1756411620423
-19.4235624168815
68.1624370183713
27.1966778336214
2.91456096359905
8.46893193542929
-32.6228754238359
162.739793227151
-87.5143117603739
-87.3481119380306
26.7021214042482
-35.8799021163673
-7.52823395074511
4.50044077058333
52.8777936953548
-16.6667141911242
-9.51410307003105
32.7477620407642
1.09435015360668
43.6726932996747
-10.74732477482
5.46772458727977
9.83182694404255
7.16654270863455
0.00929405438805453
19.655520035063
35.1809260813452
10.807366620968
20.4248717847314
15.4817665987757
-13.5621372051793
-16.515551712512
2.00858756180134
30.6076726689389
-3.28939010354061
24.0044279539388
12.7620164122234
5.26134028458482
5.65771541453621
40.8952689545704
-2.93567507204101
-27.756190038176
-57.6334675682049
-7.76400321599354
27.2766218927819
3.65616848412933
-11.4923149099111
-53.1087160750758
-9.5125648116216
12.0333944872863
16.2380656480494
11.6075019950195
18.1551902766519
11.9373643652425
-19.3262102827685
-21.0150622080374
-4.15410177784367
-28.4089719555039
-1.40481798745199
-4.56289540079189
-15.4535765469357
-34.9162515051931
27.4743043940519
-8.33919072136379
