# predict_model; Vecm
# max_attributes; 15
# description; Austrailan macroeconomic dataset
# number_predictions; 75
# predict; ExrateGBP
# lag_parameter; 4
# horizon; 1
# name_prefix; aus_macrodata
# method; dm_FactorAnalysis(copy=True, iterated_power=3, max_iter=1000, n_components=7, noise_variance_init=None, random_state=0, svd_method='randomized', tol=0.01)
# prediction_type; rolling
"V1"
15.4620962608364
15.3883209166481
-6.45348311894446
-21.817756132598
-6.3158126420287
-17.4488240254338
-10.744856747475
-42.5043457943141
-10.3155323222576
-9.78759236317173
-15.5313671812735
-22.6759360162219
12.9173354093986
25.7439853336116
29.2750148271703
-19.0849562182109
-5.85193821043414
4.69682498379169
-37.8536483484985
-20.637795177258
2.07159015701279
0.344601245928842
-22.9628510122117
11.3492753769023
5.05568194608994
11.8623434220278
-31.2387693095535
-9.82541424391103
3.33707696574839
35.5457439335481
31.2957125031089
21.2025342185134
-9.76981422681386
-28.0446651001413
-12.8565943715561
18.1832444368141
3.59744432715953
11.2419899683419
2.91454126511635
-2.87464586258922
-12.0494488149008
6.34473425670372
-11.9228217168342
2.05500874623472
7.68048509149609
-0.312848982280158
10.0986374853084
25.3967942440736
2.0799926634416
29.0237950304852
11.9750219060002
-17.6452105020476
-0.733434867728842
-9.36511708136006
19.2383791457591
33.4183690035067
21.1249728766369
8.37213063231422
3.52233290578464
30.3153226537979
-3.06463188920406
13.1058154609849
10.7298475271195
3.74998300628933
7.01926278664662
-11.2047024691753
-1.37031144608039
0.380433183871518
19.1353606212179
-10.4557016393046
-36.275841197815
-23.1022527918988
-23.5796099326623
-3.11572515960887
0.0101274979700853
