# predict_model; Vecm
# max_attributes; 15
# description; Austrailan macroeconomic dataset
# number_predictions; 75
# predict; Unum-Total
# lag_parameter; 4
# horizon; 1
# name_prefix; aus_macrodata
# method; Hits_te_(n_components=3)
# prediction_type; rolling
"V1"
-2.49088507521684
11.5434231271093
8.04695181662489
2.07284616069732
3.5795514768952
-8.42219441512252
2.4851948561626
-24.5949647284764
-12.4532753465929
-7.04991377431136
4.71939010992605
-3.87599083570034
-25.775636942769
-12.953667962348
-6.84173132395024
-6.8190091696989
-7.92419386335597
-13.6969755807885
-15.0291773204529
9.30930872703454
17.9218705418831
38.0932327805932
-0.293462358987926
8.71594244707772
-8.51529249666351
-22.3327366373059
-6.83314197875101
-5.73218613998494
-0.694526535240509
8.29727702346676
4.26544185984745
-14.5626780979965
-25.1458473970316
2.35836436109956
-0.803136893809082
-19.3964622333668
-16.1769702265524
-4.88141136538776
8.79583914615392
9.81295651299599
6.18616620996878
-11.0130428583953
-17.2491358173592
-5.18986871795018
4.9036416674668
-9.51318047717618
-16.5539408425931
8.97014902173543
-15.9106305325318
-8.55698124410075
8.37732895427362
32.1442069023506
63.593280064282
40.4657015603257
25.733793575408
3.98961708006722
-34.373588258255
13.2987518957428
19.4135441248491
-11.4234540135161
-19.1764256206267
-1.44633539408825
4.94490688422675
13.6629908764512
0.447993736919217
-9.20912284674815
9.08469220910097
3.66643187149924
7.16611454672916
14.3641969946866
7.84520351141416
9.11681071123136
-5.41325647089741
9.27840163435727
10.9674978838904
