# predict_model; Vecm
# max_attributes; 9
# description; Austrailan macroeconomic dataset
# number_predictions; 75
# predict; Emp-JobVac
# lag_parameter; 4
# horizon; 1
# name_prefix; aus_macrodata
# method; dm_PCA(copy=True, iterated_power='auto', n_components=7, random_state=None, svd_solver='auto', tol=0.0, whiten=False)
# prediction_type; rolling
"V1"
2.8846615642733
-4.54110735040035
-7.03025820700769
7.30528608772288
8.99918817379886
0.631476757197875
1.73001828817102
3.6325000903032
12.3966598251444
-3.98421476912737
12.0989686212105
2.2785788480069
12.1649251496765
0.285539835327179
2.54628371550766
-0.709454744044446
3.82456032608579
1.67319927106781
-9.85063891993977
-0.556781848050623
7.10406651394433
6.54580162398985
-28.5540724597869
7.47845762500548
-13.919490484652
3.7809120607023
1.41664072996778
-6.28134228005894
12.7663096092476
1.61143692102872
7.70419299888075
0.95521067633374
-11.8640252402022
-3.14844552776429
11.3402606332557
22.566113717124
3.74235413249732
14.7741517877362
-9.48372473776923
-8.67492553809479
-5.85483016370636
10.0180340177114
6.28362702639735
7.16504321446148
4.99430278363397
6.51673284322296
-6.12301898936972
10.0691315978364
9.94131457455325
4.6305151459238
-10.5937221208232
-27.4160540663174
8.79344006154157
3.8262062085655
-19.3491598216949
0.50650407763775
18.2955571372711
2.00209363473643
-11.2068624617093
16.7405971764472
20.2248296098702
0.150477725271829
0.955005966775267
-1.57653255736514
2.79716936204567
-4.25871723362416
3.17127238404485
-6.25562843939971
-1.18316312633832
-17.4148371138533
-3.92089771638684
7.06440384242077
-23.325815677593
5.96942198105189
-1.0255041437693
