# predict_model; Vecm
# name_prefix; aus_macrodata
# description; Austrailan macroeconomic dataset
# lag_parameter;4
# number_predictions;75
# horizon;1
# max_attributes;15
# predict;Credit-Total
# prediction_type;rolling
# method; Part-GFS_te(n_components=15)
"V1"
7.4916529680222
-2.82092257221167
0.343020727618957
-1.56792953625181
1.16382854055547
-2.48121020131012
-0.265241647358366
-1.96939463537732
-13.0059111035431
16.7559156530293
2.66453948330661
0.164551769287185
-4.26484256927053
2.35699775119063
4.44316246814312
-1.2487608336719
-4.76910711072299
-2.49615599537114
3.39279620489907
0.846834317777821
7.82073337017228
3.2145983279441
0.501190963918842
-3.13921121432331
-2.12294237620986
4.36495785698714
13.6662017520269
-5.9653555826729
-1.41264977790285
3.41786241537363
-3.00890280200352
2.00649270921866
5.01184023945312
-0.0150811756699895
0.174706990146068
0.404812643151129
-0.547945482842795
5.94624075064759
-0.248077556270666
-3.50134558031194
2.90461918686817
0.432575543442557
-1.7189800885663
2.85716593634169
-1.96280407699567
0.976567835964064
-0.87292619188012
2.80033605980253
-1.61177094756843
-2.09218981554993
-5.08193791420348
5.97584696404424
0.891141712099905
2.74725783298611
-8.96152413549926
-2.34284596776824
2.19284097973964
2.81999010748464
-3.57481232994116
2.86714492332927
3.06417858173785
-5.13185377906221
-1.28305627559623
2.80562353608023
6.43949707020837
-1.07735810321721
1.11469217148302
6.06721870353776
-7.56734202318002
3.00960298514925
5.31806949726144
-3.95400097649859
0.248523953949995
-0.649461213060067
1.08346450994731
