# predict_model; Vecm
# max_attributes; 15
# description; Austrailan macroeconomic dataset
# number_predictions; 75
# predict; Cons-Edu
# lag_parameter; 4
# horizon; 1
# name_prefix; aus_macrodata
# method; Hits_te_(n_components=10)
# prediction_type; rolling
"V1"
38.2734373246245
-61.5103433015034
-1.90184546305621
24.8517873478894
9.77679687962604
20.4277846372151
29.7269831211037
11.7820355410162
-12.4071063718272
9.77744666092251
-4.61048776145193
-7.07739055645727
-12.2411792315905
3.7486092368738
-12.3691295666345
19.258177312287
4.00717815416199
-14.8271651197636
13.4850442043124
-7.47012663546771
-41.3604623993207
-1.45277708033889
64.2378479521403
-52.9326199844948
4.15517262853934
-0.234357537138763
-1.90981372768657
3.53723830885049
28.3302906904847
13.2599849285896
-4.31776380884244
-0.265552406963532
16.6636502616907
10.3143304240124
-10.8342528040115
-1.39672173254622
4.10492343444105
6.78326034477384
1.69890800526172
5.84431924405337
-4.28105486100527
3.64822135959124
-0.345728932859302
-3.07932451527806
14.1047850084322
-0.25740179904445
1.49257995877402
3.11976642009065
6.79616036014712
-1.38823874230422
2.46971210186178
4.70578453596414
-2.10862940176922
11.8086197970365
6.02440513040356
-10.5827244781973
2.97955853448187
2.09414970993003
6.81711795723577
3.57608201395878
7.01975063087961
4.45805472171701
-1.97153564270701
4.85697799403444
7.23854135576484
-4.80904706909006
8.18549184512574
4.72805768453963
-4.83989364532817
0.244254601305695
3.05953231972663
0.497277440015669
-0.496190692252299
5.51002264398582
8.02797001396086
