# predict_model; Vecm
# max_attributes; 9
# description; Austrailan macroeconomic dataset
# number_predictions; 75
# predict; Credit-Total
# lag_parameter; 4
# horizon; 1
# name_prefix; aus_macrodata
# method; dm_PCA(copy=True, iterated_power='auto', n_components=5, random_state=None, svd_solver='auto', tol=0.0, whiten=False)
# prediction_type; rolling
"V1"
2.06565080485992
1.65322349314196
2.48190753684193
-3.01509871623882
-1.43303390267549
-1.09315458863014
1.39347692795194
1.9701602923954
-4.79433039056701
1.41082374415602
1.86255219400529
4.47116027172118
0.964272636990903
0.826940544739517
-0.942457703447462
0.286895791839188
-2.49235866784193
-0.759293088416556
1.22737411819225
-0.313148987343824
-2.51216022561003
-2.54992906282057
2.27203640802316
-2.72245412027698
-2.07360385329713
3.85266399988113
3.04956983166008
-4.29750772802232
-0.742833312869136
-1.74823013976898
-1.06088584621689
-0.873915348839516
0.906034706304341
0.977540749797178
0.930464439604984
1.24842588850016
0.0904071284503553
0.334769912296097
-0.810034252701939
0.549722532789618
2.39141590675477
1.10995460793438
-0.787748698960191
1.17504371644481
-1.55854127609906
-0.621465434817223
-1.14005050581412
1.83794375545999
-0.204580685021375
-3.0346453569375
-5.67979030348483
-7.2137739479637
2.40337709337373
-1.50534118364367
-4.92286163260728
0.135200995023874
4.52946354141039
2.87114305735348
0.0462868682553197
-0.853901694625532
-0.200377669265578
1.03802397486463
1.76716824214918
-1.96912717009457
0.811806364447924
-0.273204985785048
1.02382398965338
-0.646834652327844
-0.753108052528158
-1.59518568707061
0.998771370094096
0.217508835708931
-1.14095536566879
-0.859680685323918
0.657317205581496
