# predict_model; Vecm
# max_attributes; 15
# description; Austrailan macroeconomic dataset
# number_predictions; 75
# predict; IP-PCCR
# lag_parameter; 4
# horizon; 1
# name_prefix; aus_macrodata
# method; dm_PCA(copy=True, iterated_power='auto', n_components=8, random_state=None, svd_solver='auto', tol=0.0, whiten=False)
# prediction_type; rolling
"V1"
17.0524722805052
5.23352754344078
-29.6603534245169
24.0954862434177
-13.1470886210458
-3.20894367790321
7.67569067879053
16.7630916836355
38.5298105664177
-50.4917753952977
24.1681910539018
11.976044821254
11.2568964811764
6.87639143800015
-11.9683517635639
-2.06668739716441
0.0647183549559406
-17.8484902301358
54.8028324923434
-59.904178264046
-19.6524328617794
9.51938694958662
38.1071701457917
7.62208716324474
1.07464167433939
6.22177211229829
39.7763626083231
4.67465812117015
10.8116008637205
4.52411913380648
4.3907111538404
-30.8189114652159
-3.86372054297979
17.4671597730377
9.74505607283858
19.8652349026208
3.04464787415415
-22.4796842910871
-1.53452370761593
0.0991388945464675
4.65841759723119
5.36180061502876
-5.45533034931193
-50.8961660942074
19.2231797381441
19.9233165658214
-4.53855046914917
7.76243854942738
10.9564210773703
-14.7979749474233
-3.4783495916974
-77.9077413134837
-49.8330744630159
-51.6209472771209
32.8391329457542
24.1292633015659
-2.55870979850336
20.1768292446584
-14.8001825294476
7.83827266439641
-16.3673991970144
3.14511850191762
19.3609482609036
2.70989363471369
4.40241345494067
11.8293247063572
-22.5637182225186
-3.56278310310987
6.84105821441204
-15.101746076627
-3.74367401429911
-5.61791903589327
-7.51600377403795
-7.28433957759906
0.723517047756406
