# predict_model; Vecm
# max_attributes; 15
# description; Austrailan macroeconomic dataset
# number_predictions; 75
# predict; IP-NMM
# lag_parameter; 4
# horizon; 1
# name_prefix; aus_macrodata
# method; Hits_te_(n_components=6)
# prediction_type; rolling
"V1"
-1.46541508447329
-4.55189728920499
-18.6587310982083
-1.73480344973816
6.91798579271781
10.1898761570982
25.8546030996144
-4.03905521965642
-10.6342658688426
-7.33022650319384
0.410220419217874
-15.8437004993622
33.779230749565
23.807576042368
-38.7889894764307
3.49697599407335
-8.34863771005628
-36.4007974636933
-32.0726272846172
32.5286764454151
-29.8334845318531
3.41036110545709
-19.3679641717042
49.1470747573328
-29.2338268940485
84.6016895652441
-24.6188458513603
-12.4305231636074
62.1691549032666
-56.5162538090339
-43.6337049515179
17.0382302072687
27.2769046909671
-15.0398208022271
27.9765622844413
-1.26560563062967
18.5822242403294
-20.2573634321404
22.2733829402409
2.94866717069139
14.1337385834611
21.4793219913366
34.5367246853069
-26.7191853035932
-16.0392915184682
18.5902249712954
-2.66482496532714
-33.3177658992963
50.8416498580224
-42.9126559636033
45.5986975999499
-37.5720458105347
56.895451172321
23.5840759994551
-34.4074339235282
14.5064595208208
26.696532216913
-45.1474763212052
-5.8062364794799
-14.6141688414444
-13.2439886709746
-11.1855821059414
-4.89200693650834
3.98695371054469
-14.7260437194735
-12.5624901698335
9.13612012155813
24.8530531196881
5.8328500793539
-12.3677034510622
-23.1220657861509
-1.72295407541349
21.3322052829262
27.8005279569013
15.0087238152376
