# predict_model; Vecm
# max_attributes; 15
# description; Austrailan macroeconomic dataset
# number_predictions; 75
# predict; Cap-IntPro
# lag_parameter; 4
# horizon; 1
# name_prefix; aus_macrodata
# method; dm_PCA(copy=True, iterated_power='auto', n_components=14, random_state=None, svd_solver='auto', tol=0.0, whiten=False)
# prediction_type; rolling
"V1"
9.33871136419248
20.0952440294315
17.4342315614852
-13.7665057920051
-3.54274591951991
13.5562279479678
3.71232405161294
-0.779431970178227
42.1132398070104
-4.27020326402769
-12.2225684910115
-20.7953405989731
17.2364881628342
1.48374845127138
0.46157433125166
-6.32792656349633
9.09106942414138
16.8506803569351
48.1877981806737
14.9418334729148
6.87994722499597
21.9345341929722
10.6062624182246
-0.200888630215003
-1.68597899986851
8.80106539283273
15.7442338205252
1.95082834081979
12.2725069688842
14.8411977713628
-16.9573348980063
10.3132720237318
-2.62171396151691
6.72045704083545
5.08472230483131
8.15730608793699
11.389719580526
4.34597219025468
20.406543220912
0.27293213915763
14.2896391136165
23.0434059403194
27.8163269025783
24.8910031660428
1.96181343093962
18.478474619029
31.0482990278938
18.8397377715604
30.4091608482908
-2.34805152129966
10.3329228138538
-21.5494565425382
-4.5571437894302
-19.8255428281179
4.92662804118233
-0.176387914665946
10.5702642228922
11.4068081458529
2.08177075141432
7.31662132588026
9.9959958877629
14.4487811912971
16.5122687452949
18.9836850846608
-1.5416351971468
4.57095863160756
-9.16199820450652
0.723708781361957
-6.52540717882778
4.09268536365086
-4.20187345069419
-5.38993549852276
4.66355925331457
13.5354476770167
-3.98527659324311
