# predict_model; Vecm
# max_attributes; 15
# description; Austrailan macroeconomic dataset
# number_predictions; 75
# predict; HCE-MV
# lag_parameter; 4
# horizon; 1
# name_prefix; aus_macrodata
# method; dm_KernelPCA_fit_inverse_transform_True_kernel_rbf(alpha=1.0, coef0=1, copy_X=True, degree=3, eigen_solver='auto', fit_inverse_transform=True, gamma=None, kernel='rbf', kernel_params=None, max_iter=None, n_components=15, n_jobs=1, random_state=None, remove_zero_eig=False, tol=0)
# prediction_type; rolling
"V1"
-0.470618102658269
30.9250618652148
2.00636453049014
7.27242031833455
-8.1969148403662
-15.730144412096
1.38691893204509
-3.90110421800539
-0.929637354035965
5.22753854955413
1.73283394260009
-2.62655063091039
21.3649071752703
0.0263358397009977
12.4600110498743
-10.0469874267454
-6.37444100844979
22.5737960410869
-19.2675751904261
-4.11777441654465
8.96105907180501
10.3033353956974
5.12959585887637
-3.4463822448178
-0.270372256168829
-0.416579001795334
-2.33895899868226
2.68501533995517
-12.4328553494318
17.1654450705239
18.4122776385088
24.9423489146699
11.4763504215398
-19.5624448000224
-8.46184094731376
30.1400903527986
8.72523647544761
5.31651224676673
-12.8299686504794
2.30692534027498
-8.60343681481792
4.74826546885111
-21.2663426721988
15.2198836120151
-1.38850257000246
-0.489074965796828
-6.7307912510692
4.13837654002229
-8.25480566405188
6.92212374271056
-20.5584496616253
2.4404469370889
9.23199502739997
-3.54528817128711
12.5697501889104
3.07889002357726
3.0221714005126
12.4387990210189
-5.6456844684939
1.49193005491722
-10.9311206691414
18.0081659495337
-17.639931308478
10.5148765360686
-1.33173016780021
3.88633457363852
-8.98630413500334
-6.67550493695564
2.70324519328816
3.78920766291867
4.40049117224086
3.8519519150281
1.5416729794657
6.00249085737231
3.93478234964377
