# predict_model; Vecm
# name_prefix; aus_macrodata
# description; Austrailan macroeconomic dataset
# lag_parameter;4
# number_predictions;75
# horizon;1
# max_attributes;15
# predict;Emp-FtPer
# prediction_type;rolling
# method; Part-GFS_te(n_components=9)
"V1"
0.483126097004467
2.88400531734729
-0.879711077067938
0.938932239887003
-0.46384595334165
3.12930277055676
-1.85876553216594
5.49771726958268
-3.06262636961313
1.12795333333952
3.61477859106136
2.16143599196421
1.68729445628923
3.80683973739695
0.179018292390188
8.45034407512232
-5.55419572978752
2.79059452003704
4.54522796829987
2.63659187092683
2.42156496032807
-3.19756324452887
0.194606347715678
-3.80702400995806
2.3761264854487
-1.16611000956347
2.41561580820093
-2.14169954362424
4.07923249535791
-3.57222643729526
0.153500206300435
0.286684777233793
8.4826833837106
2.03445243668819
-0.395923453041317
3.83425350271098
2.7297428205483
6.24619300404032
2.14178479020695
1.43148375921057
4.18321982700279
2.96497008654303
-0.856549508192777
1.51413078289201
2.28139873987184
1.96727837291448
5.30408082825738
1.0360891199375
-0.331554694674684
0.665683785502435
4.36871745029773
-2.21047289688501
1.00605201173243
-0.105797361459115
2.84346575453036
-3.46225573364375
2.18883535818376
7.5265686067126
-1.14588136441378
5.30380792122427
5.67237416512161
-1.79786013327012
-0.921050589393015
0.174706563474645
2.18920017847005
2.34971924508006
2.26735821614982
-1.14634587041747
-1.62019480496857
-0.667285745617429
4.17442606281044
-4.4646927614019
0.105113935225929
0.872167828678988
0.797227009376082
