# predict_model; Vecm
# name_prefix; aus_macrodata
# description; Austrailan macroeconomic dataset
# lag_parameter;4
# number_predictions;75
# horizon;1
# max_attributes;15
# predict;HStartsTotal
# prediction_type;rolling
# method; FCBF(n_components=11)
"V1"
-22.2554042642463
-36.6837754888622
12.9776697369495
-3.22273301319133
11.2004334764165
-65.3170447574769
46.7162775151371
-47.7331712654951
-17.3653578618168
30.1965893767516
-22.9568676416861
52.32126566598
47.4318209971096
23.857022887067
4.80044668942449
-122.6701975419
57.7227848501437
-32.5790721748552
-72.4693415707666
28.5676068764638
14.9354450893549
47.0667185526765
-1.52495706546074
2.67268042285749
12.37618899646
-2.79128700259918
-4.91814246203992
-24.3570351624956
38.530600451929
18.4536694912543
19.1573422592655
1.09150612456855
-23.5568191400037
-29.163662989509
-23.0641309542519
35.5274677197303
-8.36695916796232
14.8208968897594
-8.66410997652489
9.59953835369408
25.2473902544184
-17.7178547799383
-2.85995483627785
15.5397682908662
-43.082062630163
20.2411720015769
-22.315756253518
28.777234819884
-22.9115785409458
-60.7359913776184
-38.4785529933717
-28.2913091123669
29.3289678609559
34.0235696232178
-32.0944960707237
-38.4835189411171
-57.0885707340344
-19.4107344006603
-23.4147891101017
-0.198080684649636
12.8839797644725
-29.5780307082319
34.4992942703203
62.675748825506
-8.14036227619115
-1.53914597281433
1.49758664490215
7.32612281885784
20.6992669015516
20.2581682391942
13.7006863080774
-17.3802226628555
-14.9029907868405
17.4440254320595
-14.8153561543265
