# predict_model; Vecm
# max_attributes; 15
# description; Austrailan macroeconomic dataset
# number_predictions; 75
# predict; COMMP
# lag_parameter; 4
# horizon; 1
# name_prefix; aus_macrodata
# method; dm_KernelPCA_fit_inverse_transform_True_kernel_rbf(alpha=1.0, coef0=1, copy_X=True, degree=3, eigen_solver='auto', fit_inverse_transform=True, gamma=None, kernel='rbf', kernel_params=None, max_iter=None, n_components=8, n_jobs=1, random_state=None, remove_zero_eig=False, tol=0)
# prediction_type; rolling
"V1"
-33.970123311222
26.7622438273331
11.8536282437719
-3.50650861341593
-19.6075001326259
8.37340359670519
23.2231970636235
3.68671530323054
8.42205708067095
11.9180352286242
-0.827754780926097
-16.9111839477405
-17.1790837556219
-26.8347943888362
47.4765884404268
12.1501901153487
8.78275623989969
1.61802245622178
14.4879127198399
-15.9098542225419
1.80250970265279
-26.6794363206175
13.0282495028954
0.553610955898313
-23.5649034197827
9.36841409183782
-21.7901456450559
29.1735850043778
-6.53575626134205
-28.6956491874831
-38.3892742842414
53.0343301054495
-30.1193529409379
3.78328293074594
34.2249875920048
-25.4372575379484
-24.5053928675503
16.1165370257063
42.0735780631476
-13.837995415142
-3.7922268555674
19.5113019444161
-29.4722000162257
-9.95681361521652
6.51337592775558
-11.3720799586711
-4.40642950944311
31.6161959192312
23.8916279464956
18.2489248894954
7.51933252527062
18.0706491958728
-96.5141721069477
-28.5562129019788
77.0493551570951
-87.5932845218874
91.534007112314
10.3818104146347
29.4828425505994
-27.0935154660564
-32.2371706533366
54.6438315565975
17.7855848261252
-1.91170786627603
-4.41338639167291
-26.3012326186705
44.5014126786275
16.9531507183524
54.9468069768502
-8.16342032455626
42.0946346363843
-66.1511272011784
44.8572137009673
-44.9269013263848
10.1653797662472
