# predict_model; Vecm
# max_attributes; 15
# description; Austrailan macroeconomic dataset
# number_predictions; 75
# predict; Gov-NatLoc
# lag_parameter; 4
# horizon; 1
# name_prefix; aus_macrodata
# method; Hits_granger__graph(n_components=8)
# prediction_type; rolling
"V1"
7.91953573336206
6.44333412511823
9.30486586880041
9.0279418175591
-0.374420561519622
4.53973407581269
0.371099108762348
15.2992337812025
25.6714606318119
5.49188169645758
5.01547845479664
-1.46936656379881
4.76777974853823
-12.6987806312574
-0.326855688538739
7.76713179468279
-1.49533498476254
-2.16021319747822
-9.92447505505568
15.2134758139589
16.4026958133939
-1.96061817712939
2.92793073407983
-3.62855463228787
-0.730934276866832
1.94317639911209
-3.52108627265228
7.71853373339293
1.43075342568671
3.70364640752428
8.34950248604632
5.17894962192408
4.96455755307
12.6639689636295
-1.02133963284289
3.25286993082351
-1.45241356883832
2.11853011157112
4.38146176032357
2.21062875635468
8.81192823024402
4.14877999564953
-8.42726727565149
-5.61935045205734
5.09753207629754
5.20621613062213
2.57680998270569
3.01025841988037
3.74500971803012
-4.80965607370526
8.64957557010602
-2.95496207238517
2.38163931970324
5.54925761625427
6.09622502966981
2.20566032891704
1.19268644099809
-0.725885301679643
-0.0434959172284576
2.02368460441079
3.25327627514535
2.79614474485245
5.69734714254897
2.48318222344197
9.96098472446987
3.69224107379199
3.40381068542926
-7.36125984904228
-1.53336441759662
3.31578045571464
0.729876536700234
3.73205455008065
3.48482638370369
0.189854489961035
3.68849641176584
