# predict_model; Vecm
# name_prefix; aus_macrodata
# description; Austrailan macroeconomic dataset
# lag_parameter;4
# number_predictions;75
# horizon;1
# max_attributes;15
# predict;Cons-FurEqu
# prediction_type;rolling
# method; Part-GFS_te(n_components=8)
"V1"
-8.10724845085174
-1.36363184124285
8.45194019821397
-4.98215537412563
-7.18012523399176
5.43862006385541
12.1947009966323
9.11335266005728
3.33885555295428
2.7364689174462
-12.3047508485393
-2.4805183287261
7.3786370231532
1.79729640146498
10.329003503633
2.95204180784546
26.5510035599906
-32.7241675555516
73.8319158140181
-32.5234688106138
-25.9002062739493
30.6698149157478
-23.4109041631278
13.4799019255651
-4.97392561842303
32.2555859343404
-9.82332126965124
19.596954756648
13.0497178295348
5.00535696246156
12.7672881552974
-15.6717607935073
2.23178720703734
13.0594774686578
16.96041727163
10.3482466496251
19.2334622893517
7.13706606361294
5.76795474181707
-16.2695739760425
-3.7703530295414
5.74711823608733
19.7333352834817
0.806983683231403
13.4468009956985
3.94579475252285
9.51270323716871
5.73534565145129
7.25439881328348
8.65685202086665
-9.4719385161083
-9.15428891678241
29.5932713324566
14.1164165763864
-11.4530968515678
-10.7460418101435
-13.7205211718865
1.13903163535525
0.228129326769999
14.9349764240521
-3.81379277410036
10.5951813998134
0.0356292421702106
-2.65764778143905
-4.22195585201498
10.3297560990182
2.96495506119142
1.3395691818429
14.6282529716241
1.43624152925077
-7.17892939010984
6.70000956500572
-1.58217722149971
28.9779682143778
4.76851275408962
