# predict_model; Vecm
# name_prefix; aus_macrodata
# description; Austrailan macroeconomic dataset
# lag_parameter;4
# number_predictions;75
# horizon;1
# max_attributes;15
# predict;Cons-RecCul
# prediction_type;rolling
# method; Part-GFS_te(n_components=11)
"V1"
4.1704721139137
9.58559617599982
11.8536756480911
3.93797308410157
4.32772723955698
6.98745194897596
12.1205352598069
4.61683009361605
-20.2599288834446
-0.618077241613416
2.5675874230523
7.88782764310292
8.71672155206776
3.99444039527993
7.72682675561333
8.3737992680526
4.16586495535997
2.73745421971166
4.80386030229757
6.9043702947249
0.380156421157732
4.75263248528166
7.15399082564456
2.94351615254139
7.09821968417835
17.7670228789343
9.60479858400266
2.61915865915936
4.97236550066522
-1.78486681121089
19.0603848525508
12.0074558447556
12.6434454034865
5.20019634583722
0.0483316053185209
10.7672813340601
2.23341324465223
7.17647971310293
3.1569046264723
0.632461979867831
7.42302457174902
7.77783118336092
-5.49032895461785
9.26474832716774
5.81158095976827
5.64984714259482
5.40044958803097
4.15012639387547
8.45826394019252
-10.797183498707
5.13555725653729
-3.24836471866305
-1.17534420711315
9.41339267807582
-13.8302391285892
-6.44131031486668
9.03815642330152
-1.26171285101174
14.5120504629192
6.39561951859521
3.84870959829843
6.36019059362012
2.49242536265061
4.42642419335308
-1.52721405068041
7.79770765604229
-2.4909088875252
7.32411558647088
-8.71352842109628
-5.24012617980987
-2.06606045485574
-3.55770642727407
4.69036122116319
5.19351999382835
17.8563948288439
