# predict_model; Vecm
# max_attributes; 15
# description; Austrailan macroeconomic dataset
# number_predictions; 75
# predict; Currency
# lag_parameter; 4
# horizon; 1
# name_prefix; aus_macrodata
# method; dm_FactorAnalysis(copy=True, iterated_power=3, max_iter=1000, n_components=12, noise_variance_init=None, random_state=0, svd_method='randomized', tol=0.01)
# prediction_type; rolling
"V1"
-0.197484027215631
1.55951979258724
0.427803860751236
-2.71702752202929
-0.12983998680353
4.03076242660925
-9.529068235416
3.29349478566351
5.79781029000724
9.59664579039807
-0.358495528442279
3.68322181913642
-1.73030365968092
0.57266088894876
-1.40914347582039
-1.44598133685581
2.6029158191197
-3.38716015555526
2.73809455911301
1.31686499851627
-6.11772719001879
-8.3360985140241
7.75957330698981
-2.54042692785962
13.2623321253804
2.80686860097649
-12.9135677460695
-2.25854643447359
-0.224080729759923
-0.288058633947218
0.870008360888542
4.06609583977507
-0.58496048517502
-1.5731573100364
-1.40893579353255
0.614457933259664
-4.00906136563526
6.51385448075625
-5.53428999681319
1.93718220591423
0.808057284487027
0.166583790526237
-1.96862305060146
-2.11919322967193
-1.02076505279602
-1.85805257165956
5.09967710109415
-2.40792683555729
-0.739111911967827
-8.35290873145804
5.52941209177332
10.0860568698394
19.845367671558
-4.00907095879436
0.873114800371429
-3.39025930577016
3.03018217947878
-3.97377879825111
-6.78481864800768
-1.59807705623158
1.67986276144304
-2.02778269112154
6.05090935477924
-1.10790822088918
-0.985062452437621
0.0550388716597761
-6.31714761269851
1.4787947346203
3.37552705513441
0.341252663381843
-7.97150604748975
2.32634345588419
8.58190591239969
-3.8578439656881
-2.72129392776819
