# predict_model; Vecm
# max_attributes; 15
# description; Austrailan macroeconomic dataset
# number_predictions; 75
# predict; HCE-MV
# lag_parameter; 4
# horizon; 1
# name_prefix; aus_macrodata
# method; dm_FactorAnalysis(copy=True, iterated_power=3, max_iter=1000, n_components=6, noise_variance_init=None, random_state=0, svd_method='randomized', tol=0.01)
# prediction_type; rolling
"V1"
-3.41889038530065
-6.82460000697745
4.20389058899765
-3.20305272229945
0.882241294114841
-1.07506423182948
-1.82818546897211
9.12034019346413
-8.69257380002645
-1.31944695922696
4.05767641767899
-6.89726622506006
2.00630590917328
-1.84285014345409
1.87295339015196
0.696946982854381
4.93389050052474
11.2567311312425
-1.98869292188655
-10.7681488402536
-2.38511225417742
-3.6110114106127
22.5306634150491
0.132129995084884
-2.67583510330189
9.45787250188692
-10.9884751337079
2.77243820593252
-5.04758616956659
-0.752301089309298
6.43762205112095
-7.70253604666582
-8.32591010863166
11.0452557502297
12.9357951951818
-8.34200556818662
-1.54006652631122
4.99781992250935
-6.97332688732323
8.8647744345331
-3.14123853305507
4.84993366913926
-7.19282903125909
7.06010556900652
2.09157970932336
-3.68354155816665
-2.75041521660007
2.7383446992474
-7.77701867926017
-2.17487215952521
-1.05834129324
23.2427984933718
4.7512758358704
-15.2625740538626
1.51438242142158
-2.63959571450869
-1.05713012303845
-3.80541883760895
-2.37099929157128
0.481219508354564
1.18277753560015
3.74512221104006
2.3915772071006
-4.81685581557483
-0.800651085901296
-2.81725824622399
9.61342051720217
-2.69437823179639
-2.86578632178466
0.278780173849084
3.68583482010555
1.22737602839395
-2.300921637709
0.54088524073145
-3.66466066027613
