# predict_model; Vecm
# max_attributes; 15
# description; Austrailan macroeconomic dataset
# number_predictions; 75
# predict; Credit-Nar
# lag_parameter; 4
# horizon; 1
# name_prefix; aus_macrodata
# method; dm_FactorAnalysis(copy=True, iterated_power=3, max_iter=1000, n_components=2, noise_variance_init=None, random_state=0, svd_method='randomized', tol=0.01)
# prediction_type; rolling
"V1"
2.9645290553106
1.4020516293965
0.367844920528146
-2.04088269086476
-2.7078469623107
-0.829966505854003
1.14688580957367
2.35637231610139
0.196065748152186
1.53810208931204
-0.762165860927569
-1.01478917320867
2.33613442468467
0.568431688187503
-1.21395874709808
-0.900939050188335
0.38781017707331
0.717204541058547
2.23074835679658
2.36033133835024
-0.967666986327931
-0.857438755526154
-1.36648592404209
-0.31160722312589
-1.15578970729725
-0.271206545953959
6.55537492357737
-1.89931739258439
-1.81149700142735
-1.46596426064869
-2.26380596513701
-2.54661178278633
1.46509795722795
1.41599133929614
1.15112436434055
2.15578664217748
-0.970790464795064
-0.317483615860115
-0.121651019234947
0.528649989305299
0.823974100668558
0.744718752763572
1.74520959587805
1.07952396586872
-0.111718366916783
-1.47196160703331
-0.517602251276431
2.27442555019448
4.87239525728523
5.80948194733319
-4.65193472295735
-6.02293904961485
-4.67206126259548
1.09111525570808
-2.96205580958579
-1.11552192737299
-2.80750752216209
-2.56361995610839
1.35530954747596
1.22932978592005
-0.685462251339495
2.69961479338552
0.666705645118755
0.310536479427374
0.657823438451517
0.567932580741995
1.23782531443941
0.319861763167975
-0.557564417327853
0.146845694569203
-0.604392905341557
-0.554092514379293
0.636312170463197
0.992032398239367
0.411581440580812
