# predict_model; Vecm
# max_attributes; 15
# description; Austrailan macroeconomic dataset
# number_predictions; 75
# predict; IP-Man
# lag_parameter; 4
# horizon; 1
# name_prefix; aus_macrodata
# method; dm_PCA(copy=True, iterated_power='auto', n_components=10, random_state=None, svd_solver='auto', tol=0.0, whiten=False)
# prediction_type; rolling
"V1"
12.4955290378079
1.2742778643417
6.06816455495989
1.12958508774429
0.433750677946794
-0.621830355094789
5.88471588983944
-10.9815318866148
-13.2675667727939
0.595947808164137
1.43943169070792
0.51240374750193
10.9097020045836
-0.776508848394275
-9.40092292960882
-5.28706763294813
3.68731231441105
21.7028711300655
6.24309430536154
-7.49430866596166
0.00177978741179852
-8.73207786273017
2.59532633318403
2.33592217736857
7.93337992148267
2.62545794551352
3.59009310760783
3.57842951954121
11.4875594045221
-0.616872232291757
2.23607733880202
-2.82979664152953
-13.2275600932827
9.12461273199036
-2.50228616383983
-2.40594008998408
-1.56247197740705
-5.1443433672102
3.55950975593077
-1.70080211932466
-3.85047088156782
2.44307340906238
2.72214707283995
12.2151562797835
1.05332743798699
0.489071086107199
5.41644058471653
0.108524754941342
12.5663631685401
6.11254744499283
0.965775686886092
-32.6410712214805
-21.496833896053
-1.32545642247828
-4.93361598257252
23.7498710485257
1.38818766246235
1.94734590139655
-3.25893169823353
4.96281794546271
-12.5377076123429
1.90062074981495
-9.85645247730483
3.58373179280682
3.61289804390666
-9.22695163022545
-2.42912966277315
-1.31272612112973
-0.0465055438609376
-6.82862216567164
8.0067011354401
2.12102653231819
-18.1489979236053
-4.08142741017021
5.72979153836194
