# predict_model; Vecm
# max_attributes; 15
# description; Austrailan macroeconomic dataset
# number_predictions; 75
# predict; ResInv
# lag_parameter; 4
# horizon; 1
# name_prefix; aus_macrodata
# method; dm_PCA(copy=True, iterated_power='auto', n_components=11, random_state=None, svd_solver='auto', tol=0.0, whiten=False)
# prediction_type; rolling
"V1"
-13.6001949357732
-12.39074908552
15.4910865269376
13.6559747524783
25.2938387284923
18.0519894310461
1.55734414121459
43.1881625431344
24.6702585799856
70.0928752015495
0.0359837294818717
8.64531821855265
26.3170328389516
9.26931139951304
21.3495154214167
5.99586113293327
36.0397454436016
28.7961573306283
-76.2059391264845
48.3144980074864
-68.1153773416674
44.4435806580288
-5.10149645097879
27.1713765480791
39.9696538488596
52.6081423344597
-16.4464740011247
34.7264800026607
8.91296877747488
-65.238621868064
40.7590725084826
44.9727772793304
-2.29280041497092
8.35711075860053
-10.8384988623526
6.75340482401684
6.76364484869451
27.7497198508208
-12.2950900877501
5.20607919429112
-6.03235757677425
12.7906108618569
-11.7523939139728
13.6822249535446
17.8557985502792
12.7536055109843
2.9900948723716
21.7852879705173
-20.2978575836816
12.0558882867078
8.08477312547965
-17.4446846055002
36.3867694079914
-6.69638535056456
25.5592139232195
3.98697326095985
-12.1836571483264
6.46827829017263
-5.33443862090055
17.5619521323336
9.04917664395798
-6.21176680433341
-11.9508939353808
5.60297494147895
0.486985010335035
-3.9286953294708
-21.220808859408
20.0912282464775
3.41615437787818
-2.78984348864821
17.9849783890633
10.0024614198053
8.43850545397495
6.93071763736438
-9.60087531985027
