# predict_model; Vecm
# max_attributes; 15
# description; Austrailan macroeconomic dataset
# number_predictions; 75
# predict; Mbase
# lag_parameter; 4
# horizon; 1
# name_prefix; aus_macrodata
# method; dm_PCA(copy=True, iterated_power='auto', n_components=2, random_state=None, svd_solver='auto', tol=0.0, whiten=False)
# prediction_type; rolling
"V1"
6.3491779388156
-5.12465289736544
-23.6988087624439
12.4779319879408
82.0746702735198
56.8913623224501
69.7752117237938
-3.48267714700097
-3.21701245823788
-5.84755449906129
-4.26561843173231
-15.17711089413
-7.7464968646993
3.24045697980717
-25.9682904189457
-16.6381377823668
-23.3963996800115
6.23594794166054
-36.9034574319431
-10.8097186365058
-7.73509790019242
2.23251988970823
-4.07167417396272
-1.36842498319985
45.6721790848153
23.0050219319224
-1.02448843858873
-10.6449841641871
-4.5984338224251
-11.672783709444
1.13851808521786
-3.62185278729203
7.61892491427897
-8.45636103861323
-16.7072306597645
-30.1167443691339
-1.84075121244214
12.1348834846894
4.1770252950604
8.45804409983847
7.86144420559707
8.98503888393449
4.01036471893234
-12.8161333210154
6.05262238561761
-7.49624023257967
-11.3579021824503
-7.24908625917933
12.1192116504581
-22.2288154711969
-29.4164052250288
62.8800858430551
-4.9714273139589
30.3955275600078
64.1183840643013
-65.1662436673848
-10.242424451016
14.64917181924
-1.61648262402664
-25.4408896566734
-19.771968884252
24.0711394347191
26.680750393828
-13.3002268324417
17.1612528309434
3.69177222831264
0.848394329329437
-7.92424546637101
-9.58974064485379
28.0079246163777
2.58624646812122
-94.7612643164162
-50.3921125040287
0.101116769811359
81.9978664886792
