# predict_model; Vecm
# name_prefix; aus_macrodata
# description; Austrailan macroeconomic dataset
# lag_parameter;4
# number_predictions;75
# horizon;1
# max_attributes;15
# predict;Cons-InsFin
# prediction_type;rolling
# method; Part-GFS_te(n_components=7)
"V1"
4.34308436160837
8.30161243762104
3.72096624582652
7.59232170950539
8.86896403267833
11.6708852642294
11.0883271365923
5.17656443782205
6.26809998619547
9.11772894829594
12.4219512308051
7.31526181413666
11.1816073982096
15.0810519396235
11.1664915563494
8.61319813089725
5.61750245361218
3.4003242299085
3.92732660534233
-14.7357770315094
1.87160370183623
3.44102499926111
-0.266640998745282
-6.76122571484194
1.4407671683045
5.86906043237639
-1.86307409424654
-3.61181672825074
10.6135645600107
-1.85629743037801
11.7955877467075
11.3343630999485
10.1538734695402
7.27509065615798
1.51005840179945
5.63011309994621
5.95211730434095
10.7172265676182
9.649890365795
2.22317164174124
4.97017926071745
1.34269868401265
1.33659345182505
18.8918508751177
7.99865759461658
13.7627229275169
15.2212101448314
6.11328675879762
-8.14860911123162
2.10508150100696
-13.0599779498992
-18.7935527819986
0.850946142560436
-0.6554712454333
-4.08241039068221
-3.338701905644
4.51153017159606
-5.29523042007126
4.83068228457187
3.11850448592112
6.7355578638305
4.37498886618453
-1.67363477144876
-7.27684914558004
-3.95697623465108
0.953195663716127
9.23922405614969
7.47132566530266
2.00897973764723
-3.51270217031326
11.4946921211204
8.36761157978515
8.60843233873545
7.18681505773877
-5.29111515223703
