# predict_model; Vecm
# name_prefix; aus_macrodata
# description; Austrailan macroeconomic dataset
# lag_parameter;4
# number_predictions;75
# horizon;1
# max_attributes;15
# predict;Cap-BioRes
# prediction_type;rolling
# method; FCBF(n_components=14)
"V1"
-29.9866687538297
-48.568784155744
45.1739500902791
28.2601725273752
-12.3615035937538
3.62607418896635
20.5178430090829
-23.8635312496692
-12.8645239921305
26.4692905078623
113.649272805762
27.7856906677069
-26.7028485852016
10.0415999455986
48.7170357820841
58.3286606621693
0.415790773077224
2.89862746054547
71.5151651494869
80.5491235270534
-133.642202785043
-27.2949596667062
77.179233277073
41.0404391174818
-28.291323628096
-56.5092074073532
-23.0254475568157
-94.2062317613861
-55.03107063712
42.3943761464952
120.06852498452
47.7397854740174
30.9313544445389
-28.3188916753698
28.3661606608619
44.5345904390087
-73.2305315446272
39.1513614862239
55.6994108214835
-2.51444166883323
12.7596979792637
-26.7458257160399
-23.0686682438402
-42.6267524661467
-11.2057673048111
-28.1491449025416
107.598306686467
18.7258920005955
-24.228230228931
63.7301986868018
30.4546137033224
79.3683959788288
-85.169479055672
7.82236416405783
26.5009668448786
-43.0780434226036
-18.8591223542189
70.0112833592882
147.006853832778
-27.6985999122254
-11.2101011586007
-17.1224146960626
3.90257238453538
-111.332645523
14.3640434734161
9.96430316741285
42.1681952749172
-87.2556526123483
-32.4540849391344
-2.05043123919864
12.9906714539232
20.7585711963587
-101.228496279776
-6.21331680264019
27.7159922200395
