# predict_model; Vecm
# max_attributes; 9
# description; Austrailan macroeconomic dataset
# number_predictions; 75
# predict; HCE-Fuel
# lag_parameter; 4
# horizon; 1
# name_prefix; aus_macrodata
# method; dm_FactorAnalysis(copy=True, iterated_power=3, max_iter=1000, n_components=8, noise_variance_init=None, random_state=0, svd_method='randomized', tol=0.01)
# prediction_type; rolling
"V1"
33.1851685041698
-14.1440859387317
-46.6779910431756
-22.1387284231519
32.4184751140779
12.4277842911055
-44.2701071520246
35.8728285185378
-18.780928265934
-9.97678059390935
-28.1078691821182
39.9732264842562
-19.4732002470999
26.0289409511547
-5.59867989060053
28.917157287997
-1.78532038163073
9.66611918892818
36.9227889358866
48.8159209054036
27.9688946099856
-65.3280735725277
27.9387906464122
-37.6425641799043
10.6559205026707
18.3359579456228
49.2016114874128
-33.5477767670268
24.2222482606503
57.9155388877678
-18.8781353405874
-85.4102777336452
34.7595352990668
6.10012634248121
16.470745188229
34.405835671542
-50.4585181616759
6.49639940790048
-51.9003928267768
24.5364835940309
18.7322112569841
12.4471379644381
0.379293233130882
-21.9185823978516
-63.8664363281759
0.341894148477235
28.8599849056874
7.87915576670674
-11.4707054232259
105.906472252302
-54.3503763032132
-5.77075791406472
-7.56254932150348
-120.632873200596
31.154516215278
90.0485365678796
13.5891520567549
-13.549406788557
-44.7531593617444
15.9422243610319
27.9952848398011
-22.9443853949247
17.7586733505411
-15.2198406606846
26.6269265712845
14.5626227639224
-13.5280180086556
41.909440045294
-25.4319556074416
0.969798166014078
29.200120394028
-22.0089003459959
8.80693671265545
22.2537420052517
10.816014129938
