# predict_model; Vecm
# max_attributes; 15
# description; Austrailan macroeconomic dataset
# number_predictions; 75
# predict; 90daysBkbills
# lag_parameter; 4
# horizon; 1
# name_prefix; aus_macrodata
# method; Hits_te_(n_components=11)
# prediction_type; rolling
"V1"
0.588016553111979
1.3588234323846
-1.77403453868273
-0.0238747443528448
-0.712795002425176
0.0413619911999964
-1.18701137175307
0.419973899159707
-0.511852583713129
0.283510320777901
0.298822037750904
-0.266663354703408
-0.694563321763489
-0.369411910928616
0.476669678056475
1.2369684084523
0.161434520660428
0.806508312350707
-0.211631452508387
-1.29011531851803
-0.736988663959608
0.227467089227809
-0.656744301278613
-0.582786026221001
0.351302177735402
0.272433144612408
0.62856365300729
-0.499894494779777
-1.06193800109909
-0.000767934868135908
1.87122057555013
-0.281125680240881
0.148384097496552
-0.336266289898933
-0.440082340541751
0.282565051825098
0.421990564053147
-0.0600487680667294
-0.252918099778069
-0.094581627436901
0.236496926644055
0.843198525701369
-0.291025729794055
0.279852773928058
0.232284800333319
-0.0359052268100763
0.208349189394062
0.312469615831603
0.646786477775841
0.111370660919327
-0.46056491356514
-3.37925297308422
-2.13883451167912
0.699943160489075
-0.13883063286465
0.464830373799002
-0.439090307186194
0.603199571150935
-0.0210111614304516
0.675139743579841
-0.182242455217392
-0.557039046383756
0.210865049787612
-1.18525257752213
-0.248115329525454
0.0485011900230503
-0.200505316140131
-0.739739682964461
0.298413087734394
-0.657394068777037
0.167126304639797
-0.0907448233584633
-0.0297168854566382
-0.138379038595149
0.373336619167414
