# predict_model; Vecm
# name_prefix; aus_macrodata
# description; Austrailan macroeconomic dataset
# lag_parameter;4
# number_predictions;75
# horizon;1
# max_attributes;15
# predict;Cons-Edu
# prediction_type;rolling
# method; Part-GFS_te(n_components=10)
"V1"
14.0639834209186
-73.6793074925363
-10.3980962014275
14.2595731835933
25.0795489716115
88.0332891699374
38.0139406402596
48.7587618897485
-14.8826987615876
23.1006425500714
20.3257041867596
15.302931723389
-22.5428041260711
-22.5693827903007
28.2586055719932
27.7986209745957
4.6297737264701
55.0782007918788
-90.7608267638778
89.6842264206156
12.2582682377547
-15.5503305205657
37.5342260381257
4.33771735234382
-3.84132639476872
-2.45914445412577
4.23298664864096
2.48993522403199
-1.4129459728097
6.20329066651201
6.78581973324553
2.76427985805453
10.3001346793245
5.60142393578418
-7.03317969779406
3.11269629785116
2.89775602870732
7.042419141511
-1.94651984342732
5.71860740067118
-7.84553374586582
4.59936808921082
-3.42656282545585
7.51327984349617
11.3971081328064
-2.14499780172099
1.10831515203947
8.96502289187283
5.48570964238917
8.52523600712463
-5.1955120061165
-3.51731037515383
0.208294817347202
9.80473448336948
14.0067191783362
-4.23809158301749
6.40538879355097
-0.624376257798789
2.91675279089498
1.44040969950646
0.00979097547145111
7.84251530099583
2.08303123600125
-1.0557496680949
14.2346802584202
2.80393694556266
2.25598437212662
4.20731065867457
4.18493833365322
9.95860901892946
2.5241612844174
7.97815978026651
0.0643539035942353
3.63457218318581
-0.818612351793252
