# predict_model; Vecm
# name_prefix; aus_macrodata
# description; Austrailan macroeconomic dataset
# lag_parameter;4
# number_predictions;75
# horizon;1
# max_attributes;15
# predict;ExrateUSD
# prediction_type;rolling
# method; Part-GFS_te(n_components=4)
"V1"
6.61756218674419
12.2411083909832
6.90195705782504
51.0656273962843
-32.3813507637227
-3.61616216544077
-27.234764384884
-10.5508979783762
-4.72160785469495
-34.3210663275977
-19.7497443566692
-9.39762502778997
-9.49548567933829
42.297008103996
-1.26157201985057
3.74084053124006
-15.4400190707668
-9.08010598537442
-27.4385576834387
-32.9566003700433
-7.84172368729382
14.761756735555
-16.7922834446683
-5.44466279912613
8.52710921024883
9.7284706073921
-4.48134315758568
18.4497616368992
3.77002590571109
40.8733787553036
23.7716440927129
27.2290492427082
3.22013910696401
16.8817198872503
21.2749410844439
-4.13755023251745
19.3127264891758
12.3859344057844
-20.5981277166915
10.8639228375551
8.84201772694288
-3.56141554962684
2.33288540863729
-7.77022672658357
9.58969176984243
40.4370209070776
5.9088803337563
9.93147566815352
8.38640430969434
0.989262419250675
-39.7541070601416
-34.4502635881971
42.8391204494211
-19.3139010637956
-27.6622535541222
26.2930416243422
-26.6605025588339
-17.4086561594136
54.4981286501031
27.2999312701583
21.7038113583164
25.7715640823005
4.76995414988967
-33.0336438362715
26.2709911730165
-30.1016595010228
32.0601804061276
-6.29075710078507
-5.12016296711521
-17.2538556336759
-17.8469056796927
-12.5112990478306
-11.8943516820707
-9.16543629464016
-12.5427660410213
