# predict_model; Vecm
# max_attributes; 15
# description; Austrailan macroeconomic dataset
# number_predictions; 75
# predict; RetSales
# lag_parameter; 4
# horizon; 1
# name_prefix; aus_macrodata
# method; dm_FactorAnalysis(copy=True, iterated_power=3, max_iter=1000, n_components=13, noise_variance_init=None, random_state=0, svd_method='randomized', tol=0.01)
# prediction_type; rolling
"V1"
3.78213373180288
3.35323517374904
-3.28132697258436
3.41817884271153
8.56939098783602
2.91022723932917
9.32473800521126
7.87206792935238
-8.69142920841109
-78.697010052376
3.93835368703735
5.57024672649957
4.03116126405471
11.6723240686981
9.06618830935345
6.61905157652323
8.4241593055776
-7.49706957282626
27.6667025513999
-6.37437001128476
7.26834650230364
17.6739862657725
4.4040323730336
0.406338130116086
8.28989443794236
11.2513931714984
5.34711182050385
6.52860833475224
3.32509435632584
16.0720578556566
0.379485813052529
8.64453671104978
10.4632034226593
3.95381452253139
4.46145118063979
-10.8247555991839
-0.783339435107696
6.32769622747897
4.0470674168783
10.1792996646425
1.57468337122921
6.85483919957681
1.41973480595029
11.3762086746183
6.04999754393733
6.568483780432
6.3656078614026
3.88557020697093
6.51066068218011
-7.05251440303236
7.19136834300235
1.4707287896967
4.03725960764553
14.1795144378856
-6.28087926208747
-5.58610994064508
7.36757287452312
3.90265191506801
-2.49044169370177
2.37700299146267
0.115464468113686
5.32301296725811
4.05423099498348
2.42727099122217
-1.0141150091278
4.18533041070196
0.396819118456439
4.08895968752167
2.94620109746804
5.40392361581171
0.953360839205062
5.74696772117868
2.05067653638645
2.99532489418897
6.30306450677735
