# predict_model; Vecm
# max_attributes; 15
# description; Austrailan macroeconomic dataset
# number_predictions; 75
# predict; Emp-HoursFt
# lag_parameter; 4
# horizon; 1
# name_prefix; aus_macrodata
# method; dm_KernelPCA_fit_inverse_transform_True_kernel_rbf(alpha=1.0, coef0=1, copy_X=True, degree=3, eigen_solver='auto', fit_inverse_transform=True, gamma=None, kernel='rbf', kernel_params=None, max_iter=None, n_components=9, n_jobs=1, random_state=None, remove_zero_eig=False, tol=0)
# prediction_type; rolling
"V1"
-0.177074423471054
2.3897262981766
0.831975075145407
0.723782058348556
0.405083156166764
1.30987247630824
-1.90043017096367
-1.27867189851121
2.53574677994699
1.87744921648597
3.47046590074704
-8.93690346789196
3.98685071116776
-1.44685303295052
7.77723482335135
7.01598426511196
2.16989800467019
3.86240324626504
2.60256412491488
-4.98961872888126
-2.36343118359663
-12.6497116790081
-0.376023222895786
-4.16771962391874
4.25495047544852
-0.0848957424386637
-1.29892051397414
2.89094724566241
6.6440746052213
0.643639878490975
-1.24234280892684
2.8457384727601
-1.17961190784072
5.95243202815658
-1.47087665469691
5.66979639560542
5.1589529538749
1.8453017417146
2.67539020820437
0.860313033349657
-2.4164560405152
-0.558059553970378
-2.4893881333479
5.10562585605504
-0.761686442909306
6.10370022926385
7.04382665907622
4.2994792717116
7.22689038883324
4.34209227013243
-1.262959770647
8.85465727214002
-4.88477273282563
-1.19237435064653
-5.80483025895867
2.10053911232877
4.17046438823666
1.06560563781771
0.918864879974714
6.98160579087172
1.15877779971247
5.4757295628814
-0.0675273443063342
11.9030855519951
-2.8056227985725
-8.5422482674383
-11.4636657646365
5.59415775345991
-3.26381917204234
-7.50622493350759
2.37634855174438
-0.546232648575024
4.4497955349644
0.0575388542109651
3.6909979882546
