# predict_model; Vecm
# name_prefix; aus_macrodata
# description; Austrailan macroeconomic dataset
# lag_parameter;4
# number_predictions;75
# horizon;1
# max_attributes;15
# predict;Credit-Total
# prediction_type;rolling
# method; Part-GFS_granger_graph(n_components=12)
"V1"
5.29866623873093
-3.58988030809174
3.09008081885813
-2.85415355929791
-2.27399774947427
1.300085265628
1.38312320480238
5.3442096144564
-3.47235918710157
-0.430349118065753
1.35977773245344
-0.442218710215607
2.6651799130185
-2.32479900093151
-0.788719234858381
-2.30098277967446
4.07931989561875
-0.674828235363136
0.813516891264499
2.5685111892568
-1.19950676372591
0.0746728150220015
0.132491915605593
-0.432030045983171
-2.68974533124734
6.93599252173123
2.1981241277086
-3.11724921708074
-4.96219342546624
5.08422210669278
-8.11713926061882
2.11128987877539
2.79646914804331
-2.22631640340471
1.90875481267474
0.00523494151288163
-0.284817884254872
-1.23075285740933
-2.04539893751421
1.0455774878582
2.20021044271779
0.638782302226946
-7.90116493827494
0.953571379678645
1.54088783017282
-4.77844628294208
3.04771657407807
1.55504604086037
-1.41362727114826
-5.66811098219911
-1.29706180827581
-6.23976981643302
4.85415734031687
4.60219070207432
-2.96159185676064
-2.08834360130962
-3.7055777362121
-0.434299090435663
2.40029840743084
-0.257797390588456
-3.5146608675047
2.83189538313944
-0.381293797550182
-0.41210734432278
4.79467034698975
-2.8295637587608
-0.169410127858002
-2.52624775102675
0.195502689304805
-2.28240396187384
-0.507524690439173
1.62914466660549
-0.309662856841196
0.951394902807706
-0.518912745336612
