# predict_model; Vecm
# max_attributes; 9
# description; Austrailan macroeconomic dataset
# number_predictions; 75
# predict; Cap-IntPro
# lag_parameter; 4
# horizon; 1
# name_prefix; aus_macrodata
# method; dm_PCA(copy=True, iterated_power='auto', n_components=2, random_state=None, svd_solver='auto', tol=0.0, whiten=False)
# prediction_type; rolling
"V1"
5.06576060429449
11.9049276838228
10.5210100001533
13.9604489866102
5.79252659332914
6.63772672167439
1.75605663109283
4.91537394636464
2.07353470039802
17.9736877545638
0.408306478942789
4.92057567087227
1.88646421729218
1.06918225455741
0.425628707245558
2.96606469439959
9.35454315865666
21.86614640209
21.7274320904068
25.7446746908724
19.9655533297186
9.00662376322774
5.21914948033625
1.97009059732708
3.73043750398339
-0.727373474697665
10.3836793434837
7.48340740671888
10.6593757410048
1.24039471216478
-0.41458705651533
5.39555889629115
13.2363693778254
3.75478127426368
4.31921322905803
14.3254076989922
0.0647503780999997
5.29036469000576
11.3607722113951
8.69335670956269
11.6792102129096
13.8483128668061
18.5772556625103
25.9147905646853
15.2072263737584
9.23886935012675
22.8366092428768
20.700876773832
20.1199110521234
20.7560479630055
-14.200257475205
1.45451941495801
-11.9520044667272
-2.01987130830393
1.79366700259381
-0.145655115668216
6.8604668685981
4.99661636852623
-2.08823328216951
2.18748233587964
8.44443595124235
12.2729105063812
15.4647851754346
12.6687733869009
4.21867822308844
8.84857008807985
2.21751432448938
6.97566008701357
-0.764160597915428
2.67170308429693
-3.25259430594602
-3.92278818701276
-0.868911399726187
11.1980216282029
1.15003457298701
