# predict_model; Vecm
# name_prefix; aus_macrodata
# description; Austrailan macroeconomic dataset
# lag_parameter;4
# number_predictions;75
# horizon;1
# max_attributes;15
# predict;IP-WPP
# prediction_type;rolling
# method; Part-GFS_granger_graph(n_components=10)
"V1"
7.82113919294388
15.1893568986593
-19.1795329455877
-51.5479081597065
27.0597816971726
23.3469559736963
-12.0903628299278
-19.5012530370678
-0.866850483623832
-2.23666638154347
2.59387538471556
9.55975703029541
-11.4816653219205
7.78746557647933
-15.3116115057701
-2.73036790263669
77.8344141371186
-0.545145466063033
-8.43129109056829
0.399025446425672
-17.7751077627616
11.3530778790284
44.8842058307936
-38.6051207255892
33.4837943157967
26.5329017223716
-75.9650582377304
30.2757966033734
15.6158942126035
23.1564289555117
-7.09795419289015
9.64694992021915
7.81828209103051
-14.4994459648653
17.4543503081559
-12.0740313156847
-17.7900497289431
32.3823228965413
-8.20825418476376
-33.2442071014932
6.00279453301545
12.1498197519704
-11.8070019984406
-4.36710583043688
-6.21097694390987
-13.699854379782
23.9089650070259
-13.3386772313985
-18.052710464883
-17.8202887971316
-33.049055930279
7.82374934732848
-2.78381672164755
-11.1323843456264
19.0523173198398
-14.8226164930398
-18.032999498294
43.448765155401
-43.3699023923971
7.66217722996986
-19.4245747141937
-13.0771354601564
26.2421154611139
-28.1703068082421
4.68468602206065
-32.024745807156
2.19195048646943
-3.21518642538145
2.59866477051051
35.0734046767556
-15.7273531683943
-10.1888071433192
-5.85976018820315
14.6134025882101
0.774754825010913
