# predict_model; Vecm
# max_attributes; 15
# description; Austrailan macroeconomic dataset
# number_predictions; 75
# predict; Cons-TraSer
# lag_parameter; 4
# horizon; 1
# name_prefix; aus_macrodata
# method; dm_KernelPCA_fit_inverse_transform_True_kernel_rbf(alpha=1.0, coef0=1, copy_X=True, degree=3, eigen_solver='auto', fit_inverse_transform=True, gamma=None, kernel='rbf', kernel_params=None, max_iter=None, n_components=9, n_jobs=1, random_state=None, remove_zero_eig=False, tol=0)
# prediction_type; rolling
"V1"
15.8831324372056
-5.58219795466388
21.9824475939134
-21.3645717898915
1.28876743478474
17.3721281519349
-14.7311068704339
-0.613966489519938
3.66485328426884
-8.83684281330696
3.63959601599697
16.1908169652225
-9.50724041840712
15.4405318793722
-6.34251158346737
13.6284539026223
17.832998661441
4.42584170897747
7.29593316908461
13.8884381088208
22.6620909044379
25.335906989194
7.26442406231199
-13.9550479649461
-7.60097277480081
9.10433554561733
25.8399706910542
11.5417324671229
-6.90004588214995
-19.3015898131966
11.2184856637837
6.46306967418788
16.9324686954197
13.3016789669639
-1.64901019365572
8.62984575896745
-24.855466433748
11.7695990955134
46.351995107788
-6.11299590592676
1.63814306517743
14.3148406563984
8.61956777244049
2.96858557999579
15.9142229902493
27.2080816375685
20.8559297980072
15.6509055581566
8.17283071812768
-1.12694946683372
26.6863238647654
-9.07416875129863
-18.229461016842
-15.8219576266648
-3.78720015344916
9.24654346510345
-8.18825218491
16.8661539084439
-3.41582187042194
13.4456444670439
16.9897571428699
49.4217232798213
10.5592994803133
-0.112528951730483
16.2153805304523
8.65626675225489
-9.33673606575208
-13.1570645068072
-0.148322383286737
11.2271088439491
-5.83600988719088
-16.4295956689031
-3.43002405333102
-11.3694655031717
-2.92250248579727
