# predict_model; Vecm
# max_attributes; 15
# description; Austrailan macroeconomic dataset
# number_predictions; 75
# predict; 10yrNSWT-bond
# lag_parameter; 4
# horizon; 1
# name_prefix; aus_macrodata
# method; Hits_te_(n_components=8)
# prediction_type; rolling
"V1"
-0.44467926689654
0.285742345178343
-0.404486333420023
-1.62639294491201
-0.0278180178416538
0.0840425905143098
-0.20346470022131
-1.61686723910809
1.02033635137184
-1.04494994452441
-0.260602825408266
0.0872922340387211
-0.376000308516353
0.678656135982888
1.10599374828143
0.430236107127592
0.769144058955613
-0.821152695833133
-0.365472860397251
-0.134558189324048
-0.0569823168918545
-0.54399691501062
0.656600110645817
-0.445943120377631
0.492280395713347
-0.613583150686945
0.655077433588794
-0.733627706039736
-0.128552450293558
-0.0634733822113672
0.745349550118839
0.387001911234345
-0.337754031850665
0.153757380620689
-0.567989724112342
0.195807117730599
-0.0812294711243561
0.0659363755348245
0.0285165986801838
-0.226338172852476
0.430418557052572
0.921227780683488
-0.191816617269375
-0.0967321995718966
0.153620437613265
0.408586243726112
0.360229403825889
0.176518519998099
-0.227053649281585
0.36721957870854
-0.0581088402864145
-1.19779058618717
-0.453895822733082
-0.345942404595791
-0.190601697332326
0.50498053914385
0.0343841172925882
0.0595364752706323
-0.161705159216557
-0.241186923893156
0.156303723414245
0.339314831269209
-0.971077851201654
0.0548721314585232
-0.251337799361442
-0.280793391722712
0.0302511401877456
-0.551247814985595
-0.117300517734406
-0.143358846587878
0.22192420318518
0.447333918732837
0.0651943017916265
0.396590346485893
-0.269983492706189
