# predict_model; Vecm
# name_prefix; aus_macrodata
# description; Austrailan macroeconomic dataset
# lag_parameter;4
# number_predictions;75
# horizon;1
# max_attributes;15
# predict;IP-Min
# prediction_type;rolling
# method; Part-GFS_te(n_components=6)
"V1"
6.28230013475645
31.0227042453938
15.3408966211072
-16.3859779259472
-12.3773336082378
0.743025482822568
16.7285759196667
2.8923293475887
5.67300511816513
9.07435893167626
9.49281472263276
-0.792376958000468
-0.713138095216308
2.04266551092432
-9.5322811926961
9.56457930636278
-13.7280720131049
47.7931041248384
9.41832212587435
-12.3363973578017
6.95495847828651
-0.553957086578608
-4.68716986255954
-2.26569573694383
9.62433826337638
-4.90140997640501
4.9325724690015
-2.67250237476245
-3.29337644634178
-8.47559619941751
-12.3091175532779
14.0957723938841
-12.944393053581
-4.2065528650152
-1.23688527295375
12.1032789340956
4.67625211530828
18.3692652064543
9.86234667514877
-0.626934962585954
0.0582951213711557
-18.0027742502189
25.1490436944103
29.3217877888698
0.790405143058476
1.14168734944216
-2.31908258319219
3.10823332751343
2.28456961975128
5.73200749686075
-3.72918386363749
2.48330879481483
3.57250245855565
6.27004435700104
12.0627857855188
15.3645932558835
3.80237558283824
13.9587944668241
3.07452596725514
-2.22561380099333
-6.65942635329851
-5.27247766651038
23.5852677702215
-2.23396567644728
17.0417769670077
1.04407177653256
15.646042096182
6.53630958805361
4.97774739814711
14.4024362510545
14.0135284426366
10.8529799826887
23.5957005972807
18.3769033618378
4.66817530200959
