# predict_model; Vecm
# name_prefix; aus_macrodata
# description; Austrailan macroeconomic dataset
# lag_parameter;4
# number_predictions;75
# horizon;1
# max_attributes;9
# predict;PIMP
# prediction_type;rolling
# method; FCBF(n_components=1)
"V1"
13.9596949479141
-8.25335577802587
10.549686079599
-6.30322553865912
0.256418179894433
9.8222397526413
-16.0069233753962
16.4841392608565
-5.64102526220907
-12.298025199874
1.13919745543047
-8.80800266284687
-1.2964729593712
4.4231613954604
7.52985697601497
4.44165793082977
-1.47409021933915
-7.83260422679415
1.88263420357261
-18.6243983436844
3.8435652589325
-17.3170328153638
2.91576567048805
-0.0763752950708529
7.10336708832867
15.3135143349315
-2.71265172480556
6.75104147275916
4.21962211757445
25.655674514831
18.159745373338
20.2475921754292
19.5193689861651
3.9380116791945
0.167307357691364
0.836607485494314
7.2370303081419
7.86712871258065
3.26449587352049
-2.63570243529227
-0.380412073045826
-1.97409905171273
0.919209358474305
0.14928252252265
9.00903477331849
20.998984845184
11.2211056251552
11.6125071655638
4.0240844942292
6.65506221468569
-6.9101048555167
-68.2075296187491
-36.6247468799689
-46.0044700523499
18.735282645257
54.0005814751905
21.7814098350479
8.52017449511686
5.57224112067679
10.899253340235
15.2852743264906
1.32214170354777
-1.9616629121178
-19.608666159242
-3.45673118923363
-28.9098026869741
21.6639472358293
-16.5798551344698
16.4814464051722
-17.7299059700593
-12.1696934494287
-6.71142217998404
-19.8772410825268
7.80720391706247
-7.65147171452418
