# predict_model; Vecm
# max_attributes; 15
# description; Austrailan macroeconomic dataset
# number_predictions; 75
# predict; HStartsVIC
# lag_parameter; 4
# horizon; 1
# name_prefix; aus_macrodata
# method; Hits_te_(n_components=2)
# prediction_type; rolling
"V1"
30.5047915461377
4.43330043158502
12.597282442771
-7.51316168020171
-17.0131474295964
8.42689847075263
31.4836814931346
3.70722926946519
2.39007409416542
-4.14275161483069
-9.85527615797666
21.4134228613772
16.3073399235601
26.0892705027591
-33.5395604997948
12.5600768049514
-14.1416576681249
-4.88979032416124
-17.834591807363
14.1579163648685
3.87015025364332
32.2315064365264
34.3375884852111
10.1906695350576
2.45250965737815
-0.927374747214606
-10.5130712383591
-6.43315046918882
22.2649517216631
9.726332326112
15.3649680934469
-4.30725341352447
-34.9926940912351
-7.83800940171199
6.33687255941633
-2.60144795255772
10.3240590977145
1.920592306857
19.887989676303
2.80399365920197
11.9809619957655
11.6646414715119
-0.123232155151561
5.14742410216171
2.37632346835803
9.50213979070755
-7.4476684793307
14.639726660548
-5.37504553803297
-9.90782049627961
4.20363903786251
26.911527439771
75.8507410554031
-16.3377939182541
-25.5959600572089
-9.94045104766234
-21.6875280705562
19.6878591862309
-11.3713378057231
0.916235615657886
-11.2383417708
1.6517982658102
14.0007244588994
1.55438612045245
-31.2289476525535
6.10782100835262
18.7796810869995
-7.39000387811276
8.37085589092853
5.21131940709348
2.409293611674
8.40785908956165
-8.8997622258281
-0.735749444488755
-0.0694866914128771
