# predict_model; Vecm
# max_attributes; 15
# description; Austrailan macroeconomic dataset
# number_predictions; 75
# predict; Emp-HoursFt
# lag_parameter; 4
# horizon; 1
# name_prefix; aus_macrodata
# method; dm_PCA(copy=True, iterated_power='auto', n_components=7, random_state=None, svd_solver='auto', tol=0.0, whiten=False)
# prediction_type; rolling
"V1"
1.08736351627154
-1.71391716894197
-1.79417948247474
0.678375507496031
0.585326275230128
0.965008804011829
-3.52478250994545
1.71128589577064
1.21696618527623
5.74343955114214
0.989886738699757
1.83570814063883
2.78578340037905
2.89998614318783
3.21598154577795
6.75825738642133
5.62804450531696
0.870426319706583
3.03466985705579
-4.89358563500162
-5.62363557343429
-5.78386637880442
0.366484027874978
0.1339612532704
2.72150075523184
1.33217259514889
1.45458907189422
0.549581895320238
5.70037430557006
1.6798343708097
-0.209507034879371
1.05769176407355
3.34781785620463
0.621951450179633
0.479044225761515
4.28903095249666
3.57364533223663
2.96822214834185
2.38547691026998
1.34959731808113
-0.362926565705263
4.42578596970155
5.90076698272257
2.59608207647044
-0.213011364001302
2.61449421646545
3.98748646950844
2.62846205807964
3.42211021805302
7.67761081618767
0.355299536444838
-9.19621799371949
3.07583824432205
-5.36849803002798
-0.66059054512889
1.55593082877928
5.76965658829452
0.666541425350167
6.60972356076593
0.72457496605868
3.92824922042458
-1.3698815003956
2.37534158081305
0.878754407766769
2.7706239298287
-1.32741960790346
-1.89699818898319
-1.88282074880704
2.00850952346635
-3.82458669116498
3.36522449107754
1.61456199102237
-0.085963524165188
1.1067740640968
0.790269387187927
