# predict_model; Vecm
# max_attributes; 15
# description; Austrailan macroeconomic dataset
# number_predictions; 75
# predict; Emp-HoursFt
# lag_parameter; 4
# horizon; 1
# name_prefix; aus_macrodata
# method; Hits_te_(n_components=2)
# prediction_type; rolling
"V1"
-0.54347299403577
-3.0751245415153
1.59120593870234
-1.0168478636333
0.0968931088987304
0.735296881113134
0.0606792176480678
0.745622036523131
0.689810521575748
2.8612079850393
-2.34852819217297
1.10919604909709
1.54646031540295
1.25120043449122
4.68998251730382
5.11034645609354
7.07970695227167
-3.44694313164299
7.38334796229918
-0.812116600270961
-0.424297561715288
-7.27374059733289
-3.45156074224182
-2.65653215713953
-2.4082279944791
2.95279841840094
5.11675481621724
-0.12628110468638
7.37707133554918
-1.55519250063554
3.73883500197049
-3.41530925489028
1.30423569780642
2.73040957755174
1.34401761980803
3.18124223534294
2.47537403907076
5.57804628557866
2.87489544236174
1.9662935118445
-2.82208516852405
1.90797220435457
1.04027386199833
2.53867787430688
1.63990242941181
5.31019556603643
0.0460824348466113
3.17002416169885
4.57703383801223
2.86942448375703
4.49360124360529
-0.945204368688545
1.27825946817195
-2.42326986519749
-6.54372282816368
-7.50952412917727
-1.24166361145455
3.95672827054179
2.5205001794832
3.49364732246814
5.20280248572432
-3.0419230990014
1.99717152692528
5.55204510603665
1.83012435506083
3.41611930668152
1.48880566891667
-0.229966111579838
-2.85553964509163
0.477616279651402
0.482351684707605
-1.68510647784867
-0.0951042240065272
5.64451115076669
-4.80910357376728
