# predict_model; Vecm
# max_attributes; 15
# description; Austrailan macroeconomic dataset
# number_predictions; 75
# predict; Cons-RenDwe
# lag_parameter; 4
# horizon; 1
# name_prefix; aus_macrodata
# method; Hits_te_(n_components=5)
# prediction_type; rolling
"V1"
3.85105213195159
2.50739717333957
2.56231926313063
2.66481707468936
3.1978995893916
3.32595721363354
3.14024979725552
3.80308636966187
3.87613844403143
4.49617573578882
2.80496729515862
3.77673360358391
3.04278232504912
3.70440231195741
4.43287847057094
3.75701310466687
3.2483251965228
1.65923452903232
1.99514718169554
3.32471821741355
2.0575753550073
2.39624725555244
3.336012689545
2.57063311637728
3.55617372561825
3.94793227051584
3.10887190862355
3.53105435584752
3.66951756614658
2.93523736382347
3.61422741185045
3.48058479317706
3.56056075780522
3.17721972986515
3.76018805523387
3.58576616366594
3.08004685911649
2.91491969605956
2.42382346096961
3.36507123492672
2.8186557910615
2.93655357992895
2.80660476215957
2.89928844094794
3.05425817686996
2.6266424626043
2.29291033738251
2.59724381525282
2.20399827945029
2.66065261415325
2.62953508278068
2.46251078760708
2.81856515429807
2.73707112843591
2.75906458835163
2.82011039586224
3.38450385803074
2.84662921717023
2.9592839153116
2.66897944379143
2.40000020364992
2.27107817896674
2.22578625726117
2.21881926808583
2.39380053636109
2.26831643266195
2.20278889481036
2.27400983911749
2.35926799492723
2.16774627188704
2.11612286678702
2.3353121951867
2.21997862312752
2.26182270979755
2.17161810992599
