# predict_model; Vecm
# max_attributes; 15
# description; Austrailan macroeconomic dataset
# number_predictions; 75
# predict; IP-WPP
# lag_parameter; 4
# horizon; 1
# name_prefix; aus_macrodata
# method; Hits_granger__graph(n_components=2)
# prediction_type; rolling
"V1"
-1.08825770502029
10.0216702598651
-11.264236679201
6.6428146017507
9.59400703189102
11.640518269237
-2.60901550960833
0.689034583800919
-18.6449221629691
-8.48276340905971
16.6351811173942
2.34882114867488
9.78596664451694
-4.88058658972538
-2.06473859153212
-13.8079719305117
27.845677910091
17.6706052426358
7.03358308564352
27.6543920164867
18.43489835154
-5.77459413472964
-11.6546442151287
-5.88774705284612
-12.9472384383625
9.28556190153719
-7.96671869778361
-0.46434905271283
10.2336313181531
-0.156778543943979
3.98832049244035
-15.6715593249164
-10.725250044356
9.6939860365524
24.0893711657364
0.743401798548114
6.3734233019807
-8.93240350698723
3.51635751911655
1.99163442159098
-2.67049747229454
-3.83829102556749
-4.53431773737973
-3.15735907798941
4.73510927786467
-1.58416905859707
-10.7261043891607
-11.7022122712194
10.8662570813058
-2.81864442214021
6.8983494867658
-1.28304649317261
-15.2672926456545
-17.8794300757269
-27.6329536205198
-11.76150361397
23.4752980233638
13.1831436752323
-4.38471817946519
-47.2614442928164
5.26552622889332
0.838999477002774
-11.3443322856863
-17.1554641938795
0.796908925890505
7.66006226477064
-13.9368683464458
-5.63694219513957
-9.54330467627036
6.85568172487702
22.9745681694476
9.72672109856771
-2.06008327918872
-0.758984972035311
-1.55544741962861
