# predict_model; Vecm
# name_prefix; aus_macrodata
# description; Austrailan macroeconomic dataset
# lag_parameter;4
# number_predictions;75
# horizon;1
# max_attributes;15
# predict;HSexfinNum
# prediction_type;rolling
# method; Part-GFS_te(n_components=10)
"V1"
14.6297627581497
-19.4358200531014
-25.9793922251081
3.82345898620017
39.7930948253492
6.83363679176199
6.87275784786629
-6.81017650142724
32.756235277528
5.06767639385996
-17.1224869048517
19.9347692267374
22.9879256213017
25.337100601855
1.73101188508511
9.78318424585094
-34.6495023104746
21.5894703239039
-87.0182833627926
44.5776473682721
13.4382709667221
36.3259144499788
26.3032653248589
-4.88334875344243
6.50629642431915
-3.06462340992668
-49.5629012503011
6.00552997739966
44.562236470007
-18.2199810527268
7.57457208380557
-35.4910288659978
-59.6855946777787
21.9691991791499
20.8485525517351
9.40377134890405
14.4700003959791
-39.017718182333
34.668979907224
15.3268393463911
4.34005909477511
23.5654240109744
23.2273130560592
15.3749286683398
-20.8605609865998
11.5150067163542
-20.0469851307745
26.3811090594181
-54.7917005120493
-37.5399037752634
-120.12828665807
68.7730326110358
19.1107419260683
-44.3620717630843
28.3355037179556
-54.759746652909
-75.0668621627373
13.7642800411165
-33.5821453967379
-15.5245275550825
-12.9248319733716
2.97424228475012
29.0342630483889
-0.791970998975642
-17.9802621106083
35.3136423071025
-5.23039325860904
-2.22187304875404
30.8137308742176
47.4656706987476
14.9699736628514
20.6005552020958
-3.2878344104036
0.149731969911234
-12.7945681434244
