# predict_model; Vecm
# max_attributes; 15
# description; Austrailan macroeconomic dataset
# number_predictions; 75
# predict; HStartsTAS
# lag_parameter; 4
# horizon; 1
# name_prefix; aus_macrodata
# method; dm_FactorAnalysis(copy=True, iterated_power=3, max_iter=1000, n_components=10, noise_variance_init=None, random_state=0, svd_method='randomized', tol=0.01)
# prediction_type; rolling
"V1"
-30.5840814297967
-34.4191874736255
52.4146899580494
58.8685821387807
-1.30750105460278
-76.036837044073
19.4293544273355
-48.0825239643117
-29.2367541804813
59.6114090173077
-18.0131044786827
-11.6022972797555
69.9051927080134
5.71652589973997
-20.7266068990645
-6.86719319347554
-24.6939651517909
76.3509277002798
99.2491218121214
64.4675399872753
-36.115616166466
-22.2937910178696
7.19720583826268
26.3273062905486
61.8543471997259
1.30810399290079
-18.0305100356564
6.78426722064466
-45.1376787433022
6.3768907334978
50.8201063751912
-31.4645472648084
-6.96274959338551
-59.2356678470074
-21.9677004237805
68.1489935846204
27.7584450804396
-0.582377010201916
-29.6621146576303
-31.0397511980119
48.9130600740245
-30.7098207619403
74.9470676131225
20.8294780879901
-37.0723806064716
25.1093982846885
21.9787926868672
18.303093087361
0.64731446546844
-13.7574311459274
-83.8682332660716
-19.0793269297812
-4.5173670295677
-37.2379193789761
-7.22826479629333
-24.8385643106046
-60.1978176179594
-53.5732400916989
-6.41032596826491
-28.1924852516615
23.5345214811977
14.629418910659
-9.60737892645419
27.4835853086055
-65.6918390820646
23.2727365296695
-0.991448576546602
25.2587687919289
-4.95939259152135
4.94397595292032
9.39440086640753
32.7001538897782
28.1963689462539
-32.795134947338
18.9745714984918
