# predict_model; Vecm
# max_attributes; 15
# description; Austrailan macroeconomic dataset
# number_predictions; 75
# predict; Cons-EGF
# lag_parameter; 4
# horizon; 1
# name_prefix; aus_macrodata
# method; dm_FactorAnalysis(copy=True, iterated_power=3, max_iter=1000, n_components=13, noise_variance_init=None, random_state=0, svd_method='randomized', tol=0.01)
# prediction_type; rolling
"V1"
-2.84323415359911
-20.4536694750394
10.7595569407755
4.07875841826561
24.1561956269778
-14.8427023583176
72.8423243649626
71.9017518175234
-21.2972162012434
2.17057695539727
-1.52126832565544
38.1333224919988
-11.7645317333318
20.5224195862278
15.6225001988391
-6.39569555078547
-15.7668483648535
21.1986603706411
50.5233862621998
-16.4374547160945
-8.210907517717
43.4266337896854
-11.6330140952335
-17.3032702061942
-4.38493047880101
-1.96341838217987
-7.73186728460661
-12.1561030798484
-0.992542488068279
5.07330207038035
8.58527088926679
19.5100311673946
6.79128550395292
-3.46554697119512
0.224295144986074
-11.5610196372053
5.40911439740541
3.78270457294313
1.50032272953932
22.636665265277
0.832439918085062
-2.86994494285396
-24.596048726116
6.20686859968778
21.7222278718035
8.82828190655619
6.38774019925655
-23.872620474447
-4.94256392367553
-1.96910152651923
21.3581820261899
-10.5599840285618
-10.8332314934106
3.1388329363895
-1.03245563152195
-9.59825131525542
-5.71510833793103
0.173417182305575
-3.54305270060107
3.54554220367628
4.96274809265865
-12.7327454890608
8.00505421743101
-18.3125678956849
3.26811104937426
16.7803248946602
-34.111740322615
-11.8082951408592
0.202198829351941
-5.90668158307051
9.32879406521357
3.52842269280626
-26.3441825816001
1.72999133744034
4.87729966362008
