# predict_model; Vecm
# max_attributes; 15
# description; Austrailan macroeconomic dataset
# number_predictions; 75
# predict; ExrateGBP
# lag_parameter; 4
# horizon; 1
# name_prefix; aus_macrodata
# method; Hits_granger__graph(n_components=10)
# prediction_type; rolling
"V1"
11.7571137142536
-32.094513375727
20.9776643757627
-4.67416215510179
-29.4883984178876
7.73163166740424
-10.728873092128
-115.416019588387
-31.5319059569741
-43.2755008358111
-28.4812349502403
-1.67530182977108
-1.2128364935823
-1.68770770743985
30.890656040363
-6.70156747129734
4.44767813641195
-54.6437212076962
-9.96970562677145
-0.135118702171133
8.85734934778296
-1.28655969313701
-5.63809909383719
-4.598571857709
8.85550304675681
-3.55382936845595
7.34315252147726
-8.97806304627235
4.3454788920351
35.3049672310938
11.4245013413459
6.30192363599578
8.9478887942331
18.0294299663503
-8.25651364087934
0.00851952154838997
-0.651203584637067
8.3575307481721
7.05327357245634
17.093990623805
-12.9392877840086
-16.2925920213256
-6.71791115925012
-8.64311464045129
16.5522895637136
11.8398021415692
9.1277493672284
30.5785522875002
28.6000952883038
-6.57242578859686
-7.38522038918614
-7.96890895700787
-41.0460215939903
6.66132104731481
56.4655049661022
27.458883862009
25.3910296416762
-3.32430494408914
0.516592584166361
22.8808862652672
2.16404103049759
16.4883473128688
-21.0839888266857
3.27359255612307
22.4134538331441
-6.32764634930112
-6.85938105460347
0.150021842038445
24.124963189765
-23.8300101480103
-2.22974258557493
-47.9575115305062
-6.18057166437372
0.624394054601803
-6.05205827269077
