# predict_model; Vecm
# max_attributes; 15
# description; Austrailan macroeconomic dataset
# number_predictions; 75
# predict; DomSales
# lag_parameter; 4
# horizon; 1
# name_prefix; aus_macrodata
# method; dm_FactorAnalysis(copy=True, iterated_power=3, max_iter=1000, n_components=7, noise_variance_init=None, random_state=0, svd_method='randomized', tol=0.01)
# prediction_type; rolling
"V1"
4.51024977511765
4.29078827732431
-3.89148401789054
-1.46324933768633
7.53499960243012
12.4984372949042
-4.54097370623006
16.8971114421532
9.67413748140919
8.20867481674786
1.19248974126561
9.38324869668282
8.74784448410313
3.56585454511227
10.4524529974739
4.8322429571521
2.93273830602865
8.47025026013689
13.448904445635
-8.63014616600517
2.79767812510943
1.64991779539798
-0.479068258470583
1.06886377743561
4.61918586059347
11.6472457159007
12.6437428865471
3.52144553977966
4.32216565742022
13.1897623799301
5.18055033630029
9.00298017378873
15.6148308211764
3.7405415007273
-1.87562729868241
5.90820577418889
8.92059065948979
12.6691418936773
6.08696602223335
11.5834247374646
8.53708432353642
6.37765376280593
7.29187564880259
9.94768523375575
13.6201091922815
4.5184088685263
8.38959013452401
12.5646174211874
10.4223980825282
2.76776390582069
4.52444937652118
15.2764677158933
-4.0466364472263
-2.5894059563231
-7.69859085914968
10.9360799851939
4.31097387531078
5.04760713397393
-7.6835915446871
8.36823171497374
3.08288687289581
11.3120574813824
11.7212409330097
6.68073669094156
4.31738034690764
11.9798656521189
6.52136840387871
4.10751874611123
-1.28788768631571
10.0065407721015
4.86049549646993
1.96760636965238
1.92278608307666
0.0981912537268598
-2.68654860197939
