# predict_model; Vecm
# max_attributes; 15
# description; Austrailan macroeconomic dataset
# number_predictions; 75
# predict; Cap-MacEqu
# lag_parameter; 4
# horizon; 1
# name_prefix; aus_macrodata
# method; dm_PCA(copy=True, iterated_power='auto', n_components=14, random_state=None, svd_solver='auto', tol=0.0, whiten=False)
# prediction_type; rolling
"V1"
-35.4875046056098
55.5791847990526
-16.7395660316178
127.418171816324
10.3190616134117
0.326008163875988
-40.5088390766245
-27.8289257610407
-139.556323425739
108.583672019371
-23.0277737709977
2.5348048309521
-4.64378744824369
14.1033406786819
35.7483548197903
20.5549058331512
1.86301768873523
-85.9087787048581
60.6139550121754
8.395174873304
37.5808592292048
98.7376266608311
-39.059794030896
-17.5979969770493
4.32881606445099
45.2574682465977
19.1556608369027
19.4750165312042
-33.8329020074989
-12.8861213407061
5.84928901854516
31.1134041957693
-12.950297735505
35.7536279406797
-1.87742404940388
39.3752285060966
26.3657627786159
-1.01845456131439
-8.85697344866202
39.5330307160107
17.7999210293354
3.4966983648743
-9.80315710998102
-15.6574475884815
21.6503334618557
6.77464848504136
43.4661662295476
11.4690935211466
-3.13029034274457
20.9595561589829
38.7864783465284
23.119821821934
-73.8471937278048
-40.8575470766512
21.0203990347373
4.48295911587246
15.6563042101137
-23.4181638835665
-48.991984704985
-21.1041801812069
21.47385717333
5.26164393980121
38.6222878557423
35.1608054755214
-9.79284864012589
23.4057657054735
-34.5322365390337
0.0103663240198761
-9.04512645804904
-14.4263434960446
10.6259645695422
-35.2278594038362
-56.7305142687275
19.9851370828335
12.9828555309493
