# predict_model; Vecm
# max_attributes; 15
# description; Austrailan macroeconomic dataset
# number_predictions; 75
# predict; RGDP
# lag_parameter; 4
# horizon; 1
# name_prefix; aus_macrodata
# method; Hits_te_(n_components=13)
# prediction_type; rolling
"V1"
5.51576714478373
1.2618019535417
4.05769013625228
4.54122175246945
1.6201251527776
8.4083670159171
-1.6825693756462
1.49812832393211
2.94437401717768
7.09575836100198
7.06548100606486
6.46886125444454
5.37189122716378
3.2207318225762
3.27239279680148
5.38544609860219
-0.852570540867984
4.39446567026529
1.6913960281899
7.5533666105008
6.95697817076916
6.46715904722301
0.129788191984262
2.7806424196036
3.95700412867411
2.80212169664318
1.45841504367011
3.77226186638327
0.537919403318364
3.72605753590168
1.69785858543286
8.48882081286642
1.84044304541571
5.80792425466801
2.29346215408184
1.40542764728422
4.84830246584555
-1.32959056054177
3.33207744807986
2.49107055818802
3.76965549582241
1.00657651427068
6.75575656632681
-2.07632374733744
7.87009672028767
6.49144095581284
3.59010628357362
-0.0363388262936422
0.386943063369293
-1.34879617457787
1.45831918568541
1.79398519426754
4.49218432261914
-0.433814492701517
3.23617351806541
-3.48439647684201
7.66580807055765
4.15835322214047
-0.164699631109488
6.56730867734875
-0.429030144384977
0.65139186525433
-3.59386815966571
4.87619640273786
5.38713228401665
3.22938395331565
-0.622536163838766
4.51465830175555
-0.354157888298862
1.47879531072765
3.12277835181642
3.83191414117727
1.37796768254468
4.64059094635749
1.97218457344305
