# predict_model; Vecm
# name_prefix; aus_macrodata
# description; Austrailan macroeconomic dataset
# lag_parameter;4
# number_predictions;75
# horizon;1
# max_attributes;15
# predict;HStartsQLD
# prediction_type;rolling
# method; Part-GFS_te(n_components=7)
"V1"
35.353614443604
-38.1858458244991
98.1111523003621
-34.3997559061319
27.8648890712791
4.01043083420275
-4.34827265892144
-29.9834025099108
-8.85434917581676
15.931009282104
6.64192594267476
-45.4956980012086
12.8862972872241
14.8630745725861
15.0346956689497
20.8429345119233
8.97933488099349
-31.1197504734853
-24.1728041384493
33.1932231095838
3.43388200875012
34.60684692151
53.2204199314371
40.1150281418746
19.7211656334738
-1.06893154674934
5.9013531303856
-15.3402066539277
33.0810985557917
48.3192901551429
20.1958892785454
18.0186208328097
-62.2087402255849
-17.0130986190945
-2.04587235943911
-9.76383891573002
39.0127485666795
6.89569688144067
11.4393714796908
15.0423478280233
6.64017059376022
7.88675439598608
28.9541199251641
-5.81838096199898
2.70029688313616
35.8800102451827
-3.96089150117332
-27.2141843485673
-23.6684842090841
-87.1554842586327
-23.1274407750893
15.4543949778722
34.5678912647545
-1.03120503809182
1.42822743466331
-42.133421082301
-47.0767835986878
3.80053828372918
-21.2534740285903
-26.0861160464817
-15.2917353322409
-62.0332697377678
20.046166259776
38.678890425041
11.2935827300737
2.71376541614947
-2.88896152084862
-1.80866164419374
11.8976947887792
13.4318633124848
19.064480777691
2.76437981358518
17.2544791736467
15.1318555688834
-6.10332143294699
