# predict_model; Vecm
# max_attributes; 9
# description; Austrailan macroeconomic dataset
# number_predictions; 75
# predict; HStartsVIC
# lag_parameter; 4
# horizon; 1
# name_prefix; aus_macrodata
# method; dm_PCA(copy=True, iterated_power='auto', n_components=7, random_state=None, svd_solver='auto', tol=0.0, whiten=False)
# prediction_type; rolling
"V1"
22.0821453349591
4.53899972909987
11.0370020883316
73.2345574225298
-24.2863599488233
-28.7106526859572
49.1206013440322
-41.0227358948051
-24.4965096387324
35.4051481350847
-11.4138993085914
26.1627852134655
2.74814234422957
37.3931459154309
-11.1244856738708
-19.9171495700856
-31.2238154859998
-60.0157247735575
-32.2551058059283
8.91824067047491
34.235126396318
34.9896765749746
14.9768672861992
25.8472016441024
-8.82027614740258
1.34851141814184
-2.2057025888359
-2.8533551020001
0.254345783297982
-32.8325931382125
20.6666016559072
6.99172763217819
-47.1993487655149
10.6894558686286
4.39880077012004
26.6948057233955
27.9044721728615
-1.59596461763357
19.6047490526284
12.1494057313325
22.927856145365
2.89360671997171
18.6568722619899
8.1782729190953
-7.78246799796972
7.74329527663628
-20.9872712463318
2.19750979990289
-3.34202381786912
-13.6636970668946
-43.8484460595747
27.5546172341287
34.1657372984891
-33.6204609516691
-9.18323194592568
-2.31200569398992
-42.642261622136
2.55851698734101
7.90937281849338
1.51547471283357
-2.6354643379601
5.16487516063913
33.0526150358019
0.375218691317576
-8.97228083853106
2.1957223778524
12.5430250168987
-4.27495738645322
6.94321268996524
35.9568541901209
3.38909886946596
-6.92611025143726
9.82294822662658
-10.8721525146077
3.92261616983543
