# predict_model; Vecm
# name_prefix; aus_macrodata
# description; Austrailan macroeconomic dataset
# lag_parameter;4
# number_predictions;75
# horizon;1
# max_attributes;15
# predict;IP-FBT
# prediction_type;rolling
# method; Part-GFS_te(n_components=4)
"V1"
-4.4545348458869
4.22921852296835
4.77825348258672
5.87248215201889
16.1817798308479
-3.47078028314422
7.86527885000033
-20.790150187832
-29.0435251758163
24.8071077959748
11.8362877146246
5.95527333076197
11.5864188380336
4.19905134497298
16.0370338130441
39.5371202840469
-0.306020762403205
35.5469737083347
-4.05071167339808
-0.844167202423653
-0.0960969674627767
16.8436531387908
-3.19332264833854
21.5020149476697
-18.914309012446
28.4414081208421
6.32721691527099
-21.3616010056868
20.3994907416712
22.8919994833335
-30.5285956271055
-26.7662260607046
-8.79339969371479
12.539918251098
-20.9869609804965
-3.16464979648831
1.4598159881757
12.0790396040878
-26.1472432922641
13.3305482925654
-4.99885728864411
-23.2872995849073
-20.5508241780143
7.44715848054208
9.99022951614461
-4.15341351297857
0.186078941117804
4.06683997358582
-4.51422623731832
-6.26317255941555
2.88951438810171
-24.6684596470709
-4.67847052077359
17.3018525727384
4.14351142078473
-3.98950224904629
-30.8671682032462
-7.47476850829045
12.3373679267604
9.74319327842155
25.4563769604192
8.02194941487645
-21.4848469606864
-14.6698688003359
12.2062870321754
23.4164409458361
-11.8181766933172
-6.68798618427755
-2.98327749307899
3.26101082800412
12.6010674273484
11.9449228697236
-16.3643151658647
-20.6639877053788
6.85552143976883
