# predict_model; Vecm
# max_attributes; 9
# description; Austrailan macroeconomic dataset
# number_predictions; 75
# predict; Cons-RenDwe
# lag_parameter; 4
# horizon; 1
# name_prefix; aus_macrodata
# method; dm_PCA(copy=True, iterated_power='auto', n_components=2, random_state=None, svd_solver='auto', tol=0.0, whiten=False)
# prediction_type; rolling
"V1"
3.80771613949068
2.57222087375014
2.65752494662859
2.62554300984291
2.39630739047087
3.27881376477186
3.09569580946672
3.51992241491385
4.20570302022233
3.67218262027412
2.93937830081208
3.48422385514973
3.55598247312868
4.06673971561723
4.20521584952602
3.14094216887905
4.06386867965941
2.45323098180636
1.97206144829612
2.48910962665548
2.32149555066993
3.10129727676314
2.95437920416864
2.79007373127612
3.41101303907024
3.46859920422025
3.26603354247654
3.05486713808842
3.82219491004014
3.87405260764553
3.57650779567956
3.30637701187817
3.5961461288469
2.96014189064378
3.51356366252041
3.78180566116093
3.58148024305588
2.89103084682657
2.73130740844585
2.95757404829812
2.93607109171138
2.915852217709
2.73776756457102
2.70574910392332
2.94744090559728
2.90770876357365
2.53163746201678
2.43794578589687
2.40336347567075
2.2021069035789
2.22410828335782
2.80278834626032
2.89314508548403
3.15701693158768
2.74283376306477
2.82546147310622
2.83845069007864
2.96514874190468
2.93273559884892
2.66285069713456
2.45910766942323
2.2770852346076
2.26060085803344
2.19978536035375
2.23424466393676
2.31684163245386
2.23007472739594
2.34274200880519
2.26410151110708
2.2778091180014
2.17745260046754
2.22440223968551
2.25835384176776
2.22317683471727
2.18353948778517
