# predict_model; Vecm
# max_attributes; 15
# description; Austrailan macroeconomic dataset
# number_predictions; 75
# predict; 10yrT-bond
# lag_parameter; 4
# horizon; 1
# name_prefix; aus_macrodata
# method; Hits_te_(n_components=13)
# prediction_type; rolling
"V1"
-0.941543621971111
-1.0487714829557
0.637801177988055
-0.100833776355122
-0.705982787158177
0.186592368845222
0.454784711596814
-0.39256022458653
0.11465653667464
-0.520013351030191
-0.639808884041667
0.130382279784658
0.026159307685597
-0.142114632211479
0.707900953132999
0.780428894670975
0.245946058060707
-1.51102255525447
0.462979317843356
-1.21310188237292
-0.224646622858876
0.310911952472358
-0.450692265980863
-0.838890148718764
0.926792372189078
-0.516760864217539
0.0474305073404211
-0.266031814105069
-0.274457798875414
-0.158935358383205
-0.63307765465966
0.712233271641293
-0.396660072569724
0.46837877650855
-0.592352745539753
-0.156929049703938
0.208380480605791
-0.0159023650639527
0.109596776131926
0.0165429824745416
0.177963513002315
0.258422003866709
-0.135214639534794
0.668703903121383
0.0123019766951235
0.403241732251397
-0.226244620088033
0.454715555246525
-0.421297138945247
-0.0379435182345256
0.505827089522055
-0.898331814160121
-0.437655496060444
0.223068011224926
0.391568036612159
0.660028950774592
0.369080631549701
0.148107948551788
-0.630111885842348
-0.420777125464847
0.313145557360444
0.0310258765535687
-1.11869328746295
0.0280238280024402
-0.287513863102158
-0.376998279698092
-0.69809649328946
-0.244234687688657
0.0805599742356093
0.386989889078741
0.0498872493000642
0.388293576992046
-0.750515484092386
-0.457531893098227
-0.0858409007677855
