# predict_model; Vecm
# max_attributes; 15
# description; Austrailan macroeconomic dataset
# number_predictions; 75
# predict; InvLevel
# lag_parameter; 4
# horizon; 1
# name_prefix; aus_macrodata
# method; dm_KernelPCA_fit_inverse_transform_True_kernel_rbf(alpha=1.0, coef0=1, copy_X=True, degree=3, eigen_solver='auto', fit_inverse_transform=True, gamma=None, kernel='rbf', kernel_params=None, max_iter=None, n_components=14, n_jobs=1, random_state=None, remove_zero_eig=False, tol=0)
# prediction_type; rolling
"V1"
18.1511323934696
0.506182615102726
4.2068017512498
9.42915269729954
2.4862349933781
6.07361057342866
2.9142685710428
-1.55403154891349
-1.7425038173464
7.19588323575681
-1.55190817669571
7.79648319107314
2.44163713825716
7.6441659618053
15.1973451964273
9.70524563541466
-0.835651042537126
8.36414338835053
9.44346339973755
10.5710430955733
0.54723962887129
7.13772896579717
17.7833576091333
-10.6769058458928
-8.96429610805805
-0.216892219494494
0.849966058392541
-3.48309023069699
2.38172836175189
-5.74497705120733
1.82670385949989
3.11321125985392
1.56444794586849
4.63014381988852
11.5403624433531
7.7154058392662
11.3246539925767
11.7482429781313
2.43640660576424
9.48006930430758
-4.3229112321523
4.62163397756932
3.06456582363453
-10.4783295576841
-0.355076956226769
9.89702460999421
14.503927439406
1.57449720441057
1.87116377833997
17.7180121162816
17.6737319056162
16.0167198334219
-10.0474092589811
-12.8064558495302
-1.90647800422054
-9.80059216411196
7.56053233307503
0.322639350874604
16.0527147650228
-2.01563752833348
13.2361890353498
11.161927739121
1.08340183660647
6.49306990222887
15.4367170017547
1.23999911200774
-7.69186079123761
0.938393920830178
-7.12779485782416
1.32716186105249
4.96121790997246
-3.60575693293685
-4.92079147298014
-4.59456465749789
-1.86199466483217
