# predict_model; Vecm
# name_prefix; aus_macrodata
# description; Austrailan macroeconomic dataset
# lag_parameter;4
# number_predictions;75
# horizon;1
# max_attributes;15
# predict;IP-WPP
# prediction_type;rolling
# method; Part-GFS_te(n_components=6)
"V1"
-9.84510709386573
4.46185679537725
21.5759345665582
-8.55689048490116
-17.2304739457262
18.7722418452366
-18.8470548841968
-4.11103507609865
-7.3582827104207
1.51757315245239
40.1968026074461
8.42837650736782
14.9597357079909
31.2059953959876
-21.5928941172387
0.190147880867528
34.5032812994988
2.66920795628784
2.47105884258557
9.79334279626174
-3.67126335977718
13.7326566044158
22.4161690056857
16.1625066913533
-30.6812429704521
-7.47226598869577
-36.1236721112365
0.787675031918461
10.8734677718465
23.9727081851959
-26.3402791917362
-3.01723482895058
-7.73057225440466
7.8018241723373
33.0070180555232
8.18177937519963
11.6714293780207
-10.9981461634718
8.0255370341516
-1.85731466560327
10.5961627725449
-12.5287433532639
-1.75479054023659
-12.2304780444566
-14.282889545829
-13.5794555129849
19.3068236581401
-10.1296294964876
7.12144831400627
-3.99218701506622
2.35552009912449
24.1365145113407
53.763844547713
-21.6213180575521
-16.5058010700738
16.1267765274721
20.9072293015761
-16.0533089664063
-7.93283563816555
25.6194978199947
-9.12426448396031
-5.89331158791745
-21.7420971836373
-13.248544267066
12.2346075917518
-33.1186195401006
-11.2231306723068
6.2328957984207
19.9831744217588
12.8323352719468
-13.8860629205992
-13.9358672990891
-4.29638447250613
19.9535610900852
12.12964668882
