# predict_model; Vecm
# max_attributes; 15
# description; Austrailan macroeconomic dataset
# number_predictions; 75
# predict; EXrateIDR
# lag_parameter; 4
# horizon; 1
# name_prefix; aus_macrodata
# method; dm_PCA(copy=True, iterated_power='auto', n_components=8, random_state=None, svd_solver='auto', tol=0.0, whiten=False)
# prediction_type; rolling
"V1"
11.4913435783494
17.9690774342785
-8.55722969092705
20.3642538886387
-15.3730328442483
18.2375706636836
30.7752537868258
133.145232159333
590.822850763686
381.492985255145
44.7347494917063
-109.117810539152
-60.5119100132887
7.11383434462283
-55.4167747933598
52.5535615602927
-64.3117722261126
-9.29289566224151
-106.422061450458
68.8508521134992
94.53940077435
46.436680732116
-129.89608259626
45.0829350113079
33.1116564900363
-22.6415888150323
-0.896496043789959
35.4659529380564
-57.3858917526209
-9.68603481760494
82.8785581419805
47.5323046881894
-15.4562606187708
-7.82564887656819
39.8147259865525
37.2868563043799
-40.4632001170514
57.0409140849689
-29.136930825115
31.6070120551811
-48.5696793206951
-21.045400445512
1.17349287787755
-8.49313771217271
33.181565680382
10.6574164894725
-8.48057553442414
54.3979596344928
-6.27541679771331
2.55416356395322
18.5984897315497
-86.1186688073254
5.48566058283877
32.6697903810058
7.29577963951724
8.25549577971811
-24.7498839873073
-24.5497894682214
-14.0591955419152
15.4141991421816
10.3608884239631
21.806480509961
4.65111051320857
-7.59188081473222
16.2572983364502
-2.38443834172893
17.3890085076453
-8.12111273662889
4.10071138702195
-1.74249448754526
9.04624232035049
23.8031245366796
-13.0021635650939
17.3623658552653
1.81694671068805
