# predict_model; Vecm
# max_attributes; 15
# description; Austrailan macroeconomic dataset
# number_predictions; 75
# predict; Cons-Edu
# lag_parameter; 4
# horizon; 1
# name_prefix; aus_macrodata
# method; dm_FactorAnalysis(copy=True, iterated_power=3, max_iter=1000, n_components=3, noise_variance_init=None, random_state=0, svd_method='randomized', tol=0.01)
# prediction_type; rolling
"V1"
3.21713105761907
-14.7473026405056
-1.60908004789106
7.02073319344664
8.7247015175245
-7.98098424608324
-10.2463768621719
-13.5094547588554
2.50637788426901
3.00526069550342
-0.946250662759046
-8.28338998808402
5.34212222604851
-7.44663595176318
1.28594954594655
12.4796174623696
8.40912822089179
19.3223627186005
-3.40994439442585
2.76946991879038
25.1974993457064
-28.3680941754731
21.6211669207111
-7.63749555185328
7.7889467756669
16.4032815664552
-1.48989812340825
4.0299403962697
1.27549553051656
7.92583229793299
-2.13563486292181
7.29301485137197
-9.19926678071022
-4.7446883786056
19.9319356199262
-5.07617448132501
0.676578709717864
-2.79311220049447
-7.60228790097769
5.91231313385406
-0.287082106158811
6.18864201448558
3.0320944947983
0.632190488931272
8.50485005532336
2.54241427468468
1.86503852830308
3.79294127010568
-7.86698139133846
14.6090964324616
9.34826777838053
1.35426152306222
19.9772014105892
1.96146697344565
24.2912010046168
24.196588644635
-5.62140114948054
-2.50941093640874
4.19148326891366
9.96017693183376
9.00961671049201
-1.92393609209473
-1.05761348279254
5.82488156314959
1.8128381889746
3.17262762118226
0.451187898259661
2.31878072446798
5.54709847017571
-0.380157001135373
6.60795850436527
4.21546763153965
4.05023002884339
4.19055255995157
2.88794319546398
