# predict_model; Vecm
# max_attributes; 9
# description; Austrailan macroeconomic dataset
# number_predictions; 75
# predict; Imports
# lag_parameter; 4
# horizon; 1
# name_prefix; aus_macrodata
# method; dm_FactorAnalysis(copy=True, iterated_power=3, max_iter=1000, n_components=8, noise_variance_init=None, random_state=0, svd_method='randomized', tol=0.01)
# prediction_type; rolling
"V1"
8.81646488351867
16.3876322636718
-10.5444808471501
8.06745332619009
18.6474641678834
8.73979020278074
13.5186503509998
6.18085813960777
-1.19970701728338
3.34155489965036
-9.71510680259797
6.36622364731178
14.9929263726142
7.7875377765508
1.50979689833507
16.3150990082017
-2.65841283113766
19.2234795770157
13.2975661020439
7.27412305176853
-6.93295149976461
1.27477737949606
-5.38114825826837
0.843889547981651
27.1061161556048
13.8964842200173
-1.60273937697903
17.8358704750469
8.64983512283113
10.1251869526715
20.4458871980842
9.2190198136409
18.7543071364825
14.4440730133483
12.2676068135212
17.1402985286609
6.50943203787892
14.1462348946381
-0.999266250265154
4.49921792627
9.32156017092452
20.1365685734428
9.1118936734144
3.22506546813554
18.4349618389704
17.5825981048845
4.8013815011403
15.3122333541976
19.1683580373546
18.4100136235012
2.96812090523174
-9.39446554527707
-14.9434448145441
-21.1949739505768
1.95388542346798
24.9465037518433
22.1379631805095
8.36176410790585
4.70056385263304
15.7863091030516
8.55094808903545
7.24417562349401
11.2852451657358
11.0709884669623
8.52462639708989
3.80202002193037
9.7296031099199
-0.45697062229708
-9.39497520963924
1.46514204161454
-3.8464533405016
4.23462316836591
-10.6262582284929
11.0290610022728
-5.4735157018057
