# predict_model; Vecm
# name_prefix; aus_macrodata
# description; Austrailan macroeconomic dataset
# lag_parameter;4
# number_predictions;75
# horizon;1
# max_attributes;15
# predict;ExrateJPY
# prediction_type;rolling
# method; Part-GFS_granger_graph(n_components=5)
"V1"
21.4229638946522
3.82960108064703
9.99650316817647
68.7265693539399
41.1197227156685
-34.7690347424587
52.0233372978798
-33.62996098845
-65.8642422409894
40.8231265174593
-21.6176612713429
-40.2015084493566
26.5915149574382
7.19392036663008
-15.5192954730545
-59.5701226496305
1.71284223791986
-32.5887959794741
-5.19954309660362
1.10321992799364
-5.80989625530307
-28.4035581137194
-6.60306888395687
13.1160062380946
0.883473125436177
15.7576570418027
-19.1787760077739
14.0180766994792
-5.95911406093793
80.5546672287593
8.59950279224183
-38.3354183615211
10.5501361123476
-10.0622956763414
20.5031318105277
30.1593736444057
38.8578592456923
-12.9000568681212
-0.678287311420957
7.41310003971642
7.41797788321157
23.4960668966957
4.23551305555378
5.76749667129573
8.31996071923285
27.8593310899441
21.9840168240138
27.6712252821485
6.83820105393409
-31.1507542976203
-17.4021020306947
-11.4330118788071
46.2321326173647
-75.357863477487
-103.423071233003
-7.98552709582029
-29.9169826292281
-14.6863290620915
-3.57220071757202
48.8403660592586
30.5637870945562
-12.5311620832258
-11.0295325645104
30.2252080916937
12.4437410093767
4.3206670110306
3.24484031138818
-5.796436470612
30.886113941579
2.43725105283536
62.4625551550847
-16.9580608697259
52.2381965294472
-73.8846988769192
-1.31723476691786
