# predict_model; Vecm
# max_attributes; 15
# description; Austrailan macroeconomic dataset
# number_predictions; 75
# predict; Credit-Total
# lag_parameter; 4
# horizon; 1
# name_prefix; aus_macrodata
# method; Hits_te_(n_components=12)
# prediction_type; rolling
"V1"
3.73017626983193
-0.822563451826028
-6.30142414691255
-0.300325550627209
-2.12583193119919
4.52221492689116
1.06217617641361
3.61922922618892
-0.00266921171871376
-3.11002985603565
4.2739837638871
-5.84815609001033
2.4478246113077
-0.496375187120005
-2.78429793553397
1.36469516920405
-0.562305251007586
-1.9756784779718
-2.05806998794442
-1.04487650743565
0.567317367781072
1.94201611817346
-1.03260515986664
0.0541660971515388
-0.663088625658513
6.71856018597379
4.25089396648504
-4.47554885689351
-2.70603921355351
2.16069041870875
-0.605232293532955
0.29597001822491
4.22432213439962
-3.76637378918877
-0.129067948835844
0.833111903255539
1.85582427449885
0.879038096470214
-1.53722171416166
-0.193745897946824
1.83280952431367
2.22873983946467
-4.48349418898629
-2.4681434113674
2.94980699899242
3.22636002528686
-0.102785853396416
0.133099775977904
3.35702685760214
-5.85671894873859
0.485936380229805
-1.33558706542122
0.58736946321775
-14.2394813592697
1.39543210584953
-0.962585933016226
-1.17085149477663
1.99968220359236
0.655284311772202
0.847537608400557
-1.17672927663828
-1.29918513787494
2.71165489890126
2.04225092765543
3.04242864882895
-10.2001543759079
7.79175171630858
0.0560514110264453
-0.136511496845521
0.503712295396322
-0.824923831890738
4.59165598729791
-7.06049744778931
3.83059782961515
1.27861659844752
