# predict_model; Vecm
# max_attributes; 9
# description; Austrailan macroeconomic dataset
# number_predictions; 75
# predict; HCE-AVCE
# lag_parameter; 4
# horizon; 1
# name_prefix; aus_macrodata
# method; dm_KernelPCA_fit_inverse_transform_True_kernel_rbf(alpha=1.0, coef0=1, copy_X=True, degree=3, eigen_solver='auto', fit_inverse_transform=True, gamma=None, kernel='rbf', kernel_params=None, max_iter=None, n_components=7, n_jobs=1, random_state=None, remove_zero_eig=False, tol=0)
# prediction_type; rolling
"V1"
-7.92968100131804
1.27463754437014
0.865370760411183
10.2111939658426
-4.61442683133348
-1.57401732917517
-3.52452259474139
7.34576624901195
-1.75399447999315
2.3341585195828
-2.00989351126464
-11.7110667393301
2.63494741173987
-1.06003704127666
-9.01871652084806
-7.12520680290161
11.2734360040521
11.2728661049836
-2.83460596769261
12.1166085481964
-6.0858304123984
23.6084067831898
-24.1086179706249
-8.74833258980579
14.4000785359752
2.41777651325348
-5.30555092118721
-11.6161788701625
-6.52581521510408
2.1153715609273
-2.32592229070888
9.18316351962222
0.250735428505666
2.73875691282928
6.17603691441147
-7.02606101977234
-5.95484009471434
-8.14026881474189
-10.4316662802433
9.21207439386569
-4.14274767522578
-5.54314071035072
-11.5843437726647
4.37979455083588
11.7638139790941
-11.8101210463305
4.19725835342927
0.616803993048243
-20.8285781498223
-38.5645163033611
7.43399935290294
28.2935141457591
5.88692094720381
-5.51413791593118
-6.36777549062276
0.932346549247993
-9.32491964063926
-1.73218755910918
21.2794135466227
4.80106777846514
4.81960525337265
7.91253905248507
3.29590287513907
-3.6939979347286
22.3227898023029
5.27752717650202
-22.9270718370273
21.9801874747534
0.149636635969957
0.41187009689686
-3.7746937776558
0.945947016292811
1.77362426150745
-10.0801274322895
-5.56001111746058
