# predict_model; Vecm
# max_attributes; 15
# description; Austrailan macroeconomic dataset
# number_predictions; 75
# predict; CPI-ALL
# lag_parameter; 4
# horizon; 1
# name_prefix; aus_macrodata
# method; dm_KernelPCA_fit_inverse_transform_True_kernel_rbf(alpha=1.0, coef0=1, copy_X=True, degree=3, eigen_solver='auto', fit_inverse_transform=True, gamma=None, kernel='rbf', kernel_params=None, max_iter=None, n_components=9, n_jobs=1, random_state=None, remove_zero_eig=False, tol=0)
# prediction_type; rolling
"V1"
1.06971862222505
-6.25046448994702
-2.9305610533064
-3.9783408732055
0.520924461754171
0.00574617474221223
3.05088857332697
0.159311618308055
0.0156879223092946
0.882207657564183
3.48723408763805
0.236189421704277
-3.81571876920237
-3.78434553393306
-0.00203255360290382
2.50920305228697
2.15653067221094
2.05992945039941
-0.229746201552835
12.9530685780364
-10.4799545871016
-4.42747176504888
5.97494516530183
-10.634595250385
0.0535958119882537
-0.352056967780576
-5.35060582909899
-0.16057007850221
2.67442552866538
0.709139414318435
-7.69577615115351
7.37424327604951
-5.30322221077148
1.70401114696271
-3.66191805237269
2.84971385486288
4.21114314114671
-1.31880064140237
-1.54773602704651
-3.85817678510844
3.66302189810057
-3.14092104395197
4.45634376983684
-2.40671577255068
-4.00924733196315
4.49979904851912
6.90547488156862
-1.42058513610981
4.59288925465732
-3.35790597942228
-8.8460170705047
3.95039951445909
-2.20390629242781
-0.223888025127677
5.17913325243303
-3.03925318068495
1.05021972779123
-1.62911485125906
-3.44570955826089
5.84251486236587
1.207203197653
0.268756525615487
0.293426869795545
1.23069710135928
-2.83246480454238
-0.985544070294942
-2.94887501567941
14.748382498274
1.94093147112491
-3.01023282724999
-4.23502691738054
-0.473858109235642
9.55549648700033
-0.719217255814009
-3.46971593715601
