# predict_model; Vecm
# max_attributes; 15
# description; Austrailan macroeconomic dataset
# number_predictions; 75
# predict; Cons-CigTob
# lag_parameter; 4
# horizon; 1
# name_prefix; aus_macrodata
# method; dm_KernelPCA_fit_inverse_transform_True_kernel_rbf(alpha=1.0, coef0=1, copy_X=True, degree=3, eigen_solver='auto', fit_inverse_transform=True, gamma=None, kernel='rbf', kernel_params=None, max_iter=None, n_components=10, n_jobs=1, random_state=None, remove_zero_eig=False, tol=0)
# prediction_type; rolling
"V1"
-4.15187726343022
-1.3418502469731
2.92186624054385
2.86292025026682
6.88289470129796
10.2815105776729
4.16793698970805
-17.3766507857541
1.95558611141431
2.35485110920298
1.84686901683517
8.02179381360969
3.34798627511097
5.71411474881982
-0.758139213320735
-3.22228394022317
1.98878222023474
7.17707673699818
0.322166427957087
-58.833777808128
35.1268577256201
-0.184004800656536
-4.23033770012271
-9.43126320679198
0.265388704906412
9.4907813644976
1.05199003236882
3.65488498740797
-2.52016635463188
2.86905905213284
5.16250714183767
5.43954484840726
2.91399984470572
2.62851895237382
-9.95805001923085
4.1578045934203
-4.45465127608395
-8.13726574655169
11.4152446594828
3.28736328212631
2.92147684957644
-35.5760389878417
7.54191499189089
-9.47699694208887
14.2938187132779
2.01465053345483
4.12600603519026
-22.9086321290878
8.02747135562368
2.99945316179966
5.83514001919001
7.05801264021433
0.516525491870197
-11.3405953305053
1.70433702901745
4.42482764527279
5.25726764832466
-13.7286907350025
5.96169271329494
-23.4610749852313
-0.447284735533793
0.0927915737742791
-10.4295446965262
-7.46051929458747
8.4425885045399
-1.92672010542444
-10.6474389399078
-8.36861866441273
-3.8279658301427
9.86402803467935
1.09950655315027
6.63827559084518
-23.2407520490827
-15.5455669712563
-10.3952645617946
