# predict_model; Vecm
# name_prefix; aus_macrodata
# description; Austrailan macroeconomic dataset
# lag_parameter;4
# number_predictions;75
# horizon;1
# max_attributes;15
# predict;Urate-LFT
# prediction_type;rolling
# method; FCBF(n_components=13)
"V1"
0.00862680699610318
-0.0540698188350512
-0.134405397529247
-0.00539823132055424
-0.187764364692117
-0.131430458012369
0.298164231289796
-0.0630435228074037
-0.350244969723562
0.142540168574192
0.111756979333436
0.525425380384394
-0.448565980537687
-0.236795956443914
-0.0492462876361717
-0.0991317195488192
0.00852672865699336
0.0486957300072789
-0.0708003512838358
-0.291438178727518
0.154859434943028
-0.0358638222947867
0.165939725143505
0.109249489151375
0.223841272577039
-0.0132012482583536
0.0894596357281541
-0.144038020063228
0.0783285934596833
-0.0987834023713334
0.111838439459061
0.0270793458015659
-0.28056882720278
0.427072540782567
-0.156233205720119
0.289082293210605
-0.107602367073718
-0.238018752809944
0.157551288320107
-0.0733763039082086
-0.311407946822456
0.297225061411062
-0.14638080022955
0.123264262956397
-0.049016064884221
0.616724666301554
-0.157122995508256
-0.302832846109159
0.436319904852864
-0.556350806327945
0.182348292042225
0.193299390629101
-0.739622167083394
0.334472862633412
-0.096181439682841
-0.0610926571345428
0.102150346432875
-0.183013632168178
0.159301888706124
-0.10789382608599
0.0211999184693518
0.182620034286531
-0.0569518129009882
0.120402278867677
-0.0420541028403686
0.124694383830085
-0.0316977718514022
-0.019067679005742
-0.0392932231581304
-0.16210544181946
0.268149240460601
-0.0395030951531613
-0.00900145944935271
-0.07916403160536
-0.0551509553756708
