# predict_model; Vecm
# name_prefix; aus_macrodata
# description; Austrailan macroeconomic dataset
# lag_parameter;4
# number_predictions;75
# horizon;1
# max_attributes;15
# predict;BM
# prediction_type;rolling
# method; Part-GFS_te(n_components=3)
"V1"
5.12365901379126
1.13972618282426
1.22042545559358
-1.96460002359973
2.5856208098746
1.9869214928628
1.82647763751204
-0.825790048855107
2.63573450380119
0.200793269507662
4.02279237608133
-0.899287971435949
1.50170586622861
-0.626275183283497
-0.409432169430162
-5.98113029653026
1.89688008584763
-1.62711331106066
2.45152133023342
-0.666130401583448
2.36641830863864
-1.92192056524585
-0.435215500488495
-3.34747079816554
2.94218869615627
0.799073352282761
-15.4533237547176
-26.2482234197291
-8.73773574402906
4.23031676724318
-2.67682208444924
-2.42715523451739
-5.68360460856641
0.569203773177044
3.86714170876105
0.75126821406969
-0.120895846799971
-0.611291950187351
-0.310044895940855
5.7327405207332
-4.0012724999782
-3.24555614336254
3.02977649739441
-1.1655772239781
3.58835116040398
-2.20886240712054
1.61231287590506
1.59977847609699
-3.10494183497232
11.0644733189557
2.17756951216279
-4.05979335336908
4.6733007682339
8.07917926960984
0.0429490187633363
5.32452673451555
-12.4958495470457
0.0367961831438968
-7.57212102140454
-2.76600646989413
-3.19690033888147
1.04108019139455
4.92938824584104
-3.17652830519017
1.24598283438974
6.26239072578146
4.06296766160885
-4.40521818951567
-1.46746203345668
2.21960273991773
-3.57030308342106
2.54839640165334
-2.10715659033553
1.88018457699013
-0.2211571569993
