# predict_model; Vecm
# name_prefix; aus_macrodata
# description; Austrailan macroeconomic dataset
# lag_parameter;4
# number_predictions;75
# horizon;1
# max_attributes;15
# predict;Gov-Nat
# prediction_type;rolling
# method; Part-GFS_granger_graph(n_components=7)
"V1"
-13.376851944914
-4.09693224439002
12.1856543686157
-0.16559262884977
7.2731540279919
13.9780815875124
-4.51643571792886
-20.6855838915609
2.47492024771022
-2.218894621846
1.93929901004249
-3.4868874552104
-10.5076132593093
29.7489789014764
-12.5268698947418
4.13098319992402
13.3146754887206
1.1299729987296
13.1509462677547
-0.773927623378566
-9.48286527795656
15.3562030589109
9.9516070588466
0.526195357320944
10.7383615638079
4.31624825956951
0.199550054966552
2.89946204418415
7.46884683505192
0.256998536610508
16.2006954183136
2.03911313354947
-1.77836597984543
-5.26753872496364
4.16003368189678
4.44164287152908
4.9451777424188
4.70029410807275
-1.37937154281752
2.65914027249446
-1.15270511762918
-1.39766318335067
4.73146793463748
12.3364615308971
8.1227151490357
4.5456953155708
-0.377035107168585
-3.18608728401604
4.25209961471817
2.41824266194972
1.25018268747337
29.2616146398313
-13.8915518402718
5.92398763678723
-5.63471008516288
5.40277033499967
5.66949927699533
7.20778178690669
4.75498380604428
7.63022859612877
7.6095433467764
0.703690617579298
3.95875804138949
2.05465976876027
0.511958102437715
2.88768615152707
-5.27604913909797
-19.918997587554
0.00291720948828245
0.428882787432497
7.85813115543138
5.00655075896571
2.32548463781969
0.42492963349671
2.42129957187186
