# predict_model; Vecm
# name_prefix; aus_macrodata
# description; Austrailan macroeconomic dataset
# lag_parameter;4
# number_predictions;75
# horizon;1
# max_attributes;15
# predict;HCE-ITA
# prediction_type;rolling
# method; Part-GFS_te(n_components=2)
"V1"
-21.585247696112
-10.6281103011208
0.76908435728071
-4.32732262454224
12.3910126765684
9.34303267821167
-7.07522197314918
5.55470742617246
10.0894774359301
1.051773034669
10.917933837765
4.54947484106345
-26.1105792659793
-0.61025393451109
3.87829884066466
9.22710057493912
-3.2601858142057
-2.60081411830133
3.31881114125376
-10.0943681429093
-1.64160293952027
-20.2019521502199
1.45029753818659
-19.27074826687
-7.57709517964393
3.4327162169592
-0.255862175375857
0.899308255756224
16.0076853592869
21.8240128504106
2.1317790353575
-29.6878444366909
-1.232265507006
-0.290750168329263
-3.78844813393136
10.0591624775936
0.343341409753478
5.82057786907052
-0.116985088448872
-3.32462275499707
-21.5898534498306
-10.462462444675
-3.79559939038847
-4.7672476406312
17.5633117435064
-4.3631641708061
6.26294529696979
7.51359000546327
-1.51008757707208
2.43637892139797
-10.3921804775193
-15.2611231722921
15.5510705036029
-18.6896858563905
-9.7987762374856
-15.4112285411811
-6.80162567569476
20.3928830770126
5.91027413154003
2.69288535224876
-0.202971054226021
2.08104696710838
-4.34957863645089
-12.4508004054966
2.82559264547971
-7.25612758455098
-1.73329740976181
0.20949611169522
1.99969697685283
-0.55630747463397
2.39325874840515
-7.55708007304191
-7.96154193892985
-0.644489290053728
27.472622475831
