# predict_model; Vecm
# max_attributes; 15
# description; Austrailan macroeconomic dataset
# number_predictions; 75
# predict; Gov-Nat
# lag_parameter; 4
# horizon; 1
# name_prefix; aus_macrodata
# method; dm_KernelPCA_fit_inverse_transform_True_kernel_rbf(alpha=1.0, coef0=1, copy_X=True, degree=3, eigen_solver='auto', fit_inverse_transform=True, gamma=None, kernel='rbf', kernel_params=None, max_iter=None, n_components=9, n_jobs=1, random_state=None, remove_zero_eig=False, tol=0)
# prediction_type; rolling
"V1"
3.61909645187925
20.0277297800814
-14.9281097188992
3.06895382423213
-8.74528917108906
12.6819039095139
24.0914755687217
0.0175271816039688
6.40800222637107
2.01014713758273
4.52772511456018
0.500700412285048
38.7886406074744
-10.669509506295
-0.229456997564899
3.61589687644916
17.7728162431651
8.27718876670419
-0.734601032903824
-3.36055105953379
-13.0547737910272
10.5393274596457
15.5186299717499
-3.34023441768826
8.06659479137583
0.373131532312514
-0.516834168375777
0.262855489205816
5.75529112007182
3.72296203745057
0.82057673000675
7.24576330897885
2.11785888708482
4.89193728367229
7.47581145452666
6.91917322766829
5.2510129437456
0.287419117237289
9.32730015466661
-6.19355482869216
-0.263890720965143
7.08167737536143
11.4706953918384
9.29778562265059
6.76146515192826
4.24629652541685
16.3581801001113
-0.874150037654026
7.08604273230616
1.06483223531504
36.6544279003801
12.8060660888278
-10.6708708001408
-2.70982898389781
0.766469042914611
12.7542523483092
-1.5671863763964
13.1437720323893
-7.36264445889063
22.2547174382767
26.7414420897184
13.9648790675626
8.00641737154
-4.22827557715421
3.32881044874671
4.38349004918479
10.1115731493505
-19.969263786319
2.68383845323874
14.7583280299791
21.2852068750121
-11.9431090356277
7.99277159972374
7.37328622833355
-3.4010079413114
