# predict_model; Vecm
# max_attributes; 15
# description; Austrailan macroeconomic dataset
# number_predictions; 75
# predict; BusInv
# lag_parameter; 4
# horizon; 1
# name_prefix; aus_macrodata
# method; dm_PCA(copy=True, iterated_power='auto', n_components=6, random_state=None, svd_solver='auto', tol=0.0, whiten=False)
# prediction_type; rolling
"V1"
11.3285667838479
25.702813319139
-10.4329052065316
36.6376227359244
-10.1154571359202
20.1508376507271
29.549916672674
-12.9551032842152
57.5330107715524
96.4272662328557
-16.6504475340161
-10.1535497152615
-11.6711190922156
10.5788592119027
23.7667891502339
8.9701244004364
15.4530110137279
-35.1212528451095
10.9604695427835
-33.8496809179468
-38.0043927767937
26.0645101003582
-25.0836838628181
6.30044853619541
6.50593523758148
15.5375163799537
28.0946683947851
-19.2103864616593
19.2743799428829
16.7615067735654
-20.9350046358716
46.7276960300934
53.7296491964586
18.074110911173
-10.6634689870288
10.6854767855915
26.0048379607643
3.43346985907477
-8.58024894050346
5.61608683811461
15.1832316141517
10.9474591374176
12.6122555087765
1.32922342101073
21.0102490353041
-16.3770963560931
37.1706844563346
5.94309702031698
15.6279669679904
40.8837328173836
9.04924614342842
21.1591040158916
-30.3725134065401
-15.0928591623961
-0.936761052892173
-8.53148265096453
10.3331366248805
-26.8230679673129
4.67478607573761
14.5110841041983
14.1715389396533
14.7295699749123
35.8935299026684
36.2825247549626
2.17173919482181
31.8385436469159
8.51227893584545
-15.4084461886313
-14.6742194934052
14.4078550446497
8.93114997455669
-22.4513914810438
-9.27882125763496
-2.43906840795164
-2.04725048848291
