# predict_model; Vecm
# name_prefix; aus_macrodata
# description; Austrailan macroeconomic dataset
# lag_parameter;4
# number_predictions;75
# horizon;1
# max_attributes;15
# predict;HCE-OthMot
# prediction_type;rolling
# method; Part-GFS_granger_graph(n_components=3)
"V1"
-5.14776493831327
-4.84289714881056
-8.0212998047858
1.71301901613138
1.01749829022303
6.01796573440963
-0.0990194706698619
-0.591407689562245
2.7389069544128
2.88609686377452
-3.42498442703913
5.18610924567472
6.23944630310524
1.59529017646227
6.68015035737349
-7.12859262906801
-1.00969591423313
3.89499245149315
1.85992310791174
-7.9834691001071
7.4437309734608
8.05405392307571
0.767281485980239
-9.08376127364713
7.04816625310853
-6.54314528155384
-5.58269434640577
4.49584243710467
4.77914577338988
0.642602762355605
-2.54780935498341
5.14918603238628
-0.0682998488864516
5.30173561465787
2.3670569993261
-3.06785973679872
-0.483938778189654
1.79575937098864
1.67300441410163
-0.442139159453344
-1.49374152478387
0.131198012322502
0.0239290430549651
2.80572663636569
-3.81643881253322
-0.315432157938332
-1.34751784414564
-2.66675382494325
3.15184612509353
-1.59148404579598
5.36344642228755
2.73855724159933
2.86659160907598
-2.19810363642019
-0.502712461797129
5.51559025248116
2.40980963670741
0.797424384480326
-1.76625975682042
-1.76742556250143
3.24910622008778
2.82871122963
-3.10530118298917
1.40015833719018
3.03569298599661
-6.01245336632356
1.62188141699438
4.5886694081758
6.1258801254674
5.91975113814164
4.8169992549607
-1.3804089508061
-0.703091653574537
0.13953062431419
-6.22216478205477
