# predict_model; Vecm
# max_attributes; 15
# description; Austrailan macroeconomic dataset
# number_predictions; 75
# predict; UrateLabForce
# lag_parameter; 4
# horizon; 1
# name_prefix; aus_macrodata
# method; dm_FactorAnalysis(copy=True, iterated_power=3, max_iter=1000, n_components=9, noise_variance_init=None, random_state=0, svd_method='randomized', tol=0.01)
# prediction_type; rolling
"V1"
-30.4327739800211
15.4454403433195
12.8369754580476
64.4026483431162
-48.9675528524681
21.4877145127743
90.1756399272886
-11.945277344303
108.518725209905
-40.2700197720321
-45.0574701596687
-29.2594639915341
6.11315634798276
30.4986698255802
-77.6812312150757
-14.9556663516181
10.4729569248634
-13.4298697845105
-83.7930830453933
242.321510720467
97.2248678868887
-181.951154229722
27.9182988444649
-25.4710806035
2.81184783943321
20.8898740382711
53.2878981229551
-22.2280768634514
-62.638607576641
35.9014018327557
-8.55525709529303
-36.8963438259939
31.3636173928084
-7.05477738895774
-40.9635276800102
-32.0771836766417
-16.53479530604
18.0303887717231
-10.4133015062084
1.94054994515241
-1.47379063818837
9.66387823645961
72.2632676008226
4.36481073262775
-6.39034201788452
-24.7081550032515
18.303711486737
-31.3064141366083
58.0113191443568
-110.97266439279
19.1656024776333
52.2125014080631
0.0299969614639517
-4.10224387794331
-10.1860656653647
21.0268377367155
26.7945371636668
-4.13231588452874
-20.4583809805495
4.11178877903312
-30.7274408432058
52.8349027284851
23.3499765873739
31.5825535324216
37.0407562609552
-20.3985049684822
-15.9633744191461
-65.3125579849103
0.399763409250708
36.3606595121628
16.7487810775036
-15.1374230092879
-30.2997774835558
-8.71953167879462
-26.966436097687
