# predict_model; Vecm
# name_prefix; aus_macrodata
# description; Austrailan macroeconomic dataset
# lag_parameter;4
# number_predictions;75
# horizon;1
# max_attributes;15
# predict;AveComp
# prediction_type;rolling
# method; Part-GFS_granger_graph(n_components=3)
"V1"
-0.38900590370748
5.22016711721573
8.09340673073865
4.54420931490068
7.62146852882283
5.67768303351219
0.356184615150419
6.46183482869664
-0.982525229234018
2.12469984604759
0.680170073044344
0.761597931798082
6.9189503138498
3.60902289792899
-0.392522112265278
9.58864031200676
2.63671260692442
6.33265029443741
4.846940061907
1.68874747088667
6.0659374467192
9.05870056568493
6.50095178209601
2.21016844473195
4.51880446781483
4.59534076978134
5.63452409964836
4.50346321590657
1.47748708531649
2.18163932156393
2.41625008364111
8.61661737708181
6.704816148845
4.83933179186224
5.02105872530874
3.24254512767027
3.82983426948374
5.04302447987866
3.56129705347539
2.62601422493065
5.76567172534862
5.69201403251658
7.15182626704591
5.37037239928837
3.82079488933404
5.55405013791046
4.89049240481453
8.32828178110203
5.4009912045178
2.33873608030095
6.79564716795127
-0.646429355873031
-1.03632984116706
0.076291907860806
-0.136115393750203
-1.30573060561184
1.13519667234785
10.302847661723
5.97724446225463
3.72128137115536
7.83771388093752
7.08923453216574
2.98485815488647
6.31826807060353
4.49919251217764
2.35904833823228
4.59681090402468
-3.73035516006851
-5.9209220815281
3.2026245016968
1.88163827637534
2.27244565449159
2.50033949145397
5.37737840629312
-0.0899922677584328
