# predict_model; Vecm
# max_attributes; 15
# description; Austrailan macroeconomic dataset
# number_predictions; 75
# predict; HCE-ParAcc
# lag_parameter; 4
# horizon; 1
# name_prefix; aus_macrodata
# method; dm_KernelPCA_fit_inverse_transform_True_kernel_rbf(alpha=1.0, coef0=1, copy_X=True, degree=3, eigen_solver='auto', fit_inverse_transform=True, gamma=None, kernel='rbf', kernel_params=None, max_iter=None, n_components=13, n_jobs=1, random_state=None, remove_zero_eig=False, tol=0)
# prediction_type; rolling
"V1"
-9.48480608390968
-3.40316577695926
15.2221933952682
19.3012943205446
2.40512309333155
-21.046403099349
13.6324555531899
2.5481904182897
1.23501372711815
-6.72268702354866
4.24089659983012
-2.72439988503303
12.1337410545099
0.820429450312988
-1.09229381506988
1.56528147475359
-2.99362796098575
-10.3651303825174
-2.74100164569867
-5.47923554442585
15.681005296852
-3.03661164048276
1.94636498415412
-10.175965254515
5.19541988454935
-4.97286284974053
-4.77851122562201
-5.12235166112728
7.56145096199982
-2.84467357610459
40.5100878891521
-2.69632831476402
0.138447336496908
-0.822054794725921
-3.43799942500487
-7.64228807270079
8.39909390906553
23.0729081279707
-10.8469494311069
6.37376393881731
-6.55424071042426
3.13059965124385
-2.99129001320931
-3.76532481979824
6.10152944243189
-3.06275175567551
-5.21407587953261
4.97743418911728
-5.73673038076586
-1.78551520168818
14.1603552847816
30.7828375130151
3.69494079024564
-1.84746293506947
4.09313902986711
-1.99292282317743
-2.40559405403174
-9.09656990447584
-9.08647773426539
-8.95541671728231
-6.86409590586202
12.2143571545395
-1.46669206714017
9.86494747784884
-4.39005189133483
2.71581536427576
-7.99209450018249
1.54596527849143
-0.341021699143633
-1.28370739056749
4.56496961416064
1.41918662858778
-3.39311157480721
2.26464621495102
-1.40456892081449
