# predict_model; Vecm
# max_attributes; 15
# description; Austrailan macroeconomic dataset
# number_predictions; 75
# predict; Emp-HoursPt
# lag_parameter; 4
# horizon; 1
# name_prefix; aus_macrodata
# method; dm_FactorAnalysis(copy=True, iterated_power=3, max_iter=1000, n_components=6, noise_variance_init=None, random_state=0, svd_method='randomized', tol=0.01)
# prediction_type; rolling
"V1"
2.6597315339069
-2.20650027458652
4.38759543170901
0.318264050462011
7.09310687568926
3.32294014210378
0.163409359768081
9.31933513376104
-1.15490903941245
0.897289507134598
1.36762297813952
1.56687723619393
8.91649508687063
4.09564407958456
4.70321702781838
6.22769707886274
11.4454025958744
0.733282813711658
7.07754576310615
-3.80880774657963
-5.01749392823898
3.95047868466336
15.7167258904927
2.75128023283068
-3.8609390077264
2.9123871864446
7.34152252599614
8.58649927146257
6.86679586390192
2.04391683544774
-0.373934322616424
-0.0568851771400125
0.711874705192363
1.88588768242088
2.62588477627193
-2.43241515963303
7.23188242440075
10.2826018204726
4.87062204958215
7.11121651737438
0.361340878485626
-2.95010810578198
1.16875635163842
3.95390092895012
5.76575745726662
-3.54605437820323
1.86944271094247
3.90200488640728
-0.520490779677784
2.66964863383789
6.90034399327764
10.0063681435998
9.49374580547143
13.3785480180155
-6.11803747054096
-2.13273183276697
-0.124618458187534
5.07067926372177
7.85293112432892
-0.867149816468129
2.69483675469711
-1.26673320382451
15.9858909942386
-1.24703733311689
-0.796567943739426
1.23521559550761
-6.60688667423955
0.694983703251585
6.28285811694401
9.08361312186205
-0.823026834907016
4.52840061422352
8.16717694914468
0.584209544474965
-0.527059659654839
