# predict_model; Vecm
# name_prefix; aus_macrodata
# description; Austrailan macroeconomic dataset
# lag_parameter;4
# number_predictions;75
# horizon;1
# max_attributes;15
# predict;Cons-Com
# prediction_type;rolling
# method; FCBF(n_components=2)
"V1"
14.5512489795914
19.2689228643319
25.9926924023232
14.8502545512805
4.30520258794378
12.7948165943272
30.1730971959205
12.2863681406491
18.8646020987352
13.0093963268817
5.89396429950764
5.69011845147803
5.55569693659923
20.3917232639772
23.1054307909413
16.8018019704603
18.0732205539389
12.2017563861008
0.287274252944958
19.6915635469023
12.8157395327081
3.66698575937947
10.0338056757781
16.9442865546598
3.04682439042038
1.05758969496277
6.88567697726471
8.4007275679202
12.5637741385262
2.91866667793155
3.18993646526894
-0.483460304852393
5.42078394709614
6.08776578480669
7.51688627721794
8.2878602238605
1.80803020653776
10.2175835933427
2.80485885438842
10.2549720644647
9.73707301802865
-0.229259348236658
0.269794631166354
7.00124946202112
3.96931587997258
2.38052670053633
6.48407993598476
1.3937036168045
1.55314404567196
9.9226175344838
0.877950619950545
-6.61743238638309
4.93169491703583
-3.85952675782999
-6.00708146748978
-0.601843350741453
1.02950848259366
7.4835044717919
3.1492629689355
11.5273117502443
10.0829990153608
5.51084395723678
6.5637796807903
3.39129321864333
0.126290397698497
-0.22741379156936
0.503115559117129
2.27130377088893
4.29810853474907
1.0459452561534
1.78426938143681
-7.62574115275599
5.57953036353609
4.64246569918897
12.1270526873923
