# predict_model; Vecm
# max_attributes; 15
# description; Austrailan macroeconomic dataset
# number_predictions; 75
# predict; Cap-IntPro
# lag_parameter; 4
# horizon; 1
# name_prefix; aus_macrodata
# method; Hits_te_(n_components=9)
# prediction_type; rolling
"V1"
-1.29454909446929
3.67456503454073
-2.85367413078264
5.60962959177452
-4.44816492333494
17.5837693026039
3.04520270874597
-6.06991026537145
15.5875674075497
6.47366527590883
-6.16125208642818
22.7434863495181
1.7748406613898
1.04222920195922
-18.3121498034838
5.82293009128179
-4.87211880598734
32.2283369125812
21.1683297261881
10.1955972104258
47.3402932701886
-7.40969584851825
15.9778905623081
-3.68562452333759
6.77652850635518
4.85891745136512
9.96342399500604
16.3762157161336
17.1779225929679
22.3869947678041
-15.7464272679016
6.00837789602564
1.65920513962595
12.0408655032984
7.87005834963925
6.37598801690975
7.23737860416761
10.84518392604
8.63534508974741
9.29535268959054
10.8443350578979
15.2598006059038
22.7445721044254
13.6644796527288
22.1528937098385
27.0202377434967
31.0569271240067
14.7326882702342
19.9204479704481
-0.69682688767085
2.88668572982904
-8.65390505506512
-20.5364883103736
-9.41612297540976
10.482569529394
1.53287455769745
9.59500470620705
5.96583365890299
8.10464757005848
-7.66406482564404
8.77843239567916
11.1313945126095
14.2692043037813
14.5437516558121
1.60657894621519
8.99766326688641
-1.46869698338069
10.9594129244666
-3.26995366061399
-2.38173027405755
1.89133478908942
-7.47823813322411
0.336290998103521
16.6655375312525
-5.84889105536971
