# name_prefix; us_data_stock_watson_2012;;;;;;;;;;;;;;;;;;;;;;;;;;;;;;;;;;;;;;;;;;;;;;;;;;;;;;;;;;;;;;;;;;;;;;;;;;;;;;;;;;;;;;;;;;;;;;;;;;;;;;;;;;
# description; Stock and Watson 2012: US indicators;;;;;;;;;;;;;;;;;;;;;;;;;;;;;;;;;;;;;;;;;;;;;;;;;;;;;;;;;;;;;;;;;;;;;;;;;;;;;;;;;;;;;;;;;;;;;;;;;;;;;;;;;;
# lag_parameter;4
# number_predictions;100
# horizon;1
# max_attributes;10
# predict;GDP257
# method; Univariate_model()
# predict_model; Auto_Arima
"V1"
0.0144486867782371
0.00884949786306292
0.0117754347941729
0.00708575045597105
0.00634582930754027
0.00359067200507748
0.0049917594122013
-0.000639180313217498
0.00664272757057652
0.0020114450858457
0.000945025496312902
3.21020939225642e-05
0.00332023423374357
-0.00376776376136662
0.00613021692901256
0.00714641207318677
0.00161899905906157
0.00123726350396608
0.00674870006411425
0.0026681012558529
0.00429702120354037
0.00433683157542746
0.00204082935775368
0.00637549833525714
-0.00268946938131859
0.00490586927696756
-0.00417598454985725
-0.00105215045083529
-0.00578303458251105
-0.008760652113781
-0.00162056759255603
0.00181619891288701
0.00182417146966091
0.00355029007378267
0.0112269724582547
0.00731016404533296
0.00951826651080922
0.00507318078118097
0.00687460878606645
0.00744058471560653
0.0137119341973358
0.00902249354645708
0.00874413692147497
0.00593475524095625
0.00812456435061127
0.0120141007748574
0.00328656191922723
0.00443860752397557
0.00871520791614227
0.0110955551005287
0.0142740284066377
0.0129309736050188
0.00992135458905435
0.0101265091689982
0.0114830185501468
0.0181738369605219
0.0109007871680652
0.0161715624451005
0.0187404053708425
0.0133511092841508
0.0182266443782666
0.0144089973553678
0.0173492778904807
0.0163515806588751
0.00976245400010495
0.0176404132048451
0.018990487248736
0.00828246227282207
0.00562727662686117
0.000442334188003792
-0.012322787065613
-0.0118696818540798
-0.0144514806662738
-0.011331408328111
-0.00429678234407739
-0.0012078378552916
-0.00100846950869486
0.000151464159912078
0.0144388791511811
0.0234998497801116
0.0178864984165941
0.00444110239991283
0.0165522717016779
0.0174969667243261
0.0158940154783454
0.0169083455985849
0.0150423038816885
0.0130456816897916
0.0112129380329135
0.0149340704310759
0.00458408250914714
-0.00573079944256692
-0.0139246681137535
-0.0110664828379411
-0.00031992862349497
0.000486144589723286
-0.00525952975776873
-0.00740316032984296
-0.00337159373764204
-0.00529468037348043
