# name_prefix; us_data_stock_watson_2012;;;;;;;;;;;;;;;;;;;;;;;;;;;;;;;;;;;;;;;;;;;;;;;;;;;;;;;;;;;;;;;;;;;;;;;;;;;;;;;;;;;;;;;;;;;;;;;;;;;;;;;;;;
# description; Stock and Watson 2012: US indicators;;;;;;;;;;;;;;;;;;;;;;;;;;;;;;;;;;;;;;;;;;;;;;;;;;;;;;;;;;;;;;;;;;;;;;;;;;;;;;;;;;;;;;;;;;;;;;;;;;;;;;;;;;
# lag_parameter;4
# number_predictions;100
# horizon;1
# max_attributes;10
# predict;FSPCOM
# method; Univariate_model()
# predict_model; Auto_Arima
"V1"
-0.00208033805162229
-0.0032715857770047
-0.00123303288966268
0.00113396756722097
0.000990089935980501
0.00307239992052723
0.00117303862607899
-8.12684697072742e-05
0.0028788195971661
0.00738076253953379
0.0074556508311514
-0.00156987860637348
0.00160380935142165
0.0151140112731006
0.00715509086296609
0.0115659606439643
0.00120598509634267
-0.02124788432727
0.0012314164925322
0.00124318418759946
0.00127975227308079
0.00796477372178472
0.0046337114693403
0.00575123860687187
0.00254030205366972
-0.000785093920701835
0.00549475363839817
0.00154138787164676
-0.000760117544823529
0.0035512543279423
0.00639754597956513
0.000511016139187466
0.00654615792330443
0.00495673901512373
0.00297605724130721
0.00456667335364736
0.00534781520248079
0.00639666230652478
0.00487462695989019
0.00491625352590429
0.0050595931658585
0.0049754705803982
0.00405188601307469
0.00885376371598407
0.00396255946745451
0.00497974942476326
0.00571798448711151
0.00808000704317968
0.00794308547295337
0.0119403133938646
0.00990934731755191
0.00984541471256133
0.0185530554154721
0.0224503173139393
0.020731988065366
0.0401200176885036
0.030844042418091
0.0355966455170874
0.043086664751444
0.0278946971108203
0.0276742966870674
0.0285597480256072
0.0302992063115174
0.0447027640128006
0.0419772357286122
0.0334943628387875
0.0296695486040374
0.0313083571065872
-0.0125283305419834
-0.0134658310191994
-0.0509373844559226
-0.0624099931732117
-0.0264313918758695
-0.0139542721332775
-0.0283317080568465
-0.0555273859587976
-0.00305063399539804
-0.0608811397019585
0.0123020675030597
0.0132748014651051
0.0194413581127168
0.0298631424739659
0.00757161564321937
-0.00386976293776985
0.0204685730885166
0.0105995739198323
0.000580399521142918
0.0158696477614451
0.00220730689327789
0.0214640706954543
0.00638825264488299
0.00434666215309378
0.027994966315741
0.0157085709433541
0.0270033104861543
0.0133925491519955
0.0157569755123763
-0.0349334972162997
-0.00842661196660088
-0.0294146252159114
