# predict_model; Vecm
# max_attributes; 15
# description; Stock and Watson 2012: US indicators;;;;;;;;;;;;;;;;;;;;;;;;;;;;;;;;;;;;;;;;;;;;;;;;;;;;;;;;;;;;;;;;;;;;;;;;;;;;;;;;;;;;;;;;;;;;;;;;;;;;;;;;;;
# number_predictions; 100
# predict; EXRSW
# lag_parameter; 4
# horizon; 1
# name_prefix; us_data_stock_watson_2012;;;;;;;;;;;;;;;;;;;;;;;;;;;;;;;;;;;;;;;;;;;;;;;;;;;;;;;;;;;;;;;;;;;;;;;;;;;;;;;;;;;;;;;;;;;;;;;;;;;;;;;;;;
# method; Hits_te_(n_components=12)
# prediction_type; rolling
"V1"
0.00844663071902242
0.0416502930179249
0.00381855838924041
0.0456028540715586
-0.0185221906519674
0.0805750070584423
0.0136503918566378
-0.0368493359694349
-0.0728324868871811
-0.0540594604306068
-0.0381104431632369
-0.0583844614154503
-0.0439575484635267
-0.0163995213106311
0.00543011562541362
-0.0170686767160505
-0.0299324784650683
-0.00533505052210171
-0.0104030960180571
0.0196287372028365
0.0228047763516899
0.010538232416055
-0.00159872085894201
0.0102359809827726
0.0100234391368246
-0.0404450921142033
-0.010134347420325
-0.0364381124314115
-0.0214725905165093
0.0104066238809529
0.0100002969588747
0.0193526002680985
-0.0276083493126929
0.00188038149096198
0.0388750994294397
-0.0580576894693721
-0.000348081355582511
0.0364649989480282
0.00216370926763986
-0.00837753706198839
0.0214239573468548
0.00477314495324157
-0.0198129069513804
-0.0200983015277018
-0.0268341585459319
-0.0324000383684333
-0.0110382891717569
-0.0126986829319878
-0.0212535518376481
0.0450188884102872
0.0332313889980661
-0.0165840188024063
0.0235285864742815
0.0176743280948228
0.00573764644932759
0.025665487684386
-0.0149070767804874
-0.0014778618748967
0.0381521295354005
-0.0200042923370323
-0.0163661410639315
0.015445626093159
0.0288098009107298
0.0119099668709104
0.0155547440176387
0.0265738607902172
-0.00536637033177829
0.0271415065520103
0.00226447163757539
-0.0177496970904035
0.0438836253855564
-0.0197190107377896
-0.0313528672419843
-0.0034607423030348
0.003605557468089
-0.0376824928815667
-0.00759003402048693
-0.0163763044514793
-0.00865104997933053
0.0145436025034717
0.00257000540180403
-0.0239895741801097
-0.0105470432514232
0.00682220118147491
-0.0293816881440729
-0.0148994250930391
0.00627813563839181
0.0124148840119523
0.00511727306787409
0.018825135811378
-0.0135529327111702
-0.0129365637299353
-0.00370604355942678
0.00166831379809233
-0.000233839627840657
-0.0088650808972918
-0.00717825054966412
-0.00475791473097322
0.000408268300083927
0.00370340178040858
