# predict_model; Vecm
# name_prefix; us_data_stock_watson_2012;;;;;;;;;;;;;;;;;;;;;;;;;;;;;;;;;;;;;;;;;;;;;;;;;;;;;;;;;;;;;;;;;;;;;;;;;;;;;;;;;;;;;;;;;;;;;;;;;;;;;;;;;;
# description; Stock and Watson 2012: US indicators;;;;;;;;;;;;;;;;;;;;;;;;;;;;;;;;;;;;;;;;;;;;;;;;;;;;;;;;;;;;;;;;;;;;;;;;;;;;;;;;;;;;;;;;;;;;;;;;;;;;;;;;;;
# lag_parameter;4
# number_predictions;100
# horizon;1
# max_attributes;15
# predict;GDP286A
# prediction_type;rolling
# method; FCBF(n_components=14)
"V1"
0.0020498295627099
0.00241297379429613
0.0068830616246059
0.00694389245037561
0.00615333447538186
0.00325532245205275
0.00705011465113755
-0.0023366693586916
0.00827408868070455
0.00220007110836205
0.00565142556213994
0.000980760054420961
0.00488142070319309
0.00399651347143461
0.00413639879777885
0.00354265494300459
0.00168558933710458
0.0034932508484917
0.0021942359222769
0.00665164977098136
-0.00102262818049157
0.00646560432515689
0.0027318226113823
0.00518640464816595
0.00517409078534678
0.0044274814415472
0.00699681336996855
0.0117060266588992
0.00249610427549803
0.00509419093674218
0.0101023870254077
0.00709374235026509
0.00216964190853662
0.00458095209344283
0.00584924995487661
0.00459367516844747
0.0042389770628158
0.00402638021658708
0.00417022077944357
0.00634872942361953
0.00306451836346726
0.0054272478290463
0.00310340487566811
0.00412518267720171
0.00278792462416818
0.00542745097768316
0.0035052523270907
0.00215632765093088
0.00348103798232776
0.00365700938612769
0.00502044976844996
0.00748594332809173
0.000824891693275032
0.00581461564798062
0.000593268971958583
0.00468687178687863
0.00151554922619123
0.00174318285280762
0.000106318316806006
0.00110055690505485
0.0041716429322301
0.00570288886095674
0.00494226917658163
0.00501917509325306
0.0114211449900756
0.00714201131599403
0.000988905391188202
0.0118983482995969
0.00528135445438008
0.00660066914107429
0.00981450546899376
0.00531434251231471
0.00279073814498847
0.00572912044687679
0.00916082855082473
0.00741235414231501
0.00565064712051788
0.0187461517025031
0.00997878286620184
0.0143993537172915
0.00564791034221092
0.00847834338164379
0.0109715007332616
0.0138926744915119
0.0139604436023989
0.0108361124080971
0.0105699816298501
0.0107202503208745
0.0143721476164231
0.0187616281447445
0.0122324490362766
0.0129419367083197
0.0117858586584335
0.0126299262574934
0.0146055468469813
0.0106637109512988
0.0148265070783847
0.0151783590676389
0.0158526765790265
0.0130576713310603
