# predict_model; Vecm
# name_prefix; us_data_stock_watson_2012;;;;;;;;;;;;;;;;;;;;;;;;;;;;;;;;;;;;;;;;;;;;;;;;;;;;;;;;;;;;;;;;;;;;;;;;;;;;;;;;;;;;;;;;;;;;;;;;;;;;;;;;;;
# description; Stock and Watson 2012: US indicators;;;;;;;;;;;;;;;;;;;;;;;;;;;;;;;;;;;;;;;;;;;;;;;;;;;;;;;;;;;;;;;;;;;;;;;;;;;;;;;;;;;;;;;;;;;;;;;;;;;;;;;;;;
# lag_parameter;4
# number_predictions;100
# horizon;1
# max_attributes;15
# predict;Sfygt10
# prediction_type;rolling
# method; FCBF(n_components=13)
"V1"
0.00713967649671242
0.0198530282975563
0.127837878740422
0.18432189232119
0.027372151684695
-0.0393507288621796
0.00675079647575205
-0.150137632809499
-0.120774450620071
0.00839683856367283
-0.121465224145852
-0.112241918438897
-0.126260159082634
0.186633078647364
-0.112971581149705
0.0279683610408972
-0.0948756069241301
0.264406516564521
0.00805361074548704
-0.127818892247564
0.0180470819330279
-0.132103503098058
0.126237054283063
-0.272920503027699
0.0879314560865751
-0.0437267009333415
-0.0273930367143506
-0.0206821582054987
0.159035051082811
0.0412913970153006
-0.0149014010648166
-0.0387544563050921
-0.0301643723047304
-0.0558347820461139
-0.118715435751374
0.164455404786038
0.0554098473960355
-0.0687040825012577
-0.176133207465062
0.0841749265378962
-0.0544913655298861
-0.151058085021109
0.128161186408512
-0.00922462574541912
-0.0204241548381288
0.162899050070561
0.106073957742087
-0.0374591375554809
0.0229780450169119
0.0244657677598858
-0.0922757430875536
-0.129298218529275
0.138118219178863
0.213840789811825
-0.034456980399148
-0.0682072298491342
0.0230232385406741
0.103754395914057
-0.0850186862312852
-0.0659507506345619
-0.158225564483633
-0.145214098052406
0.52547857715926
-0.379938341513072
-0.0059101041479197
-0.0404849595374835
0.0348448817145877
0.0339782858994018
-0.165277070199961
0.105499255041995
-0.0519257863998777
-0.0181152087700107
0.283317617242389
-0.315568070212839
0.341282156441072
0.162493235810908
-0.0600710384327118
0.0375236397562072
-0.0130694263061675
0.0242083362603765
-0.128318583062649
0.227211679639903
0.24650277847809
-0.0777739287064309
-0.183008525690628
-0.253372393433009
-0.0425408197077044
-0.00430014208453318
-0.181075853620438
-0.0121274720238094
0.106714195718323
-0.0728613663368122
0.00898299187219359
-0.0419931023648683
0.0753935182352519
0.0929922303456647
0.0504762020653232
0.178001500112253
0.141905740519769
0.286767756294374
