# predict_model; Vecm
# max_attributes; 15
# description; Stock and Watson 2012: US indicators;;;;;;;;;;;;;;;;;;;;;;;;;;;;;;;;;;;;;;;;;;;;;;;;;;;;;;;;;;;;;;;;;;;;;;;;;;;;;;;;;;;;;;;;;;;;;;;;;;;;;;;;;;
# number_predictions; 100
# predict; PSCCOMR
# lag_parameter; 4
# horizon; 1
# name_prefix; us_data_stock_watson_2012;;;;;;;;;;;;;;;;;;;;;;;;;;;;;;;;;;;;;;;;;;;;;;;;;;;;;;;;;;;;;;;;;;;;;;;;;;;;;;;;;;;;;;;;;;;;;;;;;;;;;;;;;;
# method; Hits_te_(n_components=11)
# prediction_type; rolling
"V1"
-0.00495328071464021
0.0116871888810387
0.0419171197259932
-0.0377485696494187
-0.03685842482932
-0.00905004768874972
-0.0514928727308151
0.0429794278880768
-0.0338197831115025
-0.0281873279602121
-0.0661363463121765
-0.0681744766839763
-0.0389511897808161
0.0073261352185232
0.0562756139250637
-0.00928819393693419
-0.0295412909756865
-0.00407077971695795
0.0273100830930025
-0.00415936864533818
-0.0353433985579955
0.0573509713025719
-0.0159513058216707
-0.0147780571217635
0.011620531244384
-0.0316343605073766
-0.0244247003667301
-0.0204395318001003
0.010538694114698
-0.00652757197207557
-0.0649340634040929
-0.000877874811948423
0.02865854144683
0.01106219752981
-0.0289153565293154
-0.00375297103599899
-0.0134920450501764
-0.0256144170722742
0.00329371762513291
0.0141994439899885
0.00459728911172174
0.0392537083551633
0.00972806713410361
0.0127684490750587
0.0157987894795717
-0.0118120031354627
0.0160241044276178
0.0201246814737277
-0.0186503834397672
0.00208439583022103
0.00233048883043185
0.00696662315358948
-0.0143429213126709
-0.0284369877010076
-0.0150234433941972
-0.00646017717250578
0.0140237587122621
-0.0327783417275841
-0.00506745414185992
-0.0350186077879394
-0.0112438462678433
-0.0179866928381451
-0.0428642129736153
-0.0255600860976021
-0.0158923709702467
-0.0104092129872133
0.000835607206038105
-0.0252646996236675
0.0122984957628619
-0.00842910341111775
0.0276833101958256
-0.00145309654715084
-0.0164159135558856
-0.0143026774582617
-0.0276706508721494
0.0224796285066438
0.031280685338338
0.0275429278020421
0.0162504978517643
0.0103992081532723
0.024412571606849
0.0071431155055609
0.00825066180601896
-0.0015905412862456
0.000917168299854396
-0.000525386984263162
-0.00442683927657926
-0.00614158442960862
-0.0109169145440013
-0.0062243003911165
-0.000396264934740539
0.01278735381139
0.00804854938115263
0.0236125110351775
0.067193143320343
0.0115495913406521
0.0148504826100279
0.0182024259307577
0.0422383005186386
0.00748327784362801
