# predict_model; Vecm
# name_prefix; us_data_stock_watson_2012;;;;;;;;;;;;;;;;;;;;;;;;;;;;;;;;;;;;;;;;;;;;;;;;;;;;;;;;;;;;;;;;;;;;;;;;;;;;;;;;;;;;;;;;;;;;;;;;;;;;;;;;;;
# description; Stock and Watson 2012: US indicators;;;;;;;;;;;;;;;;;;;;;;;;;;;;;;;;;;;;;;;;;;;;;;;;;;;;;;;;;;;;;;;;;;;;;;;;;;;;;;;;;;;;;;;;;;;;;;;;;;;;;;;;;;
# lag_parameter;4
# number_predictions;100
# horizon;1
# max_attributes;15
# predict;IPS13
# prediction_type;rolling
# method; FCBF(n_components=12)
"V1"
0.00503000688476207
0.0478185296551241
0.00254983910950126
-0.00165932424521067
0.0183053586825651
-0.00164409235264543
-0.0137021700285932
0.0196026172281944
-0.0202217077756297
0.0379769222405433
0.0481198575209661
-0.0103006665297835
0.0016334821517474
0.016716117017689
0.017507246570195
-0.00984919997555967
0.00755073349364896
0.0373263569671832
0.000671128086789505
0.00121378290712791
0.0147128342866351
0.0136482641093591
0.00102625725208071
-0.0233527260577339
0.000798206887582574
-0.0084279065228755
0.0125404882310581
-0.00491828043585656
-0.0403315227806219
-0.0414397222421348
0.0213248878716542
0.0198123943643315
-0.00931198755102648
0.0201077711478091
-0.00541243787179752
0.0328434553759346
0.0226616180715324
0.0111452412620605
0.0172334610749485
-0.00170743880253311
0.0114946348854964
0.0324084682492147
0.0176563370932963
0.0158388394316534
-0.00368421873936828
0.0112855883667668
0.0187975575144818
0.0188358889221976
-0.00275378961412383
0.000287978973357847
0.0309663472172924
0.00667147554139092
0.0147534319225293
0.0012036151384992
-0.00733468610051733
0.0349030913401113
0.0458221437872491
0.0218299577112367
0.0384822263726574
-0.017064309161607
0.0370682648450929
0.0331093114157443
0.0095752616827762
-0.00148347664812736
0.043684473140174
0.0179956311021711
-0.019845264063216
0.011542389045707
-0.0139485350169192
-0.0308733833755518
0.011205470512753
-0.0255595971168889
0.0619647964837334
0.012040128047578
0.0340333014146385
0.00278521332709151
0.0199477820734144
-0.00664255528569147
-0.00196940043989383
0.0553125183642583
0.00752135339617004
-6.37990029118826e-05
-0.0246607237003331
-0.0306317875694989
0.0152437287742866
0.0114631970814959
0.00829124413251778
0.0117635907404162
-0.0309835534694192
0.00540710558280213
0.00985745735467078
-0.0304830546250082
0.00867491763798213
0.00177746612150365
0.0107326652889387
0.0154136879003453
-0.0154143214976407
-0.0342754815504536
-0.0505625645399636
-0.0624304581962205
