# predict_model; Vecm
# max_attributes; 15
# description; Stock and Watson 2012: US indicators;;;;;;;;;;;;;;;;;;;;;;;;;;;;;;;;;;;;;;;;;;;;;;;;;;;;;;;;;;;;;;;;;;;;;;;;;;;;;;;;;;;;;;;;;;;;;;;;;;;;;;;;;;
# number_predictions; 100
# predict; GDP276_8
# lag_parameter; 4
# horizon; 1
# name_prefix; us_data_stock_watson_2012;;;;;;;;;;;;;;;;;;;;;;;;;;;;;;;;;;;;;;;;;;;;;;;;;;;;;;;;;;;;;;;;;;;;;;;;;;;;;;;;;;;;;;;;;;;;;;;;;;;;;;;;;;
# method; Hits_granger__graph(n_components=3)
# prediction_type; rolling
"V1"
0.00379023122657931
0.00476092947709303
0.00317372732126723
0.00466347835205414
0.00579135969099393
0.00720089214864035
0.00851738944737434
0.00219373382626977
0.00961750853842429
0.00364856957822342
0.00683576236517245
0.0144492767000803
0.00831603557698054
0.00325493079400347
0.00300002954565932
0.00389008730810031
0.00505701722052446
0.00929144417641977
0.00667707877283783
0.00693129135909074
0.00489208101793583
0.00859764093309209
0.00332088743880716
0.00138824746590476
0.00556158966896355
0.00419016588738556
0.00871358110270553
0.00885226144500896
0.00636552294713765
0.00726054377203075
0.00877281981807156
0.00878016289815161
0.00494437011698592
0.0126060419262847
0.00555587813517653
0.0098212046493313
0.00702153902559485
0.00152555124403148
0.00585666310016541
0.00320045981533859
0.00106396897011064
0.00186721839762509
0.0023947201754455
0.0107634475812357
0.00411291524589478
0.00389586617958001
0.00686355311153758
0.0045133938056003
0.00570214365420516
0.00580626422801141
0.00618103860662804
0.00499248381403425
0.00989888428638587
0.00806274125778941
0.00656143251949871
0.00734273866076267
0.00350336598163626
0.00330690567449306
0.00231217485016
0.00299741695779385
0.00382563175259659
0.00335691229261921
0.00559927830199659
0.00488432937596898
0.00532587557217269
0.00722739115457016
0.00312611164115981
-0.005323933434621
0.00189160181263431
0.00491343765131005
0.0067424068166124
0.00246448709363696
0.0144912392875095
0.0104564260621289
0.0123752962742366
0.00572109918056032
0.00457945328814065
0.00497493880301516
0.00411679821900846
0.00351217944313151
0.0123196638524577
0.00445270306598895
0.011902651603752
0.0110115737027761
0.00949832454372739
0.00810363533642037
0.00611163542415867
0.00216256925495125
0.0139835008761353
0.018446097857184
0.0035633675933386
0.0117688544585013
0.00979211143446011
0.00675034814652822
0.00712702564030659
0.00193489096328663
0.00854300425075887
0.00757534209732132
0.0103035195054761
0.00220038033514848
