# predict_model; Vecm
# name_prefix; us_data_stock_watson_2012;;;;;;;;;;;;;;;;;;;;;;;;;;;;;;;;;;;;;;;;;;;;;;;;;;;;;;;;;;;;;;;;;;;;;;;;;;;;;;;;;;;;;;;;;;;;;;;;;;;;;;;;;;
# description; Stock and Watson 2012: US indicators;;;;;;;;;;;;;;;;;;;;;;;;;;;;;;;;;;;;;;;;;;;;;;;;;;;;;;;;;;;;;;;;;;;;;;;;;;;;;;;;;;;;;;;;;;;;;;;;;;;;;;;;;;
# lag_parameter;4
# number_predictions;100
# horizon;1
# max_attributes;15
# predict;GDP265
# prediction_type;rolling
# method; Part-GFS_te(n_components=10)
"V1"
-0.00353871879402812
-0.00281344287350314
0.0111521355888302
0.0153814612982919
0.0139777256769901
0.0129246079966948
0.0170460802763287
0.0240316980187739
0.0160476507412133
0.00865971747767903
0.0112163147523145
0.0278988884055436
0.014322124833725
0.000519514407537969
0.00119114754282219
0.00627910828435477
0.00798554801124626
-0.00330230871508475
0.00315712475088823
-0.00181728176833128
0.00357013955886631
0.0148111145789467
0.00349123616844354
0.007388314719951
0.0115194407729733
0.0170113207944904
0.0104328550290903
-0.00358068503834369
0.00300235294642343
0.00139859037783524
0.0139200304555584
0.00203631622748864
-0.00380461954273852
-0.000848220639920611
0.00565066203231833
-0.00150024763418321
-0.000938770677679929
-0.00110986907735805
-0.00988288011115364
-0.00273574742835728
0.0042965078222286
-0.00481490089239948
-0.00524191689978856
0.0111428806792018
0.00556048852990857
-0.00745571676453705
0.000403445666226736
0.00290196876409713
-0.00530812638488616
-0.00305393544390277
0.0159795696933244
0.00182160016095583
0.00621339610308255
0.00405837297504881
0.00545863390581366
0.00400701619390929
-2.64212497410941e-05
0.00185857071957353
0.000824754732378116
0.0189431668960361
0.00747605440148104
0.0126430632960688
0.00735306255425435
0.0130905033129304
0.0189083575782372
-0.0011073336071539
0.00362874064682271
0.00604187789768794
-0.00295671425152086
0.0153326435060007
0.0109275652258544
0.00602795518491276
0.0117912402272784
0.0325548763406579
0.0225228768198847
0.00692818846226992
0.00372556053188868
0.00976103370864775
0.0166558200530676
0.00540785915305227
0.00430650254469942
0.0033246915130985
-0.00161406631895248
0.00565743661115872
0.00815730760620966
-0.0127506502650706
-0.000299175999753366
0.00901733915868739
0.00927381965010726
-0.00394732038034718
0.0179921831434031
0.013891207441122
0.000241998541710503
0.0220928592788435
-0.000847935661808592
0.0137553482719884
0.0107208297422073
-0.000647842819597039
0.0047913876183615
0.0101419060543883
