# predict_model; Vecm
# name_prefix; us_data_stock_watson_2012;;;;;;;;;;;;;;;;;;;;;;;;;;;;;;;;;;;;;;;;;;;;;;;;;;;;;;;;;;;;;;;;;;;;;;;;;;;;;;;;;;;;;;;;;;;;;;;;;;;;;;;;;;
# description; Stock and Watson 2012: US indicators;;;;;;;;;;;;;;;;;;;;;;;;;;;;;;;;;;;;;;;;;;;;;;;;;;;;;;;;;;;;;;;;;;;;;;;;;;;;;;;;;;;;;;;;;;;;;;;;;;;;;;;;;;
# lag_parameter;4
# number_predictions;100
# horizon;1
# max_attributes;15
# predict;GDP275_1
# prediction_type;rolling
# method; Part-GFS_granger_graph(n_components=2)
"V1"
0.00669172421791166
0.00962399174496827
0.00302495633074649
0.00766714542154669
0.000999950689175821
0.00450628487841875
0.00200964774868194
0.00195600886912155
0.00310554907140923
0.00393686288586288
0.00494402323335281
0.00646549940961636
0.00554557822923149
0.00742579691187106
0.0048904150480571
0.00454429322253396
0.00228124676893349
0.00353758464171371
0.00556018296719916
0.00898932452878142
0.00612847763679045
0.00969226466151513
0.0084118223691106
0.00898276775092771
0.00838724501004623
0.00970591487844782
0.00747783611280469
0.0118360699497511
0.00601556127034903
0.00891187084045035
0.00605707688447056
0.00265497242163183
0.00157634334959406
0.000445840322859552
0.0007201043738184
0.00248936766501493
0.00167256931532079
0.00330668914745919
0.00371348972265897
0.00261227122869022
0.00270205890771021
0.00150282675369496
0.0024817137456075
0.00423991006061608
0.0041459154943032
0.00540429582527086
0.00468933428149763
0.00414441467612508
0.00321729145877329
0.00303883648819124
0.00581735731119627
0.00678824368147531
0.0068558812777093
0.00743828191712622
0.00443303258271897
0.0026758380014482
0.00404292829462708
0.00345548041726804
0.00456983343235929
0.00335273249140417
0.00226845658388547
0.00482119929422801
0.00531899664770114
0.00426410451421964
0.00294230275286257
0.00542138175128775
0.00616936388450803
0.00717386481377226
0.00725046285326102
0.00754009442806509
0.00650493480659444
0.00826813945784876
0.0056580016436823
0.00549081239897125
0.00413606057221308
0.00331604706525395
0.00355263498683439
0.00436046490176592
0.00321704046467851
0.00317552470450553
0.00790339402924608
0.00915985760884691
0.00954195045329133
0.00704563729611472
0.00683272156330724
0.00485920956192402
0.00610254636200772
0.00489125643521998
0.00600820486443508
0.00711500425666826
0.00570898591801689
0.0069811779239087
0.00658263420808614
0.00808456562257734
0.0108854616324517
0.0116044648734549
0.0123216742952103
0.0147230169044234
0.0151434497597405
0.0177181890986178
