# predict_model; Vecm
# name_prefix; us_data_stock_watson_2012;;;;;;;;;;;;;;;;;;;;;;;;;;;;;;;;;;;;;;;;;;;;;;;;;;;;;;;;;;;;;;;;;;;;;;;;;;;;;;;;;;;;;;;;;;;;;;;;;;;;;;;;;;
# description; Stock and Watson 2012: US indicators;;;;;;;;;;;;;;;;;;;;;;;;;;;;;;;;;;;;;;;;;;;;;;;;;;;;;;;;;;;;;;;;;;;;;;;;;;;;;;;;;;;;;;;;;;;;;;;;;;;;;;;;;;
# lag_parameter;4
# number_predictions;100
# horizon;1
# max_attributes;15
# predict;LHU26
# prediction_type;rolling
# method; Part-GFS_te(n_components=2)
"V1"
-0.141591716658921
-0.0654979180676818
-0.0717732245906891
-0.00821150077452233
-0.0445721982457739
0.0521759435921617
0.00375492851283328
-0.00216273939564107
-0.0381725099334416
-0.0288990904910671
-0.0020719308006066
-0.0531286171579984
-0.025028662058697
-0.0617690289498698
-0.0533200433249307
-0.0171338979613241
0.0475093049540163
-0.00803363848379733
-0.0717803310164617
-0.0076906611805022
-0.0393725245756098
0.0344621977486977
0.00860372733572092
4.1865881972432e-05
0.0239208665362928
0.00100462996037489
0.00734059682852933
0.00966282277100172
0.0106087616588485
0.0711832622008873
0.0401030626242657
-0.0287439281652446
0.0190913720565237
0.0179219708834752
0.0219513042115807
0.016625747548131
-0.0428816096935897
0.00295211958120532
0.00321425175685416
-0.0426046093252826
0.00392605218228355
-0.0685775895362935
-0.117268433614516
-0.0757586174178298
-0.166861235732826
0.0100889749528766
0.0639032946295685
0.0436702430643943
0.000242380181245651
-0.00536074031517222
-0.00270619086938345
0.000757441129400998
0.0452400628760484
-0.0140740671621154
-0.029798405673504
0.00475538492770705
-0.00897693926667908
0.0178434067671294
0.0156566136740679
0.0526674088834183
-0.0131235761132594
-0.0218858313847685
-0.00375622030698066
-0.0274331220615711
-0.0197275825780908
0.0324301797098341
0.0141829854332495
0.0171076039719555
-0.00970526159950565
0.0452304139051689
0.0319169337249454
0.0486122059304195
0.179672075963192
0.0490286604088251
0.0285340827553094
0.0147998821606688
-0.0415249003645448
0.0127153846673649
0.0375268323457172
-0.0105641609474877
-0.0163063732642324
-0.0251644536107544
-0.0171640067469512
-0.000995145598252771
-0.0402328705115846
0.00197602736483033
0.0395913960274042
-0.0150895285210074
-0.00529311871709628
-0.0617746679437591
-0.00926856026553105
0.0147741846255745
-0.0347035935681242
0.0288059744175573
0.0176033139120069
0.0361043706319211
0.0524172910643325
0.0293726957570501
0.0613017578340221
0.0992457296811557
