# predict_model; Vecm
# max_attributes; 15
# description; Stock and Watson 2012: US indicators;;;;;;;;;;;;;;;;;;;;;;;;;;;;;;;;;;;;;;;;;;;;;;;;;;;;;;;;;;;;;;;;;;;;;;;;;;;;;;;;;;;;;;;;;;;;;;;;;;;;;;;;;;
# number_predictions; 100
# predict; GDP254
# lag_parameter; 4
# horizon; 1
# name_prefix; us_data_stock_watson_2012;;;;;;;;;;;;;;;;;;;;;;;;;;;;;;;;;;;;;;;;;;;;;;;;;;;;;;;;;;;;;;;;;;;;;;;;;;;;;;;;;;;;;;;;;;;;;;;;;;;;;;;;;;
# method; Hits_te_(n_components=15)
# prediction_type; rolling
"V1"
0.00539009333458707
0.0100074764077441
0.0052852664738352
0.00583422567848385
0.00339150920624248
0.00466842576360597
0.00920308640412639
0.00521373788158738
0.00541680360604076
0.0114091983436529
0.00731401262162337
-0.000563783297906845
0.00548994211611286
0.0093015939856968
-0.00213854181175833
0.00667192758624433
0.00641011010063946
0.00219424343787626
0.00942585123166831
0.00875621705988359
0.0120305422759517
0.00207175077543854
-0.00034682914344646
0.00801324641657689
0.010927785860611
0.00457891896574563
0.000428022337745651
0.00280256401427223
-0.00709519886653939
-0.0020471997757871
0.00574176394898469
-0.000746787981497379
-0.00430853701705312
0.00958916845510357
-0.000908708037355803
0.00649187791637616
0.0101915335591918
0.00260154041165709
0.00757681401379199
0.00801759400424383
0.00587479316078463
0.00394338571371529
0.00471403962264692
0.00819464202743612
0.0115433496837762
0.00493201329745851
0.00502567643304149
0.00513556496518622
0.0015899522901775
0.00557827629228997
0.00434212958576873
0.00552645921166174
0.00467218420683193
0.00476895983811618
0.00484635140973978
0.00470400970357583
0.0109350240805461
0.00981468579867205
0.00932986290371183
0.00979568174234707
0.00967366343929677
0.00829259002404205
0.00620532518140356
0.0138033530130109
0.0124170362294044
0.0129960885563667
0.00707199647270956
0.00901224413280241
0.0122780311013999
0.0087789166137542
0.00192256860511386
-0.00245095025557222
0.00918712216218067
0.0165823440145031
0.0102319592266874
0.00100507406482041
0.00844571945003863
0.00915684471649887
0.0111739180252236
0.0142605108798048
0.0179895691155359
0.00490711867826591
0.0115430567776993
0.00947476319045564
0.00573187393356835
0.015177341401954
0.00589557518597388
0.0163225459875964
0.0102875617131533
0.0125153603045238
0.0157761655641552
0.00878154785314166
0.00959110358208374
0.0138362577932221
0.0073657875672255
0.00698323942643067
-0.0014350611466992
0.00846399830465203
-0.00235119923175785
0.00554222748716744
