# predict_model; Vecm
# max_attributes; 15
# description; Stock and Watson 2012: US indicators;;;;;;;;;;;;;;;;;;;;;;;;;;;;;;;;;;;;;;;;;;;;;;;;;;;;;;;;;;;;;;;;;;;;;;;;;;;;;;;;;;;;;;;;;;;;;;;;;;;;;;;;;;
# number_predictions; 100
# predict; MSONDQ
# lag_parameter; 4
# horizon; 1
# name_prefix; us_data_stock_watson_2012;;;;;;;;;;;;;;;;;;;;;;;;;;;;;;;;;;;;;;;;;;;;;;;;;;;;;;;;;;;;;;;;;;;;;;;;;;;;;;;;;;;;;;;;;;;;;;;;;;;;;;;;;;
# method; Hits_te_(n_components=6)
# prediction_type; rolling
"V1"
0.0327560634550449
0.0190287658148867
0.0330010609340056
-0.0131907394218127
0.00744287256204749
-0.00674829566036134
0.0318109658706026
-0.0156246123287612
0.00911525418180575
0.0124846804329214
0.000267802162846958
0.00750043674265502
0.0243873686523892
0.010799022955551
0.0326407391085123
0.0119953554440595
0.0254515661358569
0.0015274946866356
0.0175903795171975
-0.014507502900296
0.048813280956344
-0.023849836953433
-0.00890040044183774
-0.0157895112275197
0.00654989876055194
-0.00521750626993146
-0.0156525893902207
0.021756923205627
-0.0117544670225978
-0.0169272260606773
-0.0135739365265908
-0.0419004147222797
0.0221737545502767
0.00146698693385496
-0.0299293313593956
0.0346750218561841
-0.0180848894708429
-0.012847227149405
-0.0215694552860469
0.0256173066187686
0.0108704447602886
0.00323002573528675
-0.0249157182216443
0.0297664085640335
0.035205848662535
-0.00806304466882448
0.0172821025477701
0.0341730512757206
0.0013937455146488
0.00680980839011998
-0.00634030012729216
-0.00772543771859562
0.0081821533971154
-0.004124035721587
-0.00836932718614458
0.0405084125133013
0.0517517215181299
0.0244427145315213
0.0405854720957351
0.0259163039017293
-0.00138879516416569
0.0132737480612808
-0.0178554893248161
0.00585541550797071
0.0457552326558693
0.03636682282662
0.00649267715296576
0.00524911054843122
0.0163958272632921
-0.0230129692183914
-0.0917202526067132
-0.0323303529453658
-0.0417370166634782
-0.00931537021828894
0.00923542521131044
-0.00075280884538443
-0.0209699199933881
0.00336502146125046
0.0244862797873893
0.0686938767778184
-0.0126767320965962
0.0258916503116791
0.00814720167754929
0.00276629417161495
0.035246319288494
0.00472027542605863
-0.000113964176040348
-0.0196135066729715
0.0406249182533851
0.0661888252345365
-0.0138097826308768
0.0191536459274722
0.0532718541136839
0.00844756001825463
-0.0133651196647946
0.0109019811754017
0.00064790668267107
-0.025040957002662
-0.0453254461282816
-0.0706890374883074
