# predict_model; Vecm
# name_prefix; us_data_stock_watson_2012;;;;;;;;;;;;;;;;;;;;;;;;;;;;;;;;;;;;;;;;;;;;;;;;;;;;;;;;;;;;;;;;;;;;;;;;;;;;;;;;;;;;;;;;;;;;;;;;;;;;;;;;;;
# description; Stock and Watson 2012: US indicators;;;;;;;;;;;;;;;;;;;;;;;;;;;;;;;;;;;;;;;;;;;;;;;;;;;;;;;;;;;;;;;;;;;;;;;;;;;;;;;;;;;;;;;;;;;;;;;;;;;;;;;;;;
# lag_parameter;4
# number_predictions;100
# horizon;1
# max_attributes;15
# predict;MOCMQ
# prediction_type;rolling
# method; Part-GFS_granger_graph(n_components=11)
"V1"
0.0340280438693871
0.111818576912976
0.00567632151792557
-0.0445423256709892
0.0285881453139447
-0.00748176071901901
0.0124103400695344
0.0442173587645603
-0.0112413327011132
-0.00677566133192163
-0.00795175520978237
-0.0480967846113836
0.0379442299974945
-0.0108540730466109
0.0437412802950782
-0.000816239428207309
-0.00598959502224259
0.00145144684515775
0.00550260028030797
0.0106954117697502
0.0415251612369312
-0.0135289639887866
0.00403996818249764
0.068125226014684
-0.0163627357916518
-0.0247772219742992
-0.0575502457944332
-0.00957735760831837
0.0364357996020771
-0.0216622972889031
-0.01470455370967
-0.00103292912365216
-0.0211885345143677
0.0533575544926817
0.00443907837994802
0.0082820319891687
0.0527372874945859
0.0142013528486542
0.00835761647563418
0.0132521121436408
0.0248975717195824
0.00691765837198635
0.0211208046748147
0.0259460010752589
0.00591153874178654
0.00230156483030606
-0.00527248481542567
-0.00225971678033139
0.0152506206843787
-0.0065915529768124
0.046971429337286
0.0267210794464842
0.0545544687938681
0.00208452877620504
-0.0238620865256027
0.0458588785987469
0.0204918784912035
0.0203821391234802
0.0127396090061829
0.0188556677144735
-0.0236551231759672
0.0157336311320834
0.0481984498945446
0.0258701315054848
0.0223092022720405
-0.00634185928694241
-0.0185305111968006
0.0164373166100775
-0.019367125165065
0.00310004993020067
-0.00783140194793479
0.0175989594393586
-0.0650941886431972
0.00554442988251924
-0.0267158206787091
0.0167514591347697
0.00957750007088386
0.0106143589104203
0.00343277135404279
-0.00508684381872263
0.0321646171005147
0.000833226935348672
-0.0105204567428586
-0.00933255293935819
-0.00222334024596036
-0.000877526654690779
0.0253861263447234
0.00743075745900437
0.00636138305046041
0.0197574748892748
-0.0114931682645518
-0.0152462445778144
0.0157432603408582
0.0164370472556369
-0.0239766805207158
-0.0269452800951234
-0.0068986415280979
-0.0272233025818404
-0.0240192424135586
-0.0301633775594721
