# predict_model; Vecm
# name_prefix; us_data_stock_watson_2012;;;;;;;;;;;;;;;;;;;;;;;;;;;;;;;;;;;;;;;;;;;;;;;;;;;;;;;;;;;;;;;;;;;;;;;;;;;;;;;;;;;;;;;;;;;;;;;;;;;;;;;;;;
# description; Stock and Watson 2012: US indicators;;;;;;;;;;;;;;;;;;;;;;;;;;;;;;;;;;;;;;;;;;;;;;;;;;;;;;;;;;;;;;;;;;;;;;;;;;;;;;;;;;;;;;;;;;;;;;;;;;;;;;;;;;
# lag_parameter;4
# number_predictions;100
# horizon;1
# max_attributes;15
# predict;IPS34
# prediction_type;rolling
# method; Part-GFS_te(n_components=7)
"V1"
0.0142339293585529
-0.0036894745095286
0.0142402226988367
-0.00309731841232667
-0.00102997917253518
0.00460180780899722
0.00733639559682147
0.00859237623879967
-0.00317009472978315
0.00862277612129161
0.00814296164537917
-0.00786616990233512
0.0028231747434844
0.000592892400538817
0.00490193259837161
0.00666793787687842
0.00713987880895446
-0.00313404309793533
0.00973558077608575
0.00361789072725081
0.00779079545052405
0.00030542444514934
-0.00902933393569175
-0.00155256986259005
0.0028972580627329
0.0033614825399048
0.00326071054183645
-0.00345735138232675
0.000494987595938957
0.00222448944372958
-0.0116904629095754
-0.00386531964919874
0.0147827249138894
0.0121889257955056
0.0135525384910391
-0.00354296065800349
0.00166396161224625
0.011147100053553
0.00853308310089714
0.0111694143574327
0.0137830309068966
0.0115311178655089
0.0079724521266092
0.0105934548470991
0.0104919814025351
0.00258055588784486
0.00678717914622886
0.0134001964204824
0.00399760245681195
0.0161554603243959
0.0238126023623627
0.020155284943013
0.0238072231818381
0.0210400618156164
0.0273104260212586
0.0266569409605624
0.0157591385799272
0.0287216688391977
0.0221558009957594
0.018356446497631
0.00876123716485766
0.0133766047460846
0.015985917094266
0.0400779664015144
0.0364428743742622
0.0148803823180017
0.022179728376089
0.0220794337696184
0.0228013751011793
-0.0148586085895392
-0.0282528628671569
-0.0290210469692971
-0.0344483614433138
0.0328994270441011
0.00761321293501389
0.00468670927529424
-0.00932695025263614
-0.00102804408676988
0.00216719842249757
0.0377933163724568
0.0105661563050773
0.02361808892697
0.0218342328785177
0.00390514406675246
0.00916064755799332
0.00588912215342496
0.00485023928471004
0.00433063997134056
0.0104054525446337
0.0334768030547956
0.0105021766678554
0.0071285736563573
-0.00341298934140887
0.00351404802451039
0.0063594299335644
0.0157447532434592
0.000382980199768339
-0.00777783481743821
7.56869945830206e-05
-0.00856823787878588
