# predict_model; Vecm
# max_attributes; 15
# description; Stock and Watson 2012: US indicators;;;;;;;;;;;;;;;;;;;;;;;;;;;;;;;;;;;;;;;;;;;;;;;;;;;;;;;;;;;;;;;;;;;;;;;;;;;;;;;;;;;;;;;;;;;;;;;;;;;;;;;;;;
# number_predictions; 100
# predict; CES006
# lag_parameter; 4
# horizon; 1
# name_prefix; us_data_stock_watson_2012;;;;;;;;;;;;;;;;;;;;;;;;;;;;;;;;;;;;;;;;;;;;;;;;;;;;;;;;;;;;;;;;;;;;;;;;;;;;;;;;;;;;;;;;;;;;;;;;;;;;;;;;;;
# method; Hits_granger__graph(n_components=8)
# prediction_type; rolling
"V1"
0.00500408058264717
-0.0486878798696523
-0.0996968581198174
-0.0627284674841678
-0.0553387886332985
0.0337233199449811
-0.133340729495498
-0.0478833101148552
0.00706544304960402
-0.0206214575675356
-0.0111175612375475
-0.11000490375413
-0.0640056600791853
0.140882900568082
0.022801629187906
-0.0357415349371157
0.0338660759553221
0.0378250206041277
-0.0410639866165211
-0.00580456963588226
-0.0385154948429741
0.0123708262128661
-0.00711619276487784
-0.0682720454669732
0.000514912830132269
0.0183735811062237
0.0160617616365684
0.00588074399727369
0.0148233277519348
0.0149628832923887
-0.0257911408560061
-0.0718562348983792
-0.0475318580670488
0.0110918088741078
-0.0378724199769957
-0.0637886438165843
-0.0508238571485073
0.00489824375868435
0.0159841371408255
-0.0965557799832183
-0.00431246108762061
-0.02656213982929
0.0411135666995826
0.0337429074585758
0.0202106261382619
0.00706789013969139
-0.0303624242947403
-0.0497582268124315
-0.00211190506454139
0.000313210317410352
0.048124174886155
0.0396278404940783
-0.0370899262626574
-0.0140564586467081
0.026936706509851
-0.0290263891144859
0.0391688720721477
-0.00899178838523592
-0.035331077903479
0.0385659095896535
-0.00895037076286243
-0.0174219557072438
-0.00256287567385635
0.0255141184390217
0.023266313992275
0.0187642266527336
-0.0444625811235313
-0.00248007027859542
-0.00984773547281394
-0.0540968778403814
0.0651801859719254
-0.0237316992731647
0.0207184042115877
0.0166033404568636
0.0264792461570054
-0.0286569243396859
-0.0102514813023518
0.0307098738776494
-0.0257064384754806
0.00679117787490674
0.0113055214095578
0.0188656012756001
0.057843407411356
0.0294160511818468
-0.005475367888813
0.0213145723616574
0.0102127552136978
0.013326410869784
0.00233957538794083
0.012519088787496
0.0229335242949079
0.0355669028560642
0.00812923963233754
0.00196068235212741
0.0260346335259546
0.0407034156883384
0.0182965992477871
0.0274501323014899
0.0157346302288979
0.0183453332520724
