# predict_model; Vecm
# name_prefix; us_data_stock_watson_2012;;;;;;;;;;;;;;;;;;;;;;;;;;;;;;;;;;;;;;;;;;;;;;;;;;;;;;;;;;;;;;;;;;;;;;;;;;;;;;;;;;;;;;;;;;;;;;;;;;;;;;;;;;
# description; Stock and Watson 2012: US indicators;;;;;;;;;;;;;;;;;;;;;;;;;;;;;;;;;;;;;;;;;;;;;;;;;;;;;;;;;;;;;;;;;;;;;;;;;;;;;;;;;;;;;;;;;;;;;;;;;;;;;;;;;;
# lag_parameter;4
# number_predictions;100
# horizon;1
# max_attributes;15
# predict;GDP285A
# prediction_type;rolling
# method; FCBF(n_components=5)
"V1"
0.00860502266769179
0.0477846080561287
0.00273599863667233
-0.015753841629433
0.000473490761183896
-0.0103380514562872
-0.00467020000053784
0.00783375044016746
0.00718900977354453
0.0109035030746741
-0.0135958699688758
0.0151089908665706
-0.0133075537288437
0.0249626927329474
0.0106087947814112
0.0134334957280666
0.0102177160317767
0.00965436876871376
0.000174439987921763
0.0037309849511765
-0.00710285257234302
0.000686994806100275
0.0117566052195769
-0.0104684220903334
0.00919242670237298
0.0094384176275939
-0.000663889207052039
0.0255027478043424
0.0149536727142949
-0.052172960980626
0.0240493407174744
-0.0549872352955137
-0.0163157806630441
0.0253756006230157
-0.000717280766150188
-0.00955094864428683
-0.0072610752118622
-0.00117207788737552
0.00568519493545744
-0.0168881407480908
0.00547686539143409
-0.0183289474121481
0.00956006852420411
0.0210862427660547
0.0125151824550661
-0.00623252165465113
0.0130149306633141
0.0105860613291064
-0.00221428680935228
-0.018593631855807
-0.00759644833106409
0.00458184005165119
-0.00807790171706987
-0.0126871248379434
-0.00854981125227598
0.00669796015491377
-0.0129186098101754
0.0127410648112164
-0.0167444146606989
-0.0177605897012428
0.00595079373299162
-0.0244422355127821
0.00754392003447235
-0.00465949744928626
0.00852302846086372
0.0306638624046251
-0.0129425250657608
0.00968696805716951
-0.0205984743210971
-0.0132076318792409
0.0159245125626258
0.013602104825319
-0.0222517695795797
0.0325793685391316
0.00876147118271308
-0.000692632685548273
-0.0103520618271113
0.00548557492984932
-0.0133364285689901
0.0263596646140033
0.0109182727708124
0.0114648992631059
0.0274266778440326
-0.00718704805323038
0.0159277062157523
0.0114274829025819
0.0128430269852704
0.00986416832389818
0.000455058329620407
0.00537779367629323
0.0255023659324945
0.0181053530297114
0.0261643553983957
0.0130793759136153
0.00806114282493872
0.0122200002514795
0.011112053483899
0.013068754602668
0.0432441487261125
0.0344737178965494
