# predict_model; Vecm
# name_prefix; us_data_stock_watson_2012;;;;;;;;;;;;;;;;;;;;;;;;;;;;;;;;;;;;;;;;;;;;;;;;;;;;;;;;;;;;;;;;;;;;;;;;;;;;;;;;;;;;;;;;;;;;;;;;;;;;;;;;;;
# description; Stock and Watson 2012: US indicators;;;;;;;;;;;;;;;;;;;;;;;;;;;;;;;;;;;;;;;;;;;;;;;;;;;;;;;;;;;;;;;;;;;;;;;;;;;;;;;;;;;;;;;;;;;;;;;;;;;;;;;;;;
# lag_parameter;4
# number_predictions;100
# horizon;1
# max_attributes;15
# predict;LHU15
# prediction_type;rolling
# method; Part-GFS_te(n_components=11)
"V1"
-0.157779644897337
-0.132356861425885
-0.0353956600713831
-0.0325779189008687
-0.0170621165732387
-0.0173924116378379
-0.005392769024815
-0.0132063971130022
-0.0123145498296352
-0.0182210402427173
0.000648083330932857
0.00452513046407475
-0.0296204485091593
-0.0104028044506092
-0.0280289585919387
-0.0480201243248475
-0.0241084730292953
-0.00755577121217857
-0.0169945970364299
0.00717372067198577
-0.0297736179053281
-0.024690526498208
0.00957875997083456
0.0191880545041601
0.000648381240182226
-0.0163079601472086
0.0355458380944959
0.0562239559317723
0.0702276956655753
0.0531674275621015
0.0544598463833232
0.0103551190902363
0.0503846185952068
0.097983092454387
0.0646832369820272
0.0251111787637142
-0.00592855882643299
-0.0748419134156336
-0.0351713938550636
-0.0085744995262154
-0.00662611821653509
-0.0264117241322692
-0.0104517680290256
-0.0103549061022164
-0.0481246904118866
-0.0417607587048393
0.0354731452540189
-0.0228800839395311
-0.0271973860052989
0.0228851268995708
0.0108494412667919
-0.0476750132921043
-0.0205528154360948
-0.0244418493992522
0.0197459867495083
-0.0333032464899593
-0.0306033230915748
-0.0106240392622931
-0.0657344797792869
0.0326582874967688
-0.0227112941277323
-0.0416153828433441
0.030742680786952
0.00249451987837167
-0.0311064049698942
-0.0318869757936618
0.0061954615296325
0.00380742058071561
-0.0130880523187779
0.0516497441498335
0.0432695205449656
0.0569207715532487
0.116431048708594
0.0555249993200786
0.0521552699855103
0.0123632691442933
0.0426700005774765
-0.0198852504725136
0.0728830752607352
0.0245055029659481
0.00453923400592459
-0.0560555727769611
-0.0321949471973105
-0.0181483464858147
0.00328101075316061
-0.0450150669436836
-0.059293476268799
-0.0576383391079198
0.029843727217717
0.0123384729255722
-0.0269679069120263
0.0239256701786606
-0.0614298322135505
0.00291002022505479
0.0431404942189292
0.00867157407045584
0.0222330271096142
-0.00267359800069969
0.06187472491696
0.129066104354898
