# predict_model; Vecm
# max_attributes; 15
# description; Stock and Watson 2012: US indicators;;;;;;;;;;;;;;;;;;;;;;;;;;;;;;;;;;;;;;;;;;;;;;;;;;;;;;;;;;;;;;;;;;;;;;;;;;;;;;;;;;;;;;;;;;;;;;;;;;;;;;;;;;
# number_predictions; 100
# predict; FYGM3
# lag_parameter; 4
# horizon; 1
# name_prefix; us_data_stock_watson_2012;;;;;;;;;;;;;;;;;;;;;;;;;;;;;;;;;;;;;;;;;;;;;;;;;;;;;;;;;;;;;;;;;;;;;;;;;;;;;;;;;;;;;;;;;;;;;;;;;;;;;;;;;;
# method; Hits_granger__graph(n_components=7)
# prediction_type; rolling
"V1"
0.0212711145609806
0.0230175686422704
0.00338705448327345
-0.00019625419772987
-0.0703917785940692
-0.0246408595686194
-0.0559701590085538
0.00200187349120064
-0.0887357756896535
-0.00717533430635733
-0.0433693153986693
-0.0343767875306299
-0.00377498094784452
0.00344969569091593
-0.0439741874315048
0.048800077480966
-0.0240322891706882
0.000579058961917268
-0.0348566273516357
0.00356755013090796
-0.0538608266640772
-0.0378613856502555
-0.0510045931475517
-0.0272417221876583
-0.0351355932859236
0.0139764080967904
-0.013108813148343
-0.087372637863128
-0.0330584835153961
-0.156007234876452
0.0266986661366462
-0.105025029831618
-0.0319479336846463
0.00718226353530267
0.00804359089378638
-0.013463364574349
0.0115746792101333
0.0179801516006348
0.0029105025783969
0.036405661481192
-0.0050130299337404
0.0506656666968317
-0.0221904987093206
-0.00589014431051283
0.106073005853491
-0.0299368057370466
-0.0367016300282826
0.0693771413663645
0.0295339494366315
-0.0292535827992165
0.0181853695441154
0.0250441968810214
0.0163274098057939
0.0197357081353945
-0.0313050730026233
0.0557444826698692
0.00110012297625263
-0.0206960698255
-0.0598357388266868
-0.0162893535495377
0.0249857883183817
0.0923318351087852
-0.0295321373136664
-0.00292776150160511
0.0343308786839779
0.0263485091752318
-0.0160834144452233
-0.0566313231075661
-0.0164649977306498
-0.0372715795031895
-0.0167628820364248
-0.0488832037228616
-0.0858886157947392
-0.0270810714540366
0.0268709026397086
-0.0359801096868816
-0.0297172527172132
0.0332768956364131
-0.0510440964206068
-0.0470838245539883
0.0490277090027297
0.0392104887647554
0.0413123121652924
0.0531345677368188
0.00480948687298126
0.0423925781947385
0.0206946747438646
0.0702938732513077
0.0119580487047869
0.0367389314416398
0.0206047537523958
0.0357538436945956
0.0227886220728946
0.00536933886464765
0.00017754027685836
-0.0121994445303359
-0.0488749496998142
-0.0472307721894449
-0.0603277738467782
-0.0615783544446558
