# predict_model; Vecm
# max_attributes; 15
# description; Stock and Watson 2012: US indicators;;;;;;;;;;;;;;;;;;;;;;;;;;;;;;;;;;;;;;;;;;;;;;;;;;;;;;;;;;;;;;;;;;;;;;;;;;;;;;;;;;;;;;;;;;;;;;;;;;;;;;;;;;
# number_predictions; 100
# predict; PMP
# lag_parameter; 4
# horizon; 1
# name_prefix; us_data_stock_watson_2012;;;;;;;;;;;;;;;;;;;;;;;;;;;;;;;;;;;;;;;;;;;;;;;;;;;;;;;;;;;;;;;;;;;;;;;;;;;;;;;;;;;;;;;;;;;;;;;;;;;;;;;;;;
# method; Hits_te_(n_components=1)
# prediction_type; rolling
"V1"
-0.148677536062083
0.0430054241209051
0.0199968866094487
-0.189611926414569
0.0406488557784546
0.213401373473135
0.110918413840472
0.0540887363350211
-0.058585968305426
0.0245704273190542
0.010674633615614
-0.0341029481187682
-0.0533170575980046
-0.0378118743397625
-0.0766425944526119
-0.0477118616619732
-0.0526998691147148
0.0259590022498341
0.00373434087412591
0.0100084035966124
0.0669828742687879
-0.036033899518585
0.0379373046844052
0.0020135853452341
0.0837416607271915
0.0162783495686926
-0.0977408503355312
-0.0425037616115464
-0.0449491881240121
0.0494227503002202
-0.0139734714440745
0.0184611263541878
0.0525938777461772
0.0298101501372949
-0.100864733880598
-0.00389672278553987
0.0445807962034738
-0.00969443080341585
0.00617304256814265
0.0890129038460796
0.0425460657720269
-0.00995425990584819
0.00563333772190979
-0.0410068625344424
0.0048898368557787
-0.071803379075585
0.0549715783472045
0.0807318218786595
0.0662793367318691
0.0242555090773571
-0.0295664925510159
-0.0251374033448485
0.00750849834914634
-0.0491246564706894
0.00103878992463533
0.00443805009779417
-0.0108431951368514
0.106790988979841
-0.0427645271521744
-0.00831601902611951
0.0251493752680037
0.0164611645668453
-0.060401640345467
-0.0100373775978664
0.0109207902679551
0.00364649334366511
-0.0417066634451374
-0.0171015843845914
0.019616398589354
0.0875162270543264
-0.00440286246059035
-0.0625536047052378
0.0358583755295508
0.0756876097898255
-0.0812463600968933
0.0536371129042649
-0.00541184387696155
-0.0848506201232052
0.00584283162079019
0.0407681363753418
0.0154515541914072
0.0079827349984722
-0.000656033648384788
-0.0844868212169272
-0.0121831211665122
0.000560946230908803
0.00148645549241176
0.0630478563138596
-0.0241457199981908
-0.00914397651652846
-0.140804159430959
-0.113767841884182
-0.0228865648380241
0.0853025328992262
0.0698087945926205
-0.00506747252869767
-0.0437863043207768
-0.0380407300018396
0.0362685826591007
0.000298157603559713
