# predict_model; Vecm
# name_prefix; us_data_stock_watson_2012;;;;;;;;;;;;;;;;;;;;;;;;;;;;;;;;;;;;;;;;;;;;;;;;;;;;;;;;;;;;;;;;;;;;;;;;;;;;;;;;;;;;;;;;;;;;;;;;;;;;;;;;;;
# description; Stock and Watson 2012: US indicators;;;;;;;;;;;;;;;;;;;;;;;;;;;;;;;;;;;;;;;;;;;;;;;;;;;;;;;;;;;;;;;;;;;;;;;;;;;;;;;;;;;;;;;;;;;;;;;;;;;;;;;;;;
# lag_parameter;4
# number_predictions;100
# horizon;1
# max_attributes;15
# predict;FM1
# prediction_type;rolling
# method; Part-GFS_te(n_components=7)
"V1"
0.0097157724565432
0.00831621371501298
0.00526215773109711
0.00579402177714887
0.00689711907356387
0.0063415835490024
0.00773697318297684
0.0129460183518811
0.0132465345714762
0.0123549235742972
0.0130783504055956
0.0181220549467679
0.0192028294014027
0.0165060255700524
0.0127337208655942
0.00121592152632033
0.00543140646078546
0.00916884182953977
0.00563479087659905
0.00982440576749214
0.00422390045473152
-0.00171229993779637
-0.00539038823117993
1.93553153957847e-05
0.0094888782098495
0.00249672088867216
0.00811957214363328
0.00678960641745096
0.00239219516141475
0.00844028324319121
0.0120273359378
0.0120987839841867
0.0152904890799778
0.0245084368982396
0.0175307510755446
0.0212792964185698
0.0245803946694463
0.0184562334505066
0.0192598991103102
0.0217495454925438
0.0182816263321313
0.0165549459248432
0.00261419516172294
0.00524231832512272
0.0016892728680884
0.00213623167833369
0.00182876106924965
-0.00453050224119778
-0.00484650761151539
-0.0106687008882898
-0.00848353989213319
-0.00869819527116571
-0.0111144189693427
-0.0115506711755424
-0.00930357822553638
0.00247199139620335
0.000862328629292765
0.00886143508711585
0.00178781820192123
-0.000876163830047524
0.00678808715722458
0.00347533785446145
-2.95551003344867e-05
-0.00339486413050025
0.00977142473185218
0.00210774690112162
-0.0022794109099008
0.00260304488797627
-0.00333082442074321
0.00855668563045764
0.0152025579769912
0.0261868454384045
0.0160877163640639
-0.00107234119844212
-0.000341123888406623
0.000637740162449898
0.0146076508415433
0.0109186215011634
0.0215958689283601
0.0168383100460554
0.00597608551949248
0.0117125866200184
0.0165185338916165
0.0141850417263553
0.0134442498845864
-0.000499505851844404
-0.00189429954834818
0.00746991472310202
-0.00976999313814696
0.00579801392111483
0.00544325300322313
-0.00751915685052393
0.00208094084276709
0.0025597670925305
-0.00123461977638968
-0.00553772557813343
0.00153509124230991
0.00443285216419296
0.00030716053167222
0.0212613507959718
