# predict_model; Vecm
# max_attributes; 15
# description; Stock and Watson 2012: US indicators;;;;;;;;;;;;;;;;;;;;;;;;;;;;;;;;;;;;;;;;;;;;;;;;;;;;;;;;;;;;;;;;;;;;;;;;;;;;;;;;;;;;;;;;;;;;;;;;;;;;;;;;;;
# number_predictions; 100
# predict; IPS10
# lag_parameter; 4
# horizon; 1
# name_prefix; us_data_stock_watson_2012;;;;;;;;;;;;;;;;;;;;;;;;;;;;;;;;;;;;;;;;;;;;;;;;;;;;;;;;;;;;;;;;;;;;;;;;;;;;;;;;;;;;;;;;;;;;;;;;;;;;;;;;;;
# method; Hits_te_(n_components=5)
# prediction_type; rolling
"V1"
0.016592452048585
0.0226257094018538
0.0066293987152712
0.00463044367340847
0.00735880267812503
-0.000434421838031828
-0.000103286534895129
0.00133025130310327
-0.00179725425265652
0.0133675371227973
-0.00542060005834503
-0.00182809816333216
0.00577131102766396
0.0082944247965134
0.00743291905022961
0.016337405020823
0.0201676618297707
0.00815296004817498
0.012355196988475
-7.55518033973609e-05
0.011779479097616
-0.00123136928156481
-0.0020629612157675
-0.00600600189126084
0.00490051347616889
0.00485770597719978
6.56697825019958e-05
0.00625932557826851
-0.0133159611959249
-0.00905629501286362
0.00670972075162953
0.00725507932888927
0.00377599468225833
-0.00398877515902142
0.0152013946349024
0.00504429907991885
0.00788992360052849
0.00763972320942606
0.00179924557092125
0.00354053398409829
0.0162500916126683
0.00518819151270507
0.0147939798428122
0.0123584001644076
0.0146059579762557
0.0104310947200387
0.00637677585476893
0.00957629958655212
0.00752528807964191
0.00261592918398912
0.0246630750271026
0.0106026932882646
0.00945769995747874
0.0212082939261573
0.014474039285897
0.0254988789806242
0.0272247180571709
0.0183794500170967
0.00386869665795861
0.00943775590014992
0.0190295980312808
0.0049082686508613
0.0128482119427373
0.00958064480888319
0.0206065699043361
0.017843898102501
0.0112070486724605
0.00499416287457883
-0.00251036530645218
-0.0116827010962545
-0.0169203066681643
-0.0208479219228576
-0.0129759966811994
0.00243422157943815
0.0146773015933236
0.0079642038055641
-7.61433414497726e-05
0.0051847264684818
-0.00560471792827319
0.00733841674934568
0.00688946534712772
0.00715809742698094
0.00473054906280515
0.00285450178811334
0.0151704122118349
0.0169593242401909
0.00845567695949117
0.000979533785757113
0.00513678959573506
0.00875013273181854
0.00288390065655488
0.00518951084316556
-0.00176455860045895
0.00668788067386254
0.00801791203955264
0.00294639718967237
0.00260394040148511
-0.00114495518145296
-0.0108129131211993
-0.0268237796642044
