# predict_model; Vecm
# name_prefix; us_data_stock_watson_2012;;;;;;;;;;;;;;;;;;;;;;;;;;;;;;;;;;;;;;;;;;;;;;;;;;;;;;;;;;;;;;;;;;;;;;;;;;;;;;;;;;;;;;;;;;;;;;;;;;;;;;;;;;
# description; Stock and Watson 2012: US indicators;;;;;;;;;;;;;;;;;;;;;;;;;;;;;;;;;;;;;;;;;;;;;;;;;;;;;;;;;;;;;;;;;;;;;;;;;;;;;;;;;;;;;;;;;;;;;;;;;;;;;;;;;;
# lag_parameter;4
# number_predictions;100
# horizon;1
# max_attributes;15
# predict;HSMW
# prediction_type;rolling
# method; Part-GFS_granger_graph(n_components=6)
"V1"
-0.162242191940461
-0.127119189409927
-0.0212573815951263
-0.0907471007053796
0.101252690658725
0.0781194264681515
-0.0154616071370823
0.162832942522486
-0.0899561263267695
0.0997222145511262
0.0865619023866374
0.0336280512339228
0.149798475691199
-0.0455108608501474
-0.0432858338321006
-0.0157626386181338
-0.178365827675625
-0.0261569564703585
0.00634612001369673
0.0956340304333944
-0.0500683246933058
-0.028617762642075
0.0506807802663886
-0.0618373167344991
0.0596233989627002
0.0312051258306659
-0.00982142516081643
-0.136259772582041
-0.0138657200604715
-0.0118993542032038
0.0952914852772894
0.0560390577775222
0.024277352754618
0.0178442219472524
-0.066737721483108
-0.0274765545612408
0.0362045368697928
0.058761003757678
-0.022128809385721
0.00508634310248164
-0.039620881600431
0.135469763872206
-0.0866794540570595
0.081602700739092
-0.110917152196964
0.0235047979851283
-0.0140278513398746
0.00341387521735405
0.0560212310680073
-0.00245220549788192
-0.0103798509599291
-0.0637868174769717
-0.0362739764742
0.0439422351195825
-0.00772088728350056
-0.000161936806029157
0.00478960812000542
0.0282810103725928
0.0465255942112825
0.0739674853151565
-0.0599273099634916
0.0960033349451996
-0.0424559078196533
0.059648307895775
-0.0174514752984381
0.0270617123446887
-0.092433980872933
-0.0320518902015603
0.030140966451958
0.0511244800721626
0.00861244091123104
-0.00250112074458403
0.116310377080354
0.0694568185398953
0.128192854411866
-0.091862415656524
0.0399788875500877
-0.0134178192920302
-0.0268816858065593
-0.0850856447266987
-0.0560684752363283
-0.055452553535519
0.0566981908912708
0.000509522097942893
0.00262801659722397
0.00291699409251613
-0.017677253644288
-0.00117927340122588
0.0349340999078779
0.0297042202916002
-0.185580521617682
-0.0664517033526778
-0.0554603245425418
-0.0854912830232173
-0.0948176964521311
-0.0341064039862189
-0.041641626073001
-0.0509197912640933
-0.0665137707295492
-0.08292418803842
