# predict_model; Vecm
# name_prefix; us_data_stock_watson_2012;;;;;;;;;;;;;;;;;;;;;;;;;;;;;;;;;;;;;;;;;;;;;;;;;;;;;;;;;;;;;;;;;;;;;;;;;;;;;;;;;;;;;;;;;;;;;;;;;;;;;;;;;;
# description; Stock and Watson 2012: US indicators;;;;;;;;;;;;;;;;;;;;;;;;;;;;;;;;;;;;;;;;;;;;;;;;;;;;;;;;;;;;;;;;;;;;;;;;;;;;;;;;;;;;;;;;;;;;;;;;;;;;;;;;;;
# lag_parameter;4
# number_predictions;100
# horizon;1
# max_attributes;15
# predict;BUSLOANS
# prediction_type;rolling
# method; Part-GFS_granger_graph(n_components=2)
"V1"
0.00739607828853133
0.009171644864109
0.0115167349134083
0.00813398070857576
0.00792118248813617
0.0055549997862571
0.00631827192030727
0.00469035793005584
0.00500131383868879
0.0047459228244164
0.000368347527737651
0.00276465683001742
0.00803757343415495
0.00997557982738104
-0.00160422089500196
0.00976729168987617
0.0123973311297368
0.02024780001908
0.00261849244327152
0.00821753661894507
0.00154183100487499
0.00662690896993311
0.00642690686659203
0.00786122927775816
0.00247642491632597
0.00478471684044453
0.000914118871372561
0.00216815381018898
0.0018241001790804
-0.00498268491679617
-0.00625168003144173
-0.0037701470607804
-4.04914543734465e-05
-0.00580223700250833
-0.00165554166269149
-0.00396726417792256
-0.00298095610743685
-0.00336946577720512
-0.00298704644500831
-0.00179861995150691
-0.0011947328935941
-0.000257604403192753
0.00769129626029783
0.00975636557677384
0.00996360624706141
0.0139461230833235
0.00923882669219006
0.00940244345502723
0.00866166501519197
0.0081891232665532
0.0078999254111604
0.0127482158860987
0.00899992792658312
0.00626157991713205
0.0117447166205915
0.00930066778363159
0.00767282188731765
0.0154245929439963
0.00891082262470475
0.0145928230000622
0.0203620796938013
0.00556910885308511
0.0122348086883823
0.000697738313197294
0.0142200517625857
0.00954269151672225
0.0254060081586178
0.0142014422397322
0.019069387657362
0.00837154613252951
-0.00956518422658066
-0.00234274924797644
-0.0207166388812036
-0.0132391127376512
-0.0064524128594772
-0.00769169411841803
-0.01430978641297
-0.0103326881737557
-0.00662089423132198
-0.00206519327595472
-0.0125480526055105
-0.00874657202199208
-0.00558695442290197
0.0102006015269654
0.00533136489703667
0.0166429443175218
0.0183934668660813
0.0122263269122743
0.0144515353608293
0.0230885672452428
0.0318035847610682
0.0259101459830575
0.0127545955270538
0.0215526236816592
0.0254660716723007
0.0440147267388817
0.0547246517898924
0.0356129450780922
0.0190055638515074
0.0274440072751556
