# predict_model; Vecm
# name_prefix; us_data_stock_watson_2012;;;;;;;;;;;;;;;;;;;;;;;;;;;;;;;;;;;;;;;;;;;;;;;;;;;;;;;;;;;;;;;;;;;;;;;;;;;;;;;;;;;;;;;;;;;;;;;;;;;;;;;;;;
# description; Stock and Watson 2012: US indicators;;;;;;;;;;;;;;;;;;;;;;;;;;;;;;;;;;;;;;;;;;;;;;;;;;;;;;;;;;;;;;;;;;;;;;;;;;;;;;;;;;;;;;;;;;;;;;;;;;;;;;;;;;
# lag_parameter;4
# number_predictions;100
# horizon;1
# max_attributes;15
# predict;sFYAAAC
# prediction_type;rolling
# method; Part-GFS_granger_graph(n_components=10)
"V1"
0.02775420685294
-0.0233393850694265
-0.111084583530394
-0.0756306503790833
0.125587264282456
0.110691783672198
0.101161271533402
0.00940763303967582
-0.0136389353264625
0.0198051480136513
0.113865495922444
0.15588474476822
0.109554482918823
-0.0504382615339341
-0.0886608179785489
0.0334528595988575
0.0556982279603593
0.0389845036700272
-0.0736899285987921
-0.0941273039915678
-0.139606811248681
-0.0594137289899772
0.0478431926932889
0.0211471423109243
0.032101059164234
-0.0722795641358456
-0.00408290996805094
-0.0705073597591681
-0.0712364503107589
-0.0506168241500476
-0.0296581469243517
0.0248494867412795
0.00755921533387356
-0.0357982595269368
0.0894234081368867
0.0776050807297561
-0.0473364405520361
0.0825857748972464
0.00871161409297318
-0.0432874216194948
-0.0142378119852209
0.0592596409048236
-0.0589048004016054
-0.0801368661341888
-0.00792914032313034
-0.0186587312347946
0.0273949829860117
0.10989405071154
0.0684218424993331
0.0693619819570816
0.0421045164579697
0.0133315366557469
-0.00155967807190864
0.108934222058253
0.0691689295726464
0.0352342394305033
0.0388662920657658
-0.00688776593236421
0.0588247214054122
0.0903764857763441
0.0841000848771297
0.074496080775465
0.0595111225391948
0.109924875858398
-0.0609408116288789
0.078312359885699
0.00228387253050368
-0.0167509540312789
0.0481715118198442
0.114752142803311
0.0694301653993082
0.0952564871787932
-0.0729385216894957
-0.26281928982653
-0.0126045912683188
0.181652225520492
-0.033091407524187
-0.0297469837516383
-0.242641800099596
-0.0525772575711283
0.0408956747855239
-0.0487770914961251
0.0478950896122909
-0.0907409964619981
-0.108634186306537
-0.0220500933918994
0.0262281474183767
-0.0379097104389292
0.0179242091517964
-0.0252271557796229
-0.00783160411142586
-0.0261331359204884
-0.0370752448720672
0.0252746099428618
0.0084574714151613
0.12507866175342
0.0459612051537932
0.204662795641276
-0.0203969246010552
0.22493096043071
