# predict_model; Vecm
# max_attributes; 15
# description; Stock and Watson 2012: US indicators;;;;;;;;;;;;;;;;;;;;;;;;;;;;;;;;;;;;;;;;;;;;;;;;;;;;;;;;;;;;;;;;;;;;;;;;;;;;;;;;;;;;;;;;;;;;;;;;;;;;;;;;;;
# number_predictions; 100
# predict; CES151
# lag_parameter; 4
# horizon; 1
# name_prefix; us_data_stock_watson_2012;;;;;;;;;;;;;;;;;;;;;;;;;;;;;;;;;;;;;;;;;;;;;;;;;;;;;;;;;;;;;;;;;;;;;;;;;;;;;;;;;;;;;;;;;;;;;;;;;;;;;;;;;;
# method; Hits_te_(n_components=8)
# prediction_type; rolling
"V1"
0.137099161081195
0.0359440913863112
-0.0564925777356414
0.0501308151667865
-0.0252919457710253
-0.00460450957504748
0.02067182403267
0.0235191494475509
0.0846060159860486
0.0202117818451647
0.00463130907219246
0.0180104882995821
-0.0444620485360577
0.0157957990410132
0.124246737367222
-0.0350885914568533
0.0161326593616527
-0.00864288686649588
0.029434662446293
0.0692483601163498
-0.0424334430461297
-0.0751357288040475
-0.059421750586612
-0.0364414256984774
0.00838001686570137
0.095016380562699
-0.0938937206584011
-0.0768112290412414
-0.081515407727228
-0.00403008533667747
0.155939220966231
0.0145590167177411
0.0323806066072489
-0.00987779401397997
0.0416593208555209
0.00174241792839075
0.0672980528643511
-0.0417402496170625
0.035446119193052
-0.0443467921560892
0.159100049864255
0.150043498902642
-0.0236240108318265
0.0982554780469501
0.0384750539072744
-0.0670858226714341
-0.130882627250759
-0.0525674398254653
-0.0340452332093367
-0.0221281590016877
0.0435147891565783
0.0448354744029902
0.0875268123469221
0.102488355942704
0.00839933747473502
-0.0424802057310059
0.0954535012406138
-0.148508282261307
0.023277745781065
-0.0639302111322176
-0.0434268886843521
0.0831849585410158
-0.0467709911423295
0.0168565839466742
-0.0146997547856163
0.0433947887325422
-0.0358899966029792
-0.100519540570904
-0.0508714875703539
-0.140919502245845
-0.0454176967690066
-0.060042361994598
-0.101135989806951
0.0648704888285349
0.0901595453876122
0.0559367404426963
-0.0762842494876119
-0.143940252388866
-0.00695774375829323
0.0182012686409208
0.11100045986151
0.0773772586777969
0.0160946509658975
-0.0755962552053524
-0.101031913034736
0.0208960498316223
-0.0385084017109249
0.0652701145412496
0.0155952156541214
0.101518299378672
-0.00624646029656476
0.0554522366170193
-0.00535155062799228
0.0236614585759273
0.0638302246222435
-0.0623603272429641
0.024456036243084
0.0164825814435878
-0.0965866865832027
-0.0964089101006994
