# predict_model; Vecm
# max_attributes; 15
# description; Stock and Watson 2012: US indicators;;;;;;;;;;;;;;;;;;;;;;;;;;;;;;;;;;;;;;;;;;;;;;;;;;;;;;;;;;;;;;;;;;;;;;;;;;;;;;;;;;;;;;;;;;;;;;;;;;;;;;;;;;
# number_predictions; 100
# predict; CES053
# lag_parameter; 4
# horizon; 1
# name_prefix; us_data_stock_watson_2012;;;;;;;;;;;;;;;;;;;;;;;;;;;;;;;;;;;;;;;;;;;;;;;;;;;;;;;;;;;;;;;;;;;;;;;;;;;;;;;;;;;;;;;;;;;;;;;;;;;;;;;;;;
# method; Hits_granger__graph(n_components=12)
# prediction_type; rolling
"V1"
0.00836424611422036
0.00919384402990795
0.00913387864930176
0.00953872762156968
0.0114979197641725
0.015253244399206
0.013377181073054
0.0164111430774313
0.00954013952310302
0.00219919076005642
0.0152965649794508
0.010082135038469
0.0194096295770219
0.0118112806703019
0.00420149942117274
0.00127487703123083
-0.00056788058395986
0.00777738341122081
0.00793164417540873
0.00968386016480358
0.00605111796214518
0.00716601875197222
0.000481907056086287
0.00963001419320966
0.0044416635040793
0.0119416609323522
0.00501060286666671
0.000955046327083322
-0.00670193556343849
-0.00316854365793548
0.00162692502380326
0.00467148479933381
-0.000916404959384557
-0.00167165928929928
-0.00835224744648079
-0.00347598836948591
0.00116597761610351
0.00639868167850402
0.00335981711166218
0.00684162710428559
0.0113398276816318
0.0121327050379662
0.0116751518744245
0.017290038294424
0.0146504409497443
0.00703217333555754
0.00472788281365212
0.00734901472626053
0.00193943446308874
0.00654960677974158
0.0014237063000651
0.00917259174361715
0.00412180215415257
0.00115171481682859
0.0127582129717052
0.0102026903896078
0.00381605023542503
0.00301730286511
0.00470312279984626
0.00511280156869664
0.0062897762958414
0.0138047734812173
0.00631010734657767
0.00966576620950618
0.0180238028153445
-0.0045331718196025
0.000943151742831257
0.01434583948064
0.00808648240215768
-0.00067897447248749
-0.00231651097805302
-0.0127910775123177
-0.000377327348260637
0.00345708641466933
-0.00959148177195568
-0.00434077640591088
-0.000460514136381141
-0.00467801850657087
-0.00277556915263207
0.0109454007811161
0.0067454668035232
-0.00560447682284367
0.000165347533993946
-0.00134356266608298
-0.00362303144499578
0.00502609782429647
0.000913226159511842
0.00915803185102934
0.00970059369302637
0.0108818322886474
-0.00931573640351532
-0.00820529605091147
0.00869680859538819
0.00069637326836635
0.00900969274448158
-0.0132739302413957
0.00369223462297223
0.00304597712971186
-0.0103005599602826
-0.0227266039722028
