# predict_model; Vecm
# max_attributes; 15
# description; Stock and Watson 2012: US indicators;;;;;;;;;;;;;;;;;;;;;;;;;;;;;;;;;;;;;;;;;;;;;;;;;;;;;;;;;;;;;;;;;;;;;;;;;;;;;;;;;;;;;;;;;;;;;;;;;;;;;;;;;;
# number_predictions; 100
# predict; LHU15
# lag_parameter; 4
# horizon; 1
# name_prefix; us_data_stock_watson_2012;;;;;;;;;;;;;;;;;;;;;;;;;;;;;;;;;;;;;;;;;;;;;;;;;;;;;;;;;;;;;;;;;;;;;;;;;;;;;;;;;;;;;;;;;;;;;;;;;;;;;;;;;;
# method; Hits_te_(n_components=1)
# prediction_type; rolling
"V1"
-0.100146936747278
-0.0684915448124131
-0.0378651569474314
-0.0186710559088341
-0.0112054994697097
-0.00554669346831717
0.00113674366240432
-0.00212686698958474
0.0061946955886635
0.00945737384103448
0.00959238742453735
0.00548388241608238
-0.0257118826439878
-0.00685698133423999
-0.0179541703930783
-0.0494202240012262
-0.0108061259851432
0.00586970298380059
-0.0168556851685107
0.014061644634011
-0.0164758209759224
-0.00489162166790996
0.0207270565234951
0.0266156124398059
0.00232147655733114
0.00667023356995496
0.0410418206326602
0.0551220047355931
0.0727784871313171
0.06850097672788
0.0485749258105781
0.00341630102010573
0.0364169377854031
0.0271158977190384
0.016614481169793
0.00559637630664928
-0.026243629381573
-0.0562119798914728
-0.0106631476104849
-0.0195888876366685
-0.0316403052831305
-0.0279190257453068
-0.0391015232016699
-0.0102416843281612
-0.0415153087928424
-0.0372168706622298
0.05054721717819
-0.02471181117491
-0.0123814720911471
0.0124224839462268
0.0102695943963589
-0.0224882041694247
-0.0273426383688475
-0.0262891661820796
0.00645812733355755
-0.0203243351094454
-0.0400376228737219
-0.0257048564420977
-0.0275974381635259
0.0197112641027619
0.00399089147340624
-0.0451898735760977
0.0219634231065542
0.00965251422828211
-0.0176284146744274
-0.034769263295021
0.012766486575504
0.0356815040145195
0.00983271778722814
0.0384008662152705
0.0684369532663036
0.0700881183555637
0.0982778348415253
0.0424336391535069
0.0303549353367078
0.0171040467464044
0.0317281317977253
0.000198253671647944
0.035584828410686
0.016933426944944
-0.0160281958060397
-0.0321009392151992
-0.0299543101783881
-0.0251420256990601
-0.00526141379840947
-0.0433904149997436
-0.0265108334620694
-0.0143774502460425
-0.0176403182340405
-0.0238683757551181
0.010761033391091
0.0145495857454892
-0.0291670928799615
-0.00973680144159376
0.0166550879042276
0.0243880116071065
0.0131106793491102
-0.000392276487680599
0.0323392101567169
0.100535699690501
