# predict_model; Vecm
# name_prefix; us_data_stock_watson_2012;;;;;;;;;;;;;;;;;;;;;;;;;;;;;;;;;;;;;;;;;;;;;;;;;;;;;;;;;;;;;;;;;;;;;;;;;;;;;;;;;;;;;;;;;;;;;;;;;;;;;;;;;;
# description; Stock and Watson 2012: US indicators;;;;;;;;;;;;;;;;;;;;;;;;;;;;;;;;;;;;;;;;;;;;;;;;;;;;;;;;;;;;;;;;;;;;;;;;;;;;;;;;;;;;;;;;;;;;;;;;;;;;;;;;;;
# lag_parameter;4
# number_predictions;100
# horizon;1
# max_attributes;15
# predict;GDP275_4
# prediction_type;rolling
# method; Part-GFS_granger_graph(n_components=3)
"V1"
0.00188378037086096
0.00638859346942416
0.00907470987217214
0.00730331932558567
0.00285732479318293
0.00898925769334006
0.00497445891021316
0.00541012776203544
0.00671857101419217
0.00906227210609432
0.00424458412446152
0.00873672027896926
0.0071044865850079
0.00682463845735818
0.00754315178929974
0.00719970969349829
0.00314060424072149
0.00960423760595248
0.012634513455003
0.00736662407749704
0.00958183230270937
0.00922997663302044
0.00869527548809083
0.00723334938075043
0.0113023168555874
0.0126347407244206
0.0161749055060196
0.0102092667560449
0.0106123866730762
0.0148143652380256
0.0121567127874069
0.00602421612237262
0.0103703222777018
0.0084376902283207
0.00881185950230541
0.00632549338863529
0.00469263475121681
0.00728770772031044
0.00664781532666665
-0.00229393938437382
0.00264759746627085
-0.00117154305550414
-0.00411121494798805
0.00172938244154539
0.00347902887418546
0.00074931113384437
0.0039193290872629
0.00532625009214409
0.00410462220248239
0.00377931585548621
0.0037785174086646
0.00197167597578256
0.00268905647000385
0.0039992586332895
0.00484644872511836
-0.00299571043706574
0.00156682140299438
0.00749774723818631
0.00556090419656764
0.00682836544339806
0.0109181537849216
0.0192150973041939
0.00974764655983759
0.0150464491159221
0.0138493284268332
0.00424949747305447
0.00962411611431227
0.00779509148496303
0.0107197749062299
0.00947208258440863
0.00591147559021741
0.00330616535546448
0.00478043457593376
0.00105201522448709
0.00564971006915203
0.00445710177441739
-0.000762061236771573
0.00184913727340387
-0.000552594723819443
-0.0019691767144897
-0.00129242139523789
0.00326065516143316
0.00288453435783485
0.000426511062791246
0.00693644150927125
0.00265047964702535
0.00479780307097533
0.00667743416910173
0.00631426378470243
0.00898781568017971
0.00563796772443287
0.0100814208621834
0.00873533493237444
0.00617703963091772
0.00112388371008185
0.00377957805133521
0.0113804337288377
0.0033211545572085
-0.00417395461193576
0.00808823608747301
