# predict_model; Vecm
# name_prefix; us_data_stock_watson_2012;;;;;;;;;;;;;;;;;;;;;;;;;;;;;;;;;;;;;;;;;;;;;;;;;;;;;;;;;;;;;;;;;;;;;;;;;;;;;;;;;;;;;;;;;;;;;;;;;;;;;;;;;;
# description; Stock and Watson 2012: US indicators;;;;;;;;;;;;;;;;;;;;;;;;;;;;;;;;;;;;;;;;;;;;;;;;;;;;;;;;;;;;;;;;;;;;;;;;;;;;;;;;;;;;;;;;;;;;;;;;;;;;;;;;;;
# lag_parameter;4
# number_predictions;100
# horizon;1
# max_attributes;15
# predict;HSMW
# prediction_type;rolling
# method; FCBF(n_components=4)
"V1"
0.0778547239598961
0.0039955434242851
-0.050396841938913
-0.0188960607166294
-0.0501095210885063
-0.0513992187200736
-0.0387031725321191
-0.00441751158642827
0.0113398376673932
-0.00672564830103869
0.0200032713382258
0.000436344057373299
0.0429830270506452
-0.0398005055376313
-0.0584748267818958
0.0472985973599949
0.00775886973933338
0.0553168980948873
-0.168254174869764
-0.068309215052943
-0.0312557220793334
0.0146528374593247
-0.0695218934127603
-0.00281221155064487
-0.0908488868899656
-0.0195543558984993
0.00611955003193645
-0.110044201872199
-0.141398221820129
-0.0954353537587326
0.0314299404062977
0.0563717536269173
0.0313262879553871
0.0149710855394889
0.0740671236740876
-0.00425798565821047
0.0533842414457181
0.029169427733656
-0.0415554286749572
0.0403772318094586
0.0264434411173947
0.114012056814845
-0.0400700971152024
-0.0842725905184151
-0.00679627033242157
-0.0241337717078191
-0.00232135378654335
0.0564315967194287
0.0037591363543512
-0.0562251225644249
0.0792274869119109
0.0400514386574741
-0.0262565997589429
0.0433376564913146
0.0449789852045841
0.00885871283034016
-0.0405944824372792
0.0610600377514008
-0.0437724249892841
-0.00447951568278134
0.00342677491857761
0.0560302388599427
-0.00927267281033587
-0.0339439756516527
0.0191346826193878
0.119260860087317
-0.073577271575348
0.0308364667948665
-0.0501568777240754
-0.0601159409966561
-0.0234836996605949
0.0895747386365205
-0.111182244927324
0.0771561943039322
0.0901980778122505
0.0422093241272664
0.0205895297621214
0.0933733449636232
0.00371123148971086
0.0789232183085534
-0.00146433444307321
0.0385834674925004
0.101199102602173
-0.0223553409437022
-0.00555844671131655
0.00299520550765456
0.0353140819505394
-0.0452881354597971
0.0218672981617716
-0.0387723528124411
-0.0858006079632353
-0.079799196705276
-0.067709513532201
-0.0683445051691642
-0.114324200983706
-0.0764065411953357
-0.078186375401918
-0.0501654764169009
-0.0193367889778268
-0.0404219066675595
