# predict_model; Vecm
# max_attributes; 15
# description; Stock and Watson 2012: US indicators;;;;;;;;;;;;;;;;;;;;;;;;;;;;;;;;;;;;;;;;;;;;;;;;;;;;;;;;;;;;;;;;;;;;;;;;;;;;;;;;;;;;;;;;;;;;;;;;;;;;;;;;;;
# number_predictions; 100
# predict; Sfygt1
# lag_parameter; 4
# horizon; 1
# name_prefix; us_data_stock_watson_2012;;;;;;;;;;;;;;;;;;;;;;;;;;;;;;;;;;;;;;;;;;;;;;;;;;;;;;;;;;;;;;;;;;;;;;;;;;;;;;;;;;;;;;;;;;;;;;;;;;;;;;;;;;
# method; Hits_te_(n_components=2)
# prediction_type; rolling
"V1"
-0.0732241007763011
0.0543769601382542
0.152848492058967
-0.00393486242176475
0.0695205646487256
0.0893985180057188
-0.130018277839462
-0.0898714810100383
-0.00186853958433586
-0.0844670149934008
-0.0470329904763733
-0.035340528986886
-0.0499825115840613
0.0288756440697658
0.0397593544264555
0.0575260125761143
0.0927001246874104
0.0165515486318302
0.061491781314877
-0.0639723499332546
-0.0362475699243553
0.00618401530790414
-0.0658465391988421
-0.0144541661043791
-0.106478016677488
-0.0379201430388657
0.00307668602054114
0.00426815671979644
0.101537224519011
-0.0608453540596832
0.000662194521644625
-0.055957325594903
-0.00260276742292095
0.08830097289664
-0.0660243032170952
0.0285904613684649
0.0239063109750409
-0.0240045028414864
-0.0195037695015235
0.0113521922578139
-0.0320501129740583
-0.0217863261990165
0.101240696532565
0.00025788842820119
0.102570833203608
0.0517396267516823
-0.0480321103041097
-0.0469088107619845
-0.157671966883496
-0.0738302618558776
0.0427232662105147
0.0306841514327761
-0.0189875768063953
0.064924015693666
-0.0151692856063777
-0.0871700397209694
0.00271169661670669
-0.0235815649699362
-0.0107151564310107
-0.0169765793360793
-0.000429207109993278
-0.0459279122956548
0.0622799569614465
-0.0245033763061056
0.04321642199581
-0.000538912396405526
0.0396446615750395
-0.0761045324115513
-0.0581534134600576
-0.111768362321185
-0.0691828474628837
-0.00333037619930882
0.0498415379178729
0.0373878530950858
-0.0188091656628916
0.0219058901471009
-0.00780752555541041
-0.0389463443789962
-0.066864355659092
0.0191382224899957
-0.0351965484416661
0.0087127856461502
0.0833500363959755
-0.113568780515061
0.0279996740276759
0.0623411842885786
-0.0285061919428661
0.0238188699844245
-0.0600170664426719
-0.0194146433499066
-0.0788222898664247
-0.0136740006358741
-0.0497823421700034
-0.0172173938321067
0.0433138076103669
0.0374317720107859
0.0341752611733124
-0.023055048485012
0.104215756025754
0.0443561462426879
