# predict_model; Vecm
# max_attributes; 15
# description; Stock and Watson 2012: US indicators;;;;;;;;;;;;;;;;;;;;;;;;;;;;;;;;;;;;;;;;;;;;;;;;;;;;;;;;;;;;;;;;;;;;;;;;;;;;;;;;;;;;;;;;;;;;;;;;;;;;;;;;;;
# number_predictions; 100
# predict; MOCMQ
# lag_parameter; 4
# horizon; 1
# name_prefix; us_data_stock_watson_2012;;;;;;;;;;;;;;;;;;;;;;;;;;;;;;;;;;;;;;;;;;;;;;;;;;;;;;;;;;;;;;;;;;;;;;;;;;;;;;;;;;;;;;;;;;;;;;;;;;;;;;;;;;
# method; Hits_granger__graph(n_components=14)
# prediction_type; rolling
"V1"
-0.0853909569522043
0.106304330301154
-0.027576405888815
-0.113023287531362
0.0874108281118242
-0.0639175752586492
0.0175544963482067
0.0401902400772854
-0.0669440292692908
0.0212329508176597
0.0802875102473545
0.0363612695028289
0.0376869759787705
-0.0613171749944797
-0.0188340599658015
0.133565513090852
-0.0629416632755336
-0.124149539825057
0.0645170066166474
0.0341514162262092
-0.0117789871801211
0.0561164577005796
-0.00299406701588959
0.0599989002364995
-0.0707576678701195
-0.0821727958861989
-0.0921645689353902
-0.040148047722291
-0.0512039859845654
0.0217282489889468
-0.016347404325814
0.10099964431116
-0.00854198370739089
0.00152595673451439
0.0475042433493092
-0.0270151675207436
0.0297909177142556
0.0235529705004188
0.0031877711799633
-0.0493455701049744
0.000669135638885999
0.0105432993612409
0.0584903966101464
0.00151158776817875
0.101735156573419
-0.0656320229371672
-0.0330471418880214
0.00655888394375237
0.0128200762370498
-0.0485638044322431
0.0671890818343957
0.072880815614183
0.034129077803205
-0.0512352447723169
-0.0512479726286118
0.0344159425966523
0.0439082274507631
0.0420022375442939
-0.0450743409860589
0.020336386385772
-0.00168600202583936
-0.000383284020083163
0.058159807867052
0.010718575130867
-0.0220537733917935
0.0168646791535882
-0.0166956577059704
-0.0401453022267425
-0.018704075797301
-0.0391105599008409
-0.00702429512404914
0.0069103145515939
0.0131027927338267
-0.000114207884145859
0.0254387867381361
0.000102571822141545
-0.0581813313943729
0.014858006906625
-0.0159632852625083
-0.0634456978992494
0.0311608635031226
0.0545570183864192
0.0307037839056273
0.00184565172712924
-0.0341659283293643
-0.0279316000172749
0.00572950495677918
0.021038943607285
-0.0605682173673014
-0.0537767191708716
-0.0575713573246175
0.00198328218596302
0.0356609788190917
0.0445954958961144
-0.046019796072747
-0.0460967278333575
-0.0726852097593206
0.0185649599474884
-0.0405736539315627
0.0318315792142153
