# predict_model; Vecm
# name_prefix; us_data_stock_watson_2012;;;;;;;;;;;;;;;;;;;;;;;;;;;;;;;;;;;;;;;;;;;;;;;;;;;;;;;;;;;;;;;;;;;;;;;;;;;;;;;;;;;;;;;;;;;;;;;;;;;;;;;;;;
# description; Stock and Watson 2012: US indicators;;;;;;;;;;;;;;;;;;;;;;;;;;;;;;;;;;;;;;;;;;;;;;;;;;;;;;;;;;;;;;;;;;;;;;;;;;;;;;;;;;;;;;;;;;;;;;;;;;;;;;;;;;
# lag_parameter;4
# number_predictions;100
# horizon;1
# max_attributes;15
# predict;EXRSW
# prediction_type;rolling
# method; Part-GFS_te(n_components=8)
"V1"
0.009271776620676
0.0438854250009937
-0.0170205931155189
0.0591201943171224
0.0212631834356653
0.0692886307030717
0.00790155535856881
-0.046114475878813
-0.0842585475322975
-0.0495405590785975
-0.0519160839754234
-0.0633996292494134
-0.0247034208307354
-0.0150750546560046
-0.0256503606738741
-0.0115157643065883
-0.026711000326035
0.00409279992372206
-0.00496571232565978
0.0167464539040433
0.0262411545065066
-0.00252010697432044
0.0117468916141842
0.0100634768618793
0.00156440758541461
-0.0376922144019341
-0.0263954130331433
-0.0351490002528838
-0.0238098450299487
0.0197950898615174
0.0237446288307533
0.0268727248558806
-0.0252128213420899
0.00905540849540264
0.0121759367763943
-0.051390884775029
0.0224880890245212
0.039389515115572
-0.00603726744392174
0.0146000297907382
0.0126118156953111
-0.00785709734071468
-0.0154730123517905
-0.0171634616500823
-0.0151659912135218
-0.0177841517455866
-0.0109984855605754
-0.00521057508854982
-0.0188611792947249
0.0337061215424771
0.0307375903083301
-0.00897923906973586
0.028291121764799
0.0122009947945463
0.0122304749420779
0.0294800162280689
-0.015881775122291
-0.00329370013806174
0.0238578626699599
-0.0178243860951991
-0.0133177570446313
0.0270235538575853
0.0294652873607831
0.00945379978004873
0.0274190114518385
0.0117890396593106
0.00514429214492807
0.0389801380326661
-0.00836054476465021
-0.0159374277137468
0.03422083955965
-0.00772440156502615
-0.03816436424915
0.00472165055326409
-0.0269080966769962
-0.0374511272262122
0.00150744770405835
-0.0115390173565293
-0.0160070546284214
-0.00812040720583453
0.00801004551338842
-0.0188598894841591
-0.0118865711843259
0.00427497579782706
-0.01946348954505
-0.0152585924533127
0.00192853225818674
0.00984248195983554
0.0128217804815207
0.00336432360028732
-0.00677182957940625
-0.00171495708098763
-0.0189553625658926
-0.000511963312554549
-0.00492830391569684
-0.0143469827314089
-0.00135408722553196
-0.0151588543769005
-0.0104229861560032
0.008951410194832
