# predict_model; Vecm
# max_attributes; 15
# description; Stock and Watson 2012: US indicators;;;;;;;;;;;;;;;;;;;;;;;;;;;;;;;;;;;;;;;;;;;;;;;;;;;;;;;;;;;;;;;;;;;;;;;;;;;;;;;;;;;;;;;;;;;;;;;;;;;;;;;;;;
# number_predictions; 100
# predict; FSPXE
# lag_parameter; 4
# horizon; 1
# name_prefix; us_data_stock_watson_2012;;;;;;;;;;;;;;;;;;;;;;;;;;;;;;;;;;;;;;;;;;;;;;;;;;;;;;;;;;;;;;;;;;;;;;;;;;;;;;;;;;;;;;;;;;;;;;;;;;;;;;;;;;
# method; Hits_te_(n_components=5)
# prediction_type; rolling
"V1"
-0.0137951628273126
-0.00452028125783037
-0.0405670653598816
-0.00152249061363562
0.000953025697314336
0.0119114036645784
-0.0015070166472638
0.0124015475732273
0.0233595366722652
0.0378764331391585
0.0465023905953384
-0.00569792305323849
0.00849364772200864
0.057857939661772
0.0159130232872773
0.0599411089375697
-0.0898275752565566
-0.068123758396058
-0.0341218049959977
-0.0289620111722432
-0.0327600184825548
-0.00738988529647932
0.0030626922798177
0.0206591168966281
0.0141046976326842
0.0102247735383664
0.023792668487617
0.0223983754781121
-0.00546078107264905
0.020929299104694
0.0475984559339324
0.0395799500387014
0.0387269396293643
0.0738008016748485
0.0516110672370377
0.0156513225848303
-0.00974085718057514
-0.0191352460422163
-0.0154636219471607
-0.0116203650245949
0.00300530048896498
-0.0108003770936605
-0.0240746130153991
-0.0456187812685707
-0.0483108201140972
-0.0206968812325288
-0.00209355222969507
-0.00163542526963026
0.00462782375420545
0.0294677403530231
0.0323386479091422
0.00206888153132681
0.0179556583807853
0.0238874436894982
0.0100514901818758
0.0294241331491032
0.0277308288736332
0.0374147074405412
0.076195127978577
0.0351599603856001
0.0178476172519637
0.0774818264964163
0.0897082753777142
-0.000418066895993252
-0.0381500878273796
-0.0356131090657878
-0.0445638322389173
-0.0361408352455294
-0.0612548541183787
-0.0459300100713366
0.0114034578155654
0.0383906366864747
0.109328757337206
-0.00421193391782033
-0.0334355686659385
0.442232159573929
-0.178454417766034
-0.0873746813075434
-0.0479897196773428
0.0974537859204276
-0.0512436769596648
-0.106988929891321
-0.113361317688577
-0.118029328990661
-0.018439026740915
0.0317078845329281
-0.0728131634106022
0.00263849367999815
0.000808234843804925
0.00590070652679568
-0.0362560342338363
-0.0126568628037391
0.0296000783590722
-0.00996424802338796
-0.00834440517739452
0.0077531992418521
-0.00599549491843065
0.0165556214641805
0.0522617755222676
0.133523100328611
