# predict_model; Vecm
# name_prefix; us_data_stock_watson_2012;;;;;;;;;;;;;;;;;;;;;;;;;;;;;;;;;;;;;;;;;;;;;;;;;;;;;;;;;;;;;;;;;;;;;;;;;;;;;;;;;;;;;;;;;;;;;;;;;;;;;;;;;;
# description; Stock and Watson 2012: US indicators;;;;;;;;;;;;;;;;;;;;;;;;;;;;;;;;;;;;;;;;;;;;;;;;;;;;;;;;;;;;;;;;;;;;;;;;;;;;;;;;;;;;;;;;;;;;;;;;;;;;;;;;;;
# lag_parameter;4
# number_predictions;100
# horizon;1
# max_attributes;15
# predict;sFYBAAC
# prediction_type;rolling
# method; Part-GFS_granger_graph(n_components=9)
"V1"
-0.0312958114820642
0.0208593502062793
0.0341405388618104
-0.0594910347229388
-0.13212268701292
-0.0433457258903108
-0.00361006442868379
-0.063567061924797
0.0584179956345178
0.00039994981726014
-0.00861743159677099
0.0540455275173726
-0.160125184625576
0.0339024733633084
0.113069151135248
0.0897510088387045
0.0292027676398676
0.0717305818815294
0.0512951695928512
-0.0231535502596927
-0.0764664869090195
-0.0158925388689976
-0.018168532062
-0.134464460345805
0.0637431882908115
-0.00292243943807008
0.0261074155654861
0.0694686750877505
-0.00570884878932573
0.00839768080065813
-0.0798530771413114
-0.0531229193717045
-0.0551312913295504
-0.141071792685739
-0.102334860357562
-0.00740989427573191
0.0581963154420703
-0.0521827796718973
0.0626892138796496
0.0348106070055667
-0.00230099384318061
0.0160975575239161
0.0210941848071419
0.0296297761078427
-0.00411412237565609
0.0274064785940547
0.05901086650505
0.0269514198219382
-0.0138923316408361
0.050641048910683
-0.0182776092472956
-0.055730584870799
0.0387416964844488
0.038395762460866
-0.00637995182640272
-0.0927953054171292
-0.00105147904090292
-0.0134240261479055
0.047343644775297
-0.00631416383015884
0.0844263382257375
-0.0143740329581495
0.0288704445181707
0.0301509077300891
-0.0505782900857243
0.0296926598080462
-0.0506689208346771
0.138773175901116
-0.0327373210392147
0.130446920361909
0.00895085327663304
-0.254576755255422
-0.0071743742883582
-0.0595128940192798
0.20661294824136
-0.0266835650642587
0.0251660737622831
-0.0740488678512975
-0.193216200552775
0.0489722780429695
-0.0469296813106557
-0.0689938496927363
0.0420650711801166
-0.0301754884353276
-0.0155665346033693
0.0339847155901128
-0.0577541318466336
-0.045559443791495
0.0221941884014199
0.0353728409028754
0.104971129513256
-0.0353174325877747
-0.0132105641119714
-0.0495059465335233
-0.0224919241958627
0.0135971713220332
0.0680570309879937
0.132679375294761
-0.0074001292227437
0.18407183143546
