# predict_model; Vecm
# max_attributes; 15
# description; Stock and Watson 2012: US indicators;;;;;;;;;;;;;;;;;;;;;;;;;;;;;;;;;;;;;;;;;;;;;;;;;;;;;;;;;;;;;;;;;;;;;;;;;;;;;;;;;;;;;;;;;;;;;;;;;;;;;;;;;;
# number_predictions; 100
# predict; LHU26
# lag_parameter; 4
# horizon; 1
# name_prefix; us_data_stock_watson_2012;;;;;;;;;;;;;;;;;;;;;;;;;;;;;;;;;;;;;;;;;;;;;;;;;;;;;;;;;;;;;;;;;;;;;;;;;;;;;;;;;;;;;;;;;;;;;;;;;;;;;;;;;;
# method; Hits_te_(n_components=4)
# prediction_type; rolling
"V1"
-0.162202398635958
-0.114969654426355
-0.0878663633926989
-0.0314230188806644
-0.0351267756351767
0.0547252538064431
0.0269541117690612
0.0059876104576324
-0.00789660770913557
-0.0241460889243319
0.0117111736071082
-0.0492080527836894
0.00421230966973912
-0.0606133957001752
-0.0942553406344187
-0.0614797341969672
0.0154246020095991
0.0355611250265932
-0.0184205822839633
-0.0107651798262569
-0.0304574782111625
0.0323259179364338
0.0177462102178214
0.0280920040828251
0.0067701590178288
-0.017849763797334
0.0365631556331977
0.0296528823811252
0.0451534865084529
0.0872385537074309
0.0261729538819542
-0.0204326206194813
0.00564063546937562
-0.0185026283771769
0.0281699352367203
0.0484980542773256
-0.0292763806278385
0.0191152897701664
0.0166578715753288
-0.0585981011342903
-0.00473418859858251
-0.0857713279795097
-0.0596637683452635
-0.00919292528616202
-0.121080664651106
0.0917513179800977
0.0740193572005652
0.0438201139905405
0.00742257043882287
-0.0176911164422905
0.00637518600518125
-0.0311926377368241
0.00177474179506218
-0.0128365972003028
-0.00274457211269746
-0.0175475635910676
-0.0449655471787539
0.00639317794013998
0.0269087095467913
-0.0116755025973368
0.0169341451997448
-0.0634720059885201
-0.0294806906313409
0.0107835946681444
-0.0407996495200906
0.0419570643905945
-0.00691507544022454
-0.000593329601351091
-0.00186383462860108
-0.0295282090595821
0.0504004716303186
0.0578028455105618
0.163343808925928
0.0247388094174946
-0.0105666548407642
0.0536115305405759
-0.0282993377180369
-0.00577719916227525
0.076844814668115
0.00863071678883743
-0.0390360865742369
-0.0297311181104116
-0.0402825595359942
0.0150170693384852
-0.0300743752350942
-0.0215833099947374
-0.0192231954646113
-0.0251526893112542
-0.0187425610989753
-0.0222603385647065
0.00553060967377374
0.022574227947478
-0.04278506918223
0.00192549129442886
-0.00696070118527319
0.0203600453991621
0.0123429579663077
0.0300901502758093
0.0702185063504519
0.070793660363208
