# predict_model; Vecm
# max_attributes; 15
# description; Stock and Watson 2012: US indicators;;;;;;;;;;;;;;;;;;;;;;;;;;;;;;;;;;;;;;;;;;;;;;;;;;;;;;;;;;;;;;;;;;;;;;;;;;;;;;;;;;;;;;;;;;;;;;;;;;;;;;;;;;
# number_predictions; 100
# predict; CES277R
# lag_parameter; 4
# horizon; 1
# name_prefix; us_data_stock_watson_2012;;;;;;;;;;;;;;;;;;;;;;;;;;;;;;;;;;;;;;;;;;;;;;;;;;;;;;;;;;;;;;;;;;;;;;;;;;;;;;;;;;;;;;;;;;;;;;;;;;;;;;;;;;
# method; Hits_granger__graph(n_components=5)
# prediction_type; rolling
"V1"
-0.0273422904434175
-0.0144167211740954
-0.00827355473079437
-0.0200595878841395
-0.00983514859929052
-0.0106816767410446
-0.0150272169399324
-0.0105261498111973
-0.00413786993569481
-0.00309475382127683
-0.00167907210877838
0.00106085847041862
0.0181760417625115
-0.0351363479866905
0.00553070641398957
-0.0177113153781524
-0.00658543385027342
-0.00557242904523733
0.00527152910001329
-0.0161000457663141
0.0045004133492906
-0.00384015546451213
-0.0149022597827335
-0.00331766163313147
-0.00117673813303674
0.00371078136882476
0.00409574716652797
0.00193894616655232
-0.034334557809243
-0.0123811312651473
0.0169183865414735
-0.030057799061996
-0.0283605616456968
0.00486615673729321
-0.00587565701353216
-0.0153056550337771
-0.0120440391705487
-0.000564575183089978
-0.00239287872088629
0.00649773768255774
-0.0103614337730509
-0.00334912811742753
0.00446564602603176
0.0108906860114427
0.0215264105032916
0.00315419266818819
0.0141151095391049
1.59345734211344e-06
-0.012009522426431
-0.00472518849920615
-0.00379809552510588
0.0114757947868992
0.0205955454159315
0.026488129590043
0.013574805849808
0.0148581626947407
0.0076491576719976
0.0235531277229407
0.0199493341957467
0.00743918524304598
0.00161126714183572
0.0115042928934971
0.0160216378986355
0.00813459102805627
0.00476201870660623
0.0146348304748146
0.023941344916476
0.0175149125325791
0.00613369342694986
0.00142398358782899
-0.0135474644831807
-0.0122166139759368
0.0177916423718697
0.010015711053805
0.0088256804073795
0.0114447622200942
0.0173186537050373
-0.00445379337334271
0.00301472113548588
-0.00257990146912976
0.00141128343877413
-0.00208429759997664
0.00156945901934652
-0.00461410745615
0.00278906152032848
-0.00277477347029424
-0.00761539576285909
-0.00278182255724986
-0.0161652632407885
-0.0188981019578976
-0.00287043012912454
-0.0169900275804633
0.00287814283365468
0.0142000719602478
0.00434300078873423
0.00295612723652916
0.00650631404010238
-0.000445884509877535
-0.000217950539266705
0.000591660735024358
