# predict_model; Vecm
# max_attributes; 15
# description; Stock and Watson 2012: US indicators;;;;;;;;;;;;;;;;;;;;;;;;;;;;;;;;;;;;;;;;;;;;;;;;;;;;;;;;;;;;;;;;;;;;;;;;;;;;;;;;;;;;;;;;;;;;;;;;;;;;;;;;;;
# number_predictions; 100
# predict; IPS25
# lag_parameter; 4
# horizon; 1
# name_prefix; us_data_stock_watson_2012;;;;;;;;;;;;;;;;;;;;;;;;;;;;;;;;;;;;;;;;;;;;;;;;;;;;;;;;;;;;;;;;;;;;;;;;;;;;;;;;;;;;;;;;;;;;;;;;;;;;;;;;;;
# method; Hits_granger__graph(n_components=14)
# prediction_type; rolling
"V1"
0.00403893352650957
0.0242865574044978
0.021898226404997
0.00466115289990025
0.00878824873474098
0.00295750980641039
-0.00370988835290254
0.00631489696504931
0.00667337698362254
0.0039149585589884
-0.0116482661984984
-0.0110156627783083
-0.00283725875212733
0.024022453543357
0.010762734857617
0.00925540241305778
0.00585174596015281
-0.00620614834586739
0.0150860154109715
0.00988309047273518
-0.000407297606384261
-0.00560729649795479
-0.00550374565401446
0.00392013310123903
-0.00358483538337174
0.00799070439839723
-0.00245410238061222
0.00903807129543651
-0.0306523705790312
0.0173527699256259
-0.00128975513204627
0.00253904554555995
-0.00347064205388714
0.0169487332331348
0.0201997700739892
0.00144929917792363
0.0052690618645027
0.00629419547822159
0.00253229561525747
0.00921905969806185
0.0059160946148815
0.0160237960717056
-0.0111032927692562
0.00828727371685797
0.0136940228651714
0.0135278571375633
0.0063023154090462
0.00999552044556417
-0.00765531344505495
0.0161122871587406
0.0204457303179796
0.0132925164129717
0.024114348019421
0.0245028206476212
0.0205587123427147
0.055137070855292
0.0272961829599638
0.0169053389402911
0.0178022644477335
0.0220906136643116
0.010144368299946
0.0224558183164963
0.00298222578675953
0.0221069567244386
0.0194623630022455
0.00645229947481405
0.0398489439384124
0.00284264285944622
0.00647956057764281
0.00274714446763583
-0.0450697429589268
-0.0560593554485663
-0.0385199831926239
0.00669602853928764
-0.0179560958526553
0.018423494514282
-0.00642665307858421
-0.014264702721112
-0.0252916375958526
0.0208036534359747
0.0188338441568548
0.0087290059046644
0.0110112048217019
0.00539708643162352
0.0113616781317763
0.0230661052205462
0.0173894848799957
0.00231310129626487
-0.00667994835548881
0.0461938386282845
0.0198581762423809
0.00464502954997088
-0.013424347404315
-0.0454240662666203
-0.0104721295428836
0.0302345458278322
0.0252942324417812
0.0118893851824336
-0.0302460200006382
0.0456060528195556
