# predict_model; Vecm
# max_attributes; 15
# description; Stock and Watson 2012: US indicators;;;;;;;;;;;;;;;;;;;;;;;;;;;;;;;;;;;;;;;;;;;;;;;;;;;;;;;;;;;;;;;;;;;;;;;;;;;;;;;;;;;;;;;;;;;;;;;;;;;;;;;;;;
# number_predictions; 100
# predict; IPS10
# lag_parameter; 4
# horizon; 1
# name_prefix; us_data_stock_watson_2012;;;;;;;;;;;;;;;;;;;;;;;;;;;;;;;;;;;;;;;;;;;;;;;;;;;;;;;;;;;;;;;;;;;;;;;;;;;;;;;;;;;;;;;;;;;;;;;;;;;;;;;;;;
# method; Hits_granger__graph(n_components=1)
# prediction_type; rolling
"V1"
0.00594441820871856
0.0117694752458477
0.00411668136010447
0.002920023815808
0.000412696183125219
0.00427138974706237
0.00441738999064109
0.00335376533437785
0.00503369511722623
0.00269239535553642
-0.00285680609172853
0.00624791647425781
0.00585465174152554
0.00663050480253715
0.0073177284323585
0.00516371659297485
0.0100860499165848
0.00221722573746685
0.00648421486486346
0.000142785739208873
0.00513624676476596
0.00442600783094609
0.000917627038525618
-0.000676288499989322
0.00455511997890837
0.00628247111154319
0.00642195838125351
0.00412984027931428
-0.00470119174437079
-0.00307301153844322
0.00312218920757521
0.00628318491944592
0.00542895336200148
0.00394476713534502
0.00911164746033878
0.00061890056864987
0.0108263516141392
0.00422463639735361
0.00131057920236857
0.00615217959093453
0.00789252786810781
0.00682404115993659
0.0104367059420226
0.00454453839421771
0.0124273485389786
0.00392482091369031
0.00186145760894723
0.00847204574670614
0.0045085865426379
0.00692317539749075
0.0142068695983246
0.00856054884694789
0.011857763404535
0.0137244538496815
0.0116201331742915
0.0176284019812304
0.0174534616498066
0.0129985944724501
0.0105737792871594
0.00740532651630146
0.0107537804078215
0.0104995360990862
0.00983018308078924
0.00965235312667168
0.0173245382539214
0.011144549142461
0.01588638034818
0.00289597517185575
0.00458456489543898
-0.00505449219261551
-0.00280933721368397
-0.00868197732472254
-0.0066842506263917
0.00990281760586949
0.0136328168328082
0.0116632195638904
0.00420873054732407
0.00343439077963985
-0.00669612565417343
0.010314140053341
0.00319978689606816
0.010758335078529
0.00344115509947915
0.0022294365292043
0.0095590449795016
0.0130948884052104
0.00280044308940855
-0.00469775956590291
0.0101187399839725
0.00809534201520938
0.00114525054373504
0.00551504520217328
0.00525666796395196
0.00379758572133724
0.0025438472419296
0.00851305962688628
-0.000483863992962848
-0.00297831881107467
-0.0206386416985656
-0.0243031997475533
