# predict_model; Vecm
# max_attributes; 15
# description; Stock and Watson 2012: US indicators;;;;;;;;;;;;;;;;;;;;;;;;;;;;;;;;;;;;;;;;;;;;;;;;;;;;;;;;;;;;;;;;;;;;;;;;;;;;;;;;;;;;;;;;;;;;;;;;;;;;;;;;;;
# number_predictions; 100
# predict; EXRCAN
# lag_parameter; 4
# horizon; 1
# name_prefix; us_data_stock_watson_2012;;;;;;;;;;;;;;;;;;;;;;;;;;;;;;;;;;;;;;;;;;;;;;;;;;;;;;;;;;;;;;;;;;;;;;;;;;;;;;;;;;;;;;;;;;;;;;;;;;;;;;;;;;
# method; Hits_granger__graph(n_components=10)
# prediction_type; rolling
"V1"
-0.0134941266944212
0.0670939390524801
-0.0149462723845111
0.0323890889802698
0.0334699563989633
0.0538279531196634
0.0371210500175296
0.0456586948117375
0.0173416464485802
-0.0141729130247564
-0.0357030825099059
0.0588950635518225
0.0519267695392032
-0.036046440198989
-0.0109597973886215
-0.179603410716297
-0.040586381082475
0.013405326429178
-0.027027930687409
-0.0332976190912747
-0.0159994082864917
-0.0877267684166769
0.004679316155336
-0.0164348538890914
-0.0215110463657797
0.012346189209511
-0.0227592057315554
0.0134419218769992
-0.00601769458712994
-0.030990302891792
0.0485176106524726
0.0190626859635077
0.0520254077339707
0.034766089739694
0.00961807441813807
0.05949232940619
0.161039577732109
-0.0465773022527648
0.032034706407044
0.0183366351448367
0.0140045558475101
0.0222870291675508
0.0745183007985981
-0.053632866642335
0.00583015934927745
0.0116260777920016
0.0222563332853496
0.0504397201709373
-0.00176726011093907
0.0322195424076227
-0.0125169267967908
-0.00823612918652966
-0.0475472813648735
-0.0118833464241563
-0.0364977436783021
-0.0182970056258411
0.0758110313889781
-0.0137211915201242
0.0323638191948162
0.0791103699865745
0.0598843035974158
0.0918429815160726
-0.0267483727313405
-0.0136908253693638
-0.0256573340819847
-0.0054150392574042
0.0556927936103101
0.029961280697744
0.000245726852311773
-0.039867039753378
-0.0440157340077162
0.0706163580315563
0.0184535378032891
-0.0420393183708237
0.118412048959948
-0.124293201033357
0.0454433873269213
-0.0607509313245827
0.0389221195626219
0.00615603764171001
-0.103825037093737
-0.0417270688112871
-0.0688693204493773
-0.0738998407717877
-0.183578956227112
0.0224649749976044
-0.0207269912565192
0.0118218533825066
-0.115480592580341
-0.0872456379208382
-0.00154696006586977
-0.0153425712346182
0.018346411952955
0.0903483111677819
-0.160963334608636
0.066725532701451
-0.172019645886117
0.00482425904782501
-0.113203150297618
0.265435301827204
