# predict_model; Vecm
# name_prefix; us_data_stock_watson_2012;;;;;;;;;;;;;;;;;;;;;;;;;;;;;;;;;;;;;;;;;;;;;;;;;;;;;;;;;;;;;;;;;;;;;;;;;;;;;;;;;;;;;;;;;;;;;;;;;;;;;;;;;;
# description; Stock and Watson 2012: US indicators;;;;;;;;;;;;;;;;;;;;;;;;;;;;;;;;;;;;;;;;;;;;;;;;;;;;;;;;;;;;;;;;;;;;;;;;;;;;;;;;;;;;;;;;;;;;;;;;;;;;;;;;;;
# lag_parameter;4
# number_predictions;100
# horizon;1
# max_attributes;15
# predict;GDP263
# prediction_type;rolling
# method; Part-GFS_granger_graph(n_components=10)
"V1"
0.014819074907056
0.000778697366383579
-0.00750057812593002
-0.00520916221608878
1.02945603685199e-05
-0.000294013012142662
0.00462243857167715
0.00588593431170321
0.00415639946555568
0.0100320694942044
-0.00480818235478893
-0.0020705189106522
0.0113419983455323
0.0236846259154829
0.00131013150488738
-0.00626569878784333
-0.00101438690461337
-0.0139596022280762
0.00784463490840341
0.0381538596734425
0.0202034240162255
0.0151742177586932
-0.0025266793872888
0.0117640998994471
0.00886847239284622
0.000450647229525532
0.0115615426397758
-0.000109440767594687
0.0227421961629573
0.00426482302042222
0.00358872032262211
-0.00751087674393014
0.0119664946073992
0.00177080991379605
0.0088390617147494
0.00205338496807389
0.00526142690786529
0.00559919963070213
0.00356232685963409
0.00513921523962539
0.0109605711946927
0.0075534121519403
-0.0040041656956256
0.0143250742918195
0.00210141380585398
0.0088766100246823
0.0247087951077642
0.00914180481815988
0.0193993294975306
0.00523259049730477
0.0150807029386347
0.0118741613010032
0.0108883438205172
0.0104103371303925
0.0280650006978697
0.00873130146446753
0.0301955007390508
-0.00880527318437567
0.0102916938294575
-0.000872146503528208
0.00858633824673361
0.010014355209753
0.0145863964827304
0.0221273122744543
0.0315122458778468
0.00317959718156026
-0.0128212752469705
0.055903121373286
-0.00447918686710449
-0.0194579670704709
0.00962657900063126
-0.0481473031422507
-0.00781095867430694
-0.0410076117330684
0.0368548987139339
0.00082616935805102
-0.0217688680232031
-0.00792508404848062
0.00438321841686296
0.000983700414311928
0.0417920712025255
0.00910519989385149
0.00457720148789513
0.0167088603522786
0.0114545018390155
0.0133650575089664
0.0193670273353841
-0.00767082670857977
0.00347266043181007
0.0275013288987553
0.0277588721902068
0.013395843036675
-0.00471269940569987
0.0310186897015283
0.0303026998849077
0.0303734825636851
0.0295263747793175
-0.00320732977876535
-0.0152826404993619
-0.00636604839825741
