# predict_model; Vecm
# max_attributes; 15
# description; Stock and Watson 2012: US indicators;;;;;;;;;;;;;;;;;;;;;;;;;;;;;;;;;;;;;;;;;;;;;;;;;;;;;;;;;;;;;;;;;;;;;;;;;;;;;;;;;;;;;;;;;;;;;;;;;;;;;;;;;;
# number_predictions; 100
# predict; HSWST
# lag_parameter; 4
# horizon; 1
# name_prefix; us_data_stock_watson_2012;;;;;;;;;;;;;;;;;;;;;;;;;;;;;;;;;;;;;;;;;;;;;;;;;;;;;;;;;;;;;;;;;;;;;;;;;;;;;;;;;;;;;;;;;;;;;;;;;;;;;;;;;;
# method; Hits_granger__graph(n_components=15)
# prediction_type; rolling
"V1"
-0.220417663315588
-0.0394825583952074
-0.571812969328854
0.315693432182005
0.515502503529071
0.298201778743444
0.118366300143883
0.269214383990837
-0.00123087940315074
0.463353815996132
-0.381474115303771
0.494985891429882
0.0953333420186772
0.386379379322023
-0.284766911590556
0.0760074581970075
0.0868075269571249
-0.293694622959841
-0.184741081090605
-0.143573254204755
-0.130867223633017
0.122501757010358
0.0924237107368076
0.18076766439851
-0.246617891987119
-0.227751159323574
-0.155203555989028
0.104640858217527
0.354511392652723
0.107338641987132
-0.00352357897052594
0.343853535668855
-0.256356117709933
0.13311367160657
0.0927189626374072
-0.0913595793514016
-0.055047346070054
0.0648708966119455
0.107128877172742
0.0619038852655976
-0.0154080081662643
-0.198335857239121
-0.0900730396937545
0.174021354353161
0.0775897473323744
-0.00481611598375945
-0.100552106130237
0.0529449869307382
-0.0298491197453306
-0.233306567345849
0.019309385107892
0.0274240291724128
0.220837335595144
-0.138955253718956
0.0404017765519144
0.1597612717724
0.0915120540353009
0.240891608179118
-0.165668706990385
-0.0281567141217402
-0.0370719003175683
-0.0595505583784306
-0.0827238733823546
-0.197903160649126
-0.00909529723281036
0.0118288518450482
0.0519802374282746
-0.0991557788964101
0.073614861512035
-0.0210888052069096
-0.241347074407507
0.387203187523573
0.193410622189485
-0.0730236630872566
0.098878729816883
-0.188795891795894
0.167608150629467
-0.0431373775740149
0.0741254204948088
0.0997541224555405
-0.00158788609311424
-0.105743267562817
0.0726453632177608
0.0184689671280944
0.0600490017736157
-0.107198111824449
-0.0276398808334086
0.0859763488242571
0.0601417830622355
0.0529869129611527
0.0601680603558093
0.0512801488895913
-0.178658954082978
-0.0723873699414445
-0.287576346081182
-0.31944528484561
-0.0320952113718637
-0.010400766504076
0.0779385633402113
-0.143374587640526
