# predict_model; Vecm
# max_attributes; 15
# description; Stock and Watson 2012: US indicators;;;;;;;;;;;;;;;;;;;;;;;;;;;;;;;;;;;;;;;;;;;;;;;;;;;;;;;;;;;;;;;;;;;;;;;;;;;;;;;;;;;;;;;;;;;;;;;;;;;;;;;;;;
# number_predictions; 100
# predict; FM2
# lag_parameter; 4
# horizon; 1
# name_prefix; us_data_stock_watson_2012;;;;;;;;;;;;;;;;;;;;;;;;;;;;;;;;;;;;;;;;;;;;;;;;;;;;;;;;;;;;;;;;;;;;;;;;;;;;;;;;;;;;;;;;;;;;;;;;;;;;;;;;;;
# method; Hits_te_(n_components=1)
# prediction_type; rolling
"V1"
0.00730098390191416
0.00681082868864477
0.00569952197603333
0.0054616033250166
0.00692712200545801
0.00694827945001567
0.00586885034323193
0.00810172415207063
0.00571322517529543
0.00666784733029613
0.00728806073072306
0.00664597417974369
0.00755892667363984
0.0059569590055465
0.00567331714674855
0.00543225781514772
0.0070963127884222
0.00841632062581624
0.00691570899595615
0.00533866291641685
0.00594760865645199
0.00471569387354081
0.00553641111324655
0.00770287032020411
0.00710228560869505
0.00588219105442627
0.0058122034520795
0.00594501570783795
0.004572414376139
0.00551639415464425
0.00649407871773311
0.00311948229211815
0.00486980755482118
0.00505091108923636
0.000996833741779986
0.00246411280119067
0.00315566950876531
-0.000966013049037627
0.00276826766342982
0.0023345613995081
0.00233053713903672
0.00242184993351907
0.00168591022581436
0.001080866328746
0.000694554356352262
-6.44944118064411e-07
0.00370012667282487
0.00634271373048426
0.00372036149889292
0.00595324705525009
0.00648784616164903
0.00400815667398932
0.00676062421186787
0.00527132187155711
0.00675052896714354
0.00725068202268317
0.00731630511879948
0.00881980461925099
0.00811438717749769
0.00900199044567012
0.0126423494086684
0.00914945161161768
0.00926133467433557
0.00812071337573101
0.0073589990410785
0.00834722267627282
0.00824848453214199
0.00760136650930662
0.00828247882967871
0.0147938082617832
0.0137605564659956
0.0160173113185475
0.0162973601573584
0.0139003365183418
0.00643252620742161
0.0145267152371027
0.0118174124654508
0.0124562721903189
0.0167367571931859
0.0150708705108975
0.00317112763297653
0.0100795624355966
0.00596641620235861
0.00440288903422115
0.01371180165188
0.00410805211675345
0.00732479485280201
0.00957872617048896
0.00738043709252465
0.010536656342952
0.00749302282985881
0.0103152682980823
0.011965984764865
0.0107038230425654
0.0127691441222624
0.0118205361278278
0.0123248217048423
0.0154864860589216
0.0117187119214892
0.0137340273087049
