# predict_model; Vecm
# name_prefix; us_data_stock_watson_2012;;;;;;;;;;;;;;;;;;;;;;;;;;;;;;;;;;;;;;;;;;;;;;;;;;;;;;;;;;;;;;;;;;;;;;;;;;;;;;;;;;;;;;;;;;;;;;;;;;;;;;;;;;
# description; Stock and Watson 2012: US indicators;;;;;;;;;;;;;;;;;;;;;;;;;;;;;;;;;;;;;;;;;;;;;;;;;;;;;;;;;;;;;;;;;;;;;;;;;;;;;;;;;;;;;;;;;;;;;;;;;;;;;;;;;;
# lag_parameter;4
# number_predictions;100
# horizon;1
# max_attributes;15
# predict;IPS12
# prediction_type;rolling
# method; Part-GFS_te(n_components=11)
"V1"
0.00632522665387501
0.0243427918803988
-0.000605784252371123
-0.00020926532916612
0.0166952692867496
0.00571250031102278
0.000226081299571651
0.0203637669812185
-0.00465278755522681
0.0100515868833925
0.00729097426765983
0.00675702875686442
0.000489689852415979
0.014769271892752
-0.00426773823194929
0.00921741899809956
0.0134289764298484
0.0207699039198195
-0.00270977323921694
0.00467701414045057
0.0151899898956068
0.000283925240993244
0.00110881171591363
-0.00980125507917354
-0.0016706305524306
0.0139249633880229
-0.00496719100089234
-0.00241884674922867
-0.00978958107608908
-0.00394146455708952
0.00575870023155305
0.0169447871374972
5.96621124671163e-05
-0.00213103080270969
0.00504503900648743
0.0115279293898023
0.0263628989817345
0.00440938323750892
0.000382374577995945
0.00804812057047941
0.00104590416240212
0.0260407910877324
0.00637980969310914
0.0080856414426443
0.0130931047341761
0.00234221731367224
0.00339957840586157
0.0184390461269764
0.00577115517058271
-0.00134963905312455
0.0147878584840356
0.00919282984539702
0.00213583045772194
0.00856973600870623
0.00742932416578987
0.00706077597939066
0.0276418720884064
0.0169494009577808
0.00958626913850813
0.00344954273169896
-0.0014974727235436
0.0167239625288052
-0.00560220781237406
0.00299819915481107
0.0137557092429745
0.0139595975915011
0.0119537114652294
0.000471259922844238
-0.00708795545018838
-0.0178754023635719
-0.00163891720886026
0.00146145922394968
-0.0089768882608269
0.0133584817914661
0.0227372756971065
0.00401600752245937
-0.00292927256773171
0.00661505976918008
0.00683995690765124
0.00560050526195211
0.0074937482785449
0.00383064702602982
-0.00577556121271867
0.00244451073475864
0.00866130914832841
0.0179572804515144
0.00445144508308
0.0129046456693584
0.00345758829741547
0.007175617894391
-0.00528707260041739
0.00748155859185142
0.0038463722895207
0.00961739321556083
0.00755372840058435
0.0075508925292244
-0.0054695863073094
-0.0117701069653268
-0.0171175048882161
-0.0192887787999204
