# predict_model; Vecm
# name_prefix; us_data_stock_watson_2012;;;;;;;;;;;;;;;;;;;;;;;;;;;;;;;;;;;;;;;;;;;;;;;;;;;;;;;;;;;;;;;;;;;;;;;;;;;;;;;;;;;;;;;;;;;;;;;;;;;;;;;;;;
# description; Stock and Watson 2012: US indicators;;;;;;;;;;;;;;;;;;;;;;;;;;;;;;;;;;;;;;;;;;;;;;;;;;;;;;;;;;;;;;;;;;;;;;;;;;;;;;;;;;;;;;;;;;;;;;;;;;;;;;;;;;
# lag_parameter;4
# number_predictions;100
# horizon;1
# max_attributes;15
# predict;FSDJ
# prediction_type;rolling
# method; FCBF(n_components=12)
"V1"
0.0017902254975254
-0.005102489312695
0.00125164336353973
0.000260401146832825
0.00180160854570843
0.00548068073449951
0.00632368114748252
0.000764691993863156
0.0127009017939847
0.0101868128588952
0.00647879297104119
-0.0129290486759706
0.0147960725525149
0.0459168773625798
-0.00592448718555206
0.0114292637847777
0.0288992730736992
0.00860227003090201
-0.0274086595976989
-0.00154236526908612
-9.61892658866265e-06
-0.0010644607127815
0.006739097612262
0.0051521874765069
0.0136076283307516
0.0128811898975275
-0.00910800437166042
0.0289272571726938
-0.0263129463221552
0.020135842006435
-0.00399270250543698
0.0124242025672035
0.00602141441746082
0.0099796644013324
-0.00309525095541328
0.00265032367736112
-0.00743751884237089
-0.00245943427589263
0.0048318666610356
0.00581993441023493
0.0156322771629311
-0.00236850325932561
0.0187786912290448
-0.00158223800844946
-0.017050839644636
0.0154135511334029
0.0127493740524169
0.0256228096219544
0.0262058297508312
0.0344319803814673
0.0169239440918724
0.00946112291198354
0.0322888750329149
0.0123767136759085
0.0348446608347608
0.0522467376289966
0.0166511390853607
0.0504041310702945
0.00391327723207581
0.0370127571036041
0.00755569217201766
0.0262686989101139
0.0288824776802111
0.0702059170447687
0.0466916226199855
-0.0107440092027185
0.017708150414564
-0.0154727184120577
0.0045217614555205
0.0186976336066483
-0.0554279637781594
-0.0797724006002132
0.0496380573963898
0.00041407583811789
-0.0410266518925138
-0.0602680807207194
0.00161252568697976
-0.0651133664265886
0.00324807583869643
0.0302045376524301
0.037415170739139
-0.0476226210527435
0.0554009062146412
0.0641860166691285
0.0755890175051446
-0.0312325635220932
-0.00714895372873643
0.0829052916034056
-0.059345754819073
-0.0133920386082868
0.134765909890355
0.0747521785703057
0.0313559350438513
-0.0173069393786248
0.0804987434429324
0.0326082066900745
0.0477720057395824
-0.0269399431130556
-0.0789793082850951
-0.100450971137012
