# predict_model; Vecm
# name_prefix; us_data_stock_watson_2012;;;;;;;;;;;;;;;;;;;;;;;;;;;;;;;;;;;;;;;;;;;;;;;;;;;;;;;;;;;;;;;;;;;;;;;;;;;;;;;;;;;;;;;;;;;;;;;;;;;;;;;;;;
# description; Stock and Watson 2012: US indicators;;;;;;;;;;;;;;;;;;;;;;;;;;;;;;;;;;;;;;;;;;;;;;;;;;;;;;;;;;;;;;;;;;;;;;;;;;;;;;;;;;;;;;;;;;;;;;;;;;;;;;;;;;
# lag_parameter;4
# number_predictions;100
# horizon;1
# max_attributes;15
# predict;GDP263
# prediction_type;rolling
# method; FCBF(n_components=5)
"V1"
0.00719119504341635
0.00449653586697685
-0.00465933280968827
0.000649459266894394
0.00475533416634792
0.00227232398007236
0.00557834370500923
0.00267321328238719
-0.00269740472959565
0.00135943903471293
0.00418401433432414
0.0016463529872892
0.00744992146250885
0.00884702996354756
0.0103391325457918
0.0153530015541418
0.00727789218348809
0.00646454869728146
0.0113514521731986
0.0130067257580506
0.00903088046536244
0.00575531408685451
0.00761887079668457
0.00980945742488472
0.0108692460631378
0.00440771960280111
0.00586634122007347
0.00540271994226326
0.0126792145199723
0.0057841406284606
0.00544616616700249
0.00999693666514698
0.0149749710179741
0.0102732819430805
0.0110476111825695
0.0106682732984845
0.00858883685470305
0.00526698179335683
0.000669766302397981
0.00680366874436967
0.00472627405293582
0.00382184330270428
0.00199880160382079
0.00725457997966118
0.0118157622776082
0.00926190447120856
0.0115440357836605
0.00724540983187359
0.0100873525873437
0.0127788746876924
0.014233665464774
0.006842249521507
0.0119077212156653
0.012536534625018
0.0227385586346871
0.0151153137791378
0.0244424232830794
0.00846735504090995
0.00272483467100816
0.00347160132672026
-0.00152055898202692
0.00785113734849872
0.00567335471935408
0.00330909434858173
0.0226438074502347
0.0081276577616506
0.0100798082805791
0.0372167767410124
0.00232454646710757
-0.00306599746828541
-0.0199670949734152
-0.0267544845997304
-0.0171695588776442
0.0116965042737461
0.018037981705726
-0.00458141940312173
-0.0117951283074783
-0.0204129681702538
-0.00764391597820063
0.0310908008294337
0.0317341197160068
0.0175868183688927
0.0034445176631482
0.00378626820088074
0.0443785426447559
0.00729755395055429
-0.00202448499548335
0.0153844573818207
0.0277375746123946
0.028923801908066
0.022226697695608
0.0162490187052696
0.0151316671675624
0.020102008169211
0.0140422646266957
0.0355233010038642
0.0430392332565903
0.0109989318435457
0.0187291935348751
0.0124611404706287
