# predict_model; Vecm
# name_prefix; us_data_stock_watson_2012;;;;;;;;;;;;;;;;;;;;;;;;;;;;;;;;;;;;;;;;;;;;;;;;;;;;;;;;;;;;;;;;;;;;;;;;;;;;;;;;;;;;;;;;;;;;;;;;;;;;;;;;;;
# description; Stock and Watson 2012: US indicators;;;;;;;;;;;;;;;;;;;;;;;;;;;;;;;;;;;;;;;;;;;;;;;;;;;;;;;;;;;;;;;;;;;;;;;;;;;;;;;;;;;;;;;;;;;;;;;;;;;;;;;;;;
# lag_parameter;4
# number_predictions;100
# horizon;1
# max_attributes;15
# predict;HSFR
# prediction_type;rolling
# method; FCBF(n_components=11)
"V1"
-0.0599910863821218
0.0157597608933797
0.059250789448789
-0.115158036354514
0.00303940717868119
0.0696467265190454
-0.0099752526136234
0.0539300339192477
0.00729182389759
0.118924223997377
0.131930941135774
-0.116504503309592
0.0023312728195563
-0.123888158018552
-0.0587151113282307
0.005270230548414
-0.0663315326723878
0.0434832422440002
-0.090197150284948
0.0184518152734201
-0.0404075285181179
-0.011896133367502
0.0683935377926645
0.0520635811177254
0.00893628228422542
-0.0621335873956511
-0.0897434075161508
-0.122783052551516
-0.0152062974007453
0.0225442941042028
0.0589039960873028
0.0670518313231813
-0.0402182686888463
0.0176757154601222
-0.0176328050037371
-0.109159597372848
0.00298116471294475
0.0625823841296969
-0.0953404406375658
0.0920908532246276
0.114302438756626
0.0874549077964616
-0.0741181116934223
-0.0399717226676295
0.0334238127579317
0.0170437184698899
0.075331205810994
0.0578252009396761
0.108171642814761
-0.0110168406093483
-0.0294007747004884
-0.0338260161987702
-0.0200023944238138
0.0153506630958734
-0.0223227981928187
0.0264505672963947
0.0290599567666279
0.101794329948049
0.0618541670252852
0.0155301224059852
-0.083699152650524
0.0772418186573098
0.101718581065941
-0.0674146514386474
-0.0777857794029449
0.050505073111422
-0.050568377706626
-0.0295727000828976
-0.0696053618436885
0.0666461056794811
0.0135537194328322
-0.0289623760999444
0.0123650407095642
0.0146473458882732
-0.0588822449472065
-0.0536527947898218
0.0666409806617771
-0.0140014717774881
-0.0616441027112457
-0.000233785317426029
-0.0179262945558103
0.00428106372902563
-0.00331786352771615
-0.0324632762321635
0.0155165174028475
-0.0519393480925173
0.0394605098180655
0.0114330721442148
-0.0755484259170031
0.0142541746084167
-0.0574677403721535
-0.0659682933723885
-0.0898003901158775
-0.0296358604862701
-0.108381174374037
-0.0504192558084766
-0.0598069593269141
-0.0314917230075911
-0.0281039899173687
-0.0577039193982473
