# predict_model; Vecm
# max_attributes; 15
# description; Stock and Watson 2012: US indicators;;;;;;;;;;;;;;;;;;;;;;;;;;;;;;;;;;;;;;;;;;;;;;;;;;;;;;;;;;;;;;;;;;;;;;;;;;;;;;;;;;;;;;;;;;;;;;;;;;;;;;;;;;
# number_predictions; 100
# predict; FM2
# lag_parameter; 4
# horizon; 1
# name_prefix; us_data_stock_watson_2012;;;;;;;;;;;;;;;;;;;;;;;;;;;;;;;;;;;;;;;;;;;;;;;;;;;;;;;;;;;;;;;;;;;;;;;;;;;;;;;;;;;;;;;;;;;;;;;;;;;;;;;;;;
# method; Hits_granger__graph(n_components=6)
# prediction_type; rolling
"V1"
0.0024215081651274
0.0108478205481251
0.00560482660409171
0.00433421135092963
0.00676483270144543
0.00771779924752769
0.00590832832461117
0.0079377215775331
0.00837591750197314
0.00414318879134737
0.00757231756422546
0.00895588429730134
0.00676828882283702
0.00513266970692871
0.00531445099994953
0.00660704259169352
0.00426473421539655
0.00492783905370945
0.00380136730036276
0.0025531130444107
0.00508782836174114
0.0044933659392998
0.0049599858183918
0.00488077482529279
0.00445458933686608
0.00280244290478432
0.00361241359789544
0.00618858697240589
0.00518753507034558
0.00698015522998447
0.00395487122219925
0.00578054919620185
0.00500286107940591
0.00335781515067225
0.000283728406244442
0.00130021948526238
0.000472110791299203
-0.000190972002414588
0.00134163755998161
-0.00108506388971478
0.00281917467107862
-0.000585868369970213
8.75223726242052e-05
0.000247287233646621
-1.99701273595619e-05
-0.000432651665868618
0.00278235200271924
0.00453410434159531
0.00373169412783759
0.0038336656454857
0.00483291450143664
0.00600523597442396
0.00625968098900349
0.0044688966448736
0.0065717905358939
0.00599669844084299
0.00729935958756116
0.0103265051246347
0.00817323247413636
0.00966810389441021
0.0123122831421883
0.00971955560022025
0.0101667071759172
0.00850005177613433
0.00830524060550205
0.00957530314841231
0.00931429663412065
0.00951730606321109
0.00988835205537389
0.0177901120127585
0.0170320654715083
0.0152288363414284
0.0146485857650823
0.00821528768249915
0.00956406585598414
0.0149637575429969
0.0153619197848523
0.0116041593034354
0.0162890754224514
0.00924542034249171
0.010705047526863
0.00979915454319122
0.0130988434863411
0.00872533192003598
0.0145415726070286
0.000707113420195933
0.0133151614270894
0.0105404226836636
0.00923017361478487
0.00402674401858813
0.00489534159959591
0.016691331903847
0.0198283364822099
0.0115583499641492
0.0161250569993695
0.00574325363068002
0.0122712552727761
0.0194903139637856
0.0139241255102229
0.0221816262790914
