# predict_model; Vecm
# max_attributes; 15
# description; Stock and Watson 2012: US indicators;;;;;;;;;;;;;;;;;;;;;;;;;;;;;;;;;;;;;;;;;;;;;;;;;;;;;;;;;;;;;;;;;;;;;;;;;;;;;;;;;;;;;;;;;;;;;;;;;;;;;;;;;;
# number_predictions; 100
# predict; PMP
# lag_parameter; 4
# horizon; 1
# name_prefix; us_data_stock_watson_2012;;;;;;;;;;;;;;;;;;;;;;;;;;;;;;;;;;;;;;;;;;;;;;;;;;;;;;;;;;;;;;;;;;;;;;;;;;;;;;;;;;;;;;;;;;;;;;;;;;;;;;;;;;
# method; Hits_granger__graph(n_components=7)
# prediction_type; rolling
"V1"
-0.340298020169026
-0.153097888324303
0.0738027516698537
-0.12828257128
0.0388774860871739
0.0950385183079835
0.102920272456905
-0.00247844607553252
-0.103299221519037
0.000411202700671669
0.20446172835409
0.102958238407611
0.025751895750474
-0.108251062126956
0.203475075288228
-0.120692941459332
-0.16752533772296
-0.116673924793946
0.00832169633899642
-0.0031732240459568
0.0433447572038908
-0.0137433946721964
0.0983252871456277
0.225734723546582
-0.194466221880409
-0.182179878424793
0.0732560758869567
-0.0625945003507631
0.0579777534551057
-0.0338423502983455
0.174020010004028
-0.0672692063578637
-0.179341163742049
0.188866464854572
0.0146252056570915
-0.116919068493852
0.0362383268984839
-0.0126607436237011
-0.0953978019109992
0.0507726865326305
-0.128695848906699
0.00211907519598093
-0.164681419971603
0.0956241392096383
0.136058801033576
-0.160153593171493
0.0113725580553017
0.124851484732519
-0.0681357499122404
-0.0279563277311921
0.11981329834346
0.0472332150779563
-0.0826553426541609
-0.0756663933597429
0.0225998285083168
0.105803185935767
0.00689094535015777
0.0473951422589631
-0.126953624230056
0.0149997787254147
-0.021133973495583
0.181352296015469
-0.126959071792615
0.131588590020668
-0.067310044070143
-0.0672408005889807
-0.145925766186386
-0.0294200809603821
0.0179762834703534
-0.107817846898351
-0.0100698676121978
-0.10306146727877
-0.0289010828277047
0.0894424917774764
-0.0239881060726789
0.226833208458716
-0.0610334623097743
-0.0985302100952973
-0.0202287174842263
0.00112088923202228
0.0321697413394052
-0.0922249029054773
-0.0550105406284643
-0.0502061633043627
-0.0861311909939095
-8.16048030353803e-05
0.0343371703196822
0.0832072900301127
-0.282815599395212
0.013506826930824
-0.101631422344826
0.0761118093200293
0.00933037221496493
0.0689147119409669
-0.0128240105878119
-0.206129018511268
0.202819978912683
0.00288083639964533
-0.0489806581985123
0.0444192557549705
