# predict_model; Vecm
# name_prefix; us_data_stock_watson_2012;;;;;;;;;;;;;;;;;;;;;;;;;;;;;;;;;;;;;;;;;;;;;;;;;;;;;;;;;;;;;;;;;;;;;;;;;;;;;;;;;;;;;;;;;;;;;;;;;;;;;;;;;;
# description; Stock and Watson 2012: US indicators;;;;;;;;;;;;;;;;;;;;;;;;;;;;;;;;;;;;;;;;;;;;;;;;;;;;;;;;;;;;;;;;;;;;;;;;;;;;;;;;;;;;;;;;;;;;;;;;;;;;;;;;;;
# lag_parameter;4
# number_predictions;100
# horizon;1
# max_attributes;15
# predict;GDP257
# prediction_type;rolling
# method; Part-GFS_te(n_components=9)
"V1"
0.0278018062670624
0.0195828021595237
0.0144384731845598
0.0126062563815326
0.0113915029126994
0.00787033608179911
0.00364621602717625
0.00284441977520185
-0.00512458165984011
0.00673159758946015
0.00804363744282644
-0.00347448578745616
0.00247579300464068
-0.00682098593908323
-0.00372623699852619
0.0101603519683864
0.00110855262796153
-0.00148117789409707
0.00829046738341188
0.00695728984345501
0.00528747436429366
0.00391000241579395
0.00222633149431174
0.00897997581375518
0.00795701116203861
-0.00909104523759787
-0.00769108450909749
-0.00455236623293035
-0.0175502092198198
-0.00752142566827363
-0.00405447440783683
-0.00689659925422972
-0.000232741363347632
0.00871396307400034
0.00784895326021963
0.0131162570822407
0.0173573812948333
0.0107234041632603
0.00449042001515826
0.0169360862911513
0.0167922062769629
0.0219836732805402
-0.0032131450339894
0.0148809082322053
0.0153317520166772
0.00811767049947913
0.00775940273034561
0.0125709121866888
0.0115765381917015
0.0112072374311424
0.0194283636072986
0.0254937061952292
0.0178975810551242
0.0148274996509053
0.0112247706809405
0.0269470900302187
0.0237721026146446
0.0158152587665721
0.0192140926504553
0.0215801066145404
0.0181500161237334
0.0273728170358125
0.0102776437806214
0.0235581129390654
0.0206409283465086
0.0180083169343617
0.0179502695673699
0.0126005595729741
0.00731589658543324
0.000110492691797168
-0.0153038710715899
-0.0173282257256882
-0.0183766609301115
-0.0165456759251314
-0.0148535783551948
0.00275527960520926
0.00471360863173254
0.00161482253597313
0.00715676904621435
0.0269959253070968
0.0250944796511119
0.00787604599442067
0.0104278307435528
0.0248731823013336
0.0235081605807373
0.0226439203118336
0.0100724234525479
0.0184300054649752
0.00977540244110054
0.00918403238621677
-0.000275097122381276
-0.0108714802420505
-0.021909270265832
-0.0213391795388525
-0.0036647476087507
0.000759014607081863
-0.00781204471794215
-0.0128709185615567
-0.00429256406432064
0.00372334530609372
