# predict_model; Vecm
# name_prefix; us_data_stock_watson_2012;;;;;;;;;;;;;;;;;;;;;;;;;;;;;;;;;;;;;;;;;;;;;;;;;;;;;;;;;;;;;;;;;;;;;;;;;;;;;;;;;;;;;;;;;;;;;;;;;;;;;;;;;;
# description; Stock and Watson 2012: US indicators;;;;;;;;;;;;;;;;;;;;;;;;;;;;;;;;;;;;;;;;;;;;;;;;;;;;;;;;;;;;;;;;;;;;;;;;;;;;;;;;;;;;;;;;;;;;;;;;;;;;;;;;;;
# lag_parameter;4
# number_predictions;100
# horizon;1
# max_attributes;15
# predict;CES278.R
# prediction_type;rolling
# method; Part-GFS_granger_graph(n_components=13)
"V1"
0.000689088556843468
-0.0281085779647693
-0.0112787926361468
0.00601421208057751
0.00234748026731205
0.0213095201450367
0.0149079115721762
0.010846088395538
-0.000890970895874769
-0.00524759952157372
0.0120434356745832
-0.011507572896212
-0.0209635849285639
-0.0270893357120158
0.0146569401461874
0.00116116761214003
0.00133296369923799
-0.0113085070517859
-0.0233366314061389
-0.010773131421012
0.00935223158922068
-0.0266776498683792
-0.00906795038483697
-0.0239002332693953
0.00245146978346788
0.00376079000960334
-0.00238307217531267
-0.00220072881227705
-0.0187906010931692
0.00741742862423026
-0.00455550041779061
0.00443904069583091
-0.0221437804260851
-0.00259300340173135
0.0120982960237529
0.00412529064283295
-0.0109926289664637
0.00718013427748916
0.00181770847767517
0.000876673548086135
0.0153466551402689
0.00845622470004495
0.00466329909631822
-0.0122032392686512
0.00197695173069554
0.0132023999563875
0.00511285543015068
0.022771042141213
0.00202243729826027
-0.00239886993303479
0.00521723315369901
0.030663477838573
-0.00228936362956726
0.00539100236471446
0.0118774667779483
0.00565023951448451
0.0276960794857426
0.0144534477576482
0.00160068376309014
-0.00825175205061042
0.000689257790228823
0.0217362373397363
0.0126136279284435
0.0141090233783463
-0.005254598217282
0.00424348804646037
0.00162618224345374
0.00657012274862396
0.0237717862074219
-0.00978731537192252
0.0128468806855952
0.0301584615131977
0.0245620489798301
0.0116510563654155
-0.000575436008240279
0.00801267135992842
0.0180138063263338
0.00732674849064532
0.00850448443810299
0.00315043144251529
0.00259312985543132
-0.0181799697861091
0.00454900946101418
-0.00450754837892446
0.00276169191318735
-0.0142942042448356
0.00958925211443959
-0.0125950450729145
-0.0118750735066348
-0.0153115045785797
-0.0254758558976264
-0.00849663527837954
0.0154906637961628
-0.00718801261147062
0.00784603064824008
0.00347705519959001
-0.0349087903479201
0.00268530634250415
0.0128689345704594
-0.00555288914488902
