# predict_model; Vecm
# name_prefix; us_data_stock_watson_2012;;;;;;;;;;;;;;;;;;;;;;;;;;;;;;;;;;;;;;;;;;;;;;;;;;;;;;;;;;;;;;;;;;;;;;;;;;;;;;;;;;;;;;;;;;;;;;;;;;;;;;;;;;
# description; Stock and Watson 2012: US indicators;;;;;;;;;;;;;;;;;;;;;;;;;;;;;;;;;;;;;;;;;;;;;;;;;;;;;;;;;;;;;;;;;;;;;;;;;;;;;;;;;;;;;;;;;;;;;;;;;;;;;;;;;;
# lag_parameter;4
# number_predictions;100
# horizon;1
# max_attributes;15
# predict;PCEPILFE
# prediction_type;rolling
# method; Part-GFS_granger_graph(n_components=15)
"V1"
0.00545235615023732
0.00570027821007679
0.00734045334883137
0.00789274179502825
0.00355250685771758
0.00897836974220827
0.00281213753784515
0.00424335740749718
0.0109162735496395
0.00958575811331744
0.00780442739585117
0.00776029561144779
0.0052712667939076
0.00609854076017738
0.00742574656912746
0.00550485004259438
0.00535592502065925
0.0102683076025177
0.0058157892742641
0.00990174897886518
0.00744403577403321
0.00950418273386875
0.00906284768509558
0.00611302567011584
0.00634105080399444
0.00967687085188151
0.0115049320348704
0.00630836124248209
0.00947548903771164
0.00881391688922483
0.00736868241159877
0.00611142847160211
0.00551526137467277
0.00840204470764367
0.00556771094066859
0.00553414578614004
0.00368256412884549
0.00688236417674515
0.0100803935839684
0.00184722219062106
0.00258404804412951
0.00672763804335229
0.0059689359045782
0.00874566289168469
0.00242577783694404
0.00278924358325136
0.00636319328769304
0.0068049639131755
0.00515523162095126
0.00169675866177826
0.00342816553782673
0.00449026964304944
0.00550240923958223
0.00270982324449703
0.00194158326766516
0.00361311668612157
0.00591574040195211
0.00303930404679466
-0.00142405281965055
0.00474966496365682
0.00211495112607802
0.00382371174390684
0.00276291914277872
0.0027196103675081
0.00826822751397294
0.00667066968210091
0.00580636434600992
0.00464537592129146
0.00313963981035085
0.00686358407598496
0.00728203690977209
0.00628308574443525
0.00543087930889745
0.00334851116691218
0.00326524384881446
0.00275652967556505
0.0030081385311544
0.00515502353158172
0.000945502929916265
0.00442302615691802
0.00842027994707396
0.00274257081208579
0.00612970206948941
0.00271209597106232
0.00485058376369038
0.00603867036518034
0.00627890696037805
0.00421903179608019
0.004049038957041
0.00653923115952319
0.00184777656844364
0.00589805444502244
0.00987543056021559
0.0104182239281565
0.00452805478612471
0.0068588148614584
0.0059002617830296
0.00347616223124711
0.00685003655682812
0.00652360870450775
