# predict_model; Vecm
# name_prefix; us_data_stock_watson_2012;;;;;;;;;;;;;;;;;;;;;;;;;;;;;;;;;;;;;;;;;;;;;;;;;;;;;;;;;;;;;;;;;;;;;;;;;;;;;;;;;;;;;;;;;;;;;;;;;;;;;;;;;;
# description; Stock and Watson 2012: US indicators;;;;;;;;;;;;;;;;;;;;;;;;;;;;;;;;;;;;;;;;;;;;;;;;;;;;;;;;;;;;;;;;;;;;;;;;;;;;;;;;;;;;;;;;;;;;;;;;;;;;;;;;;;
# lag_parameter;4
# number_predictions;100
# horizon;1
# max_attributes;15
# predict;HHSNTN
# prediction_type;rolling
# method; Part-GFS_te(n_components=15)
"V1"
-0.270332460775855
0.224975751294663
0.0749943811575601
0.263540256080833
-0.0290657952100662
-0.176617670040534
0.170810881793375
0.0699074313759155
0.0659689778249451
0.0680455693225635
-0.318908693218359
0.34957221849901
0.0714016527245973
0.208103242448995
-0.041676781246532
-0.0646656491438216
-0.180498686077605
-0.145836949555688
0.152076347146875
0.442576066108779
-0.053697041784474
-0.112501258392406
0.122618655163072
0.270940866041157
0.00978054182555237
0.031225040847257
-0.400963200119609
0.280000604326755
-0.317981898350406
-0.0897326660553661
0.132879062607144
-0.0879221104555807
-0.228382418839569
0.0355426321271954
-0.15132384037693
0.202492826471135
-0.132943608700044
0.185343882602567
-0.0576957817060734
-0.229544576453671
-0.0107972473001968
0.0691866674157679
-0.108252914152845
0.317484124815871
-0.0112662349099774
-0.0828253139611781
-0.0235776317220793
0.107523205321962
0.240148608024819
-0.0652513677959504
0.00354255753022219
0.0465080127958238
-0.143996856138373
-0.0487193336996217
-0.291952842848204
0.663254727246536
0.288103011039698
0.0931192239402592
-0.0827677040913173
0.0304452939452366
0.190711025931729
0.367142590212181
-0.483860747846286
0.582180499783018
0.195237690720613
-0.11787678782955
0.0907554102423016
0.271681284612472
0.0616703796957381
-0.129191765899174
0.204875970120699
-0.533092961896663
0.007376769286671
-0.841140029166004
-0.179898293509896
0.85339055901494
0.408806546433502
0.944540305781746
-0.431870408023684
-0.153023685228487
0.203282674530051
0.206210654594102
0.0242288902345277
-0.198232876073447
-0.0413690783597272
-0.0836234787126219
-0.372398238056125
-0.138443045159031
-0.153318347342
0.168027578556145
-0.481974583479466
0.175980661575375
-0.308904462961766
0.0456315753770315
0.120558367505331
0.0825985987012285
-0.27526813141706
0.0515989249326568
0.0234304379711736
0.143886782645083
