# predict_model; Vecm
# max_attributes; 15
# description; Stock and Watson 2012: US indicators;;;;;;;;;;;;;;;;;;;;;;;;;;;;;;;;;;;;;;;;;;;;;;;;;;;;;;;;;;;;;;;;;;;;;;;;;;;;;;;;;;;;;;;;;;;;;;;;;;;;;;;;;;
# number_predictions; 100
# predict; GDP285A
# lag_parameter; 4
# horizon; 1
# name_prefix; us_data_stock_watson_2012;;;;;;;;;;;;;;;;;;;;;;;;;;;;;;;;;;;;;;;;;;;;;;;;;;;;;;;;;;;;;;;;;;;;;;;;;;;;;;;;;;;;;;;;;;;;;;;;;;;;;;;;;;
# method; Hits_te_(n_components=3)
# prediction_type; rolling
"V1"
-0.00398716542880734
0.00484213156522255
-0.000511705520362416
-0.0105157033172288
-0.00702490003079064
-0.0187182828235522
-0.00392567174790273
-0.00486568298107676
0.0119577784431451
0.00737054975789977
-0.0186163550170246
0.00779208362331293
0.00400521268874702
0.0181787477329253
0.0176547654436138
0.0099437740749196
0.00567917688680241
0.0122894665358451
0.00908038398544093
-0.00527215613863322
0.00664603488037102
0.013384469711627
0.00532856465849826
-0.00930816038535238
0.00350857354351216
0.0056040517884419
-0.0129947756309354
0.0190102844857181
0.036480127794531
-0.00406993706440654
0.0104762709233085
-0.0254863008410733
-0.00128437659805267
-0.011336170484381
0.00254209372526814
0.00961155478313959
0.000258182399096209
-0.0107375082756949
0.00857810993588225
-0.0124642034862328
-0.00254183583525363
-0.00876446062723594
0.00577210251447633
0.00312375480608967
0.00582236216924401
0.00507063035141282
0.0124137209903274
-0.00285092177437316
-0.00229556808570677
0.000451323467046822
-0.00864339612400298
-0.00847083114784772
-0.000536402933523728
-0.0139532381054178
-0.00937231885258124
-0.00819985555680588
-0.00991825592966398
-0.0145646827131976
-0.00749572218512864
-0.0117061351136773
-0.00171152697186646
-0.005508493440742
-0.00268869025304082
0.00737184983394833
0.0120035021648278
0.0117557318346898
0.0054120659872761
0.0109046560857015
0.00261576456394248
0.00368536252154492
0.000196458608696431
-0.0114548636466221
-0.0171135524105075
-0.0133274787741291
0.00190905653565226
0.00585042109794122
0.00490345876424681
0.0176487173107465
-0.00130459067157263
0.0150907501693344
0.0039089934783115
0.0176886380719991
0.0150389265290748
0.0180821322218421
0.0212970508515433
0.0136809353206635
0.0189266653016649
0.00703778431607089
0.00464042039104287
0.00503989541412031
0.0187321482472434
0.00962499383415652
-0.00448440002282568
0.00922878291302212
-0.00365548265323289
0.00394665346586129
0.0308067808674762
0.0306442170490315
0.0489868344137414
0.0243559477558463
