# predict_model; Vecm
# name_prefix; us_data_stock_watson_2012;;;;;;;;;;;;;;;;;;;;;;;;;;;;;;;;;;;;;;;;;;;;;;;;;;;;;;;;;;;;;;;;;;;;;;;;;;;;;;;;;;;;;;;;;;;;;;;;;;;;;;;;;;
# description; Stock and Watson 2012: US indicators;;;;;;;;;;;;;;;;;;;;;;;;;;;;;;;;;;;;;;;;;;;;;;;;;;;;;;;;;;;;;;;;;;;;;;;;;;;;;;;;;;;;;;;;;;;;;;;;;;;;;;;;;;
# lag_parameter;4
# number_predictions;100
# horizon;1
# max_attributes;15
# predict;FSPIN
# prediction_type;rolling
# method; FCBF(n_components=15)
"V1"
-0.00266086764742764
-0.00791452611230158
0.00267606212065709
0.00839318828472827
0.00144932089930976
0.00515133038490441
0.00820724143490222
0.00740340706952666
0.00464022843646996
0.0116856270443745
0.0119445047341236
-0.0106280336647073
0.00438108166131555
0.0272230358504574
0.00718957801789293
0.0163975300421317
0.0424122565853092
-0.00245990969605754
-0.0178940698497581
0.00402172128834427
0.00250367386213787
0.000464279928554228
-0.00544834605390121
-0.000930509180257442
0.0169033997451401
-0.00586969568095414
-0.000440038643607263
0.0229275859457215
-0.00576592542893773
-0.000929826272230981
0.0259359500153333
0.0113709321654479
-0.00069914376760266
0.0128500852964945
0.00810795010525616
0.00222585377303003
-0.00368110561929659
0.00151083939798164
0.00409725174694315
0.00214370882341508
0.0108124966056489
0.00062173726475171
0.00300024617114931
0.00936362843559282
-0.0116622468107565
0.0147916152510239
0.0220826476319501
0.0357335212703225
0.00985008976577714
0.0286139822876965
0.0242405424605256
0.00815533533078019
0.0401495679361772
0.0211449107884304
0.0367054723929955
0.0482765035736524
0.0447848828523059
0.028015842680842
0.035566266052724
0.0420559807751532
0.013106422297184
0.0847621961425678
0.0609710404306155
0.0877628732158873
0.00714380090065481
0.0195718761639338
0.0900328765910705
-0.0093577154401308
-0.0234624199086852
-0.0349715245856083
-0.0770258732087418
-0.0787379733260954
0.0217742430792776
-0.00143786980925818
-0.0247030175056859
-0.076038688920894
-0.0523032984394038
-0.0255586128480068
0.0446481639947446
0.0574101397308889
-0.017853989335347
0.012941679033044
0.00827923176379532
0.0476155291218336
0.0262010991077668
0.00871781730754988
0.0233030351363335
0.0480847274826153
-0.0601084157513922
0.0695198488590182
0.0342197361067223
0.010997771895789
0.0289223063924809
0.0124448130083845
0.0724418271010209
0.0184667003037487
0.0608702848090234
-0.0859601826411858
-0.0247080107746291
-0.0349333064893179
