# predict_model; Vecm
# max_attributes; 15
# description; Stock and Watson 2012: US indicators;;;;;;;;;;;;;;;;;;;;;;;;;;;;;;;;;;;;;;;;;;;;;;;;;;;;;;;;;;;;;;;;;;;;;;;;;;;;;;;;;;;;;;;;;;;;;;;;;;;;;;;;;;
# number_predictions; 100
# predict; PMI
# lag_parameter; 4
# horizon; 1
# name_prefix; us_data_stock_watson_2012;;;;;;;;;;;;;;;;;;;;;;;;;;;;;;;;;;;;;;;;;;;;;;;;;;;;;;;;;;;;;;;;;;;;;;;;;;;;;;;;;;;;;;;;;;;;;;;;;;;;;;;;;;
# method; dm_PCA(copy=True, iterated_power='auto', n_components=11, random_state=None, svd_solver='auto', tol=0.0, whiten=False)
# prediction_type; rolling
"V1"
-0.060779777036963
0.152681474751702
-0.330063114118389
-0.153209669411192
-0.050027121384784
-0.00810329649462199
-0.053042811039185
-0.076791944743729
0.0535686038678765
0.145848389663986
-0.0202147104701928
-0.108508008202633
0.282540986115576
0.0414387124740383
0.00959076775355107
0.0185365539347399
-0.163117374011575
0.0687613362396782
0.0553909301188531
-0.0251473264715118
0.132066886718544
-0.0746900652313276
-0.156634549943205
-0.089641502323088
0.0148462158853581
0.056063329311987
-0.0294616283207503
-0.10939994781579
-0.00269638773581042
0.114930653676206
0.104931810328117
-0.0899190517542219
0.171460256486432
-0.134996976702898
0.154592256480222
0.0369718093516178
0.0410115964213412
-0.261114451989048
-0.0587658917459447
-0.0280643517894678
0.059576651674847
0.11508540361668
-0.118764507242597
0.134076500491637
-0.118781289828783
-0.0144537942832233
0.120881173386152
-0.210613608960649
0.00158700672083898
-0.0149724231009063
0.049211541084013
0.0219937135767888
0.257664091181223
-0.0218063098670526
0.00755047759539811
0.0258947875585433
-0.0256979885602869
-0.0193450668144764
-0.0533113473684813
-0.118853124192076
-0.193612291506033
0.23634307917628
0.0274638237886973
0.0761380730758602
0.113461708566626
-0.0219892393938828
-0.128430207128557
-0.0522941405085469
-0.0583333427048828
-0.0964419926324342
-0.030251381989889
0.0285820596306782
0.133384774975665
0.266945255030565
0.0891765217469182
-0.0625669673018957
0.0272246686333117
-0.320185756453389
0.239673732559285
-0.0680609145009851
-0.0347380115467852
0.0895450309805163
0.0610521443670458
-0.172897025754583
-0.0176377250147428
-0.00332396129001125
-0.0768903247578467
-0.022552062353351
-0.0555753182440709
0.0383405071908224
-0.02001655941029
0.0597304222772529
-0.0232208232206132
0.0130879179186037
0.00378328028075005
0.0388766736831086
0.0723403795818888
0.0354324133285357
-0.0837684634205285
-0.0898665986712966
