# predict_model; Vecm
# name_prefix; us_data_stock_watson_2012;;;;;;;;;;;;;;;;;;;;;;;;;;;;;;;;;;;;;;;;;;;;;;;;;;;;;;;;;;;;;;;;;;;;;;;;;;;;;;;;;;;;;;;;;;;;;;;;;;;;;;;;;;
# description; Stock and Watson 2012: US indicators;;;;;;;;;;;;;;;;;;;;;;;;;;;;;;;;;;;;;;;;;;;;;;;;;;;;;;;;;;;;;;;;;;;;;;;;;;;;;;;;;;;;;;;;;;;;;;;;;;;;;;;;;;
# lag_parameter;4
# number_predictions;100
# horizon;1
# max_attributes;15
# predict;IPS32
# prediction_type;rolling
# method; Part-GFS_granger_graph(n_components=7)
"V1"
0.0109296264129819
0.0147757618903645
0.016405610786635
0.00681285576470403
0.00808136795945349
-0.00862549378987455
-0.00291044228530606
-0.0173684048222364
0.00689933116810195
0.00916276646151575
-0.00991471193564971
-0.0132260185615664
0.00967421220965023
0.0254294466879567
0.00377483660941537
0.0136225162158349
-0.00658964198148944
0.0127279009222744
0.01929529428472
0.00170119201574242
-0.00114331925184096
0.00860738642018812
-0.00676592038141899
-0.00160400338290209
-1.23140487971803e-05
0.00467851324009648
0.00788552746184258
-0.0103328975793957
-0.012415604731556
-0.00376573809636994
0.023387901755045
0.00859492146781194
-0.00450829658979449
0.0077131991817556
0.0158121292120221
-0.0046112654602744
0.012084485405777
-0.0018185813596244
0.0052497329038308
0.0060262508795717
0.0178179406396547
0.00509683715596051
0.0141525906373631
0.0188194115015296
0.0157113596959465
0.0121262568101551
-0.00076273084056764
0.0166449948148544
0.00662718478743163
0.0111079365572854
0.0245526720155148
0.0073399797711198
0.0147626718266145
0.0217972920815825
0.0183077719779705
0.0249428299872093
0.0292134917087101
0.0202999658977373
0.0047253176531694
-0.00013688304181545
0.0169634892437981
0.0173012281855996
0.0171938762320053
0.0173476893023216
0.0228155816065685
0.0196766934702295
0.0135990379832839
0.00210230632735634
-0.0043686937119158
-0.0172608048639538
-0.0159937140943417
-0.0211610626179047
-0.02064036544768
0.0100753126418369
0.018860044617616
0.00759277523348731
0.00789313969601265
0.00290538617735148
-0.00336747744137895
0.0058212213809901
0.0105230357749911
0.00491052826476771
0.00636425110850541
0.00778763195224126
0.0214287879646039
0.0107730958463616
0.000782218294864242
-0.00991193760112605
-0.00441870139070158
0.0258979602228635
0.00575061556003311
0.00941992839164371
-0.00802566245543864
0.00312798630266737
0.0145782105828479
0.00286483969927046
0.0122686606208412
-0.00118586357227683
-0.00736472789664415
-0.0367401557822139
