# predict_model; Vecm
# name_prefix; us_data_stock_watson_2012;;;;;;;;;;;;;;;;;;;;;;;;;;;;;;;;;;;;;;;;;;;;;;;;;;;;;;;;;;;;;;;;;;;;;;;;;;;;;;;;;;;;;;;;;;;;;;;;;;;;;;;;;;
# description; Stock and Watson 2012: US indicators;;;;;;;;;;;;;;;;;;;;;;;;;;;;;;;;;;;;;;;;;;;;;;;;;;;;;;;;;;;;;;;;;;;;;;;;;;;;;;;;;;;;;;;;;;;;;;;;;;;;;;;;;;
# lag_parameter;4
# number_predictions;100
# horizon;1
# max_attributes;15
# predict;FYBAAC
# prediction_type;rolling
# method; FCBF(n_components=13)
"V1"
-0.00438193162760355
-0.0164888795469182
-0.0259087683360987
0.0375116477469402
0.0389222606595364
-0.0535870199560067
0.0187446870722017
0.0386081803034987
-0.0107721687116806
-0.276173538016398
0.145905954319389
-0.167488669088755
-0.135396123454932
-0.0278759930157082
-0.0802765943185439
0.157229291103999
-0.0548886631122691
0.0565390366456202
0.0263082928509365
0.0667455328316822
0.0351163414268792
0.0284272516639301
-0.0540282764946838
0.0875907051804608
-0.0490466754619899
-0.0542115249181113
0.0454983668114812
0.0386064375940917
0.0301577400231781
0.0130392027206912
-0.0714481930816718
-0.018125335022717
-0.206935619242393
0.134090189856207
-0.167383064096457
-0.0204172849390016
0.106074159936765
-0.00197201787732857
-0.106188384484596
-0.0401466115886962
0.106554017754967
-0.0293606226061251
-0.00808740581646223
-0.0173228266392113
0.050557323720903
0.0367310302566641
-0.0915942125005843
-0.0507314911782399
-0.039744140875104
0.204028041456612
-0.0368470759030942
-0.00217335033860699
-0.0626950841248521
0.120317070043961
-0.0113812112229584
-0.0338066378970406
-0.00317687858797885
-0.0105517951273945
0.0804260866782397
0.00521686985454641
0.023912122141413
-0.105715890866453
-0.0208770458003932
0.227400110492166
0.0550646514894168
0.0263841373907562
0.0382880384927355
-0.109547196543478
-0.0038762657242668
-0.0922325410282958
0.090116061290416
-0.0968180519370482
0.136100853636983
0.0316683136291611
0.0405397159815034
0.0404877787849293
0.0148932299053622
-0.0248133733979117
-0.211507153570747
0.039115310230977
-0.00295954679145564
0.11292024280481
-0.0276527843127946
-0.0196930433537779
-0.0217538686826326
-0.0463481965832412
0.100935325140991
0.0543445812056765
0.0772134160216188
-0.0335534856727168
-0.0208438209128289
-0.112583271543393
-0.0619663320367172
0.10721091016216
-0.0258838154916533
-0.0015021500019039
-0.0156895887100076
0.0133969186560887
0.0493950223811107
0.026545168990683
