# predict_model; Vecm
# max_attributes; 15
# description; Stock and Watson 2012: US indicators;;;;;;;;;;;;;;;;;;;;;;;;;;;;;;;;;;;;;;;;;;;;;;;;;;;;;;;;;;;;;;;;;;;;;;;;;;;;;;;;;;;;;;;;;;;;;;;;;;;;;;;;;;
# number_predictions; 100
# predict; IPS34
# lag_parameter; 4
# horizon; 1
# name_prefix; us_data_stock_watson_2012;;;;;;;;;;;;;;;;;;;;;;;;;;;;;;;;;;;;;;;;;;;;;;;;;;;;;;;;;;;;;;;;;;;;;;;;;;;;;;;;;;;;;;;;;;;;;;;;;;;;;;;;;;
# method; Hits_granger__graph(n_components=9)
# prediction_type; rolling
"V1"
0.0226564749114349
0.00170869515369361
0.0142934887159343
0.0180250297811683
0.007991090626927
-0.0019767861669413
0.0142111798184148
-0.0110727771518411
0.0143897835673714
-0.0170256656346162
0.0237534973525781
0.0236195909656857
0.0147188848146313
0.0332371198070825
0.00682740743406945
0.00980658174115203
0.0189414027262315
-0.0076016494116209
0.0183752259216186
-0.0105631141675665
-0.00183025981318917
0.0144208539802296
0.00673181955235527
0.0108887388728876
-0.0180526988029663
-0.00764312774573881
-0.010531162448879
-0.0089263857597395
-0.00648245496932271
-0.00398568416430689
0.00190409789485524
0.00558618655919847
0.00565916138881347
0.0159127534602499
0.016494686297801
-0.00152871147830499
0.0109294621605686
0.00343117207365452
-0.00500313094485762
0.00286438478469539
0.0153515128447732
0.0123580915635105
0.0121533634678942
0.0012926284420804
0.0264249329109285
0.0229472618933863
-0.00230155820846689
0.0139984085604972
0.00513784531046259
0.011260074909088
0.0271857202915892
0.0279489077954728
0.0179381836913181
0.0232099585601735
0.0119815526493046
0.0308908316717814
0.0247151635646004
0.0230880772132691
-0.000898864533086912
0.011816547182264
0.0213883673081373
0.0200346054286852
0.0202267964165434
0.031609715859361
0.0304661436214304
0.0341674591618579
0.0295029318469551
0.00562443439600028
0.000216531284535961
-0.0335774351712791
-0.0169646641669655
-0.0158658833298469
0.0051603730510601
0.0284804600765522
0.0209234064124872
0.00458133129562778
-0.00311386587408187
0.00829936317562091
-0.0150429898852884
0.00854813123102455
0.0101901170212111
0.00978432757414925
0.01681764605625
0.017006306465927
0.00444169149071145
0.0131091960270667
0.0164078898822037
0.0127531132498895
-0.00880552926707542
-0.00160601902775751
-0.00693013456203959
0.0283423485559447
-0.00314300588352846
0.0218151886428555
-0.00291212845523843
0.00452437354377325
0.0254866924899333
-0.0102998022413106
-0.0247965406581669
0.016257143507149
