# predict_model; Vecm
# max_attributes; 15
# description; Stock and Watson 2012: US indicators;;;;;;;;;;;;;;;;;;;;;;;;;;;;;;;;;;;;;;;;;;;;;;;;;;;;;;;;;;;;;;;;;;;;;;;;;;;;;;;;;;;;;;;;;;;;;;;;;;;;;;;;;;
# number_predictions; 100
# predict; PMNO
# lag_parameter; 4
# horizon; 1
# name_prefix; us_data_stock_watson_2012;;;;;;;;;;;;;;;;;;;;;;;;;;;;;;;;;;;;;;;;;;;;;;;;;;;;;;;;;;;;;;;;;;;;;;;;;;;;;;;;;;;;;;;;;;;;;;;;;;;;;;;;;;
# method; Hits_granger__graph(n_components=6)
# prediction_type; rolling
"V1"
-0.286030859065334
-0.0381850847152194
0.0788205770532074
0.00270167888937541
-0.0373635739049693
0.131667103062481
-0.0338316116042938
0.0333117780612277
-0.130253060752688
0.1719074433063
0.0770119594934574
0.247203691744689
0.296994013805109
0.356629415260025
0.0993907333929464
-0.0176921148436359
-0.186662187292037
-0.0926280841711579
-0.108177164502847
0.0212417731787008
-0.0467469666376701
0.0492441711860518
0.0455251377711867
0.126270876338519
-0.225684694568189
-0.0596955643454935
0.0514364482239765
-0.158557118958421
0.136671233631295
-0.0593469531124575
0.0653819425660201
0.0715544357792795
-0.0730629036645001
0.124793466415729
-0.028690869828382
0.0386253648439252
0.0332234509314334
0.0194913122779361
-0.0314253647433224
0.125071750230737
-0.126685801001443
-0.0093849815796687
-0.193562513747582
-0.121910391908199
-0.0526467315960314
-0.156804324570323
-0.152142096855701
0.0424113774114183
-0.0611433975202585
-0.025399502613124
0.0054888549912391
-0.0608809394842671
-0.0855342295161979
-0.00442433605683824
-0.0719922911063227
0.0808517851696884
-0.0812694108979529
-0.0396754827491077
-0.0588352606611372
0.0656313239848006
0.0255913244921128
0.059164822355154
-0.0125255351008951
0.0148223389419359
-0.0323692924280708
-0.0159726222105369
-0.00666687388112737
-0.0699165237963448
0.0231710843687178
-0.0362165233216008
-0.0828485693541719
-0.080065670134614
0.0455042572573536
0.0774041124977246
0.0736160816930628
0.116508038363958
-0.06383491329721
-0.138503392389523
-0.0526869391933367
0.0275922162732969
0.0305179907531935
-0.112323064430871
-0.0235097453076187
-0.100180832486395
-0.109159150289182
-0.122694098998639
0.0367263765838378
-0.0260809696560923
-0.202721492454103
0.0495854155211025
-0.0578914166503276
0.0747227302986776
-0.0596759665219838
0.0323559408334059
-0.087093702822813
-0.0661712663911075
0.279144969891056
-0.121154654970965
-0.020358522705838
0.0768699851185093
