# predict_model; Vecm
# max_attributes; 15
# description; Stock and Watson 2012: US indicators;;;;;;;;;;;;;;;;;;;;;;;;;;;;;;;;;;;;;;;;;;;;;;;;;;;;;;;;;;;;;;;;;;;;;;;;;;;;;;;;;;;;;;;;;;;;;;;;;;;;;;;;;;
# number_predictions; 100
# predict; MSONDQ
# lag_parameter; 4
# horizon; 1
# name_prefix; us_data_stock_watson_2012;;;;;;;;;;;;;;;;;;;;;;;;;;;;;;;;;;;;;;;;;;;;;;;;;;;;;;;;;;;;;;;;;;;;;;;;;;;;;;;;;;;;;;;;;;;;;;;;;;;;;;;;;;
# method; Hits_granger__graph(n_components=9)
# prediction_type; rolling
"V1"
-0.0212724238009934
0.073851307649322
0.11689733976766
0.0650419970807878
-0.014017433860222
-0.00656314757861865
0.053103827908032
-0.0304137964281805
-0.0479614480831944
0.0209998729955485
-0.0817379930652027
-0.0120716610425887
-0.042937776085322
-0.0315470971406135
0.0215406400564485
-0.0214296509900947
-0.00636013048359566
-0.0185286762227016
0.063536005427136
-0.033193905709233
0.038808768721695
-0.0431233002762345
0.0368530695666692
0.0042354772360297
-0.0131451587197708
0.0347789593045301
-0.0435700277244706
-0.0943544463435244
-0.0370702316468647
-0.0408043747839712
0.0884548140678676
-0.0329817720903685
0.019617777434548
0.0696575211917622
0.0499111816022121
-0.00472453707706825
-0.00552279240623239
0.0731823397022223
-0.00320294195671814
-0.0473440897941422
0.0451260252522915
-0.00102173515326129
0.0363452471528818
0.0333841627872721
0.0123905451599211
0.0253095518833794
0.000286428535714452
0.0200844077940059
0.0351868177600241
0.0386471361609007
0.0901876330938431
-0.0194147811799538
0.0153109825720281
0.0130381769729892
0.0876868462969501
0.0451324831856367
0.0659582628835602
0.0678702587652469
0.00799665580919091
-0.00928396917257485
-0.0170650167109651
-0.0518440921911745
-0.0107289516880525
0.0317233460709404
-0.0100098761840675
0.00735841595629403
0.00385368917067481
-0.00687661161565959
-0.0120201289476065
-0.0753738363960267
-0.0393017865556734
-0.0944233849197604
-0.074437953590798
0.0103098958823814
0.00554852965570758
0.00996662504687203
0.0204079329700633
-0.0378523427897132
-0.0632792176785559
0.0536290422648304
-0.0492046982493178
0.0939580865843629
-0.00354572776896662
0.0148915091000378
0.0168461617816291
0.0554514330008245
0.0166741727445363
-0.0184137585954281
0.0141478540504898
0.0604655812516491
0.163782544987399
-0.00454813290180444
0.00438496858609987
-0.141639777077388
0.0349176347994922
0.0673415517147644
-0.0277625805489797
0.0323779287285858
-0.101253849370692
-0.181605797525711
