# predict_model; Vecm
# max_attributes; 15
# description; Stock and Watson 2012: US indicators;;;;;;;;;;;;;;;;;;;;;;;;;;;;;;;;;;;;;;;;;;;;;;;;;;;;;;;;;;;;;;;;;;;;;;;;;;;;;;;;;;;;;;;;;;;;;;;;;;;;;;;;;;
# number_predictions; 100
# predict; PMNO
# lag_parameter; 4
# horizon; 1
# name_prefix; us_data_stock_watson_2012;;;;;;;;;;;;;;;;;;;;;;;;;;;;;;;;;;;;;;;;;;;;;;;;;;;;;;;;;;;;;;;;;;;;;;;;;;;;;;;;;;;;;;;;;;;;;;;;;;;;;;;;;;
# method; Hits_te_(n_components=10)
# prediction_type; rolling
"V1"
-0.164990948763658
0.174600993839843
-0.12148858738609
-0.145129552229399
0.118890616136351
0.036404054839669
0.0805249646453444
0.0261156212243737
0.0298325232705288
-0.0188056833361272
0.10990489790462
0.0497775806541268
-0.0815488802447211
0.0191984283454883
-0.0582588740003755
0.073088816226375
-0.0791662319291913
0.044823486544013
-0.0299473656168509
0.0657243838519673
0.00405506037308742
-0.0442550322495138
-0.0505059674060306
-0.0360020347790858
-0.0121333456333117
0.0821773746929591
-0.0989460870036001
-0.049524469217734
0.0190978562924643
-0.018935863599541
0.029538785548059
0.111354820040297
0.177411376588345
-0.0158483813138035
-0.0447006992626873
0.00837315866444664
-0.0538486373184441
0.0136236506338394
0.00820250360728608
-0.135489651392409
-0.109270478149949
-0.0271114290527574
0.0509601144510207
0.0392665074330129
-0.105766232959828
0.0162747274221229
-0.0136771140774104
-0.0904483699992451
-0.0344157296564743
-0.150287092253501
0.0174596245480846
0.021808964507893
-0.084720693840484
0.141386037507916
0.0422517633968023
-0.0282679172656405
0.0170047478016097
-0.00628996451025404
-0.0317269316955583
-0.0680816398146627
-0.112776606073068
0.0643137388759073
-0.0142839746056654
0.11890943844511
0.0628399859383002
-0.0384617550869457
-0.112970750813895
-0.082587865380787
-0.0809625991399036
-0.0291811946828109
0.171301418703583
-0.0895687000293592
0.182957310747828
0.183111044216435
-0.180845328759238
0.228404111057044
0.119654083891595
-0.175172851624229
-0.0893776831407132
-0.0154499427213074
-0.0314919950720997
-0.0138551545550872
0.0301318117043916
-0.123821989197864
0.0815119776637118
-0.143747894285612
-0.00748558646296631
0.0388446519031101
-0.0847783987754865
0.0760345328806539
-0.232200904830542
0.0935638196659714
-0.144482174728517
0.199596209192596
0.0647973440532529
0.0224189989488796
-0.0692344943117778
-0.193541740028751
0.0931198871516273
-0.0416477178319716
