# predict_model; Vecm
# name_prefix; us_data_stock_watson_2012;;;;;;;;;;;;;;;;;;;;;;;;;;;;;;;;;;;;;;;;;;;;;;;;;;;;;;;;;;;;;;;;;;;;;;;;;;;;;;;;;;;;;;;;;;;;;;;;;;;;;;;;;;
# description; Stock and Watson 2012: US indicators;;;;;;;;;;;;;;;;;;;;;;;;;;;;;;;;;;;;;;;;;;;;;;;;;;;;;;;;;;;;;;;;;;;;;;;;;;;;;;;;;;;;;;;;;;;;;;;;;;;;;;;;;;
# lag_parameter;4
# number_predictions;100
# horizon;1
# max_attributes;15
# predict;FYGT5
# prediction_type;rolling
# method; FCBF(n_components=2)
"V1"
-0.004495660633797
0.00550608649113816
0.0363342026611604
-0.0177388337620346
-0.0138109733852975
-0.00271023369295114
-0.0831670444662938
-0.0183563690586193
-0.0591235830485906
-0.0807219581530372
-0.0947648176942921
-0.105653428093392
-0.0277939540329879
0.00252126071046759
0.0271478687762995
-0.00194287829342831
0.0619991064579443
0.011990431358405
0.0077151223062615
-0.028340353236185
0.00151917232634212
0.0451748612164328
-0.00638072964963915
0.00259950298700045
0.0073378986697655
0.00401695097302514
-0.0151464960162055
-0.0227693455060644
0.00708505075536783
-0.014975934010653
-0.0326811970803975
-0.0444403185930874
-0.0232978278366731
0.00991921361096544
-0.0449694009512494
-0.0320848146997156
0.0428937104851898
-0.00987484667741027
-0.0202675309068891
-0.0529266875499091
-0.0231592697830905
0.000297316588571319
0.0532041947588015
0.0509821685057205
0.0505371814973928
0.016380465567763
0.00253091682420735
-0.0346667993999444
-0.023592215056882
-0.014011178470057
-0.00814968847441555
0.00611194002882072
0.0253819617332402
-0.0252093126448001
-0.0258812346670915
-0.0119792236378947
0.0115404197224918
-0.0155876820947528
-0.00844090773560225
-0.0245236223520984
-0.0358976937676122
-0.00225464096537822
-0.0108646833318752
-0.0119018019339419
0.0179618612154297
0.03733775300151
-0.0270466574045781
-0.0124195728767563
-0.0104804121918603
-0.0037001562343035
-0.00644997538136046
-0.0575229306060222
-0.0764481613760136
-0.036718408606791
-0.00278418042174723
0.00601159322265271
0.00871347273512784
-0.0497554185466649
-0.0490732502686564
-0.0173750905074164
0.00182750649831319
0.0202981715550924
0.0114888134138205
-0.0256919892281434
0.0207676305602555
-0.00216318500110296
0.014306645116676
0.0539428458799331
0.0414503341425818
0.0337383296618264
0.0252921629553441
0.0102687218762271
-0.0143200662253063
-0.0020098224976632
-0.018292683107235
-0.00035767437465876
-0.0173220652862792
-0.0578741611976684
0.000121951813014596
-0.0334071808369133
