# predict_model; Vecm
# name_prefix; us_data_stock_watson_2012;;;;;;;;;;;;;;;;;;;;;;;;;;;;;;;;;;;;;;;;;;;;;;;;;;;;;;;;;;;;;;;;;;;;;;;;;;;;;;;;;;;;;;;;;;;;;;;;;;;;;;;;;;
# description; Stock and Watson 2012: US indicators;;;;;;;;;;;;;;;;;;;;;;;;;;;;;;;;;;;;;;;;;;;;;;;;;;;;;;;;;;;;;;;;;;;;;;;;;;;;;;;;;;;;;;;;;;;;;;;;;;;;;;;;;;
# lag_parameter;4
# number_predictions;100
# horizon;1
# max_attributes;15
# predict;EXRUK
# prediction_type;rolling
# method; Part-GFS_granger_graph(n_components=6)
"V1"
-0.0442503807636587
0.00370960978688875
0.00768234246512335
0.029219662359694
0.0133892765096677
-0.0599481029347321
0.0262575535730902
-0.0575829521915019
0.032809137381388
-0.052597518769684
0.0403266167002634
0.149335744436199
-0.00256606507064506
0.110883641788029
0.0553988681764238
-0.0275099769784599
0.0781314841054182
0.096558675612629
0.0281904228224165
-0.00850943947575864
0.0416218607428297
-0.00649220393411339
-0.0742377642964594
-0.0956266193290415
-0.00385071756529191
0.0121505631559226
0.030542537269489
0.122533666670916
-0.12638420440885
-0.0139920757288244
0.102634400983225
-0.0290942180779896
-0.0313256607706682
0.0143901428432924
-0.0525893238641923
-0.048178267572954
-0.0493146579294175
0.0823503335485248
-0.0687583303975259
-0.0509181041180199
0.0264564096215013
-0.00849719733068355
-0.00570569282074482
0.0482761483566544
0.0373575961121773
0.000345970715557753
-0.0371554076982718
0.00639262566850657
0.025272961635707
0.030218336550674
-0.00408114544158637
-0.0156503778890153
-0.0524846692532661
0.0416980923103803
0.0895763960014234
0.060783267777319
0.00746060938866273
-0.00956312205930356
-0.0386516843633218
-0.061815367280586
-0.00331633824808499
-0.00996192129833981
0.0228539036008369
-0.0258412896002251
-0.0295786830036052
-0.0141364383928136
-0.0356325894253064
-0.0696907729058986
-0.07649347123719
-0.0678227556859096
-0.0453777737705016
-0.0558214694864577
-0.00576177903753927
-0.0644672242583745
0.250866636243251
-0.0813680927132044
0.0265072808002723
-0.00802352616814161
0.0064585660009892
0.0123815133804704
0.0630995778940152
0.0637374379600166
0.0319463802249253
0.0375699093880968
-0.0281531792109659
-0.0199703992544493
-0.0078347684642243
0.0534958459825099
-0.0582104593079858
-0.0121142265597587
0.0285389673142654
-0.112239572047903
0.0683143607080536
0.0377501019445517
-0.0322880634125091
0.00909096268132475
-0.0340385467364621
-0.0137052273730038
-0.00405780386000946
-0.122996741128599
