# predict_model; Vecm
# max_attributes; 15
# description; Stock and Watson 2012: US indicators;;;;;;;;;;;;;;;;;;;;;;;;;;;;;;;;;;;;;;;;;;;;;;;;;;;;;;;;;;;;;;;;;;;;;;;;;;;;;;;;;;;;;;;;;;;;;;;;;;;;;;;;;;
# number_predictions; 100
# predict; PMP
# lag_parameter; 4
# horizon; 1
# name_prefix; us_data_stock_watson_2012;;;;;;;;;;;;;;;;;;;;;;;;;;;;;;;;;;;;;;;;;;;;;;;;;;;;;;;;;;;;;;;;;;;;;;;;;;;;;;;;;;;;;;;;;;;;;;;;;;;;;;;;;;
# method; Hits_te_(n_components=6)
# prediction_type; rolling
"V1"
-0.0742007907414975
0.115523142371452
0.0101204148343976
-0.202398495885986
0.0469816138529461
0.0208245235886364
0.111424239303128
0.000299495408209343
-0.0808619034092072
-0.0153361023248755
-0.0557927651727949
0.0531274774576327
-0.0421125585021414
-0.0383005947616182
0.00117893025347728
-0.131691690373672
0.00434030746157497
0.104408587232686
-0.00486434993441982
0.0442011811305919
0.0483862267287741
-0.0687501283426086
-0.0297232328599195
-0.00251220659332961
0.100646789772764
0.0374925797203057
-0.0846854020903106
-0.0218933749939481
-0.21297550523891
0.00472035232603393
-0.0133153712843935
-0.0221475148280372
0.257502942307051
0.0137266865352998
-0.100385164900745
0.0226675220101265
0.116161384279118
-0.0284534450671244
0.0489227673778393
-0.0444706747092736
-0.00776243793240292
0.0647338177624857
-0.1002587074919
0.180532757008048
-0.0140928360965619
-0.137546695687285
0.0447342519227467
0.00298880993712088
0.0219591346476676
-0.126481617788793
-0.0597025802951013
0.0422785274118222
0.0176292441032597
-0.0303787200889823
0.0282809625748603
0.139796547194195
0.00502558872721801
-0.0568170751546782
-0.0755572153913786
0.00529350964652943
-0.0493067895414393
0.0919758319818146
-0.0898883473853113
0.162867117998455
0.0859604125430745
-0.0360445715096928
-0.107943193648446
0.0345236023193798
-0.0308590250985729
-0.0714231492986743
0.100026565035104
-0.0229800738258833
-0.0360263031185416
0.110980134010187
-0.0896223550385856
0.0905524352534764
-0.0675421456167619
-0.087710943971601
-0.0113672659165711
0.0665315561960609
0.081697116315293
0.0552783933702016
0.0094571795709229
-0.129740204408322
-0.0499550931219527
-0.0701399311948112
-0.0775427707526789
0.108380813962698
-0.0501049896423405
0.00809298765869667
-0.188293409679814
-0.0596543260376659
-0.126069931043063
0.102166271748571
0.134577078617696
-0.0657642471874485
-0.0799960738793761
-0.186797468317698
0.201327661919061
0.118026592017147
