# predict_model; Vecm
# max_attributes; 15
# description; Stock and Watson 2012: US indicators;;;;;;;;;;;;;;;;;;;;;;;;;;;;;;;;;;;;;;;;;;;;;;;;;;;;;;;;;;;;;;;;;;;;;;;;;;;;;;;;;;;;;;;;;;;;;;;;;;;;;;;;;;
# number_predictions; 100
# predict; LHEL
# lag_parameter; 4
# horizon; 1
# name_prefix; us_data_stock_watson_2012;;;;;;;;;;;;;;;;;;;;;;;;;;;;;;;;;;;;;;;;;;;;;;;;;;;;;;;;;;;;;;;;;;;;;;;;;;;;;;;;;;;;;;;;;;;;;;;;;;;;;;;;;;
# method; Hits_granger__graph(n_components=4)
# prediction_type; rolling
"V1"
-0.00526892742576253
0.0709178063044551
0.0769042677214208
0.0338755419039729
0.050639732470104
0.0457097014224207
-0.00253325713074573
0.0236183629192197
-0.0574471068968132
0.0163639516451921
-0.00463048479381189
-0.0372961776855577
0.029808223659113
-0.018944388752973
0.0224203618988638
0.0642017852161121
0.0154060542932396
-0.000582368477532716
-0.0225108360022157
0.0329426454355422
0.0207433853432479
-0.036610959387766
0.00379553477251331
0.0255573170067341
-0.0440645801649901
-0.00118267468249236
-0.0420067802381664
-0.0942261817117675
-0.0815958859462196
-0.0997841783533355
-0.000545523598753658
-0.0182314392104748
-0.0362662890625072
0.0192004863856054
0.00826978932784399
0.00861477564269039
0.0180777652286757
0.0299922835463005
0.00242712320740324
0.054744238321996
0.0254609550821685
0.0802911868280919
0.000631852662832919
-0.00386979660570038
0.0520905195711782
-0.0167964080011345
-0.0226941499261135
0.00980107967933674
-0.00361524227562153
0.00715640477554074
0.0157334892894244
-0.00149863071571126
-0.0117892217254266
0.0254745198153728
-0.0044599045500075
0.0284858920881355
0.0133341931699632
0.013354571179029
-0.0360290077969533
-0.00428641346120056
-0.0252607247276033
0.0307411863380662
-0.00967365509262868
-0.00900528725946812
-0.0293342885869292
-0.0169037690993324
-0.0275273808801455
-0.0544882223276846
-0.0448064056805352
-0.0679073184900711
-0.0725159638488425
-0.0822052761461244
-0.104435814066663
-0.0283322497710268
-0.00258388550332498
-0.00828186783612588
-0.0213194784211212
-0.0145218209332896
-0.016689424146243
-0.0396068995185855
-0.0118707461254379
-0.0380202648559657
-0.0103015414330219
-0.0227780459792325
-0.0591900537062403
0.0226886342320687
-0.00489915930625215
0.00732242878403916
-0.0261691353604224
-0.0305225628388829
-0.0619500636069295
-0.0147768153906276
0.0347093141122644
-0.030565506388675
-0.00456372974651217
-0.023083905528167
-0.0289524105310472
-0.0492560312356945
-0.0416374547300059
0.0118012448381806
