# predict_model; Vecm
# name_prefix; us_data_stock_watson_2012;;;;;;;;;;;;;;;;;;;;;;;;;;;;;;;;;;;;;;;;;;;;;;;;;;;;;;;;;;;;;;;;;;;;;;;;;;;;;;;;;;;;;;;;;;;;;;;;;;;;;;;;;;
# description; Stock and Watson 2012: US indicators;;;;;;;;;;;;;;;;;;;;;;;;;;;;;;;;;;;;;;;;;;;;;;;;;;;;;;;;;;;;;;;;;;;;;;;;;;;;;;;;;;;;;;;;;;;;;;;;;;;;;;;;;;
# lag_parameter;4
# number_predictions;100
# horizon;1
# max_attributes;15
# predict;GDP285A
# prediction_type;rolling
# method; FCBF(n_components=13)
"V1"
0.0109112585949903
0.0623899089156031
-0.00200071483410406
-0.00878413190162303
-0.0229694417999308
-0.0254780321250654
0.00521993794780082
0.00972328992496541
0.0129119588314409
0.0179348175510886
0.00083905939317535
0.00515229594018279
-0.024699506360016
0.0623201902887334
0.0393716852809814
-0.00726131026097036
0.0100971063455444
0.00834109972865974
-0.00520825681264187
0.012298075336023
-0.00959761059826898
-0.000610553855583982
0.00585254177127118
-0.0054918437922023
-0.00495141624702897
0.013339743753443
-0.0425151082452073
0.0571516985132616
0.0276153952504585
-0.0393369963831975
0.00306424325786676
-0.0233787527882957
0.00327602588240958
0.0177939224727492
-0.0183134692893116
0.000758287799336723
-0.0277201979914476
-0.00272110909842151
-0.011672283269598
-0.0172206553762764
0.0191848243003101
-0.021267682175668
0.00425352480338827
0.0195241221870858
0.0313113725057146
-0.0189431621633637
0.0380619919337286
-0.0127846291049743
-0.0195995011447369
-0.0202120688532135
0.0247357799932077
-6.29774650127788e-05
-0.0240484668401898
0.00527806295640032
-0.0148205017063099
0.000147085253474044
-0.0271548815178219
0.00273257202673058
-0.0272310120346217
-0.0188653446634196
-0.00213115108952769
-0.0220858706204203
-0.00489580422231346
0.0168446520092134
-0.00588275020499491
0.0428304894138336
-0.0231893177736203
0.0263847979182428
-0.0534922551032119
0.00537930075013418
0.0630788318717928
-0.00442959377914535
-0.0684408296950062
0.0697571762591691
-0.026175713859096
0.0103809406635302
0.0014930464882429
-0.0366131368460543
0.00771469348507991
0.0526997616623856
-0.00145888456829689
0.0325928396085636
0.00479705868344382
-0.0343064681738758
-0.00534103102479786
-0.00298808214771282
0.0147132317956724
-0.0134025186809949
-0.0188493632008612
0.0730672495986253
0.083057634826869
-0.0181081684662574
0.0348009921613895
0.0179837170700514
0.0025797786205437
0.0181241475746537
0.055288638658821
-0.00703044045177326
0.0238961509703084
0.0177680882742748
