# predict_model; Vecm
# name_prefix; us_data_stock_watson_2012;;;;;;;;;;;;;;;;;;;;;;;;;;;;;;;;;;;;;;;;;;;;;;;;;;;;;;;;;;;;;;;;;;;;;;;;;;;;;;;;;;;;;;;;;;;;;;;;;;;;;;;;;;
# description; Stock and Watson 2012: US indicators;;;;;;;;;;;;;;;;;;;;;;;;;;;;;;;;;;;;;;;;;;;;;;;;;;;;;;;;;;;;;;;;;;;;;;;;;;;;;;;;;;;;;;;;;;;;;;;;;;;;;;;;;;
# lag_parameter;4
# number_predictions;100
# horizon;1
# max_attributes;15
# predict;LHEM
# prediction_type;rolling
# method; Part-GFS_granger_graph(n_components=7)
"V1"
0.0120711076797693
0.0154515740660339
0.0126041649993934
0.00732024832895701
0.0140004291479952
0.0086886023986897
0.00878382267238551
0.0105389563585295
0.0111545733211089
0.00965799260855094
0.0108463455846196
0.00654463146122029
0.0106304427992868
0.00185220870544924
0.0109707650979781
0.00775419730684608
0.0119896428416258
0.00629332424272385
0.00814591450647877
0.00665062418374978
0.00464095611667416
0.00734871984126782
0.00685671701945882
0.00314990729241117
0.00464828645906234
0.00369621172601633
0.00254500405225817
0.00324770471102667
-0.00142353801969407
-0.005918097620531
0.00123544345947074
0.00205588299943901
-0.000193307995420539
0.00482207810209604
-0.00117546367677014
0.00492436412338766
0.00829527552612762
0.00308342301716958
0.00969423594109336
0.00896487074355093
0.0073129741610725
0.0080536919260566
0.00993668620358753
0.00966959771501602
0.00839724270951209
0.00576024126023321
0.00587584410920524
0.00629648620026966
0.00502962300746594
0.00390341562715641
0.00879339701740689
0.00494451403258001
0.00466742921841894
0.00426103940285585
0.0058680971483055
0.00964173988910727
0.005867695911222
0.00754095127929225
0.00970942231579817
0.00489662479152559
0.00912781154387858
0.0059443263730518
0.00882095717221873
0.00456195154081069
0.0102838406506796
0.00123288177886828
0.00494900552727186
0.00411809839588727
0.00820005559528617
-0.00485305896420206
-0.0119680924379461
-0.00186402505879492
-0.00405561525623
-0.00148523217184884
-0.00236751067785956
0.00258645725216116
0.00597723661436996
0.00258471586553217
-0.000971083649544088
0.00868774008684329
0.0096727445399321
0.00536261469736647
0.00513256694563023
0.00394440857826192
0.00874332555527506
0.00212959009225881
0.0149759250356743
0.00955727901965544
0.00525142872044384
0.0141237557638778
-0.00262244202717319
0.00253509160048417
0.0100286142847901
0.00389355230819472
0.00300657904612027
0.00490314319449692
0.00104257653184982
-0.0046749519501034
0.000181200164607464
-0.015625761866163
