# predict_model; Vecm
# name_prefix; us_data_stock_watson_2012;;;;;;;;;;;;;;;;;;;;;;;;;;;;;;;;;;;;;;;;;;;;;;;;;;;;;;;;;;;;;;;;;;;;;;;;;;;;;;;;;;;;;;;;;;;;;;;;;;;;;;;;;;
# description; Stock and Watson 2012: US indicators;;;;;;;;;;;;;;;;;;;;;;;;;;;;;;;;;;;;;;;;;;;;;;;;;;;;;;;;;;;;;;;;;;;;;;;;;;;;;;;;;;;;;;;;;;;;;;;;;;;;;;;;;;
# lag_parameter;4
# number_predictions;100
# horizon;1
# max_attributes;15
# predict;GDP276_1
# prediction_type;rolling
# method; Part-GFS_granger_graph(n_components=8)
"V1"
0.00654841014277248
0.00574772405180602
0.00586498279695484
0.00654167777290946
0.00654912630806518
0.00707111028783377
0.00796056664327259
0.00707440839490627
0.00818463147794546
0.00940961032193557
0.00703501572947722
0.00702752603012622
0.00747737896146932
0.00606052132150056
0.00777802889057691
0.00607970652716664
0.00823980276695296
0.00824066583757282
0.00665329426222129
0.00847901042430415
0.00534920875738131
0.00581377946324758
0.00603199729683102
0.0058673033079885
0.00833941402328922
0.00700290458962414
0.0100445400444663
0.00686866009440932
0.00572444817308461
0.00855359483954625
0.00516633153076186
-1.82216906618746e-05
0.00613341196339744
0.00400861102697882
0.00333350111408842
0.00525751168776026
0.00465979215619683
0.00665421836343389
0.0060041975764191
0.00401907491197562
0.00595332308328258
0.00472619386904555
0.00716841725856899
0.00520040189403461
0.00592846346739176
0.0058469474646627
0.00566477979225702
0.00421076282638136
0.00680927403961747
0.00531114359589673
0.00652055197848908
0.00615055310880241
0.00537467569733196
0.00563545381093385
0.00489719827586858
0.00528448438172412
0.00537675063232213
0.00636451664271573
0.00782273422510804
0.00619383007569735
0.00748527650279025
0.00717464528107141
0.00674832075444559
0.00520446384019594
0.0053987575091125
0.0100276710747246
0.00383668058846267
0.00730139633920598
0.00951369625112982
0.00841167275446495
0.0111332258921177
0.00637389032633039
0.0119411737173071
0.00809829334622481
0.00588892169961115
0.00833501014023349
0.00844336553945037
0.00868107560366876
0.00373843983067544
0.0049100106531832
0.00408830086940356
0.00689820736162142
0.00896698605336375
0.00779513419782635
0.00778295270987966
0.0105059552001325
0.00644758605535292
0.0074090117136442
0.00593195955933542
0.00896952595527754
0.0103770868185468
0.00861179390729915
0.0069683224197805
0.0118409649152283
0.00684237641280703
0.00615771041701439
0.0111388356344824
0.0113792746620946
0.00430659839641556
0.010301695782527
