# predict_model; Vecm
# max_attributes; 15
# description; Stock and Watson 2012: US indicators;;;;;;;;;;;;;;;;;;;;;;;;;;;;;;;;;;;;;;;;;;;;;;;;;;;;;;;;;;;;;;;;;;;;;;;;;;;;;;;;;;;;;;;;;;;;;;;;;;;;;;;;;;
# number_predictions; 100
# predict; PMNV
# lag_parameter; 4
# horizon; 1
# name_prefix; us_data_stock_watson_2012;;;;;;;;;;;;;;;;;;;;;;;;;;;;;;;;;;;;;;;;;;;;;;;;;;;;;;;;;;;;;;;;;;;;;;;;;;;;;;;;;;;;;;;;;;;;;;;;;;;;;;;;;;
# method; Hits_te_(n_components=12)
# prediction_type; rolling
"V1"
0.0194052631059955
0.140293186378769
-0.10824077094069
-0.12357313151443
-0.132678203110246
0.0349069830156355
-0.0875205759166284
0.158347738550342
0.0115717234835801
-0.0533670460504276
0.103504131475553
-0.0163844710811639
0.0662927237090104
-0.0189539455297671
-0.00418344367517136
0.0612225537901401
0.0391910895391477
0.00987597820308058
0.0390158032551665
0.0862944525584338
0.00189409702776475
-0.152545073499047
-0.166671367162763
-0.0598249541383403
0.0142875645200494
0.0170563493057356
-0.0867413148846033
-0.0763169343149096
-0.133515897762656
-0.0254187425009452
0.140123925312763
0.00778494122497965
0.0175795075791284
0.0447526013814089
0.0343497541142804
0.105500904984167
-0.000486275272412124
-0.00634608300987768
-0.00539091171820271
-0.0195777963301001
0.113562792503693
0.0644509340654136
-0.0286067621734775
0.064002634235317
-0.058344183277305
-0.0839980276612543
-0.146653557619639
-0.0171080560431629
0.0424318171703638
-0.0103724931144647
-0.0381949477148298
0.00586065416179303
-0.0265982685702899
0.0771108123430986
0.0650496773016696
0.0182693676947481
0.0237733024706971
-0.0121265336612515
0.010150631907099
-0.033461461848744
-0.0250839832708495
0.0366967713224821
0.102360671215186
-0.00362632940963147
-0.00214867453598137
0.0184949891550414
-0.0603806839678459
0.0313987063959188
0.00961230196264229
-0.114497329543372
-0.067615747651999
-0.0694248565178788
-0.0409631459678787
0.111102175084305
0.0395656247004332
0.034475268883102
-0.0223324371464319
0.012957002511684
-0.0420492361340118
0.0381864279549112
0.124792387195378
0.110585543649263
-0.0280007133841239
-0.0437147158040909
0.0268267140632459
0.0164349377960973
-0.0507775740437295
0.0683958059657022
-0.0702335174336982
-0.0141442185503365
0.034711306442558
-0.0452886599413073
-0.0215964161006505
0.0451174707448952
-0.0398771058049084
-0.0618560238254862
0.0409725535532112
0.0428462012435575
0.059151395043933
-0.07435548621471
