# predict_model; Vecm
# name_prefix; us_data_stock_watson_2012;;;;;;;;;;;;;;;;;;;;;;;;;;;;;;;;;;;;;;;;;;;;;;;;;;;;;;;;;;;;;;;;;;;;;;;;;;;;;;;;;;;;;;;;;;;;;;;;;;;;;;;;;;
# description; Stock and Watson 2012: US indicators;;;;;;;;;;;;;;;;;;;;;;;;;;;;;;;;;;;;;;;;;;;;;;;;;;;;;;;;;;;;;;;;;;;;;;;;;;;;;;;;;;;;;;;;;;;;;;;;;;;;;;;;;;
# lag_parameter;4
# number_predictions;100
# horizon;1
# max_attributes;15
# predict;FYBAAC
# prediction_type;rolling
# method; FCBF(n_components=5)
"V1"
0.042100678697992
-0.00525594019400914
0.0498143225021991
-0.0361048537419599
0.0187403972923139
-0.1295116088992
-0.0149157403082346
-0.0511106709795816
0.0945992134205273
-0.134822298571918
-0.0674188842868228
-0.121934112352426
-0.0677764898350135
-0.0517552931718859
0.0194154575802547
0.104988867801855
0.0337388476577905
-0.0337674295510417
0.0199335058683071
0.00348832887350203
-0.0109778152978369
0.0280831115315424
-0.0172772867617656
-0.0232732035810059
-0.0391105814176609
-0.0545593724488813
0.0432219493190173
0.101980389058681
-0.0813142063762711
0.00126288897764589
0.0375661042953525
-0.0740682341356819
-0.0596165587152599
0.0541184492004258
-0.0433015836504257
-0.00992870902154703
0.0414926297587942
-0.076978228125958
0.0112599925554986
-0.0713959702993029
-0.000816273477451592
0.0169392475398495
0.045432660896746
0.0310909703193191
0.0301162492242316
0.0260709725701899
-0.0953922500196935
-0.00653052559955174
-0.0263497296095002
0.0195467309359414
-0.00588681380282214
0.00945236982833333
-0.0240866115915342
0.0122748155097305
-0.0200927447394331
-0.0284024676103855
-0.01125495235188
0.0219277651363734
0.0206719585789708
0.00130343306547888
0.0110728149148107
0.0206587882931452
0.0242691515768918
0.0115187447095379
0.00234084342026512
0.0120922479040996
0.0204072127611601
-0.0277804810452387
-0.00403195743816823
-0.00357277764773098
0.0515319728566049
0.0386018170861396
0.0365687642384345
0.038392954347182
0.0435320061117653
0.0446327232253618
0.0443954202154666
0.0110127539187485
-0.0373950986360617
0.0165616477826997
0.0019184657246758
0.0288002274417867
0.0243663006633885
-0.023570884614953
-0.0144009478113519
-0.045692228475754
0.0107160977874928
0.0112165010645178
-0.015402772825143
0.00383474591531488
0.00651935305154505
-0.0330945461365542
-0.0267480538189895
-0.00578005117613838
-0.0263837307978623
0.0318921848372149
-0.00509729377359002
0.00707887028800395
0.018273231072611
0.00562869465977146
