# predict_model; Vecm
# name_prefix; us_data_stock_watson_2012;;;;;;;;;;;;;;;;;;;;;;;;;;;;;;;;;;;;;;;;;;;;;;;;;;;;;;;;;;;;;;;;;;;;;;;;;;;;;;;;;;;;;;;;;;;;;;;;;;;;;;;;;;
# description; Stock and Watson 2012: US indicators;;;;;;;;;;;;;;;;;;;;;;;;;;;;;;;;;;;;;;;;;;;;;;;;;;;;;;;;;;;;;;;;;;;;;;;;;;;;;;;;;;;;;;;;;;;;;;;;;;;;;;;;;;
# lag_parameter;4
# number_predictions;100
# horizon;1
# max_attributes;15
# predict;sFYAAAC
# prediction_type;rolling
# method; Part-GFS_te(n_components=9)
"V1"
-0.0254991520211395
-0.0672645694180207
-0.150416144401303
-0.0557435206195223
0.131932712251507
0.0747417406022739
0.0361521559921765
-0.0146444725748983
-0.0155357692624277
0.104094786023361
0.104946574413429
0.135355930456635
-0.017993160386084
-0.108178640081493
-0.0914558985453588
-0.0664369756496149
0.152041160252108
0.000488914115047224
-0.0492812769422637
0.0144077910176178
-0.124271859372227
-0.0776046594498174
0.0779988951442184
0.0234967475964985
0.015220117165651
-0.0230185030848506
-0.0379928838046983
-0.0115356895051428
0.0276571798165806
-0.007294833610859
0.0074941065794225
-0.0230965150370987
0.143173463563753
-0.0406625002592344
-0.027571265125033
0.125786282909986
0.0338318101312366
0.0357714336936992
0.0401985466529356
-0.0769894073546985
-0.0253435637670743
-0.0405317046420002
-0.0710542947831294
-0.0543328055520455
-0.00476843718704747
0.00953196616772098
0.0820882980804944
0.0672281931042711
0.00794989270006612
-0.0235323053097271
-0.0975887727154381
-0.0673708870685499
-0.000994430382689517
0.0476552002550564
0.00337251333508106
-0.00313981485407249
0.0453205422726775
0.0216170062323427
0.0470516052190526
0.029210358314034
0.0858011720593441
-0.0551208794818226
0.00852141447824289
-0.000706533629514588
-0.0416218767462963
-0.0558666083583551
0.116552606106971
-0.0830893290410712
0.131512391117707
0.0490887976642725
-0.0199154749590416
0.0956543630262721
0.0434677642639581
-0.0115356520498426
-0.371075547613122
0.148544230700873
0.0186260372872759
-0.0559967432394686
-0.0466623072856049
0.150849174410386
-0.12236741805675
-0.0833228404564595
-0.0557080057975757
-0.0762596343751409
0.0251268609341699
-0.0307169184087216
-0.0298549160808879
-0.194861557657556
0.067085820683425
-0.105967693413085
-0.0358787573395241
0.0566883081835537
-0.0624859473918409
0.0529274176987082
0.00119755054351326
0.0562058153272251
0.0516705995137994
0.242268354743449
-0.0364570436997643
0.0301550822991248
