# predict_model; Vecm
# name_prefix; us_data_stock_watson_2012;;;;;;;;;;;;;;;;;;;;;;;;;;;;;;;;;;;;;;;;;;;;;;;;;;;;;;;;;;;;;;;;;;;;;;;;;;;;;;;;;;;;;;;;;;;;;;;;;;;;;;;;;;
# description; Stock and Watson 2012: US indicators;;;;;;;;;;;;;;;;;;;;;;;;;;;;;;;;;;;;;;;;;;;;;;;;;;;;;;;;;;;;;;;;;;;;;;;;;;;;;;;;;;;;;;;;;;;;;;;;;;;;;;;;;;
# lag_parameter;4
# number_predictions;100
# horizon;1
# max_attributes;15
# predict;CES033
# prediction_type;rolling
# method; Part-GFS_te(n_components=13)
"V1"
0.0129480792513289
0.000226337463385234
0.0088240136901706
0.00556590509955117
0.000117757447764182
-0.0146672540378916
-0.0217583069786473
0.00164887617561298
-0.0100208683501834
0.00619006453670427
-0.0120222596866204
0.0112195626303786
0.00110374076016138
0.00048903125913025
0.0389903541758436
0.0181110458362728
-0.0114563620575417
0.0246588493891731
0.00610493035322944
-0.00828632519140475
0.0275474269075128
-0.00806471471151295
0.00703195473494163
-0.00696970313534163
0.0159870266340383
0.0169402287655637
-0.00790786633806054
-0.0282921096128596
-0.0258452946582695
-0.0232025264582362
0.0272732842323326
0.0239272431040099
-0.0179887076677902
0.0026284494186807
0.0116480580175954
-0.00172384630973087
0.00817719308622838
0.00224348868920633
-0.00918960703158501
-0.000611130741522453
0.00810049856364903
-0.00637216590647252
-0.00190696205792581
0.0138338681939102
-0.000824519499134774
-0.00959067948941567
-0.0220706292597721
0.00547591100715942
-0.0228324158785512
-0.013613155962036
-0.0148380711025289
-0.00845780984554896
0.0138084850102499
-0.00534605877928086
-0.0214038704244977
0.012745224042758
0.00846905489366897
-0.0186631404268215
0.00699172337832806
-0.036037227103707
-0.0183433948916793
0.00675000411586669
-0.022290138300864
-0.0133934862789162
-0.00694484840360681
-0.00296471410240366
-0.0213993121251383
-0.0169831885427701
-0.0146845192841461
-0.0258228612952204
-0.0308135628592499
-0.0480131417257269
-0.0510252392787334
-0.0236670935656026
-0.0290056547135105
-0.0298062647209495
-0.0260785040804769
-0.0129185941479245
-0.0348042773437722
-0.026303437122794
-0.019919450165272
-0.0171361336506973
-0.0146299106037364
-0.00796340280326736
-0.0165432377373558
-0.0189268133134554
-0.0123072877859467
-0.0104953032359899
-0.0120244704029887
-0.00290729055332975
-0.0155490598629073
-0.0066485046660849
-0.0191044212599759
-0.00514619729108317
-0.0153683342569415
-0.00909851435032633
-0.00266494383220032
-0.0053654691925193
-0.0208670172114583
-0.0142174181357595
