# predict_model; Vecm
# name_prefix; us_data_stock_watson_2012;;;;;;;;;;;;;;;;;;;;;;;;;;;;;;;;;;;;;;;;;;;;;;;;;;;;;;;;;;;;;;;;;;;;;;;;;;;;;;;;;;;;;;;;;;;;;;;;;;;;;;;;;;
# description; Stock and Watson 2012: US indicators;;;;;;;;;;;;;;;;;;;;;;;;;;;;;;;;;;;;;;;;;;;;;;;;;;;;;;;;;;;;;;;;;;;;;;;;;;;;;;;;;;;;;;;;;;;;;;;;;;;;;;;;;;
# lag_parameter;4
# number_predictions;100
# horizon;1
# max_attributes;15
# predict;GDP276_3
# prediction_type;rolling
# method; Part-GFS_granger_graph(n_components=14)
"V1"
0.00625876857990348
0.00413894449535306
0.0122123984674569
0.00653860321924423
0.00363189645174601
0.00148837462833167
0.00382038920340967
-0.00439380259730598
-0.00941933559607386
-0.00262154903258111
-0.00325999298866614
0.00424204072068757
-0.000837016679893609
-0.00854207465130705
0.0306091758030147
0.00860833421215598
0.0128816733676011
-0.00452959269268639
0.0108503434939536
0.00224241481161793
0.000157059304817964
-0.00169297872853022
-0.00754396998365639
0.00695341434169245
0.0145865643545572
0.00322545238498355
0.00100301029759151
0.00467638798279872
-0.00588055390993466
0.0265643197692815
0.00860056947220518
-0.00826175201011685
-0.0103703684551156
-0.00124117842018859
0.00289242103458324
-0.0145930472393331
-0.00324019983320404
0.00631927462324646
-0.00525965077922732
0.00370159217197494
0.00848900996204842
-0.00367269163201668
-0.0108534728163383
0.00607012789465477
0.0136063845416109
-0.0018944910223675
0.011377020118692
0.00900923497159716
0.00488896846131439
-0.0158786056608732
-0.00128244714524817
-0.00278153826366451
-0.00956835069253924
0.0136840547289314
0.000518617412880972
-0.00197674988323101
0.00325266313145106
-0.0109175254080055
-0.00272221089561442
-0.00640289798369153
-0.00909785139294349
-0.0219219239992509
0.000300992512906615
0.0177404908574248
0.0112396245580388
-0.00904984671626704
0.0342273411620539
0.0195170776968364
0.0162848441398707
0.022122547079454
0.0391935352144239
0.0119492473484248
-0.0342365205456699
0.00186932905948687
-0.0129320332645952
0.0286858565277541
0.00118479119507366
0.0238206435025922
0.0394233615755315
0.0189044550480904
0.0146371259529383
-0.0368996472083802
0.0345671761070683
0.0197937574930395
0.0155328733993879
0.00779395402425944
0.0177642672839075
0.00984843198655613
0.0352850214822437
-0.00469799744684508
0.0512441460065765
0.0164123051642718
0.0157939439561997
0.0463972440464028
-0.0197296163468519
0.00484095133384489
0.0165912481646515
0.0823070832246398
0.0218833440884806
0.0107691999750331
