# predict_model; Vecm
# name_prefix; us_data_stock_watson_2012;;;;;;;;;;;;;;;;;;;;;;;;;;;;;;;;;;;;;;;;;;;;;;;;;;;;;;;;;;;;;;;;;;;;;;;;;;;;;;;;;;;;;;;;;;;;;;;;;;;;;;;;;;
# description; Stock and Watson 2012: US indicators;;;;;;;;;;;;;;;;;;;;;;;;;;;;;;;;;;;;;;;;;;;;;;;;;;;;;;;;;;;;;;;;;;;;;;;;;;;;;;;;;;;;;;;;;;;;;;;;;;;;;;;;;;
# lag_parameter;4
# number_predictions;100
# horizon;1
# max_attributes;15
# predict;LHU5
# prediction_type;rolling
# method; Part-GFS_te(n_components=8)
"V1"
-0.0320392881565226
-0.0848781843615967
-0.0508920881416095
0.0798936049460137
-0.0148700988530092
0.0295953556301191
-0.00234711741046021
-0.0417714695497778
-0.0184196276606375
-0.00827729384876666
0.0152887905964452
-0.00352270993678398
-0.0365245941529194
0.0288594250835529
-0.0407959134604688
-0.0122661143334541
0.00605659342072271
-0.0529600723440556
-0.00225559257460797
0.0176925350493601
-0.00845995047427228
0.0515286843887287
0.0100397009454362
-0.0249205879140402
0.0076150902328277
0.0123070002352491
0.0440513476551643
-0.0125500107556243
-0.00148012832824128
0.0236380733846399
0.0198293049718144
0.0164899947211005
0.0308354356396179
-0.0481370517179676
0.0207381673293559
0.0210555853553083
-0.0508747928290934
0.00328712180683963
-0.00904127801101135
-0.0519585360055842
-0.0281264370144261
-0.0670256505002621
-0.0653703698741675
-0.0258454263137426
-0.0651348470839418
0.00328514439141918
0.00735261986816677
-0.0240638882151804
0.0102253293175518
-0.0220560614701575
-0.0183825592201844
-0.0609173541727928
-0.0118375422997856
-0.0199431904085275
-0.0224529258641624
-0.0298611844333596
-0.0141345556457459
0.052148524881764
0.0434329196299928
-0.00106412881946897
-0.018407241080629
-0.0090213124404472
0.0177495379228733
-0.0463249704955993
-0.0645063424170412
-0.00346449330642941
-0.0217074844205115
-0.0382131046766696
-0.0350444895191564
0.012630529643234
0.0104612178911876
0.0504063450068993
0.0597469655332675
0.00742319078449559
0.113137137244342
-0.0321532155066233
-0.0711213358470829
-0.0164667483761248
-0.000562062881292428
-0.00487093357879841
-0.0777015107832996
-0.0244190371684076
0.0288800004619646
0.00386360396646966
-0.00548166711490963
-0.02079008725406
-0.0269311886075562
-0.0580174521637126
-0.00182381976125403
-0.00414003118969015
0.0673680075809183
0.0237519862696225
0.00377635192419474
0.00640167671812239
-0.0385452228141394
-0.000663914210411203
0.0479213717338519
0.0295938648399724
0.0681753818661889
0.0577135514428219
