# predict_model; Vecm
# max_attributes; 15
# description; Stock and Watson 2012: US indicators;;;;;;;;;;;;;;;;;;;;;;;;;;;;;;;;;;;;;;;;;;;;;;;;;;;;;;;;;;;;;;;;;;;;;;;;;;;;;;;;;;;;;;;;;;;;;;;;;;;;;;;;;;
# number_predictions; 100
# predict; FM1
# lag_parameter; 4
# horizon; 1
# name_prefix; us_data_stock_watson_2012;;;;;;;;;;;;;;;;;;;;;;;;;;;;;;;;;;;;;;;;;;;;;;;;;;;;;;;;;;;;;;;;;;;;;;;;;;;;;;;;;;;;;;;;;;;;;;;;;;;;;;;;;;
# method; Hits_granger__graph(n_components=8)
# prediction_type; rolling
"V1"
0.00735881158239553
0.004962553181809
0.0124381673138246
0.00840803051807545
0.00662756652678073
0.0082523677586932
0.00813855724804921
0.010600949612652
0.00798986002960272
0.0124655857037119
0.0163760079894704
0.0187271910602068
0.0176886017292234
0.0108388153531326
0.0159151479058701
0.000905351710216831
0.00792519611699716
0.0116392154342261
0.00733758036402906
0.00903756877005541
0.00665867721643838
-0.00304100858039794
-0.00077436236760469
0.00838166023059615
0.00730996661155628
0.00704394843617769
0.00412059043250463
0.00255302928462551
0.00105049282738484
0.000708246039499703
0.0182193819326262
0.0063727276575936
0.0120375859695147
0.0231441270983545
0.0115239902275264
0.019514548819799
0.0219374100218201
0.0210385088079325
0.0201954921714743
0.0117150915870582
0.0248190218870567
0.0170232502353142
0.00535882989323925
0.00886053460575833
0.000355154349159561
0.000381330251460521
0.00185598401197432
-0.00140912333503201
-0.00365447757540003
-0.00818702659662537
-0.00595353652238061
-0.0119592107359644
-0.0110258230655191
-0.0088033642236446
-0.00834292634452081
-0.000658341802773971
-0.00267849969228455
0.00534933011560117
0.00135656259834886
0.000683465274173336
0.00249314622033302
0.000789692534657916
0.00348374716225721
-0.00277393118029046
-0.00220182084609177
0.00635899186284208
0.00631399613080947
-0.00250126112622701
-0.00383111149469104
0.0103897089450663
0.0194925369085273
0.023173803969318
0.0167571257785728
0.00251267381118035
0.00727556565075952
-0.00174248737433036
0.00844312941125511
0.0168528152467882
0.0214719294287343
0.0130565559157804
0.00939633901015862
0.00359650222304948
0.0118317220226769
0.0161921218421813
0.018559905010883
0.00727304713289971
0.00784651114104966
-0.00141961436728259
-0.00327104192902576
0.00329660458609418
-0.0129023332655409
0.00269982824065021
-0.000776138247313631
0.00935565863653415
0.000583063061853601
-0.0137611467914663
-0.0299359715970348
0.00672481854003405
0.0304337863196985
0.000112669797758056
