# predict_model; Vecm
# max_attributes; 15
# description; Stock and Watson 2012: US indicators;;;;;;;;;;;;;;;;;;;;;;;;;;;;;;;;;;;;;;;;;;;;;;;;;;;;;;;;;;;;;;;;;;;;;;;;;;;;;;;;;;;;;;;;;;;;;;;;;;;;;;;;;;
# number_predictions; 100
# predict; FYGT10
# lag_parameter; 4
# horizon; 1
# name_prefix; us_data_stock_watson_2012;;;;;;;;;;;;;;;;;;;;;;;;;;;;;;;;;;;;;;;;;;;;;;;;;;;;;;;;;;;;;;;;;;;;;;;;;;;;;;;;;;;;;;;;;;;;;;;;;;;;;;;;;;
# method; Hits_te_(n_components=11)
# prediction_type; rolling
"V1"
0.0850273027141941
0.0252776563000069
0.0865863041467565
0.00638283021089439
-0.0682412335681132
-0.0479524771203595
0.00539578255102252
-0.0764987004371692
-0.0637568930666614
-0.138945167597088
-0.159830025626842
0.0108383747404358
-0.00324789860763191
-0.0155103800319153
0.0825467340458113
0.0390552070429283
0.0089657786347308
-0.00476718551680902
-0.0212592024059257
0.0154655826973873
0.00679285435139638
-0.00964587284235242
-0.0316574516433451
-0.048315704733042
-0.0168920577670235
0.0175677082895116
0.00963932254573636
0.0415729538912309
-0.0412318564268995
0.0242939970561593
0.00348999686291409
-0.0128068807621743
-0.0119822684973793
0.0251874583828769
-0.000252041089043034
-0.0718851012295708
0.0110206935129005
-0.0502392091543155
-0.0176818338840881
0.00120941442678264
-0.0370960170335904
0.0438782897574964
-0.0207023708442176
0.0710793564295588
0.0703066002340783
-0.0446087820666032
-0.0820366873966012
-0.00311549693569664
-0.0217823854301598
-0.0408339319212651
0.0404723828315361
0.0565946757024797
0.00514316409859967
-0.0126262267094088
-0.0373203567984164
0.025205224154499
-0.0443393568477463
-0.0274616417332512
-0.0192582885973615
-0.0353017069629414
-0.0587005461025574
0.0862459868827039
-0.0295917375009633
0.0552205125980658
0.0659956562828439
0.04991315117513
-0.0621656061006434
-0.0381288099421004
-0.0288092683386512
-0.061968709283705
-0.00126855332408348
-0.00554211773969943
-0.0447443447045071
0.112238517518503
-0.0182631637711524
-0.0869775716523896
0.0220182102728548
0.00501768265796727
-0.0298465663535876
-0.0731417915246756
0.00898359066604867
-0.0164531038547977
0.043765769163458
0.0224970092359691
0.0115777791152352
0.0304939217039661
-0.0379492429672489
0.0075575942424904
0.0492707055949888
0.012040241963205
-0.00799577474031713
0.0207853094591144
-0.0706270992329824
-0.0323115347018516
-0.0172462932987891
-0.0170047584427413
-0.00408689875698146
-0.0422855156979227
-0.0282826242429764
0.0184020784829248
