# predict_model; Vecm
# max_attributes; 15
# description; Stock and Watson 2012: US indicators;;;;;;;;;;;;;;;;;;;;;;;;;;;;;;;;;;;;;;;;;;;;;;;;;;;;;;;;;;;;;;;;;;;;;;;;;;;;;;;;;;;;;;;;;;;;;;;;;;;;;;;;;;
# number_predictions; 100
# predict; GDP276_1
# lag_parameter; 4
# horizon; 1
# name_prefix; us_data_stock_watson_2012;;;;;;;;;;;;;;;;;;;;;;;;;;;;;;;;;;;;;;;;;;;;;;;;;;;;;;;;;;;;;;;;;;;;;;;;;;;;;;;;;;;;;;;;;;;;;;;;;;;;;;;;;;
# method; Hits_granger__graph(n_components=7)
# prediction_type; rolling
"V1"
0.00736401938763834
0.00783031208406921
0.00589476133821094
0.00662929152277748
0.00719216043084996
0.00561009077660157
0.008687248464738
0.00563392929034712
0.0081301620539986
0.00817649906009293
0.00905471362985955
0.00709821606073688
0.00870463154601022
0.00860043391858178
0.00782461789725067
0.00648836407357348
0.00773296689941323
0.00725094214977447
0.00787355246152344
0.00842544288973543
0.00497807709868729
0.00514728819122341
0.00844036880395852
0.005830855315027
0.00586127354103556
0.0075200017471493
0.00779354700812145
0.0100487383134929
0.00623420300508589
0.00973697995407943
0.0050593711723604
0.00045241930817341
0.00685531577106036
0.00413849636746985
0.00484823403196014
0.00240330675720185
0.00520372895964058
0.00539145442021772
0.00417330832182881
0.00403602526588362
0.00673700043637615
0.00375342120063581
0.00505963801887585
0.00557910384769556
0.00618243402156056
0.00452904748986735
0.00580278703638769
0.00736356846348601
0.00614351590691752
0.00604499648467269
0.00734241480635961
0.005920829097436
0.00483809911885946
0.00667037605275142
0.0053071105849782
0.0047910947146162
0.00732078725979948
0.00375028323189992
0.00590397869070016
0.0068633157590192
0.00673372955824949
0.00459906629598301
0.00649690192657265
0.00498605361578643
0.00470417222853568
0.00861095524188017
0.00702611724664549
0.00780400644688142
0.00849176838212617
0.00777211662987005
0.0101751320711975
0.00671482448253946
0.00705510066725899
0.00852937135433396
0.0081658569747086
0.00657300570350575
0.00867903953668971
0.0069780758550401
0.00626575648700356
0.00479314356388269
0.00860194453811897
0.00655142217567232
0.00567869961643862
0.00630244220790413
0.00777803380719031
0.00669675262703979
0.00455976894774171
0.00860040277093663
0.00553278634178137
0.00881433798349371
0.00819633714919898
0.00991765380852513
0.0131167349589568
0.0079749946264727
0.00970542353306225
0.00931820686691002
0.0105646653984348
0.00890357918909607
0.00282678441202603
0.00830020619901605
