# predict_model; Vecm
# name_prefix; us_data_stock_watson_2012;;;;;;;;;;;;;;;;;;;;;;;;;;;;;;;;;;;;;;;;;;;;;;;;;;;;;;;;;;;;;;;;;;;;;;;;;;;;;;;;;;;;;;;;;;;;;;;;;;;;;;;;;;
# description; Stock and Watson 2012: US indicators;;;;;;;;;;;;;;;;;;;;;;;;;;;;;;;;;;;;;;;;;;;;;;;;;;;;;;;;;;;;;;;;;;;;;;;;;;;;;;;;;;;;;;;;;;;;;;;;;;;;;;;;;;
# lag_parameter;4
# number_predictions;100
# horizon;1
# max_attributes;15
# predict;IPS12
# prediction_type;rolling
# method; FCBF(n_components=15)
"V1"
-0.00479874756095719
0.0310155868387759
0.00685594778372577
-0.00492118482105413
0.00925146564364648
0.00691689975305581
-0.00473757390515262
0.0134927470203227
-0.00337983725745472
0.0275427396489705
0.019335372033579
-0.00715908219077683
-0.00333920939651113
0.0223089218821237
0.0168505099531799
-0.000979705963226335
0.0111618176043384
0.023807607781894
0.000951586951104587
0.0108660470998888
0.0156116779729438
-0.0101195911969183
0.00915581676771303
-0.0178194661272401
0.00652691862658364
0.0050587498455717
0.00665249427424404
-0.00620331596843508
-0.00992494588753577
-0.00557304454787819
0.0146828411327559
0.00255182493254906
-0.013024599897651
0.00929829717712023
-0.0055831917032387
0.0241301439179755
0.019757169664408
-0.00452393133329811
0.00453673439661062
0.0137640175904187
0.007003432984432
0.00848365778830591
0.0156630826842017
0.0205690208616861
0.00411717514913755
-0.00150831767027375
0.0161894466359708
0.0236708894962986
-0.00749538715799735
0.0114624533220517
-0.000339829477420544
0.00493462027397878
0.0114212640210034
0.0132574372103422
0.00857007958045251
0.0147806489088417
0.0196709034060426
0.0191008219465861
-0.00248848485739378
-0.0122021518381044
0.031324576179655
0.0051638041057214
0.0100343281378089
-0.00399465341337371
0.0173456842037388
0.00810863502620554
0.0261505562564721
-0.0031868836898908
-0.0156477480670353
-0.00836743837969854
-0.0325373669093205
0.00997608637807729
0.0225925967168879
0.00767320175654646
0.0322217513843715
-0.00504236227979112
0.000334152386007527
0.0032555301902978
0.00695826572689385
0.0105849498993475
0.0157015219147947
0.00194122781040542
-0.0164865579094375
-0.0051688378885914
0.0160657961829595
0.00701706620022278
0.0165861997221549
0.0212007683477018
-0.0187572459228275
0.0158820299048748
0.00410264900016728
-0.00266759307746845
0.0158551485732563
-0.000300819350043736
-0.00102563916210694
0.0180690762583596
-0.0120395100651963
0.00316373088212016
-0.0185315843794554
-0.0297037476061138
