# predict_model; Vecm
# max_attributes; 15
# description; Stock and Watson 2012: US indicators;;;;;;;;;;;;;;;;;;;;;;;;;;;;;;;;;;;;;;;;;;;;;;;;;;;;;;;;;;;;;;;;;;;;;;;;;;;;;;;;;;;;;;;;;;;;;;;;;;;;;;;;;;
# number_predictions; 100
# predict; IPS10
# lag_parameter; 4
# horizon; 1
# name_prefix; us_data_stock_watson_2012;;;;;;;;;;;;;;;;;;;;;;;;;;;;;;;;;;;;;;;;;;;;;;;;;;;;;;;;;;;;;;;;;;;;;;;;;;;;;;;;;;;;;;;;;;;;;;;;;;;;;;;;;;
# method; Hits_granger__graph(n_components=10)
# prediction_type; rolling
"V1"
0.00535513322429175
-0.00250594872249349
0.0254219680250786
-0.00403720115155008
0.0205831197746309
-0.00222344607254108
0.02567749347695
0.0166167936723038
0.0079871004274229
-0.00671793648722068
-0.0145143050265369
-0.00643738319691015
0.0117295137371544
0.00227138413947419
0.0232093806240203
0.00862197135825079
-0.000920024033041214
0.000242091008620667
0.0129528896806124
0.00117187694025726
-0.0165638236232528
0.00982918897941046
0.00984685301793717
0.00367852778499674
0.00795291667698616
-0.0122254485221948
0.0045249795714832
-0.00664238131180232
0.00455119419439218
0.00631202973286574
-0.00676844709318596
-0.00649115786888021
0.0125382349674995
0.0312515033599136
0.0126624098028558
-0.00582117260131373
0.0026310848684024
0.0147973027061794
0.003241995320456
0.00219685429728554
0.0142292851999966
0.0158287540879356
-0.00737807051385214
0.0143549036160512
0.0255791555624198
0.0016880768423851
-0.00304340389259696
0.00548704962824907
0.000466478294783187
-0.00760702812292596
0.0168911913720699
0.00988178175792507
0.0140376926771198
0.0143394910556558
0.00157896791147684
0.0324916627139204
0.025820740822319
0.00995843827283055
0.00928529317129304
0.00778441088528486
0.00970450845050896
0.0160186101106384
0.00221304063642654
0.0175846646760532
0.0248626533854927
0.0130223736880604
0.0205903340749172
0.00783047415927575
0.00982581040257513
-0.00955956840516913
-0.0147388442719983
-0.0253220229885237
-0.0100527688876113
0.0264262025120025
0.00311126447919956
0.00677292768368534
-0.00449582971604766
-0.00202901469524715
-0.0098960087212429
0.0116432655068458
0.0107152588039423
0.00915894596215408
-0.00497128449155392
0.025121437407783
0.00364385344388245
0.00782718491700484
0.0114974997191694
0.004518345769586
-0.0192739380564534
0.00228287419203608
-0.00631781029200626
0.0112315741982314
0.0364351248990511
0.00509059293406154
-0.00687591450967095
0.00432426022477135
-0.00421344394042629
0.00845136544829538
-0.00699455653302044
0.00378819739565069
