# predict_model; Vecm
# max_attributes; 15
# description; Stock and Watson 2012: US indicators;;;;;;;;;;;;;;;;;;;;;;;;;;;;;;;;;;;;;;;;;;;;;;;;;;;;;;;;;;;;;;;;;;;;;;;;;;;;;;;;;;;;;;;;;;;;;;;;;;;;;;;;;;
# number_predictions; 100
# predict; CES006
# lag_parameter; 4
# horizon; 1
# name_prefix; us_data_stock_watson_2012;;;;;;;;;;;;;;;;;;;;;;;;;;;;;;;;;;;;;;;;;;;;;;;;;;;;;;;;;;;;;;;;;;;;;;;;;;;;;;;;;;;;;;;;;;;;;;;;;;;;;;;;;;
# method; Hits_te_(n_components=13)
# prediction_type; rolling
"V1"
0.0236572212071804
-0.0214070235594889
0.0176871636919098
0.00568673677042794
3.22365735700343e-05
-0.0237403160981405
-0.0209283747226921
-0.0320651139819433
-0.00823605485275396
-0.0605697259065355
-0.0677017270381144
-0.0950125307520129
-0.0520091775922776
-0.0909379663402039
0.0318536044783494
0.0215030163972706
-0.0178277186876809
0.00906648085481136
-0.0154248312965055
0.0403740920977532
-0.0308414869303812
-0.0137047306597735
0.0144856687019018
0.00579276371602816
-0.0347931766428381
0.0404660964630221
0.00260391119858662
-0.0228732592067997
-0.0169841914123388
0.00265534395181492
0.0011250403494709
-0.0143719803826408
-0.0455830531179134
-0.0201583402694912
-0.00696633946640027
0.00627588609325885
0.00107139093567712
-0.0534494944388956
0.0111425230459319
-0.0339735402010055
0.00129823243185987
0.00982106504500197
-0.0324154387988543
-0.0281243819837074
-0.0106979745883638
0.00787906856670409
-0.0400792813359572
-0.0160533361158348
0.00557286485578224
0.0154440657764032
-0.00106590492254916
-0.00173887369101099
0.0165309155129593
0.0581942525212767
0.0491379074855069
-0.0521469568635238
0.00228608833175224
-0.00233966301801621
0.0488663546073019
-0.0526529559764577
0.0108023949199026
0.0097694277376796
-0.0218924863533119
-0.0217673784996446
0.00422220374056753
0.00781616212595088
0.023153809320513
-0.0558512836437092
0.00501909917450056
0.011385155543075
-0.0179160574989918
0.0140180310003375
-0.0209775407766228
0.0179634114864104
-0.0450263938309391
-0.0142227501259526
-0.00147876595713089
0.000273298463442037
-0.00612163282349734
-0.0195364248836796
0.039363161767735
-0.0182612446232906
0.0294720991630206
0.00566620458856107
0.00632172833750504
0.0159672956715073
0.0331923041010295
0.0107741733854225
0.0377819211528544
0.0261266042201051
0.0281437375818369
0.0156062026824539
0.0146173249211329
0.0182304785130969
0.012990750536379
0.0125660723890485
0.0224891146847897
0.0238765785884576
0.0235452889118303
0.0284243146944299
