# predict_model; Vecm
# name_prefix; us_data_stock_watson_2012;;;;;;;;;;;;;;;;;;;;;;;;;;;;;;;;;;;;;;;;;;;;;;;;;;;;;;;;;;;;;;;;;;;;;;;;;;;;;;;;;;;;;;;;;;;;;;;;;;;;;;;;;;
# description; Stock and Watson 2012: US indicators;;;;;;;;;;;;;;;;;;;;;;;;;;;;;;;;;;;;;;;;;;;;;;;;;;;;;;;;;;;;;;;;;;;;;;;;;;;;;;;;;;;;;;;;;;;;;;;;;;;;;;;;;;
# lag_parameter;4
# number_predictions;100
# horizon;1
# max_attributes;15
# predict;HHSNTN
# prediction_type;rolling
# method; Part-GFS_te(n_components=1)
"V1"
0.0276041867482118
-0.051486174539417
-0.0751592978384828
-0.0380555132320639
-0.0735941074789033
-0.0446098865869773
-0.0555102931625556
-0.0570161560746175
-0.00927956375850933
-0.036729869704378
-0.0114575470938664
0.0393730600876355
0.000786301636883472
-0.0189281422068898
-0.0128830074915935
-0.0426846809503899
0.0118099365646838
-0.00837595217738206
-0.078209610874806
0.0362110650138701
-0.00978841040470446
-0.0136182115416671
-0.00122577848339464
0.0031707411412502
0.00216831580994498
0.0409119282048673
0.0198700232704722
0.0193451130249087
-0.0953780177095449
-0.059725426544634
-0.0357978747402216
0.056428934131956
0.072825447658091
0.100176670869426
0.0754268131003292
0.0327825434790382
0.0340294883341893
-0.0239856379690868
0.00987602176706105
0.0196315371343333
0.00393150562065212
-0.019822193415567
-0.0109728496010784
0.0167414021662591
-0.0172570512898929
-0.067690414504063
-0.0328869469860289
-0.0301828723080481
-0.0125522175761028
0.0246155467126013
0.0396579348611847
0.00672950622125467
-0.0494751594718926
-0.0387859519923055
-0.0171218311292492
0.00952853621629654
0.00559730789558826
0.00023874807034697
-0.0241750874088679
-0.00580000452332159
0.0221539554040755
0.00798485822398701
-0.0306999164383375
0.0181718000441817
-0.000302127457327273
0.00745183332590822
-0.0109216113002675
0.0435871602663122
0.0300319495274067
0.0464095168736783
0.0486772091207443
0.0172888189966122
0.0356608730591428
0.0475157903246943
0.0146539626494475
0.026814930002662
0.00680367148345657
-0.0238466993185802
0.00290604178113568
-0.0465470677630619
-0.0360872611596544
-0.0174006051186438
-0.0196971980324724
0.00435438974661329
-0.038163370803638
0.0428853147815302
-0.0174018513981373
-0.00873369798093603
-0.0129714443497972
-0.0112065829444455
-0.0314589859768649
-0.0144195841025763
-0.0157784364837693
-0.0402327872410311
0.0276272768065159
0.00431082226482341
-0.00242487272511826
0.0151269662923231
-0.00205107709429672
0.0289462463406871
