# predict_model; Vecm
# name_prefix; us_data_stock_watson_2012;;;;;;;;;;;;;;;;;;;;;;;;;;;;;;;;;;;;;;;;;;;;;;;;;;;;;;;;;;;;;;;;;;;;;;;;;;;;;;;;;;;;;;;;;;;;;;;;;;;;;;;;;;
# description; Stock and Watson 2012: US indicators;;;;;;;;;;;;;;;;;;;;;;;;;;;;;;;;;;;;;;;;;;;;;;;;;;;;;;;;;;;;;;;;;;;;;;;;;;;;;;;;;;;;;;;;;;;;;;;;;;;;;;;;;;
# lag_parameter;4
# number_predictions;100
# horizon;1
# max_attributes;15
# predict;GDP282A
# prediction_type;rolling
# method; FCBF(n_components=2)
"V1"
0.000839545240601429
0.00433702173437037
0.00143572065883129
0.0039164716420056
0.00225158999319373
0.00481723720514004
0.00223383355091684
0.0033582377474019
0.00227951382183519
0.00452359344017282
0.00235358593269964
0.00535672031786314
0.00651919472787631
0.00618908846666929
0.00732410518490656
0.00563714647598715
0.00536254196828297
0.00522657584005621
0.00500799799983287
0.00465367928364197
0.00399937173287167
0.00559074732829801
0.00458984579278696
0.00489618111830164
0.00302566234896595
0.00576921892377004
0.00197661210642831
0.00442935361643532
0.00295940259319814
0.00125981974456778
0.00107896485032397
0.00260365702337631
-0.00138220601625494
0.000164951333594246
0.00181953882793931
0.00247451476070417
0.00373875939906453
0.00689185877459684
0.00593883391982291
0.00473192256744607
0.00361109244324174
0.00621979442409435
0.00395537448109706
0.00574352492416902
0.00725163962412536
0.010174016894832
0.00441096414362452
0.00369058574350484
0.00411525494830874
0.00347507365679172
0.00269918762956154
0.0056409039390652
0.00525781054003846
0.00344571732262232
0.00290158513373381
0.00488147455933265
0.00408069753335754
0.00326501405502088
0.00445071365504307
0.00560628675681065
0.00711187534114161
0.00709386642198017
0.00830853563578985
0.00736980574406582
0.0074369534162351
0.0118001592898524
0.00832172181891883
0.0076225519977733
0.00647494949745075
0.0103976520270456
0.00897351127830048
0.0124550123703765
0.00778289894817632
0.00344748030851505
0.00931260440218681
0.00554114911184931
0.0127411283789085
0.0119159577015933
0.0038132248969497
0.00639752677130032
0.0118811868202545
0.018557179597382
0.0125985813970267
0.0190054260896449
0.0173748509310363
0.0189705735803403
0.0182033579420501
0.0236253822998736
0.0219643511012811
0.0192315144098828
0.0127097703899842
0.0148466458987732
0.0203212853576526
0.00454496339743005
0.00533878488202522
0.00935834153017581
0.00244412355265749
-0.00196959135708392
-0.00580878966553825
-0.0102172590293957
