# predict_model; Vecm
# name_prefix; us_data_stock_watson_2012;;;;;;;;;;;;;;;;;;;;;;;;;;;;;;;;;;;;;;;;;;;;;;;;;;;;;;;;;;;;;;;;;;;;;;;;;;;;;;;;;;;;;;;;;;;;;;;;;;;;;;;;;;
# description; Stock and Watson 2012: US indicators;;;;;;;;;;;;;;;;;;;;;;;;;;;;;;;;;;;;;;;;;;;;;;;;;;;;;;;;;;;;;;;;;;;;;;;;;;;;;;;;;;;;;;;;;;;;;;;;;;;;;;;;;;
# lag_parameter;4
# number_predictions;100
# horizon;1
# max_attributes;15
# predict;sFYBAAC
# prediction_type;rolling
# method; Part-GFS_granger_graph(n_components=3)
"V1"
0.0330473133631681
-0.0377745088095715
0.0534020898698962
0.00900414173568692
-0.0939158706049803
-0.00690323546915645
-0.0156329961041085
-0.0816312151670153
0.0027179481283089
0.00580576171326884
-0.0240950461584176
0.0321845622946049
-0.0311569913784193
0.0563290398131466
0.13849616665242
0.0699200751028864
0.00281795915442196
-0.0111890518661929
0.00513414968337064
0.0526536425929926
-0.136414426706331
-0.0158019763332314
-0.0126924545248403
-0.108543224827906
-0.0377347032605834
-0.0229212605557361
0.00704847185538723
0.0185178651336423
0.0303330397018442
-0.0223832485364417
-0.0704065079338848
0.0284816901472035
-0.0298811416129881
-0.0974012776956866
-0.0449275129269055
0.0835660891412145
0.0275075678166368
-0.0346754367357398
0.0473491106004288
0.0491584233960542
-0.0147488185652071
0.0510618584644137
0.0582824304739027
0.0326186689322576
-0.0194890928859492
-0.0500415287257089
0.00608397310041776
0.00787652531210175
-0.00972734602752825
0.0518625079301662
0.0447300991902349
-0.0296877562300696
0.00858573194594128
0.00975720008425156
-0.0268170892884627
-0.0894293764623217
-0.00370849409196513
-0.00180315029937828
0.00540548057735377
0.0290894045697231
0.076976898098089
0.000266626285392263
0.0337296761871779
0.0544391836633595
-0.0798445610130069
-0.035281687971708
0.0574569470693799
-0.0133617942939653
0.0227878997710444
0.025890882063692
-0.0283785006745643
-0.0988826925522975
-0.0171336895863459
-0.0775019704370494
0.215300964838133
-0.0646444696102095
0.0183131404078846
-0.0335680735732737
-0.067317038100094
-0.0221675887130055
-0.0905644360890029
-0.0408718269078702
0.00511690759852174
-0.0237108810552787
-0.0438787316477795
0.0133835806346103
-0.00338266231878138
-0.0323612140345668
0.0239179930349203
-0.0288528866167101
0.0136904621563977
0.00328345207970022
-0.0159469682230724
0.0209777757483886
-0.0339347435746205
0.00213844525763944
0.0274445667120175
0.116188337904129
0.00417203931248267
0.0479028438394725
