# predict_model; Vecm
# name_prefix; us_data_stock_watson_2012;;;;;;;;;;;;;;;;;;;;;;;;;;;;;;;;;;;;;;;;;;;;;;;;;;;;;;;;;;;;;;;;;;;;;;;;;;;;;;;;;;;;;;;;;;;;;;;;;;;;;;;;;;
# description; Stock and Watson 2012: US indicators;;;;;;;;;;;;;;;;;;;;;;;;;;;;;;;;;;;;;;;;;;;;;;;;;;;;;;;;;;;;;;;;;;;;;;;;;;;;;;;;;;;;;;;;;;;;;;;;;;;;;;;;;;
# lag_parameter;4
# number_predictions;100
# horizon;1
# max_attributes;15
# predict;FYFF
# prediction_type;rolling
# method; FCBF(n_components=8)
"V1"
-0.120463103726971
-0.175028314347274
-0.150274559333484
0.291694225186981
-0.171695317862446
0.0817948790991107
0.0703401448941134
0.00536205211638007
-0.013994180633367
0.0572626117291418
-0.144477107559388
0.00636113629119044
0.156730810313124
-0.0541438263791997
0.0412239300505058
-0.0440950103465608
0.0465425650649888
-0.00647113626976472
-0.0114511374932975
-0.0711058074499419
0.0410064440418372
-0.0415251235822895
-0.0425826048300166
-0.0306568992094589
0.0723752026741334
0.0710158480675392
0.038305335732937
0.00308362942039969
0.0192012604728238
0.0216442168415686
0.00791807795031079
-0.193833662405911
-0.112561980682919
0.107825577791529
-0.0524788289763606
-0.0663217965305675
0.0967729856459372
0.0167942017424694
0.0365160644980078
-0.00464560418290324
-0.0150880961007666
0.0626703373305929
-0.00396473685185858
-0.0273080363888929
0.0196228881583617
-0.066687407731568
0.0909637716975844
0.0952595955977882
-0.108702383206211
-0.0692332192750695
0.0408575549303555
-0.0308310452782031
0.0122696404827024
0.0453863249445788
-0.0521671912803954
-0.00980377194779625
0.0520990033293813
0.0238621793895687
0.0209692891245862
-0.04185786620296
0.0114852605691163
0.0585872209973133
0.0269536221482591
0.0615250596195982
0.0469463406484541
0.134653048747691
-0.167136013219639
-0.120424286316413
-0.179517810311165
-0.0370128894400506
0.0462917689170698
-0.0821618393825638
-0.0625519986904807
0.0135056494241648
-0.0789322898523003
-0.00679217729901631
0.0430941181428086
-0.0107540180713003
-0.0206950577363925
-0.0302495673218689
0.0356475331285864
-0.0192395429480265
0.0624710195118932
0.00766945984432095
0.0547537868172527
0.0251107574936023
-0.0158642506150013
0.0040313509204018
0.0352607729292576
0.0348097928616427
0.00688827327706173
0.0109655570559823
-0.00831896601372226
0.000364531893545838
-0.0240777943974826
0.015124268044259
-0.0377950785119317
-0.109571863480003
-0.0249701640509457
0.00923950794633274
