# predict_model; Vecm
# name_prefix; us_data_stock_watson_2012;;;;;;;;;;;;;;;;;;;;;;;;;;;;;;;;;;;;;;;;;;;;;;;;;;;;;;;;;;;;;;;;;;;;;;;;;;;;;;;;;;;;;;;;;;;;;;;;;;;;;;;;;;
# description; Stock and Watson 2012: US indicators;;;;;;;;;;;;;;;;;;;;;;;;;;;;;;;;;;;;;;;;;;;;;;;;;;;;;;;;;;;;;;;;;;;;;;;;;;;;;;;;;;;;;;;;;;;;;;;;;;;;;;;;;;
# lag_parameter;4
# number_predictions;100
# horizon;1
# max_attributes;15
# predict;GDP267
# prediction_type;rolling
# method; Part-GFS_te(n_components=12)
"V1"
0.00155007575983159
0.00286582123133339
0.0055731520503285
0.0124501884891922
0.00875543894288537
0.0100252774511664
0.00985251442090096
0.0129088040836877
0.0137744712471996
0.0137443844839789
0.00791432002292899
0.015204694300693
0.00804339789245902
0.00455876455518014
0.00422874524092042
0.00232477209783623
0.00761679707018456
0.00783751646055957
0.0104773474474366
0.00784610011170067
0.00470744010326398
0.0110524220277107
0.00681225011935003
0.0069130082985896
0.0101679801904726
0.0144221793771394
0.00508783702125714
0.0045247708448798
0.00481849476620804
0.00337359943051931
0.00470835314673227
0.00402386625880394
0.00494735746332056
0.00809375661598098
0.00481628156284373
-0.000411116495612339
0.00083653586260695
0.00186313330171035
0.00653340419065565
0.00671092689036623
0.00246661145783221
0.00265362022062797
0.00918450395973077
0.0053662245312414
0.0101361005211771
0.00285673621370087
0.00921006923769974
0.00310135250677079
0.00873362063518291
-0.00620498728440895
0.00854975576140744
0.0134229115281609
0.0126585762157077
0.0134184547180452
0.0036583390501575
0.00811321068202463
0.00315732752397947
0.00463993863056484
0.00825458308813921
0.0219629112444827
0.0155718776058218
0.0145181104905023
0.0140649466641732
0.00713113562766128
0.0121073830789618
0.0119755080495747
0.00562085512801437
0.00280745564560963
0.00381113288763126
0.0058709256943141
0.0178006600444214
0.00488195047878826
0.0123725329613584
0.0135014806033305
0.00904697777880741
-0.000957425639092158
0.00485858966762686
-0.000541356906920861
-0.00393094288543862
0.000505811127026975
0.00394458649598655
-0.00655340672971006
0.000279972897893232
-0.00309154905928135
-0.000786445997667895
-0.00379637310091504
-0.00128430836578497
-0.0011562829389118
0.00175363103965711
0.00536744248798582
-0.000260086180063258
0.00592822514048529
0.004976761068199
0.00570631674764304
0.00721506466727695
0.0122549205248445
0.00456348406199525
0.0052083808036896
0.00177319712840009
0.00429773334829612
