# predict_model; Vecm
# name_prefix; us_data_stock_watson_2012;;;;;;;;;;;;;;;;;;;;;;;;;;;;;;;;;;;;;;;;;;;;;;;;;;;;;;;;;;;;;;;;;;;;;;;;;;;;;;;;;;;;;;;;;;;;;;;;;;;;;;;;;;
# description; Stock and Watson 2012: US indicators;;;;;;;;;;;;;;;;;;;;;;;;;;;;;;;;;;;;;;;;;;;;;;;;;;;;;;;;;;;;;;;;;;;;;;;;;;;;;;;;;;;;;;;;;;;;;;;;;;;;;;;;;;
# lag_parameter;4
# number_predictions;100
# horizon;1
# max_attributes;15
# predict;MZMSL
# prediction_type;rolling
# method; FCBF(n_components=6)
"V1"
0.00988538771610892
0.00601934251924868
0.00611926992103854
-0.00605867813939515
0.00607022513790674
0.00272879089901994
0.00586016112588794
0.00700783230646379
0.00709926470016074
0.00124515741384689
0.00906493854750475
0.00398347862227602
0.00925659096435331
0.00774723972784525
0.00512681395494464
0.00470971877589895
-0.00150354062549522
0.00346428881186781
-9.80192494174927e-05
0.00144859907219738
0.000750438971903293
-9.39630534463901e-05
-0.00198076368864221
0.00557998016969003
0.00171440407934487
0.0013826444599527
0.00297215997583209
0.00681679972612764
0.00438017722534439
0.00599300224391007
0.00711185505984695
0.00425332324087253
0.00832227800146134
0.0125024437926199
0.00753742695877554
0.00976680466217759
0.00599949502873235
0.0035006144364035
0.00762422128289629
0.00300462274131383
0.00457464315509752
0.00286870927152056
0.00228586380477741
-0.00198357640995559
-0.000762055835952539
-0.00374243180011115
-0.000193917096889191
0.00500483923527697
0.00292188521739821
0.00589109431021278
0.00582449162123036
0.00523795305663986
0.00666184782933687
0.00616037925061719
0.00463322790720672
0.0078536025386463
0.0097924304899754
0.0117137063682327
0.0117037112210921
0.0103402961144719
0.0191594823726494
0.0161623979240089
0.0119628927019204
0.0109796870801069
0.0106466949045346
0.00728756804471979
0.0118071240950487
0.0108596650715566
0.0115037096327119
0.0211051105318798
0.0277013555391961
0.0214360604103641
0.0325661307595941
0.0213542786281043
0.013707241327296
0.0119503117969635
0.0186180359292679
0.0136053615030213
0.00595405867119625
0.0164620351562215
0.00168239268112551
0.00948979076952815
0.00948190926402853
0.00427239250031486
0.00720599384192334
-0.00183109652041154
0.00292529659160377
0.00766975101676868
0.0118008980699462
0.00831507791996175
0.00645956224061529
0.0118839518401287
0.0139271359046597
0.0166105036720528
0.0172039951295186
0.0242831468869531
0.0407369832478056
0.0396854808776238
0.0352302452828046
0.0146165275411435
