# predict_model; Vecm
# max_attributes; 15
# description; Stock and Watson 2012: US indicators;;;;;;;;;;;;;;;;;;;;;;;;;;;;;;;;;;;;;;;;;;;;;;;;;;;;;;;;;;;;;;;;;;;;;;;;;;;;;;;;;;;;;;;;;;;;;;;;;;;;;;;;;;
# number_predictions; 100
# predict; IPS12
# lag_parameter; 4
# horizon; 1
# name_prefix; us_data_stock_watson_2012;;;;;;;;;;;;;;;;;;;;;;;;;;;;;;;;;;;;;;;;;;;;;;;;;;;;;;;;;;;;;;;;;;;;;;;;;;;;;;;;;;;;;;;;;;;;;;;;;;;;;;;;;;
# method; Hits_te_(n_components=5)
# prediction_type; rolling
"V1"
0.00928601635460426
0.0114528271548988
0.00125488544247282
-0.00286814637390832
0.0113163168293084
-0.0124355278048991
0.000719145367957152
0.0143553027208987
0.0142320790445512
-0.00727744164827969
0.0094854747777931
0.00722206435949167
0.0104225387508079
-0.00117913965206453
-0.00246729944351573
0.0172477844879887
0.0121128824492636
0.0102087668415544
0.00259269166837141
0.0033158774428032
0.0137129665470527
0.00021695576271718
0.00600034938380808
-0.00670504453760069
-0.0135006515641649
0.00192204627525416
0.0124051309640537
-0.00983736695068951
-0.00489083504921327
-0.00579159624074483
-0.0060052986344247
0.00986984716417217
0.00718898355454177
-0.000349264155346996
0.00677433491381311
-0.00125724597986311
0.0245568309242408
0.0167821177962029
0.00393956366978405
-0.00153608574205981
0.00089385517350142
0.0164619801561097
0.00690582033901924
0.0127235515408289
0.0191011539990527
0.0140793070070578
0.00311341422431539
0.0202026623850961
0.00920630798136587
0.00201418344718773
0.00823493560020883
-0.000487487014510944
-0.00337127774940284
0.00530580553958171
0.000441211096574856
0.01412367066761
0.015225104135704
0.00537941629214795
0.0199539605323319
0.0114283141731409
0.0121343925487305
0.0115161104989958
-0.00243941491412442
0.00315280673462856
0.00631487807953695
0.00175481120084376
0.0136033125749353
0.00631814275960058
0.00877809298184803
-0.00937702065582492
0.00122923296233325
-0.00160801191592378
-0.0107188479334928
0.00652525356459131
0.00952061124964161
0.00707800781109838
0.00607805810448681
0.00439839391568237
-0.000663270684205494
0.00743407486876098
0.0119039656827929
0.0086743115622067
-0.0082336156060738
-0.0027816668883085
-0.000673270201325409
0.00953507730239456
0.00412261304145143
0.0124629943375787
-1.70465126301429e-05
0.00270828807366736
-0.00353642672283743
0.00669672294838522
0.00498287960951034
0.00968904020479737
0.00135114232261187
-0.00188279726202394
-0.000105634456975411
-0.00634197925563592
-0.00859731904156712
-0.0145644363986262
