# predict_model; Vecm
# name_prefix; us_data_stock_watson_2012;;;;;;;;;;;;;;;;;;;;;;;;;;;;;;;;;;;;;;;;;;;;;;;;;;;;;;;;;;;;;;;;;;;;;;;;;;;;;;;;;;;;;;;;;;;;;;;;;;;;;;;;;;
# description; Stock and Watson 2012: US indicators;;;;;;;;;;;;;;;;;;;;;;;;;;;;;;;;;;;;;;;;;;;;;;;;;;;;;;;;;;;;;;;;;;;;;;;;;;;;;;;;;;;;;;;;;;;;;;;;;;;;;;;;;;
# lag_parameter;4
# number_predictions;100
# horizon;1
# max_attributes;15
# predict;GDP272A
# prediction_type;rolling
# method; Part-GFS_te(n_components=7)
"V1"
0.00479147449356949
0.00750241430162748
0.00670031641539391
0.00544123867617573
0.00369747332993273
0.00531683782607977
0.00344167708992488
0.00462871988045254
0.00194620755273523
0.00465145238563185
0.00819785507375459
0.00381142180671301
0.0014365920342488
0.00345262772845108
0.00218395624034703
0.0082573564485716
0.00806985218339932
0.00147151307735302
0.00145590173486809
0.00582009781676936
0.00813725634603243
0.00847695752477133
0.00820891313116138
0.0079059813222595
0.00509017508257599
0.0067806015531175
0.00752363827544519
0.00693740950647991
0.0125724503167646
0.00904441563199237
0.00447447763229529
0.00690767453648876
0.0054437687253233
0.00334522149141293
0.00482925002245763
0.00386486399725872
0.0013445617264416
0.00314732866135616
0.00326338859495704
0.00182085111368327
0.00474754253220891
0.00241866731011538
0.00384176222347477
0.00571752365555115
0.00499176503560716
0.00607691856534192
0.00327886090855352
0.0038002647495344
0.00620894479764043
0.0044592482419208
0.00438497842662722
0.00403614424160858
0.00431533243991505
0.00423216256252939
0.00344479306487421
0.00311989749565997
0.0030586470383395
0.00255443744816671
0.00202926670496256
0.00222772521976901
0.00258132676163294
0.00428143494996423
0.00153607108610566
0.00336457470521612
0.00904368126558415
0.00409755549113746
0.00529790796603053
0.00682622977980221
0.0079138399445308
0.0061011002257422
0.00797970907240352
0.00247103873574193
0.00215335320722475
0.00676741036232033
0.00220390039468886
0.00613964054788497
0.00587408808559562
0.00367133117822472
0.00172572724032249
0.00628967605239013
0.00767093032728404
0.00857565268417654
0.0118357421789009
0.00965852664586657
0.00898736949504985
0.00806645910833928
0.0053742674165909
0.010854740139594
0.0100961391494907
0.00849286230637786
0.00830208166811786
0.00869619469970586
0.00995202338672452
0.00573277781800996
0.00764312966302723
0.00309679823721143
0.00922248952564069
0.00793149089620324
0.00833506742669097
0.00754899077773251
