# predict_model; Vecm
# name_prefix; us_data_stock_watson_2012;;;;;;;;;;;;;;;;;;;;;;;;;;;;;;;;;;;;;;;;;;;;;;;;;;;;;;;;;;;;;;;;;;;;;;;;;;;;;;;;;;;;;;;;;;;;;;;;;;;;;;;;;;
# description; Stock and Watson 2012: US indicators;;;;;;;;;;;;;;;;;;;;;;;;;;;;;;;;;;;;;;;;;;;;;;;;;;;;;;;;;;;;;;;;;;;;;;;;;;;;;;;;;;;;;;;;;;;;;;;;;;;;;;;;;;
# lag_parameter;4
# number_predictions;100
# horizon;1
# max_attributes;15
# predict;Sfygm6
# prediction_type;rolling
# method; Part-GFS_granger_graph(n_components=6)
"V1"
-0.0738668920021437
-0.108272507692489
0.000987568598532666
0.104235721526518
0.0774118489910596
0.0109993373668466
-0.143388754589546
0.00120923247577182
0.0204689169641983
0.000364746013537318
0.0170135232751303
0.0178870881915498
0.0283151974912183
-0.012132865115739
-0.0154307464907447
0.120172757255842
-0.102773222165899
-0.0939618621466042
0.0565463004591277
0.0360671465524389
0.006587856653469
-0.018216789662632
0.000926027658674052
-0.0551396594955649
-0.0852084992222079
0.0793795264255013
0.0906306074639357
-0.13357601052652
0.173795204680474
0.183004323336194
0.0255439285542028
0.0194029244963921
-0.0663262664698836
-0.0185058332358197
0.0183367142952616
-0.00891176427958657
-0.0188192627686566
-0.040094810861544
-0.00197061850013827
0.031487093864157
-0.0030785455465417
0.0317334856457443
0.0810471177967204
0.0426547036179413
0.0302375854934594
-0.063322023173244
-0.0405000230998845
-0.0253891113737818
-0.127413603715208
0.000260596313380459
0.0742224378453164
0.102546926263715
0.0610727653356212
0.0550628349847303
0.00971600251424444
-0.113104294946356
-0.0311028697888013
0.00936657463603547
-0.0115934606219294
0.015734768388517
-0.0334774859750448
0.048162106566431
-0.0179613491831746
0.0530460815670201
-0.0987032255605181
0.111015885944244
-0.186423764109315
-0.00108981801568463
-0.099875843218137
-0.0373651695853892
0.0314646976955665
0.0372563051706994
0.196068378563922
-0.0846409154916372
0.0224115973450567
-0.0609478682047862
0.0583276980923702
-0.0840178817987982
0.113350007794441
0.0138245629598862
-0.0829215438463636
-0.00157580443399246
0.0114015858950523
0.0687234291052716
-0.0201501995034138
-0.0623138309853968
0.0104162801457345
0.00143994264696711
-0.0132010941938528
0.0309090271887939
0.00921665931055567
-0.0677282757819762
0.0418042043427628
-0.0390968660663136
0.0355729390260231
0.0264651250656025
0.0149690795681376
0.0844833253438695
0.0127023029323819
-0.00731278779404641
