# predict_model; Vecm
# name_prefix; us_data_stock_watson_2012;;;;;;;;;;;;;;;;;;;;;;;;;;;;;;;;;;;;;;;;;;;;;;;;;;;;;;;;;;;;;;;;;;;;;;;;;;;;;;;;;;;;;;;;;;;;;;;;;;;;;;;;;;
# description; Stock and Watson 2012: US indicators;;;;;;;;;;;;;;;;;;;;;;;;;;;;;;;;;;;;;;;;;;;;;;;;;;;;;;;;;;;;;;;;;;;;;;;;;;;;;;;;;;;;;;;;;;;;;;;;;;;;;;;;;;
# lag_parameter;4
# number_predictions;100
# horizon;1
# max_attributes;15
# predict;sFYBAAC
# prediction_type;rolling
# method; Part-GFS_te(n_components=4)
"V1"
-0.0671069303183677
-0.0544036345077237
0.0695757922234524
0.0800617384115245
0.0292436176107631
-0.145167433953817
0.0282302836065383
0.0131525590308006
-0.00180871961491917
0.0702433582735998
0.0702585364429142
0.00182786748596799
-0.00623933469035052
0.0217275351827774
-0.0563533385967017
-0.0505787752091826
0.0211114371227087
-0.0251474328006265
0.0136420245984262
-0.0112877781343414
-0.0274271719904888
-0.0762772272880499
0.00275906099970274
-0.0104497545611447
-0.0109291324325603
0.00508932813845663
0.0174034883405901
-0.0273979505591704
0.0564622214469699
0.089420452894519
0.0314027167183679
-0.0595525562952733
-0.0534438451761705
-0.0235204252324898
0.00779944580254018
0.0141771507244735
0.0468283610145347
0.0892515711376596
0.020092248181945
-0.000826775628006197
0.0136214537513838
-0.0407447643057036
-0.0127195578210095
-0.0070692771067456
-0.0137971901830613
0.000228281897504181
-0.0243786953180892
-0.00953664993882126
0.0475852109923933
0.00152100945161134
-0.00173469595766223
-0.0238293051504739
-0.00249272189937278
0.00830985626846781
0.0176149630960002
-0.0195001291920872
-0.00850495872467283
0.00641710011481318
0.0321711160422443
-0.00391157870371442
0.0596906959229018
0.00310617772130958
0.0265305070974535
0.0231397445194594
-0.0185273583971023
-0.0214941727158329
0.0396044236261187
0.0163665837611332
0.0318398702534247
0.0114176918928874
-0.0297674237177595
0.029520805089011
0.0284346302132827
0.00986430441671925
0.00336642907558831
-0.0310380489853319
0.0409695528735431
0.00877760599118074
-0.0201445235891078
-0.0416264850441758
0.00252459600641895
-0.022197456822505
0.0133202103712908
0.0188104283911888
-0.0457740053899342
-0.0307396573835634
0.0110474177713304
-0.0258474850186526
0.00569832657346857
-0.0291461753932212
0.00228232803851107
-0.0167951450203328
0.00557150571945864
0.00479384311725097
0.0041874198052283
0.014668122943424
0.0120727120601934
0.0867936673684151
0.0192486604946706
0.0685309838613475
