# predict_model; Vecm
# max_attributes; 15
# description; Stock and Watson 2012: US indicators;;;;;;;;;;;;;;;;;;;;;;;;;;;;;;;;;;;;;;;;;;;;;;;;;;;;;;;;;;;;;;;;;;;;;;;;;;;;;;;;;;;;;;;;;;;;;;;;;;;;;;;;;;
# number_predictions; 100
# predict; GDP254
# lag_parameter; 4
# horizon; 1
# name_prefix; us_data_stock_watson_2012;;;;;;;;;;;;;;;;;;;;;;;;;;;;;;;;;;;;;;;;;;;;;;;;;;;;;;;;;;;;;;;;;;;;;;;;;;;;;;;;;;;;;;;;;;;;;;;;;;;;;;;;;;
# method; Hits_granger__graph(n_components=3)
# prediction_type; rolling
"V1"
0.00732220793029483
0.00700809402285397
0.00820776360230143
0.00521720742003413
0.00900604752591221
0.00303544464683268
0.00477947854325617
0.00336370956540174
0.00543185343315497
0.010834813112611
0.0147467083587528
0.0120175790122361
0.00830998992824967
0.00177466146047112
0.00430405030025122
0.00144947338043276
0.00483453247591392
0.00533644333708095
0.00673056449151177
0.0101951826690443
0.0112968294692174
0.00197979971217459
0.00348533924190339
0.00406041472730342
0.0040497100186267
0.00229151885005438
0.0054863693298309
0.00138104116535546
-0.00707797476768139
0.00426658839530419
-0.000475530978810952
0.00263207552005
-0.00222651486430835
0.00740318752378435
-0.00304714898501065
0.00843327416334826
0.00508640419509236
0.00476888845544574
0.00923564576916193
0.00368062250823603
0.00636277673712771
0.008325080592326
0.00543172515875451
0.00762494128466913
0.00834925956521784
0.00511135032457323
0.00671596770350749
0.00290285561428453
0.00360845713259867
0.00349139737909595
0.00613547426646249
0.0057134429319638
0.00736946895831223
0.00483394071478326
0.00594493356092646
0.00839308720443107
0.00250349896447652
0.0126497525631697
0.00690893944200204
0.0110529491390356
0.0105457087371524
0.0100435683642167
0.0127398032854998
0.00952889538672728
0.0127223387949397
0.00898903339271664
0.0161674003736609
0.00656956484272456
0.0111588284863259
0.00852548851595804
0.00390887703897395
0.00288542995256507
0.00715274838342896
0.00827824361923515
0.0110100406899225
0.00587220353917919
0.00561006027357681
0.0051445260615938
0.0143386392777376
0.00895451673561802
0.0157213337349255
0.0133186266378924
0.00936397413101291
0.00780614151640872
0.00772201428575523
0.0132924303842529
0.011255610587858
0.00721697552527973
0.0166715900975195
0.00993834971720892
0.0137585854037713
0.0133090634117064
0.0126962542215495
0.00256101490761109
0.0091358448950839
0.00738887148960671
0.00619492961751455
0.000875764096259386
-0.00416863543025155
0.0196935580751542
