# predict_model; Vecm
# name_prefix; us_data_stock_watson_2012;;;;;;;;;;;;;;;;;;;;;;;;;;;;;;;;;;;;;;;;;;;;;;;;;;;;;;;;;;;;;;;;;;;;;;;;;;;;;;;;;;;;;;;;;;;;;;;;;;;;;;;;;;
# description; Stock and Watson 2012: US indicators;;;;;;;;;;;;;;;;;;;;;;;;;;;;;;;;;;;;;;;;;;;;;;;;;;;;;;;;;;;;;;;;;;;;;;;;;;;;;;;;;;;;;;;;;;;;;;;;;;;;;;;;;;
# lag_parameter;4
# number_predictions;100
# horizon;1
# max_attributes;15
# predict;GDP278A
# prediction_type;rolling
# method; Part-GFS_te(n_components=5)
"V1"
0.00232748412497798
0.00429001764702077
0.0025342452096069
-0.00186434956948721
0.00335578835615678
0.00184026653544946
-0.00113003277012703
-0.00265934025783429
0.00476623392574972
0.00834744188280266
0.00442138549549649
0.00902691477938835
0.00825418735412222
0.00562447508559189
0.00234924141843816
0.000547553488925881
0.0074264307263566
0.00909073346708938
0.0102765677899845
0.00772533330513484
0.00734164610440404
0.0055486801858118
0.00617201592311641
0.00246066473768647
0.00412344974432993
0.00339121044814667
0.00560858138162799
0.00421895168646405
0.00599961146064361
0.0093771335829208
0.00501876210606162
-0.00387640689526058
-0.00167039125477956
-0.00202487129043771
-0.00196426358383338
0.000591840345597891
0.00198771006537533
0.00783309590643471
0.00404362234891112
0.00488213444483603
0.0021226311896849
0.00523487125491015
0.0060416691986727
0.00364431643801433
0.00101092494744767
0.00371788128345018
0.00420529429547103
-0.00285005353681753
-0.000520769738714634
-0.00406523857747461
-0.00436500729021053
0.0029894101274145
-6.54233275221301e-05
-0.00437902783552896
-0.00177777545734592
-0.00333467737105755
-0.00157963969800714
-0.00493328438785277
-0.00522451001364855
0.000112627635962097
-0.00225715604517141
0.00137578903373479
0.000177998403571573
-0.0016310142797342
0.000509588670516308
0.00411029637307418
0.002776996206012
0.00340153091048847
0.00377699312449834
-0.00200640440688815
0.00567691792062432
-0.00044785465540838
0.00197211843288735
-0.000963269666483534
0.00350124646856362
0.00237807419695968
0.00961146936969821
0.00807322121202864
0.000258143663296773
0.0014269607271017
0.007042516942872
0.0118630712150166
0.015467537076286
0.011811483845616
0.0113793204090652
0.0139895484305265
0.0139421452151845
0.0174774779280773
0.0152398352560235
0.0180411931481166
0.0107752794326121
0.00570218697510353
0.0135873788245106
0.00652998807851389
0.00236072780471647
-0.00132629783277836
0.00210392507634649
-0.00302367427217439
0.00462865502291008
0.00630501667245452
