# predict_model; Vecm
# name_prefix; us_data_stock_watson_2012;;;;;;;;;;;;;;;;;;;;;;;;;;;;;;;;;;;;;;;;;;;;;;;;;;;;;;;;;;;;;;;;;;;;;;;;;;;;;;;;;;;;;;;;;;;;;;;;;;;;;;;;;;
# description; Stock and Watson 2012: US indicators;;;;;;;;;;;;;;;;;;;;;;;;;;;;;;;;;;;;;;;;;;;;;;;;;;;;;;;;;;;;;;;;;;;;;;;;;;;;;;;;;;;;;;;;;;;;;;;;;;;;;;;;;;
# lag_parameter;4
# number_predictions;100
# horizon;1
# max_attributes;15
# predict;GDP264
# prediction_type;rolling
# method; Part-GFS_granger_graph(n_components=15)
"V1"
0.00908524505185138
0.0090125981977557
0.0196382096653193
0.00351729765320254
0.0225711708693506
0.0114549704917743
-0.00361226065641334
-0.00605149583465988
-0.00163866331883709
0.00469421810096745
0.00479533987948142
-0.0291885495487816
0.00749193811591572
0.0100359782745437
0.0102248751493028
0.0338180566452617
-0.025068844969908
0.051921925721308
-0.00183436342965768
0.0161875871544817
-0.0111361883582314
0.0125195589502104
0.00639261043141424
-0.00358188065291463
-0.00407875906701522
-0.00611572598927595
-0.0228586080303986
0.0363729349050803
0.00257098448106834
0.00723773607140278
0.0199877951630428
0.00946834805796672
-0.0253670413569572
0.0110470332956844
0.000230218152899551
0.012299096391822
-2.9930963993269e-05
0.00557025956290287
0.0223169678783851
0.0134855112890677
0.0361490326677093
0.00398375049911151
0.00973142231123386
-0.0152904407561288
0.000963667743874122
0.0110388686346874
0.0195206590910572
0.00688120155812218
-0.000771973371444403
0.0010076610433908
0.0175018070850573
0.0167915275386273
-0.00954814025951098
0.0340131867706805
0.0167122374699369
0.0304360231988675
0.0425946201051619
0.00559825171569931
0.0070192658299082
0.0232022298265367
0.00520477747532036
-0.0160112586289216
0.0478543197954789
0.0371841297901368
0.00184187275715281
-0.00829165159310103
0.0245263438084572
-0.0169987500816825
-0.0182207366511536
0.035148338301606
0.00102603807291457
-0.0110342674204231
-0.00216434310296619
0.0150890611158385
0.00128819068299042
-0.00472357348950717
0.0116296699592175
0.0112019800291189
0.0506853224669534
-0.00735721023864041
0.0215794915874397
0.0165327930049302
0.0220353778535603
0.017351293867751
0.0172340019979734
0.0198485401354597
0.00901630588240552
0.0267152941202336
-0.00293414923321858
0.00258209548226384
0.00695972865449816
0.0060926362336886
0.00333488693386442
0.0585066742726658
0.0125326562906824
0.108697573875715
0.0163354567584249
-0.00544687507242199
-0.00728181879226271
-0.054782722943746
