# predict_model; Vecm
# max_attributes; 15
# description; Stock and Watson 2012: US indicators;;;;;;;;;;;;;;;;;;;;;;;;;;;;;;;;;;;;;;;;;;;;;;;;;;;;;;;;;;;;;;;;;;;;;;;;;;;;;;;;;;;;;;;;;;;;;;;;;;;;;;;;;;
# number_predictions; 100
# predict; CPILFESL
# lag_parameter; 4
# horizon; 1
# name_prefix; us_data_stock_watson_2012;;;;;;;;;;;;;;;;;;;;;;;;;;;;;;;;;;;;;;;;;;;;;;;;;;;;;;;;;;;;;;;;;;;;;;;;;;;;;;;;;;;;;;;;;;;;;;;;;;;;;;;;;;
# method; Hits_te_(n_components=15)
# prediction_type; rolling
"V1"
0.0069467264447963
0.00809722141598747
0.00600254822662059
0.0065125314744101
0.00748062689084821
0.00615342296661267
0.00615145356420469
0.000766313721140255
0.00765332606882219
0.00471497210253202
0.00771418157483471
0.00697262222951873
0.0038554985799382
0.00417747559231353
0.00701018659239544
0.00691645997038872
0.00580681536071643
0.00731566952494335
0.00933918303130451
0.00551408315519486
0.00895804460698631
0.00725796033631546
0.00642447744064445
0.00774939752049038
0.00608854273693772
0.00897446218930174
0.00838411845529124
0.0106950289094099
0.00931000781627446
0.00987195747409997
0.0093589264591656
0.00693152891779081
0.00751716534197729
0.00847039208240287
0.00542411215334639
0.00642813005003368
0.00723221666512357
0.0071744415088106
0.00718769298094399
0.00558073734783634
0.00665261625359787
0.00473149400672661
0.00651024709090783
0.00475782689086398
0.00465929744830254
0.00723849431888951
0.00589940772611899
0.00737268394044588
0.00571864169432032
0.00570605513439989
0.00529680658918466
0.00473158807967014
0.00574747888718751
0.00561403115894299
0.00519166573087797
0.00365771367424436
0.00588192860422769
0.00369749999137433
0.00653534899545292
0.00462799754344247
0.00542556926148084
0.00477733789480446
0.00456242132182215
0.00395549802233489
0.00392236663849836
0.00783861400746351
0.00415551505790784
0.00672916676415847
0.0063484895662925
0.00478922682385202
0.00827386915302918
0.004590155117378
0.00780760208734992
0.00537518633768957
0.00374789330543943
0.00541090938001629
0.00482531217230435
0.00403624547242176
0.00279463454414836
0.00402274794266783
0.000997302968615395
0.00333401559106312
0.00652814596055242
0.00670601907326238
0.00482713577330571
0.00781841279647169
0.00641863590193645
0.00157843725687415
0.00585372901745377
0.00715815514283359
0.00901293439412049
0.00671745262107244
0.00766758725011127
0.00526468388683789
0.00571234633023606
0.0055892550221141
0.00772975786095072
0.00742579652874169
0.0061331615765864
0.0076278788713757
