# predict_model; Vecm
# name_prefix; us_data_stock_watson_2012;;;;;;;;;;;;;;;;;;;;;;;;;;;;;;;;;;;;;;;;;;;;;;;;;;;;;;;;;;;;;;;;;;;;;;;;;;;;;;;;;;;;;;;;;;;;;;;;;;;;;;;;;;
# description; Stock and Watson 2012: US indicators;;;;;;;;;;;;;;;;;;;;;;;;;;;;;;;;;;;;;;;;;;;;;;;;;;;;;;;;;;;;;;;;;;;;;;;;;;;;;;;;;;;;;;;;;;;;;;;;;;;;;;;;;;
# lag_parameter;4
# number_predictions;100
# horizon;1
# max_attributes;15
# predict;IPS11
# prediction_type;rolling
# method; Part-GFS_te(n_components=12)
"V1"
0.0201173168378415
0.0196205888413529
0.00576021651698383
0.00720025734068625
0.00641994216665207
0.00671848499676317
0.00053932555847013
0.00141883124698568
0.00373673067610692
0.0096491694133419
-0.00270098917387406
-0.00405863909660597
0.0104855219586381
0.0097794540598915
0.0118253068200053
0.0107903060225178
0.0128327035585236
0.0151760655735298
0.0108866210394909
0.00387557781961151
0.00108930557855292
0.0142084905758446
-0.0090585847162856
0.00503315752280659
0.00328772897589873
0.00301944661525016
0.00232316728253323
0.003926744985863
-0.014098040049593
-0.00051782437217248
0.00323847332974685
0.00519281519295686
-0.00330561996555653
0.00543051104078649
0.00308049877471499
0.010123635243692
0.0189617979296997
-0.00249500380350448
0.00372189928233302
0.00756243147106959
0.00836526957783911
0.00854939331362094
0.00896997522815613
0.0060142006439632
0.0198298274716555
0.0024195261469939
0.00388949476818412
0.0124283575324155
0.00716741437515808
0.00637547773121961
0.0162388492344603
0.0115837194844373
0.0141794964537292
0.0124651389775639
0.0176187220802431
0.0211620959146728
0.021663283435479
0.027923563853668
0.00636748949203031
0.00730326889545816
0.0087565239854466
0.0165060977935386
0.000495528320080263
0.00492789208425593
0.0198986927568339
0.00758914613322703
0.0121044871933395
0.00724203043434915
-0.00155204711863235
-0.00990161247582652
-0.0105819884039382
-0.0118456115740758
-0.0133784735929493
0.00439131680249143
-0.0042884895296091
-0.00142131345295174
0.00543715242593719
0.00310924590520571
0.0154193100642377
-0.00748789958447111
0.00703284652804827
0.0135672475057874
-0.0037774090061701
0.00475459779116092
0.0116869725844364
0.014901097565505
0.0132235957322486
0.00944045312267939
0.0133866120407218
0.0120741600857965
-0.00258194900306072
0.00770320537299358
0.0029083315367108
0.00489564637659155
0.00393038532516155
0.00325858971481007
-0.0057674651846237
-0.00272715127102219
-0.00535636242794187
-0.0203465435662519
