# predict_model; Vecm
# name_prefix; us_data_stock_watson_2012;;;;;;;;;;;;;;;;;;;;;;;;;;;;;;;;;;;;;;;;;;;;;;;;;;;;;;;;;;;;;;;;;;;;;;;;;;;;;;;;;;;;;;;;;;;;;;;;;;;;;;;;;;
# description; Stock and Watson 2012: US indicators;;;;;;;;;;;;;;;;;;;;;;;;;;;;;;;;;;;;;;;;;;;;;;;;;;;;;;;;;;;;;;;;;;;;;;;;;;;;;;;;;;;;;;;;;;;;;;;;;;;;;;;;;;
# lag_parameter;4
# number_predictions;100
# horizon;1
# max_attributes;15
# predict;IPS306
# prediction_type;rolling
# method; Part-GFS_te(n_components=13)
"V1"
0.0104926934872978
0.00890937386217138
-0.00994659471724765
-0.0245781113452761
-0.0330113349053368
0.0216679166676368
-0.0334862264203108
0.0207725681623332
-0.02313696727241
0.00290448912044879
0.00660097856439334
-0.0116882673610805
-0.00369150837111578
0.0155502749946556
0.0289772964621004
0.0190761831226663
-0.0219697736972075
0.0700773615868029
0.0543481709487794
-0.0298613302818916
-0.00130285581317966
-0.00661454313568685
-0.0408114593554731
0.0110502270988706
-0.0107750996527098
-0.0178294913514169
0.0213236462534132
-0.069268983347309
-0.00831736411012597
0.0600410204641579
0.0109214034440374
0.00407070541230145
-0.0123492287340029
0.0050076472587778
0.00877332367849281
-0.0252525185683574
0.0223670582510317
0.0155125710865261
-0.0470221374389516
0.0107975821880525
0.0267651540825939
0.0125059438859799
-0.00581533600564568
-0.00322426494255105
0.0367520484507845
0.002480946823007
-0.00154063261093331
0.0133512053804264
0.00321053444394346
-0.00446598287636358
0.0442408137317943
0.0083817000264275
-0.0188448383698183
0.0367334323250494
0.0172664361852792
0.00499794652219039
-0.0162366995830929
0.00114027920872431
-0.0355055968897701
-0.021890963864557
0.0116938573288548
0.0259914604267074
0.0425340400462701
0.0193047741298939
0.0257277383662564
-0.0162998101343182
0.00719238126841842
0.00095862598970229
0.00991701202707604
-0.0123186737280105
-0.00675644471673868
-0.00707363496131889
0.0145503029268176
0.0230678528042054
-0.0120276875150802
0.0308091674996409
-0.00556669279791189
-0.0317494984350751
-0.0082462934027823
-0.0453112069214873
0.0445349888241579
0.0115640180912495
0.0229185225320053
0.0141433304691878
0.0181806316367757
0.0452445948678494
0.0424131549862832
0.00558767855460595
-0.00586920859165144
-0.00587132369629547
0.00468128321462913
0.00942625996133202
0.0310980573231222
-0.0247148374513353
-0.00872432054326376
-0.0123753201354695
0.0127515752389366
0.0150114672418082
-0.00805466240313213
0.026584659692271
