# predict_model; Vecm
# name_prefix; us_data_stock_watson_2012;;;;;;;;;;;;;;;;;;;;;;;;;;;;;;;;;;;;;;;;;;;;;;;;;;;;;;;;;;;;;;;;;;;;;;;;;;;;;;;;;;;;;;;;;;;;;;;;;;;;;;;;;;
# description; Stock and Watson 2012: US indicators;;;;;;;;;;;;;;;;;;;;;;;;;;;;;;;;;;;;;;;;;;;;;;;;;;;;;;;;;;;;;;;;;;;;;;;;;;;;;;;;;;;;;;;;;;;;;;;;;;;;;;;;;;
# lag_parameter;4
# number_predictions;100
# horizon;1
# max_attributes;15
# predict;MSONDQ
# prediction_type;rolling
# method; Part-GFS_te(n_components=12)
"V1"
0.0420945663213774
0.0226461145344708
0.0302441414463733
-0.0420832414482465
0.0168499672570347
-0.0405152497968905
0.0662699269144573
-0.00764310260270045
0.0311497876497232
-0.00249273600577054
-0.0703261859767188
-0.0528822194903488
-0.00579832162179388
0.0428421545435353
0.000154328336769455
0.0164924244591525
0.0449493172736005
0.0155600410755144
0.0161981018715007
0.00243695187844365
0.0796349414282147
-0.0352125366555622
0.0291100725601015
-0.0305614786400198
0.00889429612674266
0.019648447116167
-0.0395056293357189
0.000691562620443908
-0.00981104099570494
-0.0137799624453228
-0.0719609131058308
-0.032215738236517
0.0881423375985161
-0.0390211099885604
0.0241949118583787
0.0354806640383372
-0.0378153005554047
0.00711933325862349
0.0104799549366943
0.0196723852824532
0.0223600421561506
0.0190820620845967
-0.0442324638236595
0.0629812380020505
0.0237220676703742
-0.0195805672773176
0.0150588941205935
0.0200196523125124
0.0318925254081349
0.0019868666243773
0.0067873294794834
0.000330736547264805
0.0234669314745056
0.00019702640021447
0.0192381704773839
0.0598000673226277
0.0937735056209797
-0.00656308431418281
-0.0447487816414461
0.0303385801837634
-0.0179846581279387
-0.0101513080596114
-0.0306538484494304
0.0431770149077298
0.0391719354317271
0.00995949487630594
-0.0123439924428533
0.0167822578346099
0.0134985081230726
-0.0598070152069628
-0.115635708565328
-0.0583121893689954
-0.088524445795752
-0.0153187084524293
0.0177518703724669
0.00116434599579926
-0.00432061177068826
0.0101811731620626
-0.0217956043921326
0.0469569962780938
-0.000401501566836777
0.0354794431399725
-0.0138700443181266
0.0317552354961335
0.039698569214723
-0.00338032737461066
0.0465988606250304
0.0449384451192164
0.0238546819490722
0.0454785948178703
-0.00847196888989775
0.0325523598371741
-0.0380406472494332
0.0369555260816838
0.0067090346715052
0.0180382277025594
0.0342338325469151
-0.0248720285256917
0.0041883523662988
-0.0363974037439768
