# predict_model; Vecm
# name_prefix; us_data_stock_watson_2012;;;;;;;;;;;;;;;;;;;;;;;;;;;;;;;;;;;;;;;;;;;;;;;;;;;;;;;;;;;;;;;;;;;;;;;;;;;;;;;;;;;;;;;;;;;;;;;;;;;;;;;;;;
# description; Stock and Watson 2012: US indicators;;;;;;;;;;;;;;;;;;;;;;;;;;;;;;;;;;;;;;;;;;;;;;;;;;;;;;;;;;;;;;;;;;;;;;;;;;;;;;;;;;;;;;;;;;;;;;;;;;;;;;;;;;
# lag_parameter;4
# number_predictions;100
# horizon;1
# max_attributes;15
# predict;PMNV
# prediction_type;rolling
# method; Part-GFS_granger_graph(n_components=13)
"V1"
0.0522997312766934
-0.00464627557747759
0.00884752818216785
-0.0817936084182796
-0.120807812981208
-0.0351824076064323
-0.0641332802927357
0.031186919864281
0.113200101555354
0.034197713702782
-0.0365304555366431
-0.0294207860297615
-0.0116300936850466
-0.0254499723487323
0.174624201451915
0.0824752289148946
-0.105109850247763
0.00193847184438139
0.0120300463309739
-0.0238894848870331
-0.0293353275441865
0.0830113928328322
-0.163684417584878
-0.0421215174200941
0.0139752914826816
-0.0266972124309953
-0.0190325893261175
-0.105652795913246
-0.0385106197911969
-0.0565429376240605
0.125231445079447
0.037227922186147
-0.00417777443431144
0.0544119103572215
0.0261741758617746
0.0460608991269398
-0.00195153176496972
-0.0659994119722069
0.0170432104735101
0.096080771844726
-0.0462593187802208
0.0302314501096102
-0.0212513089260099
-0.00758585919344274
0.17664001232936
-0.249438709568025
-0.0200123830562078
0.0151711491540058
-0.00280550004820634
0.0885973501423221
-0.0151811215368104
-0.0452839972736145
0.103162159927886
-0.0334191551706302
0.00289342769576124
0.0766172371883211
-0.0173710996621125
0.0727411918005829
-0.0309129195878215
-0.0257690725304723
-0.0521195918498294
0.0239622323843468
-0.0990760608748767
0.0824149283173167
0.0499391310008841
0.0279315856864426
-0.0141037701419376
-0.0690250514153567
0.0632284184611484
-0.0138736915213367
-0.0304709389973295
-0.122428230833008
-0.0129599984873677
0.0254884861322677
0.0212341676209233
0.0749543983661662
-0.00101708580938108
0.0226010838770788
-0.0141111600463246
0.0981695916678304
-0.000605774808425557
0.111811941527058
-0.0455913633867765
-0.0427901392835066
0.0721860271586369
-0.0163315428494858
0.0121970971582633
0.00942621040607754
-0.0481364234987411
-0.00339027538372588
0.0416006440176193
-0.0104349453995562
-0.0202443544430937
0.0296170942947514
-0.0551705061435393
0.0322999409856581
-0.0388583731108046
0.0144269620395177
0.0461510550833814
-0.0787239900238218
