# predict_model; Vecm
# name_prefix; us_data_stock_watson_2012;;;;;;;;;;;;;;;;;;;;;;;;;;;;;;;;;;;;;;;;;;;;;;;;;;;;;;;;;;;;;;;;;;;;;;;;;;;;;;;;;;;;;;;;;;;;;;;;;;;;;;;;;;
# description; Stock and Watson 2012: US indicators;;;;;;;;;;;;;;;;;;;;;;;;;;;;;;;;;;;;;;;;;;;;;;;;;;;;;;;;;;;;;;;;;;;;;;;;;;;;;;;;;;;;;;;;;;;;;;;;;;;;;;;;;;
# lag_parameter;4
# number_predictions;100
# horizon;1
# max_attributes;15
# predict;HSWST
# prediction_type;rolling
# method; Part-GFS_granger_graph(n_components=5)
"V1"
0.0155876204528272
0.0733860482314164
0.0023217533691441
-0.027995550103668
0.0768043193359478
-0.0429133831859013
0.144771597484246
0.0124670572109932
-0.0936456577850027
0.0729547075727457
0.109532285735811
-0.0838679649716692
-0.142821383379102
0.0884529324326417
-0.161837055933343
-0.0591409081146263
-0.0573401621606858
-0.0456302783194247
-0.0305468800333822
0.0119685175371092
0.0890656061170451
-0.0420871207332487
-0.065503443346617
0.0156545477346662
0.0346219666791687
0.0081345579169346
-0.0486494873275056
-0.134171425860325
-0.018780671391766
-0.10791861219714
0.0384610073508244
0.0427803338622248
0.0133178791179065
0.00687638348469197
-0.00607464770604937
-0.000538914856258475
-0.00734252425589546
-0.0343667899525456
-0.0424992547749072
0.0729931906707042
0.0190865698055261
0.0434657090300556
-0.0379309865961873
-0.048869320927012
-0.0210190398517704
-0.0383525583573856
0.0412668351930272
0.0407882064832215
0.0566709010954125
0.0788313354189037
0.0331868644097976
-0.0866986873573895
-0.01098087434959
-0.0311450857930127
0.00882138349119085
-0.0255751656412203
0.0293425793885949
0.015629080215258
0.0109750180054808
0.0354279683675261
0.0954831804602509
0.0527415446321103
-0.0254756074553268
-0.0286784439052255
0.00243760882968215
-0.0243138677644492
-0.0481288155003152
-0.052644368260653
-0.00601977884553429
0.0468396653091858
-0.0210222110952847
-0.0791872881127887
0.12440980844882
-0.036018105909539
-0.0118060909527933
0.0204613283969889
0.00550928492817404
0.00522776282536833
0.0678646868575312
0.00700941675573704
-0.0307229175078148
0.0124527891926909
0.00246685020293431
-0.079999837081264
-0.00680439681196243
0.0032672687000066
0.0719639337882086
-0.0348535893382966
-0.0199412145027783
-0.043030875837337
-0.0690778233326152
-0.0661984044977791
-0.200902496017506
0.0319795013134159
0.00146694206382573
-0.0678146993864621
-0.133364467728305
-0.0946179541187008
-0.0298090369128835
-0.107086394577727
