# predict_model; Vecm
# name_prefix; us_data_stock_watson_2012;;;;;;;;;;;;;;;;;;;;;;;;;;;;;;;;;;;;;;;;;;;;;;;;;;;;;;;;;;;;;;;;;;;;;;;;;;;;;;;;;;;;;;;;;;;;;;;;;;;;;;;;;;
# description; Stock and Watson 2012: US indicators;;;;;;;;;;;;;;;;;;;;;;;;;;;;;;;;;;;;;;;;;;;;;;;;;;;;;;;;;;;;;;;;;;;;;;;;;;;;;;;;;;;;;;;;;;;;;;;;;;;;;;;;;;
# lag_parameter;4
# number_predictions;100
# horizon;1
# max_attributes;15
# predict;CES088
# prediction_type;rolling
# method; FCBF(n_components=2)
"V1"
0.00868198641010296
0.00915696250983993
0.00849015372666781
0.00906189961889497
0.0112379690395565
0.0105572973408475
0.0111651748653607
0.0119070288710586
0.0140380844463586
0.0132188224061814
0.013518217619091
0.0128845763495496
0.0118908193776636
0.0131256695847459
0.0124452084819197
0.00773591666400873
0.00227906643621804
0.00350001651226475
0.0032812329496231
0.00309430565671708
0.00189695039220865
0.00088628099193218
0.00537012673478167
0.00228421893453162
0.000443468817688177
0.00158411785658193
0.00245472939443497
5.65247268279914e-05
-0.00451549327697453
-0.0025967797579124
-0.0059863794224242
-0.00595353343286873
-0.00499948992009119
-0.0041661805462714
0.0030730480996715
0.00251068042005744
0.00524399514504131
0.00620753655962508
0.00881351923527177
0.011183792831819
0.0117700343992075
0.0100791027151456
0.00361953040567106
-0.00247194665583453
-0.00721419074524667
-0.00372855630775338
-0.000488474182371431
0.00551355278168762
0.00817816638606297
0.0080631730348672
0.00847718119694863
0.0086719593767076
0.00603590392819081
0.00604438638991923
0.0109507721204344
0.0117605789371835
0.0128532390350084
0.0132427602866378
0.0129225497990546
0.0125853343626445
0.00770723551925652
0.00564254141963435
0.00555469577108963
0.00477529512645346
-0.000410304638422297
-0.000813169620043274
-0.00130723567012962
0.00265618986920602
0.0111445455806529
0.0103982252632619
0.00402499033931426
0.000204216444277346
0.00351516876543907
-0.000528851643281085
-0.000836729038361582
0.00383210501890748
0.00999843495433836
0.00533378569828334
0.00765458530864922
0.00231014747620098
-0.00517260944681549
-0.000265113972958266
0.00761641457845426
0.000834877740497046
0.00257629529210575
0.00330705638614717
0.00106499404973214
0.0106835811593786
0.0123232346514928
0.00947409320001444
0.00526759176870518
-0.00191371413166452
0.00426554358029225
-0.00238360183475872
-0.00686916321797304
-0.00222824480431463
-0.00882800030062409
-0.00552131251554211
-0.0077410488666527
-0.00734981330035195
