# predict_model; Vecm
# name_prefix; us_data_stock_watson_2012;;;;;;;;;;;;;;;;;;;;;;;;;;;;;;;;;;;;;;;;;;;;;;;;;;;;;;;;;;;;;;;;;;;;;;;;;;;;;;;;;;;;;;;;;;;;;;;;;;;;;;;;;;
# description; Stock and Watson 2012: US indicators;;;;;;;;;;;;;;;;;;;;;;;;;;;;;;;;;;;;;;;;;;;;;;;;;;;;;;;;;;;;;;;;;;;;;;;;;;;;;;;;;;;;;;;;;;;;;;;;;;;;;;;;;;
# lag_parameter;4
# number_predictions;100
# horizon;1
# max_attributes;15
# predict;CES151
# prediction_type;rolling
# method; Part-GFS_granger_graph(n_components=12)
"V1"
0.100427263279327
0.0300003303633082
-0.0977698411786083
0.0434704584223501
-0.0956855648735292
0.0500864810948047
-0.0649470490663728
-0.00120787919867982
-0.128766980361978
0.0428352586770062
0.002104377062604
-0.0780774479590457
-0.0344887416814079
0.0940119802159515
0.104431919729785
-0.0575119347181993
-0.0589698161733893
0.0600552100753669
0.0930955554073876
0.12011960113084
0.0382231943404283
-0.00116633222862636
-0.141037630299919
0.0534586117167929
0.0824758848575628
-0.0471002137817618
-0.0618173408261489
-0.201952430853431
-0.0865272016316461
0.0475894289965086
0.068344155452682
0.0397770303530464
-0.0479968387532529
0.113450384611752
0.076207540266575
-0.0658253621915557
0.0344390785715171
-0.0121722102829103
0.0737649432963329
0.0733645618774928
0.13929783882183
-0.00934328014661784
-0.00282009349169027
0.0316183519999511
0.0263313634827391
-0.0790730821901802
-0.143660863551774
-0.0498655449582653
0.0470047618571134
-0.106554105697074
0.0335958354971835
0.127462238384142
0.0480058996232347
0.0349525291967082
0.0421315321802996
0.00497110577206094
-0.0822674286790618
-0.026405594030256
-0.0470608802827127
-0.0419804064380119
-0.0201188694821591
0.120820419522143
0.107153465107363
0.0378464223780402
-0.0927607289338805
-0.00810273062653219
0.0829692110470792
-0.0795095644411842
-0.0227569387188368
-0.123141463654053
0.00337073746321147
0.0235566861303191
0.00931549380130936
-0.0310777010159116
-0.0824697596711757
0.0223116039201782
-0.0234276470116788
-0.123738614949005
0.0858883406779411
-0.046473458722831
0.0448367108265881
0.0326624948131916
-0.0470794371840369
-0.0299275213927738
0.0163286815963705
-0.0146174496521579
0.0405659700972085
0.0437349999473781
0.0399728479077005
0.0680538033287542
0.04927431697345
-0.00926200472384738
-0.0018610188577385
0.0502629424527514
-0.0375853674808279
-0.0045492756244382
0.00713150362611377
0.0865799764468126
-0.0355261187954111
-0.0952219441148378
