# predict_model; Vecm
# max_attributes; 15
# description; Stock and Watson 2012: US indicators;;;;;;;;;;;;;;;;;;;;;;;;;;;;;;;;;;;;;;;;;;;;;;;;;;;;;;;;;;;;;;;;;;;;;;;;;;;;;;;;;;;;;;;;;;;;;;;;;;;;;;;;;;
# number_predictions; 100
# predict; IPS306
# lag_parameter; 4
# horizon; 1
# name_prefix; us_data_stock_watson_2012;;;;;;;;;;;;;;;;;;;;;;;;;;;;;;;;;;;;;;;;;;;;;;;;;;;;;;;;;;;;;;;;;;;;;;;;;;;;;;;;;;;;;;;;;;;;;;;;;;;;;;;;;;
# method; Hits_te_(n_components=8)
# prediction_type; rolling
"V1"
0.00848981694345207
0.0138202424646885
-0.00461651414931837
-0.0343210545490367
-0.0371185587135465
0.0221855345565713
-0.0267802328350404
0.0187184559155691
-0.01104051277999
-0.0150937117364431
-0.00586324425810185
-0.00210996840236972
0.0179911004429816
-0.00180010022310829
0.0382930614504881
0.0421585746674035
-0.0110908011565319
0.0440477771179375
0.0328452806613511
-0.0344559084333396
-0.00703114114707605
0.00416049573387073
-0.0292453917324369
-0.0104897869464797
0.0087946482736305
-0.00396322858821691
-0.0190961736906497
-0.0350850119536373
0.00640066332427523
0.0157267676734102
0.0147014632528905
0.0161652987600499
-0.0293902408746599
0.012603321910067
0.00326958300529651
-0.0229377702772349
0.028563964672273
-9.14625480665449e-05
-0.0330522585595757
0.00926446485349541
0.0339565993993932
0.0241712029361202
0.0075457666886635
-0.0192783756488353
0.0214728954249263
0.0121730831701254
0.00175192406569991
0.0116725021757942
-0.00419579629744661
0.0045290027473451
0.0418592339118175
-0.00492040969586937
-0.0126931172903903
0.0260465155810395
0.00533634907797856
0.0187296552601801
-0.0257564449261856
-0.0189125908801525
-0.0046693006515546
-0.0402940582223827
0.0141672205818
0.0486656303406171
0.0303548961805629
0.0422246675025599
0.0219331513100006
0.00655290114852829
-0.00127079644557611
-0.00495813015935293
-0.00259696093980688
-0.0259069690186216
0.0377208772620087
0.00374436564939958
-0.00994697210643843
0.0530354653623849
0.0258702464498538
-0.0102207039117696
-0.0041933021329115
-0.036472963551157
-0.0111583429035194
-0.000806914487248976
0.0268398512646816
0.0372906479758607
0.0289189606506999
0.0191948973229701
0.021149634262881
0.0591682043303838
0.0292964074503075
-0.007396643033041
-0.0387641919352279
0.0151294076993924
0.00512064797766723
-0.00527273701739728
0.00645370862156119
-0.0326614087322582
0.00392635221708364
0.0153279049840074
0.0145908241418422
0.00567202094539109
0.0172189360982656
-0.00686150672637052
