# predict_model; Vecm
# name_prefix; us_data_stock_watson_2012;;;;;;;;;;;;;;;;;;;;;;;;;;;;;;;;;;;;;;;;;;;;;;;;;;;;;;;;;;;;;;;;;;;;;;;;;;;;;;;;;;;;;;;;;;;;;;;;;;;;;;;;;;
# description; Stock and Watson 2012: US indicators;;;;;;;;;;;;;;;;;;;;;;;;;;;;;;;;;;;;;;;;;;;;;;;;;;;;;;;;;;;;;;;;;;;;;;;;;;;;;;;;;;;;;;;;;;;;;;;;;;;;;;;;;;
# lag_parameter;4
# number_predictions;100
# horizon;1
# max_attributes;15
# predict;CES053
# prediction_type;rolling
# method; Part-GFS_granger_graph(n_components=4)
"V1"
0.0103006435567552
0.0141225429913493
0.0138226702897011
0.0109009313354336
0.0122842332271639
0.012349086112638
0.0154733289027065
0.0129859978385284
0.00773472313434111
0.00930307519077555
0.0104076725104111
0.00555063351794534
0.0158924394896497
0.00571261765732052
0.00838177574944301
0.00896670763167224
0.00812191293184031
0.00919025693880212
0.0047992950771673
0.0105769303323596
0.0108755705035904
0.00913426905533866
0.00253014572198094
0.00692195608072703
0.00856533817768977
0.00406478989085516
0.00170059711191282
-0.00389399165704726
-0.0107606001002423
-0.00387310249295099
-0.00191885097970281
0.00130185090095904
-0.00306348823533541
-0.00448224388950265
-0.0014994174664753
-0.000104014749400008
0.00533255129282914
0.00447621770197528
0.00573377409494556
0.0078696896258407
0.00808078202475538
0.0115801854252538
0.0130567569390191
0.00768674625620661
0.0138510283882258
0.012157764545072
0.00823429899860945
0.0105698300576367
0.00869496320575831
0.0059535446883864
8.00825579609693e-05
0.00575677877346081
0.0119387024723136
0.00492854347597067
0.012449721575494
0.00937166590103736
0.00566031371184447
0.00998474563576164
0.00755354051007214
0.0042673966975257
0.00285183732812727
0.00965183929689394
0.0035498948570808
0.00195522650745937
0.00989816909414763
0.00963440385060771
0.00480706744562667
0.00460596235659287
0.000945143101244988
-0.00324483176970654
-0.00729065234756332
-0.0052009190908513
-0.00630560213800467
-0.000922512210476348
-0.00119666372089789
-0.00293367830000602
-0.00248458775622829
-0.0102225752023614
-0.00338406551547612
0.00331728431528014
-3.30166253058146e-05
0.00830471500438689
0.00114641747422227
0.00511562175339818
0.0041444259201523
0.00231011215649065
0.00383222768722325
0.000348069003133234
-0.00195116306126064
0.00459075341753227
-0.00513925020259888
-0.00192984204966066
0.00633076200717475
0.00776605331736005
0.00463599084627886
0.00579402698725149
-0.00175035760237281
-0.00676331909012881
-0.00764671277322245
-0.00646699089184554
