# predict_model; Vecm
# name_prefix; us_data_stock_watson_2012;;;;;;;;;;;;;;;;;;;;;;;;;;;;;;;;;;;;;;;;;;;;;;;;;;;;;;;;;;;;;;;;;;;;;;;;;;;;;;;;;;;;;;;;;;;;;;;;;;;;;;;;;;
# description; Stock and Watson 2012: US indicators;;;;;;;;;;;;;;;;;;;;;;;;;;;;;;;;;;;;;;;;;;;;;;;;;;;;;;;;;;;;;;;;;;;;;;;;;;;;;;;;;;;;;;;;;;;;;;;;;;;;;;;;;;
# lag_parameter;4
# number_predictions;100
# horizon;1
# max_attributes;15
# predict;LHUR
# prediction_type;rolling
# method; Part-GFS_te(n_components=14)
"V1"
-0.130573191089639
-0.102561508756334
-0.0323847101511012
-0.0610990648480046
-0.0460311375367191
0.0342630729406793
0.0181307935831339
-0.0129932525997416
-0.0236139703433594
-0.0360628823893249
0.0164997765085679
0.0378567913789443
-0.042420135241458
-0.0334879870251223
-0.0187866888052324
-0.0594881270217061
-0.0209204337441303
-0.0563059755359825
-0.00327757009909504
-0.0121456745399353
-0.0374296791665285
0.0225919801383542
0.00377269830167671
-0.000221080086910767
0.0254419225742094
0.0344179260871492
0.0230113564432242
0.00939778304903412
0.0789030149332957
0.0414626528447483
0.0205828541789808
0.00697421725672262
0.0232343777732325
0.0193200313873641
0.0373772778340611
0.00736495285957124
-0.0141212143182689
-0.0652909644930824
0.00896537791288837
-0.0427848537407312
-0.0196718517482163
-0.0199385900281285
0.0235349326131746
-0.0463198847821523
-0.0554658262447271
-0.00193599904239917
0.0334988439346606
0.00560343147263946
-0.00127239256998315
0.00200241303515665
0.00674689981161801
-0.0581551796213009
-0.0301442682567811
0.00822235069559906
0.00374968221071678
-0.0387192200887368
-0.0144642228048599
0.0128436912053887
0.00708793878862964
-0.00746371786124871
-0.0077622458250091
-0.058390684584062
0.0206566530651244
-0.0332841367585896
-0.0449328462841342
-0.0305460387190034
0.0209192335362924
0.000985117690407588
-0.0135337571260852
0.0459704091592622
0.0469355304000226
0.0211743535396212
0.117530120112178
0.0232315270785904
-0.00338556457123762
-0.00743042470966966
0.0143220576221208
-0.00875515852286027
-0.00160059287449658
0.013682260957674
-0.0290196107940829
-0.0384526180023455
-0.0144026523150451
0.00261477531173876
-0.0151985275070473
-0.0190962009070441
-0.0196977770138431
-0.0263349639940662
0.0252487176789197
-0.0366498567640358
0.0312908353712551
0.00694519476849098
-0.0592290592476664
-0.00569221259540939
-0.00454592178705801
0.0159199898540258
0.0169230148224843
0.0141201527514147
0.0392230323538701
0.101722880657824
