# predict_model; Vecm
# max_attributes; 15
# description; Stock and Watson 2012: US indicators;;;;;;;;;;;;;;;;;;;;;;;;;;;;;;;;;;;;;;;;;;;;;;;;;;;;;;;;;;;;;;;;;;;;;;;;;;;;;;;;;;;;;;;;;;;;;;;;;;;;;;;;;;
# number_predictions; 100
# predict; EXRUS
# lag_parameter; 4
# horizon; 1
# name_prefix; us_data_stock_watson_2012;;;;;;;;;;;;;;;;;;;;;;;;;;;;;;;;;;;;;;;;;;;;;;;;;;;;;;;;;;;;;;;;;;;;;;;;;;;;;;;;;;;;;;;;;;;;;;;;;;;;;;;;;;
# method; Hits_granger__graph(n_components=7)
# prediction_type; rolling
"V1"
-0.00828685490906672
0.038408175215617
0.0424299193725933
0.0600243921696109
0.0437777080805063
0.036796062639552
0.0363761911836867
0.0040949876199314
-0.132548972685172
-0.155553467293234
-0.112760478269122
-0.0601765190695483
0.0481941748808706
-0.0806267727418914
-0.0847877563218316
0.0286383071973732
-0.0597494241373141
-0.0616639708509721
-0.0566984278062175
0.0762879575934218
-0.0270115973109501
0.019776554417258
0.0206437395337488
0.0214955234848625
0.000494145379277359
-0.00844446026070243
-0.0373709622865805
-0.0121160549498037
-0.0776019402718731
-0.0666255209384425
0.0600170193161124
0.00120552324845609
-0.0150422525972279
0.0137817285069962
0.00416580527289945
-0.0425760072042099
0.0359821078769582
0.019268028608094
-0.00732104836846282
0.042283373248164
0.000824614835787828
0.00104422796048185
0.00373902641196343
-0.0369855845838212
-0.0191795769572234
-0.0238738124915621
-0.028811700316876
0.0126738893942136
-0.0256842220564073
0.0555394954406181
0.0339123492886318
-0.00197195588465665
-0.00936888412929674
0.0461478922788539
0.0160350039041266
0.0169091772629411
0.0398203743897236
0.0207407697653906
-0.00999233664848758
0.0688356457605516
-0.0542483660404694
0.00468904699805095
0.0151103453043723
0.0113347947893854
-0.00673780450082207
0.0429467387283638
0.0420997248543279
0.0444799843156051
0.0321610258421005
0.0135047299317574
-0.0121706501705407
-0.119829457041287
-0.0178957558303983
0.0323812057585711
0.00657581815231978
-0.00316088895458479
-0.00517011054008252
-0.0716566806211265
-0.0544089989079585
-0.0417659318360735
-0.0922063168920478
-0.0209949480656576
-0.0111069721235164
-0.046346610756271
-0.00534699300051528
-0.0112434855338422
0.00418601194359207
0.0305160318246596
0.0559383774389228
-0.0761338750315597
0.0236984523825316
0.0168608989980646
0.00528139645033723
0.00551769319007229
-0.0637994498500306
-0.0291676038979452
-0.00269925100114485
-0.0168016462529188
0.0239973821781277
0.044575344308038
