# predict_model; Vecm
# name_prefix; us_data_stock_watson_2012;;;;;;;;;;;;;;;;;;;;;;;;;;;;;;;;;;;;;;;;;;;;;;;;;;;;;;;;;;;;;;;;;;;;;;;;;;;;;;;;;;;;;;;;;;;;;;;;;;;;;;;;;;
# description; Stock and Watson 2012: US indicators;;;;;;;;;;;;;;;;;;;;;;;;;;;;;;;;;;;;;;;;;;;;;;;;;;;;;;;;;;;;;;;;;;;;;;;;;;;;;;;;;;;;;;;;;;;;;;;;;;;;;;;;;;
# lag_parameter;4
# number_predictions;100
# horizon;1
# max_attributes;15
# predict;FYGT1
# prediction_type;rolling
# method; Part-GFS_te(n_components=4)
"V1"
-0.0622207936006067
-0.04880753401052
-0.0110153431281861
0.0232111212433096
0.00220151873458661
0.0571963863111835
-0.0952662078295567
-0.0514845315680091
-0.0268099032780079
-0.0524530122285255
-0.0434925609789529
-0.0296460981014281
-0.0571057226325869
0.0164797954036345
-0.000308959282308626
-0.0430253927590541
-0.014271428757794
0.068160198635452
0.0357851575783796
0.00512209227675582
0.0762237104505312
0.0439653785417852
-0.0185161871526419
-0.0153524555452762
-0.0130600641384673
-0.0127686791936642
0.0272684845717245
-0.044295931018265
-0.0855590301487106
0.00960716571677894
0.0199163206638866
-0.0125650191417471
-0.047684435899983
-0.0272558442840901
-0.0300039934243227
-0.0789709390475221
-0.0332196282590606
-0.00545979805614298
-0.0017977129762152
0.00574565383617602
0.000250681312176626
0.0180683119746326
0.0253822236169293
0.00481610052282882
0.0729127369305552
0.0282263017174301
0.0214609902504632
-0.0209767952175186
0.0127086135129594
-0.0226791693347016
-0.0275337785105945
0.00949217826668153
0.0130034586806498
-0.0200144920534139
0.00962028760056865
0.0250274081231502
-0.00098588045024548
0.00304465208769035
-0.00320005954019194
-0.0242318472864435
-0.0704294815598084
0.0433686124147864
-0.00351787250119466
-0.0232684520272889
0.0254189178297726
0.0742740796545336
-0.0248677056929317
-0.0128665894483019
-0.00106630621654565
-0.0338962818104792
-0.0332946091422943
-0.0753467393278343
-0.0785630271836708
0.02302650829883
0.0200199446958367
-0.00348378713402764
-0.0133377567707556
-0.0189818678745421
-0.00372848234000601
-0.023417570237246
0.00386766704523758
0.0140507928126863
0.0237256090331313
0.00347020725044535
0.0286775485346426
0.0276049447369618
0.0373894620031664
0.0306908078109979
-0.00111229349962523
0.0544956547600433
-0.00452358449644246
-0.020056331130932
0.00788091166529527
0.0246911300127414
0.0126827931676642
-0.0142796320955041
-0.044960453316098
-0.109658578271999
0.0246176344191976
-0.0200950240133043
