# predict_model; Vecm
# max_attributes; 15
# description; Stock and Watson 2012: US indicators;;;;;;;;;;;;;;;;;;;;;;;;;;;;;;;;;;;;;;;;;;;;;;;;;;;;;;;;;;;;;;;;;;;;;;;;;;;;;;;;;;;;;;;;;;;;;;;;;;;;;;;;;;
# number_predictions; 100
# predict; FM1
# lag_parameter; 4
# horizon; 1
# name_prefix; us_data_stock_watson_2012;;;;;;;;;;;;;;;;;;;;;;;;;;;;;;;;;;;;;;;;;;;;;;;;;;;;;;;;;;;;;;;;;;;;;;;;;;;;;;;;;;;;;;;;;;;;;;;;;;;;;;;;;;
# method; Hits_te_(n_components=8)
# prediction_type; rolling
"V1"
0.0100197790215844
0.00847231748964571
0.00524265098103055
0.00534198345584658
0.00741230785260742
0.00641772885665425
0.00747482962793518
0.0119711776918379
0.0134199119359491
0.0127881615854202
0.0126779417309141
0.0168899472646349
0.0195322961258346
0.0177071140245894
0.0131943808886638
0.000805848429596202
0.00415402694075836
0.00833804841801669
0.00566112462027921
0.0105193381670644
0.00472816779787336
-0.00143357414962353
-0.00431009096560129
0.00147191634176134
0.00685265024552946
0.00124434444494048
0.00769701768370419
0.00822790357441605
0.00340078047910435
0.00864932660851456
0.011390444441225
0.0118113642019819
0.0154458378818373
0.0250726135877335
0.0174184263947154
0.0212493742473843
0.025420792791317
0.0201272468209109
0.0194231993592131
0.0218760842376823
0.0182221762461521
0.0144724737513527
0.00225825759904764
0.00577795930722251
0.00047955906199427
0.000863896199945151
0.00034747301691002
-0.00474642754967141
-0.00478646870625707
-0.0110182278750415
-0.0092063411162859
-0.00928934611771239
-0.0110297456836955
-0.011250428401176
-0.0101525709245713
0.00181844101424262
0.000827073740480574
0.00628206073167216
0.00159556259813725
-0.00161430515032871
0.0105910020329093
0.00250709586535761
0.000390379425306773
-0.00139458053436617
0.00792707718584732
0.00143382507373894
-0.00224604728077098
-0.00108962810481539
-0.00258824213782588
0.0090362562330279
0.0160439813227638
0.0266894434400272
0.018265936282288
-0.000445125348026268
-0.00161318917248249
0.000462913735798073
0.014083088340672
0.0116392462560692
0.0228170665177721
0.017332380479593
0.00713720569033583
0.00814230048943524
0.0187301397200474
0.0145786075915902
0.0141061844059727
-3.76217561719371e-05
-0.00156856310721578
0.00961721499426208
-0.014642371172819
0.0088806360825549
0.00234561144937033
-0.00665040285900834
0.00437086757717684
0.00174708589910402
0.00304843627832061
-0.004496343512298
0.00138813716242548
0.00399983496725447
0.000522160994756389
0.0206155390629353
