# predict_model; Vecm
# max_attributes; 15
# description; Stock and Watson 2012: US indicators;;;;;;;;;;;;;;;;;;;;;;;;;;;;;;;;;;;;;;;;;;;;;;;;;;;;;;;;;;;;;;;;;;;;;;;;;;;;;;;;;;;;;;;;;;;;;;;;;;;;;;;;;;
# number_predictions; 100
# predict; LBMNU
# lag_parameter; 4
# horizon; 1
# name_prefix; us_data_stock_watson_2012;;;;;;;;;;;;;;;;;;;;;;;;;;;;;;;;;;;;;;;;;;;;;;;;;;;;;;;;;;;;;;;;;;;;;;;;;;;;;;;;;;;;;;;;;;;;;;;;;;;;;;;;;;
# method; Hits_te_(n_components=3)
# prediction_type; rolling
"V1"
0.0209087172247724
0.0165522542521333
0.0191515619778741
0.0102427268841433
0.00857937653335145
0.00897805147320817
0.00912861640294314
0.00801534401244478
0.0013649750510444
0.00441008168335233
0.00620274736877361
0.00997701764512026
0.0104361353407773
0.00492925295769272
0.012872374670735
0.0147551425431006
0.00615050316933106
0.00314662114792079
0.00151331557361768
0.00714495217166523
0.00498953070107351
0.0051688776517924
0.001106958973127
0.00112019407857764
0.010360282725207
0.00119529859787441
-0.0138774254361794
-0.00645631446516347
-0.0179090459358613
-0.00687854838317773
0.00152649833944958
-0.00135439567878548
-0.000678286444748808
0.00878653572118585
0.00239219624613353
0.00465397267820516
0.0145351292844211
0.0130232505385123
0.00692717068455463
0.0158987375590724
0.0185525110862998
0.0216850923534404
0.00114204842417416
0.0189597218298632
0.0238959786402191
0.00330374883989787
0.00504302523583815
0.0204105407292306
0.0189906800377997
0.00120553915900274
0.00445740504290988
0.0104758239111143
0.015601847036482
0.0169958458948925
0.00359077652131358
0.0146041074185252
0.0133229579190263
0.0130078209063679
0.00352351635895751
0.00333243564820978
0.012733831021448
0.0249489806466947
-0.00270091152068997
0.00938285959784893
0.0161220826857895
0.0146269586285678
-0.00429474554314285
-0.00275803040161795
-0.000358088339539312
-0.0080885042253219
-0.0196279838384981
-0.0165642121579773
-0.0230606901215264
-0.0111008150089103
-0.00859853687656267
-0.00648452934389692
-0.00164624298179242
-0.000716343576600017
-0.0114382124764813
0.00065812115759903
0.00523595632978588
0.00847646230736194
0.00508940330413359
0.00188947102723705
0.0122418598183358
0.0149348329435354
0.000519380460189224
0.00761244662726613
0.00911087166142365
0.0168561030032755
0.00358363631072804
0.0136388108656128
0.0137974415958065
0.00412949697990777
-0.00121882603402618
-0.00491690431452162
0.00152051708856897
-0.00348161122908367
-0.0104830492322639
-0.0153670156083102
