# predict_model; Vecm
# name_prefix; us_data_stock_watson_2012;;;;;;;;;;;;;;;;;;;;;;;;;;;;;;;;;;;;;;;;;;;;;;;;;;;;;;;;;;;;;;;;;;;;;;;;;;;;;;;;;;;;;;;;;;;;;;;;;;;;;;;;;;
# description; Stock and Watson 2012: US indicators;;;;;;;;;;;;;;;;;;;;;;;;;;;;;;;;;;;;;;;;;;;;;;;;;;;;;;;;;;;;;;;;;;;;;;;;;;;;;;;;;;;;;;;;;;;;;;;;;;;;;;;;;;
# lag_parameter;4
# number_predictions;100
# horizon;1
# max_attributes;15
# predict;IPS10
# prediction_type;rolling
# method; Part-GFS_granger_graph(n_components=9)
"V1"
0.029937027904223
0.0319149599818279
0.00204157088094143
-0.00124686702011054
0.0227206161206085
-0.00220942908954621
-0.00467212379385235
0.00255449261753388
0.0260241650251106
-0.0218193963180653
0.00253947612964563
-0.0020563582357208
0.00715303831196823
-0.024712763141753
-0.0261678930124993
0.0162072561146186
0.0321213385634178
-0.00720129843558506
-0.017236921341613
0.00180358523357115
0.00918691080470865
0.00507449413388873
-0.00403515213457861
-0.00328068537157782
-0.00715255360364209
0.0275166319455803
-0.00356253513067003
0.0142514365334859
-0.0107563887761389
-0.00814535683019699
-0.00686261313130254
0.00751292711336367
-0.00521071527852218
0.00638839492540943
0.00741952940993661
-0.00984473247507963
0.0101299122397658
0.0163939485693089
0.0175677853698565
0.00360992054567645
0.0104749322437974
0.0057065528703655
-0.000250639428798621
0.00574022827483816
0.017060717727999
0.0171341117765161
0.00729022476962118
0.0123970756428747
0.00550499313758975
0.0139444721508327
0.0088894240852203
0.0140791603881106
0.019247742348378
0.0146846918603671
0.00563735968482755
0.0217589503687555
-0.00347599841375609
0.0294115107307204
0.017362751280477
-0.00310102799013847
0.0271568856119835
0.00862472012986864
0.0107152049057255
0.0203302636001164
0.0105146909061405
0.0117600108091793
-0.0102803477693379
0.0020945589377664
0.00512541577911758
-0.00983684547249642
-0.00514588212008716
-0.0178816741377443
-0.0164437633466549
-0.000756838225772745
0.000576209975560485
0.00895608799844789
0.0138172432448297
0.0105274714515739
-0.00773527368185711
0.00928520385213739
0.00331302667204941
0.0105262018172198
0.00669791949172132
0.000171409107873417
0.0221208318822906
0.0187927392089177
0.00371008884659718
-0.000751768164934824
0.00703787872862724
0.0126645243722016
0.00313398167116165
0.00700864191212121
0.00614560892952594
-0.00261437910228381
0.0131489563456652
0.00641281636091471
-0.000784815400064881
-0.0129425383093956
-0.0096032592740435
-0.0429672423171158
