# predict_model; Vecm
# max_attributes; 15
# description; Stock and Watson 2012: US indicators;;;;;;;;;;;;;;;;;;;;;;;;;;;;;;;;;;;;;;;;;;;;;;;;;;;;;;;;;;;;;;;;;;;;;;;;;;;;;;;;;;;;;;;;;;;;;;;;;;;;;;;;;;
# number_predictions; 100
# predict; GDP257
# lag_parameter; 4
# horizon; 1
# name_prefix; us_data_stock_watson_2012;;;;;;;;;;;;;;;;;;;;;;;;;;;;;;;;;;;;;;;;;;;;;;;;;;;;;;;;;;;;;;;;;;;;;;;;;;;;;;;;;;;;;;;;;;;;;;;;;;;;;;;;;;
# method; Hits_te_(n_components=5)
# prediction_type; rolling
"V1"
0.0220735936783866
0.0228697795001214
0.0122781452964134
0.00820696988207337
0.0143372409312519
0.0144830714687992
0.00351792560303368
0.00410140856132055
-0.00596681490992743
0.00370246276546623
-0.000905952719182035
-0.00688981302850117
0.00057027554704197
-0.00517913693906179
-0.00734619926647994
0.0123622304837136
0.00398236751243497
0.00229361572292037
0.00837078550125081
0.00831639243322651
0.00180791459193464
0.0027967093277566
-0.00155615494793947
0.0106039517311065
0.0097246386319895
-0.0013769379187912
-0.0115050006221157
-0.0139558900990685
-0.013300642607291
-0.0153933888532019
0.00225388584001755
-0.00226418397129696
-0.00177031747952163
0.00417323439494636
0.00705395970456522
0.0120836434638984
0.0172303420056355
0.00489037790165153
0.00996275474556297
0.0163750400343218
0.0186314212892449
0.0158240349380763
0.00767975220459241
0.00816146902505053
0.0114688490949222
0.0142139094445413
0.00673406951531742
0.0103804572037474
0.0131140228797562
0.0135887967828589
0.0212268846329889
0.0199588862818578
0.0136808201924655
0.0174308158508858
0.0173538938608429
0.0244205077696782
0.0202559567537777
0.0210503657536666
0.0218744283555067
0.0206834629582154
0.0157919139209676
0.0197759648672596
0.0102206633566861
0.0268670833656409
0.00999440013986509
0.013226314958602
0.0243252662535479
0.0126907986466654
0.00280402025441085
0.00424122101252841
-0.0146171046727455
-0.020609292407352
-0.0156177945802146
-0.0257608315299053
-0.0178632333462636
-0.00334545321162462
0.000642143381218772
-0.00907068205869498
0.0152443819295373
0.028693908243748
0.027504662648372
0.00362670125770243
0.0189865580117275
0.0181706153100334
0.0241218324794133
0.0164058976947232
0.019247452748013
0.0163824972148028
0.0104069539493995
0.017044036606829
-0.000737276263691304
-0.00586222192246574
-0.0168076948824385
-0.0114642937219148
-0.00700565752661264
-0.00156640528475582
-0.0116533583507184
-0.0192259976267378
-0.00976745622149055
-0.0116880797295637
