# predict_model; Vecm
# max_attributes; 15
# description; Stock and Watson 2012: US indicators;;;;;;;;;;;;;;;;;;;;;;;;;;;;;;;;;;;;;;;;;;;;;;;;;;;;;;;;;;;;;;;;;;;;;;;;;;;;;;;;;;;;;;;;;;;;;;;;;;;;;;;;;;
# number_predictions; 100
# predict; IPS11
# lag_parameter; 4
# horizon; 1
# name_prefix; us_data_stock_watson_2012;;;;;;;;;;;;;;;;;;;;;;;;;;;;;;;;;;;;;;;;;;;;;;;;;;;;;;;;;;;;;;;;;;;;;;;;;;;;;;;;;;;;;;;;;;;;;;;;;;;;;;;;;;
# method; Hits_te_(n_components=14)
# prediction_type; rolling
"V1"
0.0223911118270577
0.018021489606413
0.00814665374806323
0.0122284399933123
0.00751868355859174
0.00745710124488904
0.00272631465532548
0.00788072336110621
-0.00146976682571641
0.0130652032372786
-0.00877199230595384
0.00516708922388205
0.0106807288373155
0.00692460018181937
0.0141848548930936
0.0110058492441375
0.0111240450492385
0.0153483496031286
0.00396671604985702
0.00477877689516463
0.00477745788962863
0.00576267653912848
-0.0013318648346117
-0.00846267666143743
0.00739266982148612
0.000946237662906858
0.00154274315991458
0.010068953944047
-0.015462736949005
-0.00447954769168206
-0.00133300410571747
0.00659908110484095
0.0036450930612592
0.00436164711634451
0.00373588776682379
0.0031689408003339
0.0192958111062359
0.0061211006672873
0.000490129042562571
0.0094177667334747
0.00436976955385704
0.0121182068615976
0.00319642310530532
0.0103292091335215
0.0199590737486297
0.00615168570396762
0.0015088610111659
0.0172226987934023
0.0087865287625105
-0.00444263755409337
0.0155433201194719
0.0157613485373959
0.0133754961287848
0.0155463966861204
0.0137788618812937
0.0245111792853097
0.0248699220883335
0.0184841280758549
0.00965726658680851
0.00805526509407813
0.0121493855737091
0.0190226505614628
-0.00328351334073393
0.00408056406766775
0.0196534795428488
0.0134546443770809
0.00494902166262989
0.00950867285995924
0.001138827929769
-0.00411433229998398
-0.0163550353625049
-0.00883303173242655
-0.0204671729132568
0.00526185226662268
0.00440006252974132
-8.13041072337764e-05
0.00401137113470672
0.00391392223840709
0.00739143206037924
-0.00201407319573632
0.00658161726239367
0.00379186417786147
0.00183881603168401
0.00269523453625745
0.0130008106516714
0.0199124436727967
0.00634904551846334
0.00750889741579658
0.0127373478253916
0.0140735847962359
-0.00750537503036302
0.0116932497290868
0.00595734810576875
0.0037211351903098
0.00294870833876609
0.000927387257025112
-0.00287775260916395
-0.00159915217393037
-0.00669945344205136
-0.0100830568540119
