# predict_model; Vecm
# name_prefix; us_data_stock_watson_2012;;;;;;;;;;;;;;;;;;;;;;;;;;;;;;;;;;;;;;;;;;;;;;;;;;;;;;;;;;;;;;;;;;;;;;;;;;;;;;;;;;;;;;;;;;;;;;;;;;;;;;;;;;
# description; Stock and Watson 2012: US indicators;;;;;;;;;;;;;;;;;;;;;;;;;;;;;;;;;;;;;;;;;;;;;;;;;;;;;;;;;;;;;;;;;;;;;;;;;;;;;;;;;;;;;;;;;;;;;;;;;;;;;;;;;;
# lag_parameter;4
# number_predictions;100
# horizon;1
# max_attributes;15
# predict;EXRUK
# prediction_type;rolling
# method; FCBF(n_components=1)
"V1"
0.00945944298553854
-0.000762154098235923
-0.00382670725016194
-0.0211622615116977
-0.0213877524639264
-0.035026972156826
0.0172394783145975
0.0171071163052771
0.0142039307085476
0.000872443980812444
0.0119604612695367
-0.010721926543764
-0.019788622727465
0.0222609152158985
0.0157044404905869
-0.00421292055760776
0.0574635324828517
0.0182103069802346
0.0377409329685399
-0.0293789102497891
0.0225607785572493
-0.00665225304604916
-0.0164490415123691
-0.00607845372322602
-0.0173622618234367
0.00744340787643941
0.00485334518295313
0.0532850927739852
0.0472403165920722
0.0147252346365637
-0.0528017459594349
0.00357696243063602
0.0176034232905061
-0.00647184683696851
0.0106383739610365
0.0174090263800341
-0.0620840208096692
-0.00112057823871184
-0.00741721081532716
-0.00903302408710715
-0.00688339830901614
-0.00154757670011433
-0.00866934210401268
0.00732025517312556
-0.00615927686860064
0.00832613734162115
0.00270543878866372
-0.00458686800472707
0.00698008317005566
-0.00333194134859095
-0.0102254388502224
0.010002336628667
-0.000681901552534035
0.00403545049681734
-0.00849856853989486
0.0038790560820361
0.00457048561502227
-0.012159936075529
0.0127164481454614
-0.00624753765752433
0.0040963004220958
0.0152187110431411
-0.0097992781963232
-0.00662045940186344
-0.00227825439973868
0.00823386226810584
-0.024045344196409
0.00294773018429849
-0.0200526710945374
-0.0049323717823832
-0.0233825602668644
-0.00477379991362754
-0.0120279883034355
-0.00325158523282707
0.00470470130572238
0.0135784537092765
0.0101784651184712
0.0128873233152776
0.00669460259173811
0.00281979105502563
0.0215068738173373
0.0145624951367475
-0.00182237822761684
0.0236617721658234
0.0185542241390816
0.0102501402981981
0.00616833365842097
0.00306336859860285
0.0085416299561693
-0.0177265992604536
0.0345596519134281
-0.00586285056402067
0.013765257783202
0.0311148928605258
0.0110603108262108
0.0384673063907394
-0.00553184952089633
-0.0320876518133046
0.0323437651104846
0.00189602949186489
