# predict_model; Vecm
# max_attributes; 15
# description; Stock and Watson 2012: US indicators;;;;;;;;;;;;;;;;;;;;;;;;;;;;;;;;;;;;;;;;;;;;;;;;;;;;;;;;;;;;;;;;;;;;;;;;;;;;;;;;;;;;;;;;;;;;;;;;;;;;;;;;;;
# number_predictions; 100
# predict; GDP266
# lag_parameter; 4
# horizon; 1
# name_prefix; us_data_stock_watson_2012;;;;;;;;;;;;;;;;;;;;;;;;;;;;;;;;;;;;;;;;;;;;;;;;;;;;;;;;;;;;;;;;;;;;;;;;;;;;;;;;;;;;;;;;;;;;;;;;;;;;;;;;;;
# method; Hits_te_(n_components=2)
# prediction_type; rolling
"V1"
0.00715147587774221
0.00757043342647985
0.00215057536527873
-0.00758659750932979
0.0159000802386942
0.0234990169953463
0.0182481359594977
0.0404596695098059
0.0273261702904731
0.0254039909350894
0.0180693944680977
0.026765545281796
0.0227822769066311
0.0200169915784008
0.0243524888241692
0.00539468729001729
0.00611748111096855
0.00711763116635727
0.00142150239814924
-0.0156373176307707
-0.00914072603308854
-0.00676992944424362
0.00377185329507707
0.0103827914927575
0.0268926606236887
0.0174744743436736
0.00677221501610342
0.0114443681267747
0.000996278594085792
-0.00355917543746175
0.0129315750248794
0.0207045984534312
-0.0031438842318783
-0.0111973650166723
-0.0164630938609396
-0.0134238551427973
-0.0210838458893515
0.00945397060938343
-0.00519552088853329
-0.0279419166734337
-0.00863582483223082
-0.0424006897682405
-0.0175218405904482
-0.0192550582892217
-0.0262587247315822
-0.011664841626212
-0.0177506718414218
-0.00494989451797519
-0.0140941212835687
0.00373808600569764
-0.00976979965104844
-0.00443393536025051
0.00352253505691978
-0.00508766813029704
-0.00842830790826519
-0.015881529673746
-0.000128567097373186
-0.00515793301978595
0.00707449879680134
-0.0175358027121119
0.00341548255469896
0.00347789023727695
0.00668972262101432
-0.00711290158431724
-0.00360637198993377
-0.0037068130016343
0.00409839167116225
0.00427019705662132
0.0043447406703534
-0.00144640780803589
0.00557808715489367
0.00733506357428837
0.0317222880087507
0.0287784444974522
0.0236976565133747
0.0154629867490941
0.011610107177485
0.0277347575083767
0.0311721839923326
0.027216024683739
0.047158234216333
0.0349101822965695
0.0246000935794855
-0.00693731467006511
0.0231481257996953
0.0175672032726387
0.00520602736624893
0.0117410986965341
0.0142288657819752
0.00917435927586379
0.00572395396253911
0.0170721299411576
-0.00253636114314133
0.0206388190494995
0.0125052443993656
-0.00748608531166967
0.000932553801348859
0.0181711260871539
0.0200973887727894
0.00415132991840635
