# predict_model; Vecm
# max_attributes; 15
# description; Stock and Watson 2012: US indicators;;;;;;;;;;;;;;;;;;;;;;;;;;;;;;;;;;;;;;;;;;;;;;;;;;;;;;;;;;;;;;;;;;;;;;;;;;;;;;;;;;;;;;;;;;;;;;;;;;;;;;;;;;
# number_predictions; 100
# predict; CPIAUCSL
# lag_parameter; 4
# horizon; 1
# name_prefix; us_data_stock_watson_2012;;;;;;;;;;;;;;;;;;;;;;;;;;;;;;;;;;;;;;;;;;;;;;;;;;;;;;;;;;;;;;;;;;;;;;;;;;;;;;;;;;;;;;;;;;;;;;;;;;;;;;;;;;
# method; Hits_te_(n_components=4)
# prediction_type; rolling
"V1"
0.00839643295853094
0.00869673813592783
0.00476152339121487
0.00560245908704019
0.00507461104076039
0.00355367612199656
0.00452623741792326
0.00369329449959844
0.00470158122481622
0.00204768982303285
-0.000839457098238738
0.00206810881340484
-0.00136548791547364
0.0071873237375604
0.00818470180538356
0.00741655594369747
0.00811410139159413
0.00466701341414751
0.00564667537083738
0.00742146668718604
0.00697030288539818
0.00667325185993617
0.00944519845104088
0.00577738016176178
0.00770978640121565
0.00969923365401324
0.0065062259591878
0.0105565626556535
0.00695550380842155
0.0112367399846392
0.00666694537276599
0.00301215713754689
0.00505462881581048
0.00463557076091556
0.00732267551636967
0.00481555256811324
0.00545620207289408
0.00739012306246626
0.00664780460743951
0.00276180359467294
0.00684350444033543
0.00425140218403303
0.00531736175251239
0.00616102260871139
0.0045255487422846
0.00574506493099015
0.00394041402863881
0.00445496829609151
0.005199909488583
0.00406090995632052
0.00730424546731487
0.00729585123912796
0.00538595631800717
0.00468653143301273
0.00442769195186689
0.00289830508461306
0.00379882543905154
0.00340823382875576
0.00197042210565837
0.00264525221936298
0.00467815474993465
0.0043044292589393
0.00455914826005864
0.00521674689254898
0.00727826955464099
0.0075851718042486
0.00587386827509511
0.00819477804421332
0.00674200680074156
0.0108503747868896
0.0042756498869983
0.00517347985298028
-0.000282310184014052
0.0015260597638271
0.00501431519608215
0.00634364355701862
0.00745413007227599
0.00753478859274778
0.00203451442479298
0.0108463189070239
0.00271943719913425
0.00852467931679382
0.00805732376047471
0.00924064467784934
0.0096808727590109
0.00742125036337556
0.00912967000337606
0.0091982553667682
0.00958970522772698
0.0101420580581502
0.0102943958374687
0.00807701630918134
0.00693490789529949
0.0106633645491272
0.00369750708645933
0.00768200221862409
0.0103149371654685
0.00810280391525324
0.0149480619808346
0.0131749451653306
