# predict_model; Vecm
# name_prefix; us_data_stock_watson_2012;;;;;;;;;;;;;;;;;;;;;;;;;;;;;;;;;;;;;;;;;;;;;;;;;;;;;;;;;;;;;;;;;;;;;;;;;;;;;;;;;;;;;;;;;;;;;;;;;;;;;;;;;;
# description; Stock and Watson 2012: US indicators;;;;;;;;;;;;;;;;;;;;;;;;;;;;;;;;;;;;;;;;;;;;;;;;;;;;;;;;;;;;;;;;;;;;;;;;;;;;;;;;;;;;;;;;;;;;;;;;;;;;;;;;;;
# lag_parameter;4
# number_predictions;100
# horizon;1
# max_attributes;15
# predict;HSBR
# prediction_type;rolling
# method; Part-GFS_te(n_components=1)
"V1"
-0.0199923410345422
0.0677138580627197
0.066910399208501
-0.0477428601362016
-0.0195005365966335
0.127795242958498
0.0301035336764667
0.0225083699308271
0.0101159048857678
0.0192833274989149
0.000697316184624646
-0.0127950497969516
-0.0350896249489387
-0.0189180606800087
-0.0714737716218576
-0.0847504232679969
-0.0685256206335108
-0.0485850023452684
-0.0267766337909705
0.0134679122503644
0.018944114682927
-0.00850590841634779
0.0137083335210137
0.017138445208186
0.0398826082389641
0.0194375601041748
-0.0712129889648289
-0.0884307900917284
-0.0571653252095168
-0.0223364224296449
-0.0772784918387416
-0.00995822110288903
-0.026251142164202
-0.0168924353950116
-0.00823663719152559
0.00300969381657124
0.0314247826757689
0.018583938910312
0.00687155454712268
0.0410981084997253
0.0639900445163507
0.0316850481762169
0.022578578327803
0.00706712215744941
0.0267677306767028
-0.0140291121177932
0.0396034665302732
0.0490262131796305
0.0836673225572252
0.0360746211083884
0.0126362445820826
0.00362761658668703
-0.0277105267645539
-0.0332400179338747
-0.0280819662760184
-0.00119893385572956
-0.0046997774321873
0.0520424405817118
0.025614181368168
0.0345938362518297
0.0610373486875387
0.0303649620135629
-0.0256488081846792
-0.0137820840367775
-0.00920414589857926
0.00350775743855302
-0.00879422691590736
-0.0100289736096922
0.0378022191861353
0.0899818798934356
-0.00279005350460775
-0.0196545391222569
0.0441954233304399
-0.0257209379021542
-0.0366490142148426
0.0194157728891847
0.00269997909467072
0.00643787399449146
0.0387960736655122
0.0145717279531859
-0.014062525384859
0.0022885627583198
0.010205986440525
0.0104281295981584
0.037503144530978
0.0183169674462308
0.0408573114230448
0.0295589735857714
0.00971875475808029
0.0182898560274595
-0.066671743297803
-0.0410618274696198
-0.0868662126958609
-0.0400808836414063
-0.0880081546416628
-0.0671051601786299
-0.0875541477110478
-0.0855412187682511
-0.034542560045836
-0.0724708536943694
