# max_attributes; 15
# description; Austrailan macroeconomic dataset
# number_predictions; 75
# predict; Cons-Com
# lag_parameter; 4
# horizon; 1
# name_prefix; aus_macrodata
# predict_model; lstm
# method; Hits_te_(n_components=11)
# prediction_type; rolling
0
25.098481204593003
-1.714787989513363
21.98789151307158
7.626465797397646
12.452771416366033
3.639665983522372
13.563219823271737
12.528813046882984
8.854464613164744
6.798512136133354
8.079377678008917
7.242770942740329
12.781986708766311
21.400095333295344
15.919544433026871
19.299072976055896
10.409140301342227
12.705970298517517
4.368917603331605
13.248861790842117
14.771520348595644
14.165003163767256
10.639190760366787
11.234550498562989
6.741685827924407
1.2952112929748267
7.246035706453114
4.0536289430070305
7.702502383860967
6.89445634126556
7.200811982609302
2.313385043765013
5.690531532466707
5.724481796444817
2.112104605639331
9.870509773322567
8.133446149895015
9.393847966188854
8.852628577642992
6.6101104279415
5.932871828163655
6.212802933547019
4.214712056732379
4.999420524189691
4.807382053329752
1.1855396958853461
3.1577129641295425
6.04402889904752
2.161280345503176
6.819883791368692
8.742112101570289
1.3651546626516726
8.951974996949431
5.088451853820356
1.2466307514394614
-2.0966896831047936
-1.7128277441709434
0.6250602190555004
-1.4332673767294715
3.6491147569869913
5.239035769912389
10.323812568090258
5.651615397688696
6.013429147693927
2.6895642585118615
-0.0902111756081947
-1.1429095819837407
1.4542641751136216
4.815446234072612
4.476652283826709
3.4797051717299627
2.744501568635929
0.9855820608244432
1.9659405415416256
2.3073624437293763
