# max_attributes; 15
# description; Austrailan macroeconomic dataset
# number_predictions; 75
# predict; COMMP
# lag_parameter; 4
# horizon; 1
# name_prefix; aus_macrodata
# predict_model; lstm
# method; Hits_granger__graph(n_components=13)
# prediction_type; rolling
0
0.881231737132552
1.5171456206576437
-1.0671287006593246
-2.7861070626314444
4.931107108461802
-2.147533410934102
3.121570518935698
6.175569071084681
-3.1184863680176136
-5.785408399479749
-7.498539857280136
-16.290925186188574
-3.7978393101833063
8.404959238213308
-3.4124939317120067
19.80498930834868
24.267415359324772
6.53283784501366
-16.2926735251811
-9.758471500317583
-7.730925636811648
-7.754439363196411
0.1826298692720627
9.877977831361108
5.05063617296085
9.798780941129053
-2.3134593797135636
-6.4003880731664395
3.7204884029270886
-2.4381016192333647
3.300623360806597
21.119396295190697
8.301858827985043
-19.273815065543076
5.454187205990408
17.9459833237225
-7.298426695873005
-0.10187360901376508
7.709705009604093
-3.0220697717739
-1.3721192725821965
8.929632903741648
1.618446101562455
-15.293122327987021
-12.586183396502449
2.837674660103005
0.14457913408385537
3.0481288167315057
-1.645387523243926
15.86260525763548
4.768918572545076
-53.166117361638264
-43.66676679900017
14.783610683072695
36.62109842890608
41.40880724863639
12.84607275025752
2.676999440560124
-10.047388818027187
8.835566533684613
3.3300298494350216
-4.827582315487703
-7.991835137086838
-31.425739815386592
12.441466981573456
-11.81885174332912
-29.288323743782968
27.064528457010894
-1.2207876351961175
-24.835590942762167
-13.312105210718315
41.18759937413908
12.187115185585
0.033442096748956374
10.657645305884998
