# max_attributes; 15
# description; Austrailan macroeconomic dataset
# number_predictions; 75
# predict; Cons-Food
# lag_parameter; 4
# horizon; 1
# name_prefix; aus_macrodata
# predict_model; lstm
# method; dm_KernelPCA_fit_inverse_transform_True_kernel_rbf(alpha=1.0, coef0=1, copy_X=True, degree=3, eigen_solver='auto', fit_inverse_transform=True, gamma=None, kernel='rbf', kernel_params=None, max_iter=None, n_components=1, n_jobs=1, random_state=None, remove_zero_eig=False, tol=0)
# prediction_type; rolling
0
6.82746923773085
2.145937247794822
3.958400787558797
1.8045726221052414
1.3534923804776708
1.2500176409363952
-0.5061119862160597
2.0343958461543306
0.19815105581578774
2.4925539458753905
2.242068195327249
0.8956168661510153
1.416445256010137
1.0836776910023387
0.18098974766093345
1.2764038684829577
2.3302740183323554
0.8327678174878974
2.0004963733121537
1.772127215183323
2.489028240062006
0.657437538116934
5.637289100908819
-0.9239357959422749
4.3212570854540635
2.292745012807446
3.1178008223382117
3.8127277718682473
3.8670262860410363
2.3441711468447304
2.8059969797004536
2.683362754518755
2.303988679158838
3.1970677395917013
3.300916157912753
3.3142050176905515
3.4786187832984465
2.5106457778593088
3.3789136447636468
2.9510911116194487
2.8062722188541036
3.1664202026574104
2.514865458549422
2.220153869403413
2.591907934102065
2.7814174376304264
2.6144868499396052
2.9334875597710974
3.5641633081524295
2.1654821662002304
3.320856793820206
2.60317168017819
2.7952362062414062
2.8944937138394886
3.0553293704499405
2.354664517140268
2.8027646337679153
1.7638739585689107
2.635092075760764
2.5133149120005713
2.2934708213941155
2.7755521990110212
1.9784174915953896
2.7055670120777515
2.284199375810954
3.028349076900928
2.813798687383078
2.665879191269414
3.2902425598440077
3.329045403515967
3.503503928983913
3.689471564969227
2.9971530206568735
3.2167772137900394
2.618634537470311
