# max_attributes; 15
# description; Austrailan macroeconomic dataset
# number_predictions; 75
# predict; BM
# lag_parameter; 4
# horizon; 1
# name_prefix; aus_macrodata
# predict_model; lstm
# method; Hits_granger__graph(n_components=6)
# prediction_type; rolling
0
2.9134915731162394
3.330330763541884
-0.7651924379751414
-0.31494830667517704
-0.6715621753072583
-1.9736419160785417
-1.1611700498401056
-0.5591296920704814
-0.7650103527728795
-2.0575280558450437
-0.9656233655112132
0.22070404280738742
2.3911122090465184
2.932702844245142
-0.9986282318566175
-0.6173700287013482
-1.9959665877081108
-2.25067429300044
0.4323857841790648
-0.18301347244391053
-0.05490242746016705
0.07685673301962126
0.20077468919068764
1.9404462042849744
2.871950501197137
-3.2336958792514636
-5.6417893489516455
-2.2799335897978814
2.9256605067040944
5.091684522897189
3.647058996847271
3.0256945264149486
0.21492604336092924
-1.962556517673164
-1.4871282076940062
-0.8544449620477721
-0.243405491957855
0.9216384643384856
1.2544389224689745
-0.43671073309269204
-0.8001412561982271
0.5887585042182764
-0.8574814251390315
0.773750658266696
1.2228791971302613
3.113787860185848
2.300264516018853
1.9943459887351338
1.7558861820193883
-1.3643950876278055
-2.703056001991758
-7.260499868976403
-6.19162254527806
-2.4413867434382617
0.7361321119371951
2.8463329084449533
1.4570484609814187
0.33242741958746436
0.16810578286636257
1.0985329560468315
1.9407129206375835
1.999572603414176
0.07034911047395553
-0.8886949321354116
-1.162079193561265
-2.427577760739883
-1.353732844974168
-0.8947755520588707
-0.5751685773515085
-0.4452584792778005
-1.2091712995690713
-0.011298150678804575
-0.8488798227673406
0.33477144599406117
1.2107692488896156
