# max_attributes; 15
# description; Austrailan macroeconomic dataset
# number_predictions; 75
# predict; IP-PCCR
# lag_parameter; 4
# horizon; 1
# name_prefix; aus_macrodata
# predict_model; lstm
# method; FCBF(n_components=3)
# prediction_type; rolling
0
7.483324917809071
23.664124524524482
5.060464243671561
-8.942740700258568
2.6751551454113525
3.0504001146887134
7.988278055515877
9.714309193253726
0.7750189568132413
-0.38503694523840437
-2.50647742353636
-4.308027343417521
-2.132624186318182
9.152011656764628
0.9434311308341563
3.5072723733374573
20.71484907079021
-0.7587642338539382
-17.980025246983587
3.7763237782983694
1.4083326129012477
-4.001487336880622
-2.5072520074426023
4.172029098074695
-6.2114507905445535
17.784106953934483
21.11318041893159
-1.1216599426423812
-8.306262585529218
-1.3432287244077799
-7.854588855454459
1.0385601104086248
13.240448139372475
8.397000163375125
2.46769890457184
-3.145087218365404
-7.035035000641756
-11.663853962879223
-8.440911087897248
7.063494143196934
-10.83322607717934
-17.703779028096832
-3.9584821865089808
-2.0154416064213407
1.7382549775183733
17.639851721900044
1.2086348059843957
-6.124495875281461
4.134899450016242
3.5967399632232286
-10.172562682027923
-5.289103983686701
-9.237545445744423
-14.178817701412761
-2.1909257944805276
-4.3461456880067075
-12.525622640582
-0.46706727013824434
-3.5829853200263457
6.463040477537874
0.8414190601253821
4.609543056497586
-5.040254734589347
12.697194031602663
11.17330410367289
7.353786779993186
0.9344446980357475
-11.958139170379184
-4.296780133201715
-4.619378586575287
-5.497797669547154
-8.980408778593315
-13.62344418935384
-15.742224003421015
-11.66933902452422
