# max_attributes; 15
# description; Austrailan macroeconomic dataset
# number_predictions; 75
# predict; HStartsACT
# lag_parameter; 4
# horizon; 1
# name_prefix; aus_macrodata
# predict_model; lstm
# method; Hits_granger__graph(n_components=11)
# prediction_type; rolling
0
1.9253785013666231
3.97892642375308
47.692552143236114
-11.329049689190882
-7.539535586214242
-30.332425694755088
3.3201167192283805
-1.9038665734315003
-17.641107033742557
-27.053714984843538
-5.705270295068075
7.641102915522339
16.212801727252682
10.367805848252118
20.526379933951276
51.535047696661294
28.3104068575052
11.985336283585127
-6.2462888722147625
-28.74847166530212
-40.005423456929684
-30.878590982905166
-26.148656134467288
-4.3573231496089875
7.327624217687017
19.15769246403117
18.33230531390936
23.774384322349505
18.967673438098487
3.702395585626064
2.239205088216096
-0.37352326426145055
-17.160017455297492
-19.297503834376585
-28.344091614476312
-39.919003733003805
-40.48905569478696
-17.907620714668127
11.022052067473595
20.538965330639513
22.223536025404485
15.890697428272489
3.5389286770965924
5.892929923347552
20.63581149295996
22.51535351609428
28.62662773933438
25.605313971771793
3.818078914859541
-3.4423443463146697
-14.71487951937003
-25.8168467551954
-10.579614896481075
-29.360055436156443
-29.350130367223443
7.432400203124018
29.99917268449957
27.237496673818256
20.76594244831034
-17.094895701458242
-32.10979066802867
-28.016508063523332
-24.08986429679406
-3.2352378305694884
1.9231274548045008
0.9513097258165573
0.6154433467179388
3.2266061986318135
-5.818518401202539
4.829750400026896
4.3929245826170416
12.938807983091763
9.764423049304796
6.943237553144797
10.938640560317097
