# max_attributes; 15
# description; Austrailan macroeconomic dataset
# number_predictions; 75
# predict; HStartsQLD
# lag_parameter; 4
# horizon; 1
# name_prefix; aus_macrodata
# predict_model; lstm
# method; FCBF(n_components=7)
# prediction_type; rolling
0
3.0870383534538632
-16.711399815325755
-18.8540871623033
-5.559530550889264
4.051944917564143
9.260939175339047
25.306777702865645
13.540086269459522
0.15186085581748898
0.8518396222481073
-7.925180655606894
-11.089587379332883
-3.713673414891133
-10.187712590247614
14.169445263008399
29.799632529451884
17.68061960193539
24.604294076584765
-20.32596872265796
-9.056979985326407
-34.1234018613545
-14.753838886177775
6.029764980432063
35.18673096002787
60.90476621375721
37.88279799133775
35.869339819014115
19.07937652955806
-1.7191830778473616
4.075948384887823
2.495658217703564
3.618837374559078
23.044232812053266
9.829024114481967
5.740928727354074
0.6447395373183582
-14.92218706173449
-7.750622155111088
-2.96195633638105
-13.985555182864957
4.6724678020550385
17.921474832709308
1.9321511258731903
18.19509190283503
18.483383996704177
4.823830436592672
9.042878169202481
17.66414798905801
-11.360613215130755
-15.129209409634406
-20.066352955350396
-34.36077188195745
-40.40080953846576
-35.882120105630825
-25.39508815141538
-4.710633547636945
-2.383342348419305
8.6407272389675
-8.06493024163187
-14.535622405981542
-35.29077451967155
-24.364273542176164
-28.845951511361605
-27.67165593866531
-11.569047785739343
-22.010759051560647
-10.672394333824712
11.483121272771228
7.529882357512562
7.82429840184318
15.023542009811933
9.367283432154125
12.507116617004314
13.086188389697327
8.733553890038948
