# max_attributes; 15
# description; Austrailan macroeconomic dataset
# number_predictions; 75
# predict; Gov-NatLoc
# lag_parameter; 4
# horizon; 1
# name_prefix; aus_macrodata
# predict_model; lstm
# method; Hits_te_(n_components=8)
# prediction_type; rolling
0
14.096381784403908
0.37926360518337887
10.448744617609774
4.029686382865618
0.23799712145666874
-2.220471684474753
-3.765831691357536
0.44003788770714536
8.257818530859923
8.519454120814354
2.739184427876129
1.0129741947131112
10.727921536747163
6.195905114812701
2.00882479137311
4.787920285409216
0.2897911755062843
4.193717405327563
2.046761149975289
1.7608812127855895
4.289541058091475
-7.2513201278922255
0.47940336607239864
-0.834000062896961
2.6867715173065605
0.8220599845004894
-1.276039137352857
2.9732854419824726
2.7057449924458403
5.094788385895457
3.3299533351655164
2.2119776836435534
4.569834642538703
9.30222137204875
5.674319524544991
2.0124562232750414
0.11482122098808212
2.8948972016377112
-0.5928586101907474
1.1169768912878109
3.303747258154889
5.284341565693165
9.153960599169258
5.063662475206025
2.7300074968406225
-5.175568686653704
-4.531162773624471
-3.365246925158817
5.237847132575432
2.5994930777368808
6.755436142262349
3.430582582812985
0.5312768576948681
0.3390916463165716
2.300493836253139
1.404652874172342
-1.2479235324004625
5.428477637170715
6.442925704458482
3.0653475365346328
3.041470115231119
1.1236458646660452
0.9716757354083914
1.3614191642832179
1.8733746510759932
5.441547765824417
2.3547867693802704
3.343773203197305
1.7341485781491812
-0.04160800402581799
-0.930758052827307
-0.20359861568786464
0.0964060785037244
-0.3597373261496113
3.294931200664637
