# max_attributes; 15
# description; Austrailan macroeconomic dataset
# number_predictions; 75
# predict; Cons-RenDwe
# lag_parameter; 4
# horizon; 1
# name_prefix; aus_macrodata
# predict_model; lstm
# method; Hits_granger__graph(n_components=8)
# prediction_type; rolling
0
3.5226251145240597
3.27558624537442
2.7234065545419774
2.696639871085059
2.8365327719697953
2.7523652406970136
2.423770575398714
2.9608327707969777
3.2906377871435195
3.58122558372479
4.291932974582579
3.523509598942675
3.2836986212118653
3.8546529719718454
3.837119201365232
3.8394875306992295
4.059746210521968
3.381477968513639
2.5859656818688226
2.4577584348557773
2.416465175292708
2.2375141612943525
2.5389776722277406
2.5885424142799067
2.752402231774243
3.0001683920224265
2.981344735799898
3.161627466094808
3.381063338305184
3.595262534527779
3.7587525913150457
3.6986511697636217
3.3195017821434583
3.0718889135195733
3.188579405068316
3.433326703245024
3.652668034365525
3.6238855247811457
3.410332209274146
3.217842123363175
3.1094277288091066
2.9081991199217914
2.8387075171673803
2.7813846282343593
2.759728716043943
2.911822669805416
2.9435466828393166
2.8159490007581365
2.6300551067138818
2.4270657075439375
2.242432042476095
2.277198609128398
2.5736125003732586
2.8694454516273553
2.885722801162565
2.7108343153385626
2.6363191667279513
2.596444623773906
2.6536237502242273
2.8978408679715213
2.9571458183570476
2.912118298292805
2.8660866918279937
2.731644910133312
2.6436883820696235
2.517267886622618
2.36305178552388
2.2869245800238187
2.263616055817701
2.2414946225504107
2.2544642157035946
2.2685064750638126
2.1960454942448893
2.2279575014856814
2.2288577052363037
