# max_attributes; 15
# description; Austrailan macroeconomic dataset
# number_predictions; 75
# predict; RetSales
# lag_parameter; 4
# horizon; 1
# name_prefix; aus_macrodata
# predict_model; lstm
# method; Hits_te_(n_components=11)
# prediction_type; rolling
0
8.18693999675142
11.418074903487863
4.7708358329011595
5.400660224507034
2.440501635486733
3.636695753960389
1.693022137687505
3.621634502331391
7.679426948735506
3.6961996718165118
3.529395824596101
3.957982606716227
8.122874985632317
6.309219387773048
4.25258573704367
5.907122156380039
6.272896334854295
6.810744180521601
5.383579587184762
0.4319345421692997
1.2459197893726737
7.681108475668559
12.858256767678267
12.111024515178663
7.888991288010985
7.007247236691228
5.3994460041350525
6.38344087334691
6.370295449170504
8.28979792482951
6.101547575346009
5.587281235559706
7.95380062398498
8.515808607203093
8.187339990456048
5.1859943474000225
3.2782263148881476
3.457396957762848
1.666201847829213
1.7068795247685902
3.389039457567529
3.62418721296417
6.5294554037506725
7.233455974200112
7.457629792279619
7.423241983983585
5.913625613894787
8.152233746865292
7.160668770259676
6.628761284173416
5.503190649648973
3.1349017097860656
1.6288865775169379
1.9750979570876055
4.084441457845449
5.886726360877976
7.178403118976245
6.5787620710947685
3.381906236501642
2.3052209167295246
0.46182986453680375
0.8069525881023161
2.345927072185088
1.3699210740027423
3.664722497322611
2.2543103911328863
4.05049700826733
2.9310278958359905
2.9514029796899184
2.4798570031404186
1.721129138686254
3.375042914100529
4.232907082358322
6.666417649440934
5.499258025459124
