# max_attributes; 15
# description; Austrailan macroeconomic dataset
# number_predictions; 75
# predict; HCE-DTA
# lag_parameter; 4
# horizon; 1
# name_prefix; aus_macrodata
# predict_model; lstm
# method; FCBF(n_components=5)
# prediction_type; rolling
0
6.155707251807833
-3.3510101906265817
4.386278525532667
6.439540130383811
2.996709003974786
7.537696040129411
-4.675376513996611
-0.6313665648821853
-5.295873979465469
2.754886948370327
5.9030643108580065
1.1593871419117932
5.556556997747045
-4.300874953590025
-10.05950337151895
6.979584007635204
-1.9550437306852828
-10.043758344203383
8.756910257318573
-3.5601750699139743
3.82243648133273
-18.084515371873984
0.3525170163652547
-2.9329249718336072
2.713520821187224
8.266746937835329
11.621443703788948
5.689808947947512
-3.793449348599502
-6.317199935942334
-4.045603209985686
-5.929876710157352
0.8857360106150551
3.2081914534671157
7.197830205183685
8.480691458312755
4.89254256655957
-1.3417268424461142
-1.43850901882211
-4.384813233698374
-7.942077862552665
-6.220645626181209
-3.328106816970582
1.7724706058137798
4.124237476149872
1.9342836909858931
1.9112191433827945
0.20457044836657445
0.09991297947163957
-8.060601848621033
-3.7868023127119557
-5.128153035473574
-4.010433943182697
2.516577373268312
-0.026158393499137844
4.305858283649087
3.4420548507179305
-4.382823569109959
-2.124420875926752
-1.0474398881974878
-4.789582149826998
3.2391646399230396
2.1293208401511023
-1.4976820882992712
0.012123197799688512
-2.224426531244866
-1.7259933209583949
-1.7700271548522153
-5.755430922165516
-2.7924757712365107
6.786714370172469
9.850375449431148
9.025826209203778
3.5241368515733953
-6.159455103504065
