# max_attributes; 15
# description; Austrailan macroeconomic dataset
# number_predictions; 75
# predict; IP-PRM
# lag_parameter; 4
# horizon; 1
# name_prefix; aus_macrodata
# predict_model; lstm
# method; Hits_te_(n_components=4)
# prediction_type; rolling
0
13.73783369551478
25.59438319852255
9.8276449340852
6.900446999131063
14.812317149836602
15.351171972636294
7.979729300645687
11.28957688629211
-5.32389280282122
-13.820161891631955
-4.657199027322534
-12.483417843581194
-3.491110612588983
-3.0942126993045775
14.703929704157886
23.395226099669514
33.78108171037114
30.594000138771392
8.962414582543317
-16.339534201342026
-19.783785454807933
-7.36823316007488
8.377081037494207
15.231937694444994
19.06137282127804
10.702302234513311
4.159361658489686
-1.1509132379541285
-9.829596933025478
-6.288950858560256
-3.642404604938207
13.597975158320708
25.092184738455927
15.097228482047697
-1.4591582906448366
-13.49892670108131
-12.333000045241896
-7.952106381774129
-7.604603344136265
-5.943748391861277
-4.564304489060305
-0.48623695532957356
3.697566975537029
0.5878241285464298
-0.22386402903525493
-5.9019651708445195
0.8327810139050627
3.701826626416036
10.69082633963464
12.66390741071723
-5.107432442646839
-19.0570521697678
-38.858007827716214
-23.635992639293733
-7.428811865930129
3.1452592047080685
-0.3230491909584714
-16.36035167235726
-19.168894965157435
-19.99152880790924
-3.1298445890414257
-2.160881853329954
2.7433961920340977
-1.620099403708437
-0.7532334900147077
-5.164101975227055
-4.515430836517083
-10.903680483414561
-12.139203903457506
-6.668625942921423
-2.8148730623360763
1.4573950104143876
3.6380576757041467
-2.21236162138986
-6.138883537824924
