# max_attributes; 15
# description; Austrailan macroeconomic dataset
# number_predictions; 75
# predict; HCE-Post
# lag_parameter; 4
# horizon; 1
# name_prefix; aus_macrodata
# predict_model; VARBayeRidge
# method; BayeRidge(n_components=all)
# prediction_type; rolling
0
-4.789633334389976e-07
5.3529348037484326e-09
-2.1999491331935184e-07
1.3712264240739458e-08
3.1323575452798798
-3.1323575555404037
5.391613635830073e-07
-2.614740874928856e-07
-5.779542433526075e-08
1.9003643575432605e-08
6.677097760809936e-08
0.6235386576650102
-0.6235418216215216
-8.059996652542978e-06
2.9768984864120274e-06
15.280561454368671
-14.681343595858552
-0.5992244858763991
11.218446878148528
-11.218447196358884
1.8732122880615876e-07
1.666282589754542e-05
-4.168732364911998e-05
5.7804590411308014
-5.780446951271579
-1.7584365527179013e-05
9.638990964308375
-9.63899671794871
17.000364678692083
-14.324905913736577
-0.5479306622120299
3.1425037036002266
-5.270168191785043
2.54707889224548e-07
1.045752199523903
2.0751994183367746
-3.120951862660161
1.499189017373226e-08
1.5513919290250604
2.5564744672769
-3.087458083715909
1.0126327259890051
-1.0203819426604221
1.5078278292997447
0.9817242853477903
3.4115407768287525
-5.93575587415207
1.4565824494367745
-1.9494354285228772
-0.48514253401588414
10.998899160362573
2.9074833074464395
-13.906381874120061
-1.1367143781804145e-08
7.670849299375539
-7.670849452652769
2.6230285954387256e-07
2.2192025261880133e-07
24.696524181366875
-24.696516096028365
-1.284741568775838e-06
8.316303822307914
1.0384643922558023
-9.354766939454262
1.426722717190465e-06
7.5661782487652545
-7.566178140892135
2.3598916089878097
-1.185146969953915
6.95325530379214
-8.12799836009032
1.1477755882808398
25.81211698214224
-34.53107108633128
7.571202426132184
