# predict_model; Vecm
# max_attributes; 15
# description; Austrailan macroeconomic dataset
# number_predictions; 75
# predict; ExrateNZD
# lag_parameter; 4
# horizon; 1
# name_prefix; aus_macrodata
# method; Hits_te_(n_components=12)
# prediction_type; rolling
"V1"
-8.82723902361697
-16.9855941364938
20.7077161529521
-10.7855122714985
-7.73123107866399
-6.86031536866844
21.9668905504494
-14.0725117694646
9.71555276087823
15.9355143306101
-8.3281969553525
9.06154460716038
11.784587981194
-15.882855365845
12.9455755315809
13.5962298072296
3.2332446386282
-20.9868650364039
22.4753777020683
22.4676151512115
-4.57013388089931
-7.19694049395162
-16.614111695272
-4.88718240610543
20.6063272070532
-2.2694953783043
-13.5199192054682
-10.9432316778957
-10.6240777965631
-11.3468211181556
-9.5206136068116
14.8276296768367
-8.82525354178355
0.742292428474756
-11.6067010765453
-5.96102770849516
-9.29523641343624
3.55025225620259
-0.510795882234426
-11.4669519313732
-4.80103463267812
30.1986578144731
13.1322506241942
-15.3230284136472
-7.22862338275664
5.68432443390859
1.48777197347862
5.53926839726613
-2.55741764864379
27.4626824726051
16.0057549712447
-29.0154647378539
16.1030966234287
25.2849595498866
-11.1970517246332
3.74331870728918
-7.72492329182609
-8.67103337121498
-1.20422871561679
24.555159689133
-1.69755185234228
-17.5761676645821
26.0724133210329
-25.5676471625497
15.1559923284728
9.16886139197968
-25.0558426002369
9.60641645518574
-7.24702970805783
-15.8500578573057
-45.9705001270287
4.44692686150915
-6.64581715071758
-4.11565947847264
11.8398879735082
