# predict_model; Vecm
# max_attributes; 15
# description; Austrailan macroeconomic dataset
# number_predictions; 75
# predict; Unum-Total
# lag_parameter; 4
# horizon; 1
# name_prefix; aus_macrodata
# method; dm_PCA(copy=True, iterated_power='auto', n_components=12, random_state=None, svd_solver='auto', tol=0.0, whiten=False)
# prediction_type; rolling
"V1"
-12.7589586064885
7.11309357399101
4.81730354560885
7.0657682456119
5.73936650920888
-14.8830564347547
16.4258561972182
-15.0843328357359
-13.7105460055768
-32.750071523666
13.1017101020235
-22.0925240928085
-20.9602938135831
-21.1589005804929
12.1964758356403
-19.0830205696622
22.2497583367003
-22.7852502101796
-37.0020895796238
17.6590688382978
-2.42702597286103
21.2235810117764
22.5670187621685
-1.84458677298958
-1.29868579084137
-21.7344508622412
7.93712710673789
-11.7322685093931
13.171860005568
-16.5250054652114
-11.4197594831395
-9.69371367675542
-13.7021679771396
5.88783562242977
13.451331385576
-15.9447186161198
-2.44617458176096
-7.74844616700323
-6.04117868517465
16.2135524230895
-2.94723037640456
-2.06002024808682
-8.72435944030564
-16.9973184790587
-4.39935336372251
-11.6376528030242
-13.1899642762802
13.1372116566717
7.61215487472638
-36.8359754632227
19.7296304171615
42.6604721676936
5.5808626856965
-7.35763596092516
-16.3360774726414
-3.74416465089987
-9.77145278327262
-1.25440251174188
2.65005574242392
-21.2854646717718
-6.66660172091771
10.6850330544141
23.5624610101241
16.8947562207076
-20.5785220456409
17.9450914017595
1.50008956850177
-5.04264367052109
13.1039488904358
29.1048233164143
5.865806260541
11.1163676705824
-3.14003938939478
8.03086662096321
13.6083149790945
