# predict_model; Vecm
# max_attributes; 15
# description; Austrailan macroeconomic dataset
# number_predictions; 75
# predict; Cons-Com
# lag_parameter; 4
# horizon; 1
# name_prefix; aus_macrodata
# method; dm_PCA(copy=True, iterated_power='auto', n_components=14, random_state=None, svd_solver='auto', tol=0.0, whiten=False)
# prediction_type; rolling
"V1"
10.8743477466485
7.50216994730399
-2.27777707834421
16.5589678988339
11.7941761568786
3.88732957690322
12.3438081544998
19.8728782154382
14.1514556596959
8.20893774440459
-35.8019544239837
29.552522315685
21.8928644125435
18.1690033049313
-5.22065836536362
45.8055948149191
21.0625066441748
-4.18955323664984
45.3558598184896
74.1196361057137
15.1202192788409
-5.14785521026504
14.744885299998
16.5297336651189
-6.65527981767504
2.66328630777657
9.88682448031216
6.52368999485152
7.0055138198163
-9.02735091386227
-15.2776187062151
3.97558571697795
17.0439876832118
27.0077345683805
11.8572135331736
10.4369524019065
7.12006719601066
-5.86681628560464
12.9120486530739
8.15406149525168
6.48251089201816
4.02591849178143
6.17895106770249
1.9108686592713
6.28570380847243
-0.880331342154995
2.31968229819468
-0.466868882504735
16.449616754484
9.04851378613424
-3.25189094642452
-5.05574877201641
0.25295689220238
3.82695269912704
3.78745944085343
8.1408617754525
-4.50790508193933
4.14600371568174
-10.7499061019218
3.05040271463933
9.08573110092322
1.47559180456555
-5.68985106958143
1.25099110648052
3.72002441674759
3.44720676842426
-0.253381657756283
3.00781467262212
8.65034588686035
-5.46143431683761
0.323225584149112
-10.1365857680915
-6.67523671209521
4.07233139444296
11.6383220425311
