# predict_model; Vecm
# max_attributes; 15
# description; Austrailan macroeconomic dataset
# number_predictions; 75
# predict; HStartsTAS
# lag_parameter; 4
# horizon; 1
# name_prefix; aus_macrodata
# method; dm_FactorAnalysis(copy=True, iterated_power=3, max_iter=1000, n_components=4, noise_variance_init=None, random_state=0, svd_method='randomized', tol=0.01)
# prediction_type; rolling
"V1"
22.1663829123224
-34.9546667544158
10.0454430161503
18.4246703988348
61.4613576818028
-56.7328782325129
-44.7135177046422
0.858963975520448
-12.6751533563928
-25.847800423931
4.65476037941611
4.67659213337439
10.6509758983897
-33.2274478796712
20.2433670266522
6.73085931795409
24.0685311878863
36.3873679730839
13.98203936831
-44.3173977089514
38.0840638767146
77.345063074511
41.9196290799598
68.8580692665498
23.8348316691886
-14.5878319428826
-11.5682056571595
29.7218035115286
-22.9867450258551
12.0789742628769
8.92562039435684
32.0743554239761
7.87936412204825
-53.5525061232913
-22.3289262111066
22.3854487016161
23.1645838115354
23.3295215709843
14.6405545145385
13.3913786833919
14.6141357894914
-22.2752663275362
32.552633734099
30.8876775093386
7.14823549716267
10.811113725033
-14.5123910229497
16.7982964856469
31.0670700986287
7.47837967691986
-38.7211001132564
-84.5988300478903
-40.6795698560276
-34.8170512794524
-13.7676443159579
-55.6974385722604
-50.7760077709145
26.2631667624287
-9.16190175715157
-7.98288944601769
-4.67975028449403
-17.9824563572989
-18.0827447884498
-15.0059762678118
-0.236542941407785
16.2941261020856
-21.489166967405
10.6881934073358
-17.7665245934815
25.4511763253901
-0.913948716037619
28.3572796974242
27.4996281486996
-7.87144199624818
15.4700088649536
