# predict_model; Vecm
# max_attributes; 15
# description; Austrailan macroeconomic dataset
# number_predictions; 75
# predict; HStartsSA
# lag_parameter; 4
# horizon; 1
# name_prefix; aus_macrodata
# method; dm_PCA(copy=True, iterated_power='auto', n_components=7, random_state=None, svd_solver='auto', tol=0.0, whiten=False)
# prediction_type; rolling
"V1"
16.9411653123231
-26.604012571806
-40.0433726814891
-31.0696908625366
8.95147024878454
-3.51081050422689
9.01914380048556
-21.6049948162504
-4.4247165408379
-21.5882755499868
-8.150973836945
-20.9987860607289
21.3379588103167
30.0807467503059
20.9815152183299
19.908165622099
3.43235125787591
-56.4412893305743
6.64067834437266
23.911093257792
19.4381677095717
37.2545667996799
-43.0177548509827
39.5322031100698
9.08420092589549
6.47343789356996
12.8785808838389
2.38241747772431
-0.164384952386104
1.35351192328754
16.2239010449452
32.1394938169268
-42.2768237061539
-18.1175715778598
-2.06439621138812
20.6589623576263
21.0307372799524
-8.91201613730531
2.28574622052166
15.6039541469805
-0.311862485267361
15.0560347445005
15.7848930560541
-7.39642890743886
-7.46007688887701
19.4225875261697
-20.7422385644802
1.13344635796871
-18.0391930782143
-56.5101851309954
-64.8155286579283
26.7716648279763
29.5992620952869
-21.237184890423
-2.58853706541201
-21.5371774950154
-41.2695729573966
-10.190702910155
-33.7004975262957
-12.7206244154524
-2.02624395424567
-3.05335348295328
12.5349451217585
2.17472817972969
-9.24833321722074
-12.3156855357992
-9.90136168634693
5.70247078576372
-9.90568733988355
65.7694786034721
15.2409191044346
-26.3118366315915
9.29248558673512
-5.28000347350268
7.07404998512997
