# predict_model; Vecm
# max_attributes; 15
# description; Austrailan macroeconomic dataset
# number_predictions; 75
# predict; Cons-RecCul
# lag_parameter; 4
# horizon; 1
# name_prefix; aus_macrodata
# method; dm_KernelPCA_fit_inverse_transform_True_kernel_rbf(alpha=1.0, coef0=1, copy_X=True, degree=3, eigen_solver='auto', fit_inverse_transform=True, gamma=None, kernel='rbf', kernel_params=None, max_iter=None, n_components=8, n_jobs=1, random_state=None, remove_zero_eig=False, tol=0)
# prediction_type; rolling
"V1"
6.61725965355734
19.1938062984578
6.49059335528765
4.5923458705045
7.90235836249587
9.07888159622476
4.75337578150725
2.77480069176916
-0.196753304931043
18.3628127343799
-3.32483573647948
9.3754091129827
-15.5071392605334
25.2590619929622
-0.273226547654878
6.025347729156
4.827692025231
0.90709916715604
14.1417093399438
8.89986363445771
-9.87704474116109
-0.573665873521655
3.39674403651409
1.06519267917789
5.80704791535515
17.3711570946991
6.74546929945793
14.3136341749951
-2.77024385047574
7.24805965364954
4.63847780557852
16.1405012638642
10.3598226826088
5.09758267145143
7.5055764000002
4.42808876625238
3.82442532606256
8.4827601789304
4.7213398772877
1.95659858534919
7.01524058946517
7.27210700521852
-1.10400595844114
6.58341516719715
0.147028085971435
1.40270372734302
7.79282112266382
7.07513993429948
7.59578029969642
1.79754959419197
6.25789788933463
-7.20113893544664
-7.76559447497717
4.5356993221374
1.94744669851113
-4.31832698205456
-0.659904636217682
2.43791662822437
26.7227788214262
29.5753045328705
4.03012995987182
8.53574591635677
3.41150930253159
-1.17773587773898
5.73348077756202
-2.90548388778338
2.93865378331288
-6.4167650829683
-0.214643263410797
-5.97165916708198
-8.19031918982313
10.1808284339629
-8.42535660065844
7.13306533595867
5.37407950521433
