# predict_model; Vecm
# max_attributes; 15
# description; Austrailan macroeconomic dataset
# number_predictions; 75
# predict; IP-TCO
# lag_parameter; 4
# horizon; 1
# name_prefix; aus_macrodata
# method; dm_KernelPCA_fit_inverse_transform_True_kernel_rbf(alpha=1.0, coef0=1, copy_X=True, degree=3, eigen_solver='auto', fit_inverse_transform=True, gamma=None, kernel='rbf', kernel_params=None, max_iter=None, n_components=9, n_jobs=1, random_state=None, remove_zero_eig=False, tol=0)
# prediction_type; rolling
"V1"
10.0251297727954
-13.0464212920377
-21.5160949825494
31.4615838704197
-5.15994331599561
-18.12339919287
25.7724537695011
-0.0318877086593391
-14.6822275440946
8.82253591543171
26.1753941774841
6.93776508066603
-19.4449337607112
-29.1485801733626
18.0242077401485
14.2193953156581
-1.42084384971117
4.97636108584904
2.97217936979033
11.1495749636456
-50.1597232024737
2.18790753634752
9.66535097835843
-25.2375585137549
13.8583917807523
-8.62840745985892
16.7571884742685
-8.62733943627727
-6.97063831670976
-32.4035276999896
6.64650297603363
0.309899622982933
4.8883647792013
2.74491500951072
-22.7262885037916
-17.7825392993379
-27.0402936466326
-14.8558557044854
-35.953550055235
-1.79615955025412
-16.0483884937021
4.87220757969644
-9.82386198741161
-19.915422694877
17.7027489867108
24.6148168128741
32.2978333481414
-18.2730803174202
-8.35635270997425
5.77741984125805
9.20069579445269
-13.4412121120746
-1.02868740405002
-15.2034936395942
-54.7434570131574
-17.9748574430231
-31.2661799290864
-24.6131488826721
3.13001298761602
-39.5518694415651
-7.44005177726293
75.0156042198194
9.30333554066401
-14.1354831255767
14.694321164329
26.7076687542362
-51.4089491148321
0.99266420779285
50.3864853391491
24.6253005942284
11.359003302952
-12.2414230516579
-24.6011342404328
-13.6997909412836
22.8310822617506
