# predict_model; Vecm
# max_attributes; 15
# description; Austrailan macroeconomic dataset
# number_predictions; 75
# predict; 10yrNSWT-bond
# lag_parameter; 4
# horizon; 1
# name_prefix; aus_macrodata
# method; dm_PCA(copy=True, iterated_power='auto', n_components=13, random_state=None, svd_solver='auto', tol=0.0, whiten=False)
# prediction_type; rolling
"V1"
0.0590261436927996
0.450124784768034
0.225532428155248
-2.21825183420885
0.0413801829853873
-0.454363423181204
-0.414661801251635
-0.166543493703665
-0.987558295392502
-0.82552782774147
-0.748136068395976
-0.559427727829962
0.705427929212389
0.000509982633469241
0.963563164969401
0.318574760481874
1.34802722538474
-1.52586235138686
-1.17114236734041
-2.55251869750119
1.16564147687695
-1.47524534302494
0.00952763016760806
0.546197758670828
0.38500179280715
0.753222771726244
-0.907165012745577
-0.157839334145457
-0.570646335370593
-1.61492952354407
-0.0325161722840699
-0.715433406804847
-0.23401012512682
-0.406589014990959
-0.309016533899634
0.611811492142184
-0.24190102292194
-0.131253986507838
-0.393761359795236
-0.516767204449236
0.10059529503179
0.208961275668258
0.12941262631098
0.1724826298795
-0.356463683139305
0.233830613933803
-0.527446371565695
0.298446068460287
-0.415185453893801
0.241346252546872
-0.298129152957019
-2.10157124928329
-0.306916480056899
0.970752020213179
0.160347725909782
0.0497994029058127
-0.520054755760971
-0.514287737555783
0.367698624966589
-0.19858375716165
0.0690562236001747
0.00646887093026798
0.0631351548528222
-0.550330930639764
-0.153470140485951
-0.638292435011885
-0.321740542098933
-0.454445674793232
0.369417703902967
-0.0765315678880456
0.460794944467649
-0.579229808545659
0.502588701713813
-0.228991513700377
-0.429970623681916
