# predict_model; Vecm
# max_attributes; 15
# description; Austrailan macroeconomic dataset
# number_predictions; 75
# predict; ExrateMYR
# lag_parameter; 4
# horizon; 1
# name_prefix; aus_macrodata
# method; dm_KernelPCA_fit_inverse_transform_True_kernel_rbf(alpha=1.0, coef0=1, copy_X=True, degree=3, eigen_solver='auto', fit_inverse_transform=True, gamma=None, kernel='rbf', kernel_params=None, max_iter=None, n_components=14, n_jobs=1, random_state=None, remove_zero_eig=False, tol=0)
# prediction_type; rolling
"V1"
30.6674647992687
-42.6956642673425
11.7615221795053
22.6427273319445
13.5327396180571
-4.64382758792026
15.0660835987064
106.614332499767
40.907641735113
-42.4941262864913
-32.3810004551376
-24.9285690411098
14.8708805520637
39.4641945626274
-14.20304314509
22.6237129848634
15.3084714821227
-56.5806820145735
-3.80765102499054
4.02686588080636
-9.36330538081684
-26.8647411737795
40.4570790350421
-13.1103730892755
-15.2156201422294
40.2354353900429
6.14138904803459
25.1112793453681
5.63550057073026
35.8072770668233
14.2762917091409
34.0437431754694
46.915355131547
4.51667880914374
-13.0584906994567
-29.7000631954528
17.9008761137595
-24.5835914693221
-3.85230754109058
40.9207071484034
-17.1250194675161
-7.28208907763389
-25.7498762122514
7.53872714132672
-1.81019678137596
19.649826359146
9.67039213877582
8.2571738691132
-0.819954361246456
13.4229241364148
-43.4157860633889
-57.9314459221715
6.26226283309635
-14.2700564612207
21.9649079602639
59.9500832668918
-61.2598054783358
-47.6149330513649
-3.2281314883565
63.6373336373403
-33.8225145656187
65.9454338658533
-22.1736313409469
2.55526610101913
5.55699585089112
6.48904489343114
-13.4635834835579
-17.4491166928212
9.54104735127706
-35.0601820701252
-11.9511907098812
1.02709479614644
-2.3874976495224
0.30707454069612
16.6486364485551
