# predict_model; Vecm
# max_attributes; 15
# description; Austrailan macroeconomic dataset
# number_predictions; 75
# predict; Cap-IntPro
# lag_parameter; 4
# horizon; 1
# name_prefix; aus_macrodata
# method; dm_PCA(copy=True, iterated_power='auto', n_components=6, random_state=None, svd_solver='auto', tol=0.0, whiten=False)
# prediction_type; rolling
"V1"
-8.50494898925742
3.47965463894187
16.469419029305
10.8757991413839
-0.236646514322576
8.07272560730811
-21.0594816797301
-15.5297518422575
-7.72983570563544
31.1119736360914
42.1674750821473
-3.37660521445237
6.59633995807326
-10.4914931912006
4.16027457690816
-14.7094051253489
18.7933599420256
8.4944486886894
19.7899862739642
43.4634670914112
6.07025010232085
35.5212172918433
2.81802978288465
12.7815472993504
4.11304015039254
-0.815949183102259
17.7408111895803
15.4874592285349
6.46809362317166
17.8246516235434
-5.68525160550367
7.0520713504818
13.8440167757005
10.8233424467309
-5.12049992993372
13.0876663710707
1.18388825184055
6.04044354428898
7.5213836667587
11.4589112011679
8.6695533230916
11.4392344865386
20.4748389980362
26.768791385438
15.1539173485839
22.7262643869478
16.2640820463965
22.3372076473416
30.3699449022659
14.2664604412349
-1.2032404647569
-8.21759557490552
-1.34267707415962
-2.79162381036648
-13.0271001578112
4.65406952118723
15.4043408244563
20.9528607400477
-11.1847608102457
3.89074095583049
8.65709331982102
13.0311498757113
21.4141050802042
10.841918004933
1.84517764465252
7.64556828401014
1.92496312770339
5.70780774378998
3.47903779494447
1.64403607312385
-4.57664863243573
-0.55058764053059
5.07450537381171
16.3873784218724
-7.01277895337708
