# predict_model; Vecm
# max_attributes; 15
# description; Austrailan macroeconomic dataset
# number_predictions; 75
# predict; M1
# lag_parameter; 4
# horizon; 1
# name_prefix; aus_macrodata
# method; Hits_granger__graph(n_components=5)
# prediction_type; rolling
"V1"
0.530050661512857
0.991929590067544
-3.15348854617887
11.4368674740209
0.864105061625479
6.36753067657514
-13.07200482724
2.82143456509653
17.3445187350202
-22.2911411792206
-6.01403556354138
14.9309389112653
11.0848912799389
2.75605854220491
-9.13522360265228
-4.35095795622876
-7.74238067119588
-13.9608634602906
32.7381858462194
5.58790636180611
21.4344607146257
15.1462357074254
-0.00816798021373624
-6.17286627406262
0.527954987076308
-18.4705796285191
-57.0176572947246
-87.8799743452569
-11.6280155119001
17.8721681928739
-2.09724443066584
-7.05243903525771
-1.73517181849392
5.32141760240796
1.23025530422887
-10.3156136964467
21.4079736874646
2.3326057252352
12.6779154249428
-13.9585187240076
18.3432294691501
-0.188736394473599
23.8488227617387
-6.02326288515398
-4.70710955943142
-7.0556491710021
14.5516317361573
13.7332117874338
-4.64451100358955
16.7058082034726
-27.876627971863
60.7039911123524
18.180562132757
-42.3634583357122
4.82990879209729
-2.21388784542525
5.4414928683167
-11.4286504002226
-18.664395961646
-8.7003399547314
13.5842969577773
-4.28881389074421
14.3154323663985
-4.94063548579265
-18.8821909604335
-21.2850935477746
6.28536972199006
2.56380598699644
-6.11166868848508
18.0164130051271
11.516782812468
0.208607777057057
-1.32709695803612
10.3395968898464
-3.29966433959659
