# predict_model; Vecm
# max_attributes; 15
# description; Austrailan macroeconomic dataset
# number_predictions; 75
# predict; IP-EGWWS
# lag_parameter; 4
# horizon; 1
# name_prefix; aus_macrodata
# method; dm_FactorAnalysis(copy=True, iterated_power=3, max_iter=1000, n_components=12, noise_variance_init=None, random_state=0, svd_method='randomized', tol=0.01)
# prediction_type; rolling
"V1"
6.37742481837888
-0.281904832859143
-6.55866987961123
-7.98721825531084
3.42520419280562
4.39185318563087
-21.1918922017245
-16.8461341987561
0.0809917158959572
34.7784432872684
-9.55625487747226
10.0576772576457
-3.54552913120503
5.17848445138358
-0.574606498863035
5.20383351958704
-2.04014862344372
17.949767063989
-0.751907169701108
0.370447536812358
-3.37806166159322
-4.23718596866579
3.28040816101735
5.27527482959273
14.6751797778584
-5.12870245497151
3.78763315571612
1.19236325413398
-5.11765759966817
-6.98781204093636
-0.126079611567375
-2.71029769315558
6.6582322314987
10.5472738299568
-4.28124886453713
-9.34471505845677
-4.82414052906278
1.33921740892003
1.82169775055728
5.56836718166014
9.65561247294584
2.96425350073682
0.124006206962751
5.16022154684216
-9.28057491378876
-7.992116733928
11.6556272559719
-0.618753067130855
2.33513114241714
-9.38784124823247
-6.3729115424471
-13.0695454660651
10.3734133700118
17.6789999766999
-6.53810023252371
-14.1780550428294
13.2050893273489
-8.75711358042662
-7.90588971443761
-5.85972772611146
10.7273670760347
11.4590952566374
-0.0519023605360553
7.67042596717064
6.65539265941449
5.68851249844958
13.7601793437655
-11.2885669067601
1.60773465030672
-7.36284327616138
6.68460483440957
-6.81067345541486
-3.17085740353036
0.227975137029566
0.572526434334798
