# predict_model; Vecm
# max_attributes; 15
# description; Austrailan macroeconomic dataset
# number_predictions; 75
# predict; HCE-MaiRep
# lag_parameter; 4
# horizon; 1
# name_prefix; aus_macrodata
# method; dm_FactorAnalysis(copy=True, iterated_power=3, max_iter=1000, n_components=1, noise_variance_init=None, random_state=0, svd_method='randomized', tol=0.01)
# prediction_type; rolling
"V1"
-0.80355996702201
-2.45904264729708
1.69240591023009
1.27559117664244
-0.536168941594391
3.28463572713962
1.4737863990105
-2.73024670549931
1.66546735832865
-1.58618346123403
-0.581253958899856
0.146616353226503
-0.264476231403822
0.174026678910712
-0.715743131040051
-0.412737857870481
-9.74571976743033
-5.70382289051393
-0.182915086984421
-7.2365852618345
-1.85309750286741
2.13044519027075
2.25205566746553
0.214363058456153
3.2540513246675
-0.307489422632419
-0.749777217268729
1.05788154180579
-0.46100539391991
-1.73504546134704
-0.957733520921974
1.39432558914862
1.22172298533741
2.58878833121917
1.31101399681846
-4.77021863535017
-1.95879176356562
-0.648725666674156
0.790800845820918
-1.96928181078888
-4.17211979440678
2.22789710785595
4.82141761523663
0.180929479596716
0.849981736412084
-1.3272397563034
-2.61527916635397
0.76372448336821
3.72799136210546
5.43596671866839
3.85072641407662
-1.78965041219046
-6.6869915467676
-6.16880275669693
-0.482317153565462
0.141515899805883
1.56686895172919
0.783972959683048
0.952537392070664
-1.47559128080084
-2.52237247310785
-5.73892959433306
-14.0266982493432
20.999479583707
-3.44108285157486
5.82595701871753
-0.943686502102665
3.40572265143481
0.68980661734268
5.88178107102511
1.07760062381531
0.475916000028402
3.72624485770894
-5.08315815045144
-1.83568118209938
