# predict_model; Vecm
# max_attributes; 15
# description; Austrailan macroeconomic dataset
# number_predictions; 75
# predict; 5yrT-bond
# lag_parameter; 4
# horizon; 1
# name_prefix; aus_macrodata
# method; dm_KernelPCA_fit_inverse_transform_True_kernel_rbf(alpha=1.0, coef0=1, copy_X=True, degree=3, eigen_solver='auto', fit_inverse_transform=True, gamma=None, kernel='rbf', kernel_params=None, max_iter=None, n_components=12, n_jobs=1, random_state=None, remove_zero_eig=False, tol=0)
# prediction_type; rolling
"V1"
-2.54006118841719
-1.87677312784219
1.29414343325255
-0.928984692963979
-0.792432228117064
1.03967128809135
-0.984149364437788
0.786502307700861
0.679265442610592
-1.76434427568818
0.308469837083983
-0.829966446953428
0.0251491755857052
-0.344662871436146
0.416508551986858
0.666037390791541
0.542851502622795
0.290696494036818
-0.837479312133801
0.0211362218377059
-0.593759177261241
-0.174907736676251
0.440987768744517
0.0437742483535174
-0.0953211044305308
0.51330962027598
-1.22707310816045
0.0506279030547888
-0.436692042916986
-0.131736089590112
-0.177434391104627
0.786130320492617
-0.195283073344773
-0.268955721486303
0.260925867758617
-0.177304026557257
0.630968612378139
-1.17949521732402
0.702956316999434
0.0281845058182257
0.160848445104376
0.396613360913272
0.18597483034081
0.0382655525360258
0.147839318526156
-0.0792451741155084
0.454484369422051
0.363104197487553
-0.26959849846496
0.0788194447449656
0.625975892361674
-1.38921577908343
-0.637602297067307
0.126583103608491
0.921941556782933
0.670581972097918
0.0854778368602999
0.408885412587944
0.0315251419419085
1.53390066715457
-1.64779957759038
-1.66374464877508
-1.67548802067928
0.42240011750387
0.305190766838519
-0.162421362391858
-0.822865301304167
-0.412672861040931
0.579314083155406
-0.085785113420741
-0.0675853898331971
0.0529387858403118
0.135287205558791
-0.118140320043939
0.0553513505636917
