# predict_model; Vecm
# max_attributes; 15
# description; Austrailan macroeconomic dataset
# number_predictions; 75
# predict; Cap-IntPro
# lag_parameter; 4
# horizon; 1
# name_prefix; aus_macrodata
# method; dm_PCA(copy=True, iterated_power='auto', n_components=8, random_state=None, svd_solver='auto', tol=0.0, whiten=False)
# prediction_type; rolling
"V1"
5.56645292189156
7.86582508241744
28.6556869520515
-0.0429372726165225
-4.18385684816033
18.2267742380995
0.790166865404042
-10.037297680915
15.4635259858499
27.7607994152335
-4.72895092789764
-15.4413826750127
9.54671319266596
-4.73330907124475
1.99163157014623
3.00846195713537
14.0917944736504
9.05103052336453
31.809589881287
36.4411253692569
4.30666359959953
14.3330314456884
5.89300397936582
-0.568874342942754
2.55063440966155
2.96449297058343
19.0758931802744
11.4927713761796
11.8394439929657
16.2411328901586
-19.1208627139874
9.6545921418014
3.15621232195548
10.4168298714261
9.60232910615953
4.39415884718604
8.73739210005423
8.11507580344354
13.1088607650768
10.6173727183498
12.2521879493179
13.9302354726518
28.7323297918977
20.5959410488941
6.54801153205561
24.597334539768
29.0220476524515
15.52829270022
13.1971992575228
12.8170639170414
-12.5850883606349
-15.5647794284165
-7.46064936758251
-0.0943602048562421
4.99198776578628
1.28734552296016
6.77133627153853
7.97630858528871
-2.66086185770666
-0.0456228445020532
9.46448118978629
10.8571628649078
17.0187230588923
8.47255119279871
0.528781239550395
9.04182916527859
2.22765437950826
4.49799950306957
-3.29540993328415
2.1656862154963
0.101622675531866
-6.60372499277586
4.62171289280553
12.0116614456275
-6.0856860529113
