# predict_model; Vecm
# max_attributes; 15
# description; Austrailan macroeconomic dataset
# number_predictions; 75
# predict; M1
# lag_parameter; 4
# horizon; 1
# name_prefix; aus_macrodata
# method; Hits_te_(n_components=4)
# prediction_type; rolling
"V1"
4.57045675511098
-0.446838504549468
4.43355939694068
-6.17675363954101
-4.75374916302191
4.93200735311131
8.7102390426625
-2.59555691363697
-4.31744281625152
-15.5129248333932
4.72654988300446
-8.60811994581579
8.47663475748782
5.88109482772554
9.55838535448427
-3.9725757893477
8.97350209569261
-3.88340427530505
-1.34907208115578
17.1990263464707
-2.11752450712059
-2.51754535957025
19.5700531292019
-4.19744566655543
-7.30835766425071
-48.2709690940151
-94.32144289687
12.0291866212556
6.1503988514125
8.23577959974852
-5.37408177801497
11.1952697863496
11.7407346982668
-0.659084511538807
3.28500637711203
-9.82539711174482
2.55558513509263
19.1882807076553
15.7785813023827
-1.75766467193866
-10.0662955491461
-25.5014892475494
-10.8930197242155
-10.7961324443953
5.96432386768576
9.50252215792446
8.41197297642751
-6.91410868927767
-27.3406777003201
4.3479160095379
-6.57813266316969
19.867942726461
49.0593841288445
-17.4791818636449
-15.8542307619268
-4.05667721538292
-4.10414970200188
16.7624279092148
23.9450119043105
0.324637839310621
6.86802473964912
-10.390870179373
-10.9673795186626
-11.2905065786474
-6.0978572213336
14.5459535412533
-3.10027777952608
-8.34591380182949
7.63641555144404
-5.45213456231239
-6.3073658519187
1.82280223196385
3.68942890671843
-1.54952352123798
1.62136560057918
