# predict_model; Vecm
# max_attributes; 15
# description; Austrailan macroeconomic dataset
# number_predictions; 75
# predict; Credit-Nar
# lag_parameter; 4
# horizon; 1
# name_prefix; aus_macrodata
# method; dm_PCA(copy=True, iterated_power='auto', n_components=8, random_state=None, svd_solver='auto', tol=0.0, whiten=False)
# prediction_type; rolling
"V1"
5.12637486227951
-0.39858729246216
1.96215395014946
0.604295363804739
-1.10625473352855
-1.99830884407037
2.32161490097939
0.210713089119075
-5.23682818593682
1.16915911670686
-2.10155930016733
-0.0619086371232294
0.810829958098469
1.19419753928025
-1.70870847030346
-1.61227088065217
0.537754053694794
-0.63214613792724
7.02408351776441
2.15503094899314
-3.75726724010736
-1.11331862750623
-0.474983887102797
-2.25430616960026
-0.276214513189907
4.82494226441723
10.9340490970145
-5.48637826871882
0.46453165261044
4.30363002190264
-5.53568955054524
-0.848631590340748
3.39550100156464
-1.65963358974764
-0.0530696746007163
2.35721981493657
0.509889159222058
1.89609450504635
-1.42254271148615
2.05249091393937
1.46796038401405
0.127436038207948
-2.04870685866454
0.343661877057752
-0.644205041473677
4.11185208224388
-1.25348460395877
4.91695403490086
4.78703800199688
-4.12184734265838
-6.71048371443097
-8.38340287747817
-4.11402325546081
-1.49507426097635
1.67865810719828
-1.8654455380407
-3.51885590880482
-2.84665701838198
0.478616370103549
1.89661823307119
0.0206769956809116
1.04243121630447
-0.449128668067515
-1.35468803343627
0.86322426077875
4.08712466505927
-0.402078761157017
-1.84986174380648
0.803483138753326
0.288755523246435
-0.72672638770943
0.642038138435823
1.62952507743311
-0.631646184147056
0.358594045134784
