# predict_model; Vecm
# max_attributes; 15
# description; Austrailan macroeconomic dataset
# number_predictions; 75
# predict; Imports
# lag_parameter; 4
# horizon; 1
# name_prefix; aus_macrodata
# method; Hits_granger__graph(n_components=2)
# prediction_type; rolling
"V1"
3.84935315652495
13.4598955338874
8.63357317197254
4.59245128226769
19.2438388793148
14.822457723772
14.1049087879369
11.8830833267936
5.97087965099535
6.74288520030856
1.4993817933537
-5.19287665966285
10.4179544264471
25.002887465514
17.6440992484497
19.9978492008413
10.7740055856604
-2.36137697687007
-2.97698594179045
-1.146064611566
-1.58248993898289
2.24425558575947
-2.38673594994582
0.231226538302118
8.72648852012284
10.8267716897208
8.13520233248143
7.43938081756301
21.2363170431766
28.3342153971306
15.9094614502757
12.0701566478433
12.8207151030666
10.3150202031806
-3.9657685418368
9.15090522208125
13.659122847615
9.86772917160571
10.1690468992622
1.85567867164985
3.43314897360299
11.3683723189681
7.75704163258839
1.87468654370324
8.6074089926709
20.495828332713
16.6989928401639
13.457238967455
5.70649601924825
7.74218863865905
3.11683070852221
-28.2679011657372
-25.0222687490257
-9.16950534639677
24.7185770350026
28.8964085744632
8.46897775716652
1.4428853266483
-3.33440250008409
10.1087610841491
7.47327362665365
14.7700924892283
10.393644687398
8.69284059802196
10.7281304403956
0.869732410170473
11.5411932317205
1.94867865487504
6.60555500252756
-0.102243768786328
-2.27354545819127
-2.00494818563734
-8.70246865234312
4.048683403683
2.71404382483669
