# name_prefix; us_data_stock_watson_2012;;;;;;;;;;;;;;;;;;;;;;;;;;;;;;;;;;;;;;;;;;;;;;;;;;;;;;;;;;;;;;;;;;;;;;;;;;;;;;;;;;;;;;;;;;;;;;;;;;;;;;;;;;
# description; Stock and Watson 2012: US indicators;;;;;;;;;;;;;;;;;;;;;;;;;;;;;;;;;;;;;;;;;;;;;;;;;;;;;;;;;;;;;;;;;;;;;;;;;;;;;;;;;;;;;;;;;;;;;;;;;;;;;;;;;;
# lag_parameter;4
# number_predictions;100
# horizon;1
# max_attributes;10
# predict;PMI
# method; Univariate_model()
# predict_model; Auto_Arima
"V1"
-0.0577628452122215
0.0102030310066948
-0.0163237117387814
-0.0272206405610619
0.0086412692416717
-0.016614467228306
0.00418386768425535
0.00174921621981177
0.0174936243418522
-0.017388904765035
0.0173310876238066
-0.0177803790342583
0.0165897436127548
0.00710988945301955
0.011496598683665
0.00543287487186357
0.00352459029386187
-0.0326722623448869
0.0362790809405836
-0.0385001000786118
0.0325859455035369
-0.0464714228743764
0.0179491874992013
-0.0443976908827817
0.0508183933662286
-0.0365499335493124
0.0399434841497238
-0.0204021985997769
0.0812061327092828
0.0228257197167759
0.105783047266633
-0.0134294942425253
0.010066971610623
0.0231629364373961
-0.00142208456644128
-0.00947090960234663
0.0165234605607692
-0.00435364596472268
-0.0204046167545223
0.0432466018781131
-0.00760871274711999
0.0120764773114318
-0.000449595377607779
0.00281242031332225
-0.00436047496182925
-0.0185092892125788
-0.00881130890007955
0.0307877222229439
-0.0168050459972581
0.0779817332588607
0.00367165123060444
0.019227159891627
0.00642909037517563
-0.00159637355731431
0.0105586761835768
-0.0028015926449145
-0.000265652701817122
-0.0155924441158391
-0.00243458336570702
0.0106935286704335
0.0242502981109944
0.0247116472803914
-0.00608030941044972
0.0126239953808736
0.00561053144172034
-0.0183979711281771
-0.00110005285785306
-0.015542788689527
0.0174864524599011
0.0263434031678815
0.0693720756067603
0.0375173568467734
0.0242427062006606
0.0776047145657819
-0.0435351673282034
0.0273737618145659
-0.00832116869321729
0.0291295930063624
0.00247941498844417
0.0464220421458385
-0.0270281381508667
0.0223660998523926
0.00683903117942049
0.00203740525075854
-0.0157969782163239
0.00709830356328423
-0.0227667157445312
0.0417161411850091
-0.0241173137859863
0.0136501036074665
-0.0189561113704705
0.00837062010396437
-0.0181069172415212
0.0149556486570747
-0.000760210610067626
-0.0108551942381579
0.00270416966847527
-0.00498920345266466
0.00190947779978661
0.0074048679990098
