# max_attributes; 15
# description; Stock and Watson 2012: US indicators
# number_predictions; 100
# predict; CES278.R
# lag_parameter; 4
# horizon; 1
# name_prefix; us_data_stock_watson_2012
# predict_model; VARBayeRidge
# method; BayeRidge(n_components=all)
# prediction_type; rolling
0
0.021498762093799362
0.015228498469478154
0.015413820122807202
0.007195449849219801
0.004489754228472172
0.009250723495852601
0.00251826367004929
0.0067341924750283005
0.007919571098126134
0.004849935726652935
0.008865563089938692
0.004929715513270073
0.00041137130297263375
0.0005663414825132444
0.001853718830796748
0.001563261899561348
0.005555450148963394
0.006009398763518782
0.003971656406330048
0.0026677063509626996
-0.0016045579038316948
0.006064617055292855
-0.001859985849974385
0.002810300803485704
-0.00018094730126643095
-0.0012606857309565064
0.0017498135822080043
0.000567219448598067
0.0020391295846773454
-0.002988174615813658
-0.0009164056994937636
0.0014832347053432746
0.0004420621785948052
0.006555567429100217
0.00954022128652494
7.980749586928041e-05
0.003706700338216351
0.0066644583377009885
0.0008480916854532205
0.003872694300181819
0.004331561020314098
0.002056326971741349
0.001109935863237117
0.0036637099349999622
0.007240577098170371
0.005254433977687157
-0.0017216071818066763
0.0018968160264188128
-0.00033653650458205465
-0.0026839849299695783
0.005975763689181918
0.0007635988600326617
0.002003171161874697
0.00624683567299175
0.0001489862669372716
0.003169401652184535
0.0050631676394278765
0.00331106221767025
0.0038041521383497656
0.0031681091769317675
0.0032045015164344813
0.0037975832653133327
0.0037555180463061098
0.0017940762744213848
0.0010366358003634953
0.003437595540915414
0.0020193626509079103
0.0031617142582815823
0.0037819115366401253
-0.001775178755781961
0.0023700304862765064
0.006541355045654222
0.003370278558337045
0.00804796087494668
0.0008709309021454686
-4.9808604728192145e-06
0.005787680988207948
0.001128168527805062
-0.0001633991268933199
0.0029920726759742134
0.0027063325437133934
-4.7020410502235984e-05
-0.0014797059594071388
0.0034836491393408437
0.0012805207863471882
0.0022392897649716097
0.0010502713921912094
-0.0002738865062434984
0.0012694626280089682
-0.0018019469812276512
-0.0004282461141878176
-0.0027174378714453916
0.006969133951503085
-0.0035368277309486464
0.00048096868687057346
0.002239627779087584
-0.008731391572207935
0.0025404717802728124
-0.0019528128687924815
-0.00491076557646152
