# max_attributes; 15
# description; Stock and Watson 2012: US indicators
# number_predictions; 100
# predict; LHU15
# lag_parameter; 4
# horizon; 1
# name_prefix; us_data_stock_watson_2012
# predict_model; VARBayeRidge
# method; BayeRidge(n_components=all)
# prediction_type; rolling
0
-0.11600616117944113
-0.10847019645194994
-0.06834988223375107
-0.02379358906489413
-0.005435063200219133
-0.0033995050958074476
0.0018420781638057966
-0.00850305920232786
-0.004892631771662862
-0.008834591142945153
-0.007548557103194392
0.0013130873492502638
-0.012535919454919312
-0.010652331414631325
-0.01012581486341452
-0.027909807091371
-0.03370468649294055
-0.008292780954174012
-0.03491599441450735
0.005213761095029564
-0.022318732697082372
-0.029979888839046044
-0.007106349615432827
0.004006920682448843
0.005992517748289258
-0.007015614211422896
0.010267922495542304
0.047222089524741946
0.03804885420873668
0.049377029426736226
0.08001847767573918
0.033435301918565204
0.06989575723118809
0.03665391968064399
0.03271120906393905
0.008657089049252473
0.005566948254043616
-0.025537884225443033
-0.02272035660777296
-0.005081423218601445
-0.01681607322043393
-0.0072324495708422434
-0.047629446844309344
-0.03117229764064735
-0.021445692939416453
-0.05266129504944059
-0.01104201521913291
-0.007671373201971818
-0.007091154597730073
0.007311735587022237
0.00494266632089102
-0.011091585173581092
-0.007321965992550271
-0.015494026167452223
-0.01756610837573666
-0.009506490382988229
-0.029107880436848765
-0.02004942120941959
-0.03397042968086574
-0.002902711789749728
-0.004999426533631482
-0.0007989318996768947
-0.0012521848172171442
-0.006973209982726467
-0.014892873377101603
-0.024161813748142816
-0.00885834860390081
0.0023817591032718067
-0.011154282565453245
0.011328488225946107
0.028716482002994904
0.055070464436308364
0.08855208669155043
0.09404242327133505
0.07027998398847775
0.024098728869610998
0.03288793557705631
0.0031120266314142086
0.03524209929269
0.01745833164913065
-0.010820005423287388
-0.01863034735510881
-0.04115710474316411
-0.03132192897106317
-0.002254398626546684
-0.014685584309730926
-0.02366504411841531
-0.008977748413229115
-0.020593131627412633
-0.02363231318899668
-0.02049212568691449
-0.006553066605427789
-0.011264395822859078
0.0010427087680845643
0.012357375365999788
0.010181743374259162
0.015495937138536989
0.01518724993800719
0.05098736878118713
0.09056338623961985
