# max_attributes; 15
# description; Stock and Watson 2012: US indicators
# number_predictions; 100
# predict; GDP276_8
# lag_parameter; 4
# horizon; 1
# name_prefix; us_data_stock_watson_2012
# predict_model; VARLasso1
# method; Lasso1(n_components=all)
# prediction_type; rolling
0
0.0037448747978235165
0.0037493543944219685
0.003776164959398582
0.003783966026799805
0.0038158876359358413
0.003908155433129609
0.003945098418983674
0.003939449370175892
0.0040537753579524246
0.0041652319876043726
0.0042430633267338085
0.004330937419299302
0.004422846546727497
0.004437821009440189
0.00442428122578979
0.004486062092909815
0.004548918969326562
0.004646028808355571
0.004698215259246506
0.004753629738027604
0.0047729979053685685
0.004838186135261542
0.0048520845886775125
0.004861051332816849
0.0048898345815041174
0.004925880892944248
0.005068721127083871
0.005101270408309662
0.0051310399988522565
0.005249221686608706
0.005267872514418524
0.005358346962784426
0.005444876043729017
0.005582156896502251
0.005607712117299359
0.005667340965825944
0.005671824337895612
0.005637212705517776
0.005691909844767724
0.00567227267510258
0.005651469828699319
0.005652994175203006
0.005690116495939858
0.005820134285960231
0.005836991764942183
0.005838785113770049
0.005883977504232303
0.005920920490086368
0.0059392126481306136
0.005982701357206393
0.006035246477862903
0.006089046942698919
0.006150827809818943
0.006222203093168059
0.006240046914005338
0.006205883618834468
0.006200324237468077
0.006164636595793522
0.006055421652176408
0.006026997073254714
0.0060570356661214875
0.006010767266362515
0.006018658001205129
0.005989157412986715
0.0060440338871194516
0.0061738723422570365
0.006102407391466527
0.005991399099021549
0.0059657542107830475
0.006014443631459643
0.006075417491607127
0.006035246477862903
0.006162753579524261
0.006130204298298472
0.006112001807695618
0.0061015107170525945
0.00609523399615506
0.006097475682189893
0.006115498837909958
0.006091019626409572
0.006097565349631286
0.006060891366101405
0.006067347421881725
0.006076045163696882
0.006074072479986227
0.006029956098820694
0.006069499440475166
0.006064567731198531
0.006084384235746465
0.006171271986456631
0.006243633611661071
0.006233052853576656
0.006250986341855326
0.00620920131416602
0.00626174643482253
0.006315457232217152
0.006367912685432269
0.006438301626926057
0.006525637714843189
0.006544467877535795
