# max_attributes; 15
# description; Stock and Watson 2012: US indicators
# number_predictions; 100
# predict; LHU27
# lag_parameter; 4
# horizon; 1
# name_prefix; us_data_stock_watson_2012
# predict_model; VARLasso1
# method; Lasso1(n_components=all)
# prediction_type; rolling
0
0.006820145213302618
0.005638391179050246
0.0049792736916844105
0.004281000710019638
0.0033569310445641667
0.0026221129348870196
0.001703264002004758
0.0012869105792924964
0.001794626822035679
0.0018886000083531823
0.0023480244747942844
0.002547717495718995
0.00270564465605812
0.0021326692561500302
0.0020491375349789166
0.0018128993860418556
0.0016197322808336391
0.0014474481059182133
0.0012777742972893893
0.001191632209831677
0.0011877166604017857
0.001144645616672926
0.0011433404335296285
0.0010089065697698628
0.0012999624107254682
0.001408292611619259
0.00152314872822954
0.002066104915841787
0.002363686672513883
0.002791786743515844
0.0034652612454579555
0.0038555110053042694
0.00464645199014326
0.0059385833020089126
0.007096280750114831
0.007653593952303389
0.007592250344568349
0.006937048406632407
0.0062805412855531885
0.006337969343858304
0.006495896504197458
0.006247911706970696
0.005697124420498673
0.005100655724011185
0.004508102576953588
0.0033582362277074507
0.0032120557156580017
0.002696508374055055
0.002522919015996307
0.0024328613791087255
0.002966681284717878
0.00288575992983336
0.002658658062899369
0.00285443553439418
0.002894896211836426
0.0030228041598797197
0.0025346656642860066
0.0024459132105417
0.0018716326274902852
0.0018128993860418452
0.0015270642776594376
0.00015401161090924093
-0.0014748569519274842
-0.0030332456250260916
-0.0033843398905734623
-0.0033647621434239835
-0.002756546798646791
-0.0021940128638850784
-0.0025855678068746634
-0.0019486384329449168
-0.00152575909451616
-0.0005638391179050298
0.0006186568099235615
0.0020269494215428233
0.0034717871611744285
0.0037106356763980976
0.004804379150482368
0.004887910871653481
0.005698429603641951
0.005801539071962572
0.005574437205028578
0.005314705759512171
0.004265338512300028
0.002927525790418884
0.0022866808670592527
0.0015348953765192217
0.0014670258530676654
0.0011746648289687911
0.0009018815520193962
-3.9155494298967995e-05
-0.0013978511464728764
-0.002363686672513902
-0.005040617299419477
-0.005941193668295555
-0.00631708641356557
-0.004840924278494779
-0.0032916718873992087
-0.0022109802447479554
-0.0006069101616338821
0.0014109029779058452
