# max_attributes; 15
# description; Stock and Watson 2012: US indicators
# number_predictions; 100
# predict; Sfygt10
# lag_parameter; 4
# horizon; 1
# name_prefix; us_data_stock_watson_2012
# predict_model; VARLasso1
# method; Lasso1(n_components=all)
# prediction_type; rolling
0
0.004575492267954796
0.004302103250478016
0.00425562991289569
0.002137773528786938
0.002708731676226908
0.003910399405141284
0.003717867006585934
0.0030937964733375872
0.0021510516252390144
0.0007302953048651135
0.0006107924367962612
0.0012614191629488046
0.0016332058636074041
0.001334448693435325
0.0033128850647971366
0.00416932228595709
0.005251487146802648
0.004069736562566389
0.003936955598045473
0.002775122158487362
0.001473868706182287
0.0007037391119609193
5.9751434034426704e-05
-0.0002323666879116143
-0.00010622477161673315
0.0010024962821330002
0.001467229657956243
0.002250637348629713
0.0032132993414064324
0.0038307308264287233
0.002808317399617597
0.0032199383896324616
0.0038174527299766454
0.005676386233269606
0.006917888251540273
0.006512906309751436
0.0069510834926704915
0.006446515827490978
0.005709581474399828
0.005536966220522628
0.005185096664542184
0.005311238580837052
0.0041029318036966324
0.003432387932865967
0.002104578287656698
-0.00085643722115996
-0.0019386020820055215
-0.0010290524750371604
-0.002044826853622252
-0.0032199383896324564
-0.0013410877416613388
-0.0007701295942213702
-0.0002854790737199745
0.0011950286806883404
0.002881346930104114
0.0046074994688761655
0.0031137136180157325
0.0021842468663692454
0.0024498087954110993
0.0012083067771404415
0.00021244954323349115
-0.0024166135542808462
-0.0031269917144678082
-0.0014605906097301992
-0.0026688973868706166
-0.0037377841512640773
-0.0042888251540259235
-0.005384268111323553
-0.005908752921181219
-0.004959369024856588
-0.0018323773103887848
-9.958572339069383e-05
0.002741926917357114
0.003458944125770113
0.003067240280433394
0.0028680688336520086
0.004826588060335669
0.00605481198215424
0.005663108136817516
0.007714574038665816
0.009493838963246239
0.00890296367112811
0.005304599532611
0.002024909708944132
0.006685521563628643
0.006353569152326317
0.0048863394943700995
0.002111217335882723
-0.0033328022094752624
-0.002595867856384116
-0.0022771935415338922
-0.007588432122370938
-0.00604153388570215
-0.005497131931166357
-0.004056458466114309
-0.004102931803696632
-0.004016624176758031
-0.002297110686212025
-0.002277193541533891
-0.0003518695559804657
