# max_attributes; 15
# description; Stock and Watson 2012: US indicators
# number_predictions; 100
# predict; IPS43
# lag_parameter; 4
# horizon; 1
# name_prefix; us_data_stock_watson_2012
# predict_model; VARRidge1
# method; Ridge1(n_components=all)
# prediction_type; rolling
0
0.016293935053870563
0.017414956985819973
0.01120296472987144
0.0025306070154161135
0.0020920904447731016
0.0006957001088348726
0.002539076425528738
0.0029802063428152076
0.0057991625567283735
0.007521729683260848
0.005768837554142046
0.0040731699168829955
0.00798245061959547
0.009005454438616188
0.009520043374283154
0.011404492519359679
0.014933106594940033
0.004058345981973625
0.007889705690589093
0.0018391829102911111
0.006237439160908213
0.006389088458508961
-0.003199098677608176
-0.003927086509896939
-0.00029077013106039917
0.003504228257452691
0.005657887854829364
0.0013144554975743003
-0.009518834548305764
-0.01226360081039946
0.003194892350484966
0.011028079263870047
0.0036393774543062724
0.000528898593220058
0.010872401487103644
0.01048014405210358
0.004529722406531237
0.009318027444881145
0.003562027456926064
-0.0009202566249716187
0.009836313293615891
0.01117409739565569
0.017894757090928016
0.01002296546262307
0.014641347032745718
0.00947372444314956
0.003325060443154579
0.0038746303155408742
0.006745141854591692
0.006099113460211612
0.013498542046555161
0.014006259480809403
0.012433874252409594
0.014841264491409838
0.014507850372739621
0.01781613755182398
0.022589657049285755
0.013973767787743993
0.009925361019044381
0.011173069761838697
0.014076534193998595
0.009000115507941622
0.015147931503285495
0.01097975820779334
0.024266279031859173
0.016017962521940016
0.012974934737885697
0.000969951863100788
-0.0011632069724307756
-0.011996035682857705
-0.014297689191644414
-0.011945077857218777
-0.01373706873506665
0.001623264846659676
0.013694762478743731
0.007772409460579102
-0.0021647583563062624
0.0042465586919637
-0.008121809423836002
0.006797049826060398
0.010675340300876853
0.010562628277887228
0.010087099174007304
0.009368007779376908
0.011293345909803573
0.011860292127568322
0.00526615879544139
0.0007993477831512484
0.014853630812085183
0.008862636849094368
0.005374022473826886
0.002440812402726458
-0.0012701868722501475
0.005017840811438205
0.008048838986059091
0.006274589471061524
0.0013960180112743085
-0.0016062268619028057
-0.014519908411656268
-0.02479567329572755
