# max_attributes; 15
# description; Stock and Watson 2012: US indicators
# number_predictions; 100
# predict; GDP260
# lag_parameter; 4
# horizon; 1
# name_prefix; us_data_stock_watson_2012
# predict_model; VARRidge1
# method; Ridge1(n_components=all)
# prediction_type; rolling
0
0.017190216899526687
0.006140194271908076
0.011915191364927859
0.006316142518191981
0.005585559361987064
-0.0006602057007344376
0.00492173592100425
-0.0010373634858699488
0.005422990326331346
0.0003315097209861961
0.005372224549457955
0.0009172020871950784
0.0036579408153299656
-0.004587389889029268
0.005190637085965724
0.007620017932840886
-0.002439947312662993
0.007450592567431065
0.006119377116547319
0.004688219554783845
0.005044391207547057
0.0064003174461894335
0.007230902594349725
0.0040511738048796654
-0.0017746431196535174
0.002565122981879379
-0.0033353277552732722
0.0017353773914305535
-0.002073619156355025
-0.0074731321479645264
0.00018938428237365345
0.004566972800275957
-0.0006603773478000819
0.0015350945562515115
0.01171168016032915
0.008099291645510884
0.009994922699049131
0.006334609250830077
0.010490313097601556
0.004382893158717994
0.013353672858407986
0.011216406729736313
0.004322046496640849
0.010009691681939253
0.01781847679414061
0.0159555250988246
0.004757473244562621
0.005098281097089735
0.010738891901374163
0.009591183001327802
0.010106755042632313
0.01482802828076801
0.011869113613630822
0.011901750149811811
0.017498155583998642
0.02320977618779535
0.010907586813603962
0.02337818426656602
0.01890544114565424
0.014879246938304773
0.02100190603051564
0.018660961966354
0.02222993756218182
0.023687650643764067
0.007023156863846756
0.027160776780586187
0.022256399698165518
0.0053640620602630265
0.006829001806799004
-0.0002672273498534553
-0.026478677399459766
-0.01734470008598519
-0.012945903850752873
-0.01993112328686447
-0.0002907521670943323
0.007117634384881791
-0.009125571002613402
-0.0011276379068233247
0.013990653899027431
0.016782033360661888
0.00919918970058482
-0.00016676934560206757
0.023478632840219626
0.024820297806773826
0.022214848219126587
0.011306285616953946
0.017522547503194437
0.019887131405701912
0.013988769183719312
0.03072165243381751
0.008344633469224308
0.002038773178448518
-0.0030780502263403585
0.0026987629461735713
0.005487225767766503
0.008912366985908145
0.004157852279908218
-0.0008743264954224877
-0.012179126838937012
-0.016863228683461462
