# max_attributes; 15
# description; Stock and Watson 2012: US indicators
# number_predictions; 100
# predict; PMP
# lag_parameter; 4
# horizon; 1
# name_prefix; us_data_stock_watson_2012
# predict_model; VARRidge1
# method; Ridge1(n_components=all)
# prediction_type; rolling
0
0.04568403626520793
-0.21611987166864172
-0.003982904714551675
-0.17181816705981473
-0.05160287590085866
0.0023615168924903257
-0.026709510983054213
0.037937443193689045
0.09819711748727636
0.014044560423847496
0.040896785392145606
0.036096802880332554
0.030830824448583517
0.0776704469967466
0.014637549760178267
0.06322060179689022
-0.025487961300548964
-0.12213060334843126
0.022111581011039674
-0.06479813039900441
-0.001239808016922853
0.00127761522342181
-0.0830471110751153
-0.08715715367198253
0.04874764145727675
0.020825022698994063
0.03944259119287853
-0.0907706470354307
-0.07837561154663387
-0.03863122250978038
0.19278691093660152
0.2257198422545835
-0.10441017958307992
0.022363359808574096
0.04996651458365899
0.014028275421836763
0.052549533310471845
0.07871483704203418
-0.1322101673032917
0.0089317268742889
0.04729071966324996
0.04741347424409961
0.04035080162090838
-0.05108862156142501
-0.0014207350403212674
-0.08804648679581596
-0.13279498582833313
0.03660473841751466
-0.04222822184623013
0.034529848113681
0.11451116071097536
0.003347780315676162
0.04178422639933417
0.001545245159293598
-0.06749542115465908
0.008085379050690338
-0.01858823649056737
-0.06051956575247325
-0.0362675654743722
-0.017750460408150672
-0.014666929989600267
0.04733487283123786
0.08872038417441089
-0.02465951933135648
0.06141705077294537
-0.0275885001093946
-0.05324607353916094
-0.10872909600632391
-0.07595019457916885
-0.1022958450553889
0.05672869417998137
0.1523629581591606
-0.06947281256042845
0.19145755909789208
0.10953862470984783
-0.10350488561919956
-0.03500279304852967
-0.029380371764736193
-0.025647649419402098
0.15400885128718217
0.15296143871129336
0.0064500524300113125
-0.03458953457174162
-0.055873105349853944
-0.08179148692853139
-0.0021306468549232805
-0.047552177326653046
0.007417312191684471
0.06364835363609128
-0.06683752495092146
-0.00691916249128555
-0.05452414727237562
-0.07136345998756281
0.02300106988193142
0.07304339898385362
-0.05442841690494214
-0.055762406508094796
0.02171972188912441
-0.04791041703812209
-0.017320522205668855
