# predict_model; Vecm
# max_attributes; 15
# description; Stock and Watson 2012: US indicators;;;;;;;;;;;;;;;;;;;;;;;;;;;;;;;;;;;;;;;;;;;;;;;;;;;;;;;;;;;;;;;;;;;;;;;;;;;;;;;;;;;;;;;;;;;;;;;;;;;;;;;;;;
# number_predictions; 100
# predict; GDP276A
# lag_parameter; 4
# horizon; 1
# name_prefix; us_data_stock_watson_2012;;;;;;;;;;;;;;;;;;;;;;;;;;;;;;;;;;;;;;;;;;;;;;;;;;;;;;;;;;;;;;;;;;;;;;;;;;;;;;;;;;;;;;;;;;;;;;;;;;;;;;;;;;
# method; Hits_granger__graph(n_components=3)
# prediction_type; rolling
"V1"
0.00686772878769337
0.00768257136110156
0.00577999381003268
0.00617307189865536
0.00654787017659078
0.00525254100199225
0.00583279518427387
0.00506316579965577
0.0059419333301917
0.00626389765700685
0.00553032137803814
0.00795805172794475
0.0065839708494839
0.00559651466640746
0.00608582690205863
0.00467830787385163
0.00703654118535855
0.00629421420972232
0.00704978046639023
0.00760834043515596
0.00774153671004711
0.00632939260157117
0.0077653843521679
0.00677611347163526
0.00702639038769794
0.0075342801828169
0.00703576878465597
0.0105584079369904
0.00848407906740016
0.00718321422612912
0.00786159630161502
0.00544250653648707
0.00591774171695029
0.00669533403512579
0.00667968794693926
0.00774824421391877
0.0061418578240321
0.00565003994427978
0.00700003573871009
0.00507891714319556
0.00481598648666792
0.0048837330098828
0.00414323931076575
0.00689329539037762
0.00509734445387573
0.00493656034951909
0.0070810236542679
0.00442381989158324
0.00506549430214797
0.00520309816286913
0.00508039721744082
0.00500716907720191
0.00646099245797476
0.00539074962169201
0.00443433534216943
0.00529830241165907
0.00461724802957036
0.00353478232356916
0.00443700245717385
0.00371360799185179
0.00472546534185974
0.00356406277098225
0.00450973244439044
0.00486161991351122
0.00524206802637615
0.00732834881715854
0.00685135189933311
0.00445672049977802
0.00514936180107546
0.00852028790677709
0.00592829264946055
0.0045441090536607
0.00702743745335267
0.00587192929003878
0.00689081982006088
0.00582543773869282
0.00712588513909326
0.00836406911661128
0.00677001596950959
0.00746751135006009
0.00839330558993628
0.00780442488965835
0.00909821844172964
0.00757806648984107
0.0091663352852864
0.00811376441146915
0.00858388426430389
0.00831488865690725
0.0110838833434858
0.00729716707109809
0.010791993121464
0.0094485498438548
0.00721513214953393
0.00813030496712987
0.0101490631282854
0.00678868599945031
0.00908865957944628
0.00986678784232796
0.0129622544059523
0.0123218224721505
