# predict_model; Vecm
# name_prefix; us_data_stock_watson_2012;;;;;;;;;;;;;;;;;;;;;;;;;;;;;;;;;;;;;;;;;;;;;;;;;;;;;;;;;;;;;;;;;;;;;;;;;;;;;;;;;;;;;;;;;;;;;;;;;;;;;;;;;;
# description; Stock and Watson 2012: US indicators;;;;;;;;;;;;;;;;;;;;;;;;;;;;;;;;;;;;;;;;;;;;;;;;;;;;;;;;;;;;;;;;;;;;;;;;;;;;;;;;;;;;;;;;;;;;;;;;;;;;;;;;;;
# lag_parameter;4
# number_predictions;100
# horizon;1
# max_attributes;15
# predict;GDP286A
# prediction_type;rolling
# method; Part-GFS_te(n_components=15)
"V1"
0.00583300558649081
-0.00259676667551789
0.00481525453870821
0.00415725696389082
0.00778924635645349
0.00625973613240826
0.00997627681004057
0.0038589076758779
0.000686507269382759
0.00348022923042358
0.00343932347647488
0.00397550187586104
-0.00612819179836452
-0.00243563898694739
0.00603697289553652
0.00635772004898802
0.0147875114049277
0.000442564374563818
0.01857551223823
0.000227048819508364
-0.000135173635982914
0.000238236659644291
0.00317873172826876
0.00998815150934776
0.00862656769555434
0.00672013478631943
0.00355479920812231
0.00459990539197935
0.00366874198859655
0.00239682011465518
0.00550512846556574
0.00558159158345677
0.0101418503386394
0.00958511472001593
0.00364735736461651
0.00527882113351605
-2.09074039926153e-05
0.00184945171594027
-0.000421626662732704
8.3301196831382e-05
0.00680052503358685
-0.0144978536399165
0.0025995070403031
0.0106168130736717
0.00602520732915422
0.000614196784285901
0.00373284725263521
0.00261279318142562
-0.00831379441173368
0.00363691415762366
0.00233977020332616
0.00886836017080665
0.00262471559005306
0.00194086947941675
0.00635922935680087
0.00340531943081911
0.0108624875839521
0.00317084319017456
0.00211793397361651
0.00323621260453533
0.00932153648579006
0.00291412586062189
0.00555823310373381
0.00949962073510115
0.0109247108753293
0.00117171892083725
0.00636012496245903
0.0127237976411968
0.0110236445698293
0.0124311653147284
0.0127167913241793
0.000112208226152064
0.000995565843408375
0.0193374826174774
0.00173713749648347
0.0107241849353327
0.002226188469049
0.00831235488934863
0.01047342366866
0.0098101741459584
0.00782197588770218
0.0174333769894639
0.00936775616811757
0.00462092994572828
0.0172504567562591
0.0105329657318704
0.00956627882659076
0.0177132198610393
0.018539675725652
0.0123145372631357
0.0178498268616334
0.0145907291681746
0.0075401240141693
0.0144979116551792
0.0078477275390744
0.0146729450482887
0.0191932078517086
-0.00144362106986761
0.0241984206777316
0.0208015471746261
