# predict_model; Vecm
# name_prefix; us_data_stock_watson_2012;;;;;;;;;;;;;;;;;;;;;;;;;;;;;;;;;;;;;;;;;;;;;;;;;;;;;;;;;;;;;;;;;;;;;;;;;;;;;;;;;;;;;;;;;;;;;;;;;;;;;;;;;;
# description; Stock and Watson 2012: US indicators;;;;;;;;;;;;;;;;;;;;;;;;;;;;;;;;;;;;;;;;;;;;;;;;;;;;;;;;;;;;;;;;;;;;;;;;;;;;;;;;;;;;;;;;;;;;;;;;;;;;;;;;;;
# lag_parameter;4
# number_predictions;100
# horizon;1
# max_attributes;15
# predict;GDP275_4
# prediction_type;rolling
# method; Part-GFS_te(n_components=15)
"V1"
0.00252563358793788
0.00817864129108702
0.0058027775805442
0.00395324318559685
0.00703853815796826
0.00708355509066962
0.00712269068222258
0.0031594222451889
0.00889108235289646
0.00762253345848871
0.00562561858151832
0.0073316830486553
0.00428529140925114
0.00900567586597749
0.00702255468104237
0.00769120751135098
0.00428053912201202
0.00983174768121313
0.0097332934342568
0.00853356326326094
0.00965958837086466
0.00917537582689891
0.0139578826996482
0.0118151756840946
0.00923886327731249
0.00949105914506085
0.0122831665128925
0.0106571789064689
0.00837354265719846
0.0115358956904176
0.0114651029801527
0.0094653622602711
0.007447496094754
0.00871127286772532
0.00794006859476403
0.00902825642541755
0.000830847594521617
0.00398200852744622
0.00531346431868215
-0.00277472563420298
-0.00699445920263014
0.00138556356764948
0.00768336591861333
0.00361943977996433
0.000242958874279324
0.002228009987835
0.00303288505960552
0.00573631406782459
0.00462186690505107
0.00462946669524827
-0.000102192838192881
0.00245001424955885
0.00148939099012297
0.002942330945904
0.00456885249476803
-0.0026800103282967
0.00353575069462775
0.0046202304759366
0.011847675248082
0.00503711732720693
0.00623396760490983
0.0199406811279031
0.0143407458918783
0.00549592994150054
0.00623278642065036
0.0049956778391856
0.0100231643150656
0.00889993716250284
-0.00140883970734305
0.0104367633791927
0.0132566209353715
0.00757063624141473
0.00775573761719099
0.00242342751140118
0.00721960557444937
-0.000681882798524593
-0.00304573498006066
-0.00377025580189813
-0.00121609838798454
0.00688140370823249
0.00055043649206269
-0.00202589434046126
0.00281311596045541
0.00311796119607226
0.00468050417752643
0.00320880624124884
0.00311872657831465
0.00562937291384132
0.0020806202360089
0.00832154739543403
0.00368661339108343
0.00644083001887427
0.000683881227421466
0.00693487044407596
0.00618211636787128
-0.00189951745985281
0.00375537745542198
0.00996343572545454
0.00733328507293065
0.0101311798460635
