# predict_model; Vecm
# name_prefix; us_data_stock_watson_2012;;;;;;;;;;;;;;;;;;;;;;;;;;;;;;;;;;;;;;;;;;;;;;;;;;;;;;;;;;;;;;;;;;;;;;;;;;;;;;;;;;;;;;;;;;;;;;;;;;;;;;;;;;
# description; Stock and Watson 2012: US indicators;;;;;;;;;;;;;;;;;;;;;;;;;;;;;;;;;;;;;;;;;;;;;;;;;;;;;;;;;;;;;;;;;;;;;;;;;;;;;;;;;;;;;;;;;;;;;;;;;;;;;;;;;;
# lag_parameter;4
# number_predictions;100
# horizon;1
# max_attributes;15
# predict;PMDEL
# prediction_type;rolling
# method; FCBF(n_components=14)
"V1"
-0.156576570561413
0.0473595561828215
-0.492969387502903
0.170237371238254
0.511194397454311
-0.105414808321282
0.180780128164483
-0.319206427388016
0.0313677490444139
0.0904475909963015
0.526779505872017
-0.118540221904989
0.0898776882556488
-0.397846727621444
-0.0864588420070115
0.329239833346518
-0.307401213658124
-0.111448614028376
0.262504080631754
0.0320191583689705
0.188144475374266
-0.0312859442807942
-0.0983076490104517
-0.207438668041108
-0.0030434296854915
-0.0589870030651047
0.0897604687936474
-0.186498481478712
0.0465435681592472
-0.187296547722535
-0.164443900728409
0.164838343062085
0.315330844268574
0.0307715143728268
-0.27176628658754
-0.347382741714377
-0.207818864134358
0.0957340213656967
0.0197102413816917
0.0638228376459754
-0.0136712139580319
0.0383480975873448
-0.160727523337353
-0.0423050104495819
-0.0640731776396322
-0.101236915554398
-0.0539765456614777
0.0818563294853427
0.135568496917382
0.229984276927324
0.0643431965840179
0.0455363000863424
0.104974497862619
0.0541355601101622
-0.172302180937296
0.19513663686578
-0.0377405834310204
0.0208185563492423
-0.0950715722442224
-0.374716649048279
0.0952777110436391
-0.115350579726601
0.0482182944711683
-0.0274611958139621
0.127722350581253
0.110055046338359
-0.0416211431745116
-0.107117488089127
-0.0188684034541083
0.0428844191321234
0.0620707537922527
0.0990471166324423
0.14909900275766
-0.0186570779559414
-0.167423848138054
0.00183097562675706
0.148191576753907
-0.0275121588846502
0.206938969335264
-0.053141713647185
-0.0106906901517894
0.0367596827718735
-0.115944371652073
-0.0756322720346694
-0.0381545063326315
0.045279753162022
-0.167813362142297
-0.0550221313223332
0.0425957638580152
-0.017065446453199
-0.0352078598698661
-0.0198611877970504
0.100423438184163
-0.0889668392402811
0.117860202514222
-0.0808678476382602
0.0246307800478473
-0.0356628524948917
0.12488984665688
-0.0483071276444008
