# predict_model; Vecm
# name_prefix; us_data_stock_watson_2012;;;;;;;;;;;;;;;;;;;;;;;;;;;;;;;;;;;;;;;;;;;;;;;;;;;;;;;;;;;;;;;;;;;;;;;;;;;;;;;;;;;;;;;;;;;;;;;;;;;;;;;;;;
# description; Stock and Watson 2012: US indicators;;;;;;;;;;;;;;;;;;;;;;;;;;;;;;;;;;;;;;;;;;;;;;;;;;;;;;;;;;;;;;;;;;;;;;;;;;;;;;;;;;;;;;;;;;;;;;;;;;;;;;;;;;
# lag_parameter;4
# number_predictions;100
# horizon;1
# max_attributes;15
# predict;IPS18
# prediction_type;rolling
# method; FCBF(n_components=5)
"V1"
0.00108695325135461
0.0046729689838757
0.0105945053963662
-0.0112912593064528
0.00402614454114886
0.00830936332526291
0.00142492962863282
0.00451527854490945
0.00112348999625612
0.0100652209309278
0.0139909788751648
0.00841198329594677
0.0059034000923823
-0.00277421628277525
0.0266439462074643
0.0109795132452511
0.0123907455173902
0.0209745125207686
0.00158966787611128
0.0065368711668461
0.00129924041731274
-0.0026353634657904
-7.48615337949727e-05
-0.00948087775458242
0.00955761338810379
0.00902118103847219
0.006112833832533
0.0111398402110581
0.00242804610508565
0.0033953205703289
0.00866737946411865
0.00335992461094829
0.0020738385299416
-0.000326288752038735
-0.00464092599767738
0.00918169882188307
0.0107608486133728
0.000728347380430418
-0.00413459088338344
0.00891469282165614
0.00255740403789702
0.00506889346708909
0.0132424521158556
0.0085153292317153
0.00759439970781728
0.00868795173894983
0.00619228910175514
0.00826088233401336
0.0050933247119266
0.00390462781273435
0.00572322285488462
-0.00201931368815035
0.00445773401847813
0.0121362331629646
0.00424680967830108
0.00541667223277222
0.0190215565185295
0.0193982355451866
0.000117946635153201
0.00653908773712843
-0.0151219020602252
-0.00544381047579348
0.00325944871181585
-0.0118065477205936
0.0142573007715359
0.00882419338275923
-0.00299534628970976
0.00379205521907413
0.00847992325237084
0.00376374095346567
-0.00237318346979341
-0.0108701889180738
0.00503875818933982
-5.91050202939169e-05
0.0070501849871487
0.00430250053260599
-0.00303780408999811
-0.000427578219727503
0.00824443760039961
0.00302251664664074
-0.0059771633352061
0.00569433910735881
0.00451163212766829
0.00412949087659409
0.00788107355479957
0.0156949252286661
0.0201501042345112
0.0152946569718311
-0.00238857680447137
-0.00925508792519644
-0.000434711074497388
0.00567241817916139
0.00912765117775951
0.0114635662749075
0.00142977523074153
-0.00281349017592316
-0.0028767240931749
-0.00459260164733425
0.00514982362329316
-0.0282410886183638
