# predict_model; Vecm
# name_prefix; us_data_stock_watson_2012;;;;;;;;;;;;;;;;;;;;;;;;;;;;;;;;;;;;;;;;;;;;;;;;;;;;;;;;;;;;;;;;;;;;;;;;;;;;;;;;;;;;;;;;;;;;;;;;;;;;;;;;;;
# description; Stock and Watson 2012: US indicators;;;;;;;;;;;;;;;;;;;;;;;;;;;;;;;;;;;;;;;;;;;;;;;;;;;;;;;;;;;;;;;;;;;;;;;;;;;;;;;;;;;;;;;;;;;;;;;;;;;;;;;;;;
# lag_parameter;4
# number_predictions;100
# horizon;1
# max_attributes;15
# predict;GDP266
# prediction_type;rolling
# method; Part-GFS_te(n_components=1)
"V1"
0.00542308735332659
0.000507896785777277
0.00658577431193872
-0.00921767030404256
0.0165016295417265
0.0235257991407913
0.024664312089676
0.0338811876557908
0.0318027886294857
0.0228256696915953
0.0192336674420869
0.0270206774782274
0.0181815221441069
0.023824134857047
0.0201799722685454
0.00514627633949335
0.00638232695119938
0.00248319944992466
0.00266370624293255
-0.0172213669324267
-0.0109080604658522
-0.00338082967093205
-0.000292591089050785
0.0140133722890996
0.0284886024130535
0.0160032963337883
0.0109389884584617
0.00916243333447776
0.00645339564677826
-0.00832897852928759
0.0130069459132424
0.0211452027821013
-0.00216513096833321
-0.0104322832316603
-0.0164903081822678
-0.0173341936636121
-0.018094725600605
0.0088702741455255
-0.00647628361155279
-0.0222753416127514
-0.0150333348547443
-0.0370149717287404
-0.0202135667585573
-0.0199974379118124
-0.0231013714216006
-0.0155180817061654
-0.0151416712211721
-0.00432066476836526
-0.0156897975258129
0.000558961653086768
-0.0120336581525597
-0.00935847935358784
0.00218968714292254
-0.00254016680211566
-0.00562039191581816
-0.0193459072246361
0.00495709459087284
-0.0066133508966923
0.00100707512575306
-0.012248825557064
-0.00120960306173796
0.00212424134460652
0.00846007528177598
-0.00385540196620436
-0.00312571859716694
-0.00217263597735765
0.00607430811150574
0.00255212257885588
0.00517375059770409
-0.00231128664476737
0.00634351542157677
0.00499445496428926
0.0276780919961909
0.0294724102789396
0.0290518550951043
0.0169054825894111
0.0151705995194676
0.027274737015816
0.0288389570814799
0.0265699960545581
0.042908604672496
0.0391477235605314
0.0206726690047707
-0.00090449042214936
0.0196098013401015
0.0180390399892375
0.0082181296286144
0.00398320695280843
0.0194743491635752
0.0044642068471108
0.00805720509890223
0.0149917064265888
0.000420503807880497
0.0173060673373697
0.0184314599940135
-0.00565868195263634
-0.000697216151624943
0.0228008353501748
0.0205272060962977
0.00216695461722179
