# predict_model; Vecm
# max_attributes; 15
# description; Stock and Watson 2012: US indicators;;;;;;;;;;;;;;;;;;;;;;;;;;;;;;;;;;;;;;;;;;;;;;;;;;;;;;;;;;;;;;;;;;;;;;;;;;;;;;;;;;;;;;;;;;;;;;;;;;;;;;;;;;
# number_predictions; 100
# predict; LHU5
# lag_parameter; 4
# horizon; 1
# name_prefix; us_data_stock_watson_2012;;;;;;;;;;;;;;;;;;;;;;;;;;;;;;;;;;;;;;;;;;;;;;;;;;;;;;;;;;;;;;;;;;;;;;;;;;;;;;;;;;;;;;;;;;;;;;;;;;;;;;;;;;
# method; Hits_te_(n_components=9)
# prediction_type; rolling
"V1"
-0.0541008410212625
-0.049615878351672
-0.0580711661913365
0.0637022590058927
-0.0390149886943272
0.0417751241209587
0.0435441253126252
-0.0490152870944762
0.004264041550335
-0.0625116104563912
0.0322040240384696
-0.0193020188946171
0.00260098799668507
0.0118459536024815
-0.0597222343717227
-0.0155461353691364
0.0334307921305065
-0.151792477304833
0.045055518988692
0.027714411744129
-0.0506988698664698
0.0560572102245301
0.00789785080358659
-0.00387919278142198
0.0053135885637619
0.0260798777224427
0.000478636943211037
-0.0364330062370045
0.038973092242074
0.0581263474787063
0.0111591513650808
0.00557383371890245
0.0166461235899418
-0.0512408256252542
0.0129704334737935
-0.00714700818875554
-0.0205393611754161
-0.0103373901497803
-0.00265927059173757
-0.0153235070239655
-0.0123410192472787
-0.0702486830127228
-0.0718593444323385
-0.0864072278507947
0.00166484121475769
-0.0253090922503387
-0.0116623874382828
0.0432150434829322
0.0393939136058339
-0.0167203793684884
-0.020046926625049
-0.0219403962914656
-0.0199468524041439
0.0211096857588291
-0.00580044818582589
-0.0841443809648728
0.0147203354108483
0.0705563332064254
-0.00678219798532795
0.0130427872310827
-0.035921332200295
0.0163874298894614
-0.00635865589644009
0.0250359019687689
-0.0146005563826693
-0.0236083096471356
0.0806973328060507
-0.082696148888985
0.00625844616963612
0.0392456165192992
0.0523217783809074
0.0249507641599052
0.0423019874937792
0.0706658438950915
-0.0639321783276746
-0.0180750124607213
-0.010091534550335
0.00949046893479929
0.00354072565060701
-0.00336607893375479
-0.0766691700326186
0.0173696612283982
0.00368183153667942
-0.027569148219632
0.00753038309557106
-0.0229279034838547
-0.00720284558607641
-0.0680943802727791
0.0200717137534526
-0.00715622797797896
0.0255618657378144
0.00308031133097789
-0.0191788702700314
-0.0103233090670926
-0.044569985781923
0.0351219660423701
0.0382481408979427
0.0372343121246733
0.0755403511416462
0.0121506921285455
