# predict_model; Vecm
# name_prefix; us_data_stock_watson_2012;;;;;;;;;;;;;;;;;;;;;;;;;;;;;;;;;;;;;;;;;;;;;;;;;;;;;;;;;;;;;;;;;;;;;;;;;;;;;;;;;;;;;;;;;;;;;;;;;;;;;;;;;;
# description; Stock and Watson 2012: US indicators;;;;;;;;;;;;;;;;;;;;;;;;;;;;;;;;;;;;;;;;;;;;;;;;;;;;;;;;;;;;;;;;;;;;;;;;;;;;;;;;;;;;;;;;;;;;;;;;;;;;;;;;;;
# lag_parameter;4
# number_predictions;100
# horizon;1
# max_attributes;15
# predict;LBPUR7
# prediction_type;rolling
# method; Part-GFS_te(n_components=1)
"V1"
0.00537931299701191
0.000312711630429434
0.000981987063267732
0.000672047215032344
0.0081724117861204
0.000853303228232684
0.01077424700153
-0.000318857188321643
0.00417390432192593
0.00424584572020289
0.0116248026454337
0.00846165222116584
0.00442919296586426
0.00963606030679156
0.00146538085072077
-0.00149518491645753
0.00908861064058252
0.00567367029195034
0.00203804399538541
-0.00504420537618552
0.00759916479320617
-0.0049060146251477
-0.0126580686072052
-0.001544194035352
0.00382440717274446
0.00289351111483792
0.0043930806068973
0.00808768829536261
0.00140779060572924
-0.00222378817694362
-0.00158776836129903
0.0035264484431072
0.00767091711936912
0.00748950291747541
0.00336030453082452
0.0115714613637788
-0.00470622970239594
-0.00466272742575831
0.00112366744517431
-0.00290249238054872
-0.00249736185860284
0.00372008849903423
0.00228538969760556
-0.00342534895440857
-0.00102282707125826
0.00196733920160654
0.00512161608385104
-0.00248488427127425
0.00138711907131093
0.000214043435130967
0.000313831175021653
0.00231935626836993
-0.00176049272142932
-0.00491065373357572
0.00190288650215535
0.00322012568304972
0.0103186760766572
0.0203568966040422
0.0210921077292413
0.0173965830245418
0.0135274317026895
0.012168513537635
0.00408230622655696
0.00132441141430777
0.0147895518711729
0.0331723262123116
0.00369314663252242
0.00520390422403188
0.00378527856288466
0.00855667340601654
0.00159192261064793
0.00630103220157432
0.00903890171189861
0.0118244078843105
0.0180005254042713
0.0121268737406854
-0.00471468621966403
0.00885884250545432
0.0193693964764893
0.0119637326848903
0.015402765692009
0.00539733542568472
0.000909304822666924
0.0107420937616878
0.0123668483297333
0.00697868869918926
0.0012585888919516
0.000287797113590529
-0.000340112993889607
0.00802810172494992
0.00591410930765442
-0.0023226231369472
0.0175822831389129
0.0123850726963182
0.00522304649869678
0.0103596843028326
0.00915565968222784
0.0073471575879086
0.0025424455929538
-0.000658305893684567
