# predict_model; Vecm
# max_attributes; 15
# description; Stock and Watson 2012: US indicators;;;;;;;;;;;;;;;;;;;;;;;;;;;;;;;;;;;;;;;;;;;;;;;;;;;;;;;;;;;;;;;;;;;;;;;;;;;;;;;;;;;;;;;;;;;;;;;;;;;;;;;;;;
# number_predictions; 100
# predict; GDP272A
# lag_parameter; 4
# horizon; 1
# name_prefix; us_data_stock_watson_2012;;;;;;;;;;;;;;;;;;;;;;;;;;;;;;;;;;;;;;;;;;;;;;;;;;;;;;;;;;;;;;;;;;;;;;;;;;;;;;;;;;;;;;;;;;;;;;;;;;;;;;;;;;
# method; Hits_te_(n_components=7)
# prediction_type; rolling
"V1"
0.000953199307055421
0.00574002739338142
0.00537892925451863
0.00521115724763887
0.00515979338585085
0.00513716143242585
0.00602239039015205
0.00481460161745308
0.00465365716706521
0.00527763668748265
0.00478092618424725
0.000202592442392071
0.00420892378534312
0.00643063888104357
0.00351096866775876
0.00190420919529302
0.000831890829679864
0.00667905647208842
0.00709225926267325
0.00528519021446128
0.00504379125761435
0.00810559980762978
0.00718726696910305
0.00314165960346343
0.00549737313312038
0.0100491597748881
0.00998212933694213
0.00678950588632043
0.0111922958185444
0.00797504860375051
0.00517022633988576
0.00625725053996593
0.00385324280350074
0.00395997727797934
0.00517222185240811
0.00338447177438758
0.00457385270079793
0.00550674814695461
0.00167244657978394
0.00550768215840836
0.00549929103846806
0.00405576404363826
0.00389266269750823
0.00571012729510925
0.00466499773085124
0.00426819800192814
0.00590958204728145
0.0055767605004622
0.00308115102893528
0.00221425868736285
0.00314949908416233
0.00401747585378012
0.00563020968498116
0.00424700047950508
0.00449803565908828
0.00212821067268692
0.00246398230843867
-0.000302552972685572
0.00254064655801191
0.00478552554405274
0.00190221721672539
0.0008582594518069
0.00418219164726642
0.0046053102413163
0.0028081426826264
0.00539973975393475
0.00345142755413386
0.00555469220282501
0.00624496261907036
0.00508250625834749
0.00768326946600115
0.00498062244102748
0.00597282282108451
0.00234495236296603
0.00104042124024315
0.0051685614912718
0.00541726538019429
0.00549143356003046
0.00588027936019059
0.00516895942405685
0.00548418405684604
0.0065635339881656
0.00932183942902232
0.00886169389423723
0.00890712372981642
0.0109659898690342
0.00593829653889273
0.00922290328796905
0.0102829968312097
0.00897284581623877
0.0117137121954232
0.008094393845298
0.00822353185064813
0.00860986382273244
0.00779350208160453
0.00451033526015816
0.00996029636195344
0.00544387144166813
0.00912406655555432
0.00983742429279419
