# predict_model; Vecm
# name_prefix; us_data_stock_watson_2012;;;;;;;;;;;;;;;;;;;;;;;;;;;;;;;;;;;;;;;;;;;;;;;;;;;;;;;;;;;;;;;;;;;;;;;;;;;;;;;;;;;;;;;;;;;;;;;;;;;;;;;;;;
# description; Stock and Watson 2012: US indicators;;;;;;;;;;;;;;;;;;;;;;;;;;;;;;;;;;;;;;;;;;;;;;;;;;;;;;;;;;;;;;;;;;;;;;;;;;;;;;;;;;;;;;;;;;;;;;;;;;;;;;;;;;
# lag_parameter;4
# number_predictions;100
# horizon;1
# max_attributes;15
# predict;GDP274A
# prediction_type;rolling
# method; FCBF(n_components=13)
"V1"
0.00318832275708068
0.0155609456877421
0.00762630137476822
0.000270570246954918
0.0149637864836953
0.0105680562196149
-0.00224419983414148
0.00514233637426847
-0.000928758363928649
0.023249194095513
-0.0214043457710221
0.00197958574653012
-0.00111584895019471
-0.0115008352512022
0.0189848311306424
0.0264627939289013
-0.00603079671740755
0.0188503080031793
0.00271101116613466
0.0194433256367738
-0.0142384277434624
-0.00120586914386483
0.0213132688837845
0.00291136989712221
-0.000817982733783383
-0.0102083484468164
-0.00676591713002943
0.00185211701355343
0.0217597848826194
-0.00788198698061133
-0.0053320001984479
0.00317680539819921
-0.00759012050821145
0.0105932533490355
-0.00264835541245824
0.00767332490548147
0.0124029130582357
-0.00448976027934044
-0.00447558647487946
0.020528947732712
0.0308540345581637
0.00527456912780074
-0.00477777789572812
0.013796101805539
0.00829888183803775
-0.0041437977124293
0.00769979024396797
-0.0107384967826593
0.00727223203168819
-0.000344180175243807
-0.0248548689150667
0.00763006038164279
-0.00707927059881442
-0.0102818134378123
-0.0114414204381793
-0.0153659279241424
-0.0100207675694799
-0.0195161096008974
-0.00899793724919049
-0.0147667666470179
-0.0265074335806524
-0.0108761760981841
-0.000946771026665435
-0.00903739134574864
-0.0185080500490145
-0.00539245841911588
-0.00181899361222932
-0.0182013017322507
-0.00863492488345449
-0.0147666858529386
0.0164039681564819
-0.00798105343005617
-0.00275659306447885
-0.00880741821637627
0.0157586876724689
-0.0177528891974061
-0.012711430466267
-0.0291876752575959
-0.0201991917004712
-0.00932735896933516
-0.000575005166110393
-0.00185396748626239
-0.0180114994810043
-0.00318411362405361
-0.0062847767674629
-0.00532954426208053
0.00628457638552051
1.42184572466343e-05
0.00606113796733211
-0.0287810306490853
-0.0120934159956036
-0.00786043239414876
-0.013410759862387
0.0241910224659699
-0.0139793623465193
0.00577799343115292
0.00521813838131662
0.00813135181781308
-0.00656521730829367
-0.00970542942780902
