# predict_model; Vecm
# name_prefix; us_data_stock_watson_2012;;;;;;;;;;;;;;;;;;;;;;;;;;;;;;;;;;;;;;;;;;;;;;;;;;;;;;;;;;;;;;;;;;;;;;;;;;;;;;;;;;;;;;;;;;;;;;;;;;;;;;;;;;
# description; Stock and Watson 2012: US indicators;;;;;;;;;;;;;;;;;;;;;;;;;;;;;;;;;;;;;;;;;;;;;;;;;;;;;;;;;;;;;;;;;;;;;;;;;;;;;;;;;;;;;;;;;;;;;;;;;;;;;;;;;;
# lag_parameter;4
# number_predictions;100
# horizon;1
# max_attributes;15
# predict;Sfygt1
# prediction_type;rolling
# method; Part-GFS_granger_graph(n_components=8)
"V1"
0.442048404589883
-0.139231415937722
-0.128909470228753
0.120398881866051
0.153529521500593
-0.0345121453880144
-0.0776824086164375
-0.169423082384944
-0.0735712194209486
0.0565916875119725
-0.0435838734555351
-0.100928108692661
0.0416614899018606
0.100927395383316
-0.124826589213195
0.00208810047482776
0.0305182763874914
0.0217082958295154
0.0916479431185588
-0.118592399006912
0.244575602326871
-0.171748429352532
-0.00175527865022276
-0.0686591501031404
-0.162331878767614
0.127935281314626
-0.179955433280575
-0.12869810924863
-0.0267674464926056
0.291109432196539
0.188865019809294
-0.238381097527443
-0.156002332336488
-0.0376956969942498
0.106542883387552
0.0112585538900073
-0.0335534081872615
-0.00454378285031743
-0.128527608818304
0.0184591832645741
0.0739653727322263
-0.00166315111666637
0.0973938247778218
0.0204371414766547
0.316756528520665
-0.0999988713617152
-0.151860047242087
-0.0795280794995134
-0.0896672306891061
-0.00979668913480128
0.0494782483746068
0.065041523860174
-0.101766168334732
0.0159779234111952
-0.0438934541716264
-0.181982102801333
0.0239096267071666
0.00526930033370407
-0.109815709633548
0.034291688637514
-0.0181963514600458
-0.0267735978294222
-0.0648956492602169
-0.0741095008596455
0.0276451611625555
0.0705595062391144
-0.196631371461213
0.119950535900294
0.0632099004438865
0.0591185246145189
-0.025037932103823
0.108529493031757
0.157051189301939
0.0238870383428292
-0.0628681750381256
0.0662120224903941
0.0580313386177727
-0.0608918756872267
-0.129991383028475
-0.00200830813770243
0.0999996664752405
0.0927722775726387
0.0197705121645684
-0.0686464268793188
-0.0123156642878522
-0.00749507633396177
0.043668636046119
0.186297294770783
-0.17538803694693
0.124585942292623
-0.0159708611755615
-0.0600562533811018
-0.0441995129099634
0.104654820763788
0.0428858421308053
0.0234350109079565
-0.0245379700469404
0.0531741048036924
0.0805945170289638
0.0189786053590136
