# predict_model; Vecm
# name_prefix; us_data_stock_watson_2012;;;;;;;;;;;;;;;;;;;;;;;;;;;;;;;;;;;;;;;;;;;;;;;;;;;;;;;;;;;;;;;;;;;;;;;;;;;;;;;;;;;;;;;;;;;;;;;;;;;;;;;;;;
# description; Stock and Watson 2012: US indicators;;;;;;;;;;;;;;;;;;;;;;;;;;;;;;;;;;;;;;;;;;;;;;;;;;;;;;;;;;;;;;;;;;;;;;;;;;;;;;;;;;;;;;;;;;;;;;;;;;;;;;;;;;
# lag_parameter;4
# number_predictions;100
# horizon;1
# max_attributes;15
# predict;sFYAAAC
# prediction_type;rolling
# method; FCBF(n_components=7)
"V1"
0.105061194446557
-0.0605763954527585
0.0128206875667158
-0.080554535511452
-0.150813648121163
-0.264842770278924
-0.0405324896901157
-0.142678785022248
0.145913259899119
0.205101770137931
-0.00392567582137813
0.0446147385596688
0.0832718312729771
-0.0721735905846634
0.0827493720089471
-0.00301940759437437
-0.366290612686114
-0.0982408500915269
0.0121094378282718
0.111810130421293
0.269268908410164
0.0494233197207836
0.0215423407605626
-0.113514179166342
-0.0744336389741595
0.0529630637954627
0.0720674869013484
0.191441181765914
-0.02171694619558
-0.0369705919130366
-0.155343728760387
0.108321413362702
0.0120983213345662
0.0157595421182099
0.092703468417548
-0.0486451488962563
0.0730282949867624
-0.000551526165097963
-0.057608279058659
0.166572028663091
0.339862560611345
0.169039056209322
-0.148724122756241
-0.137865803330124
-0.16141347284524
0.0574692723941515
-0.00963067071401127
-0.000922860881870075
0.111591265002511
-0.0992081542736402
-0.0744962176852297
0.236973178374013
-0.114897120454337
0.0960459933278803
-0.0151657930629927
0.0648503337761335
-0.311679364207351
-0.315676965668353
-0.0151253668658502
-0.0735848340620384
0.00294433198079587
-0.082774698460521
0.0394045381521499
-0.602859186746294
0.0864535939648996
0.168201684388626
-0.0527459258132311
0.154257551271527
0.337130237597243
0.00070083373989238
-0.183412916961704
0.381865379921054
-0.438527428968505
-0.502901180248166
0.0678678128773784
-0.0453619026397302
0.149105427808199
0.537292551473718
0.0689824984026317
0.172952415672763
-0.168703337161127
-0.163812960528932
-0.016298969624001
-0.0403569148077396
-0.0554769565776371
-0.00312365206369127
0.00506572851609265
-0.145575430728905
0.00802910520530376
-0.104183914108098
0.129584357429675
-0.0908638553929176
-0.0713356061223645
0.0366649865057837
-0.0963970738509686
0.0247234857623767
-0.116998242606143
0.0895912784116276
-0.115515169286331
0.0111522299459184
