# predict_model; Vecm
# max_attributes; 15
# description; Stock and Watson 2012: US indicators;;;;;;;;;;;;;;;;;;;;;;;;;;;;;;;;;;;;;;;;;;;;;;;;;;;;;;;;;;;;;;;;;;;;;;;;;;;;;;;;;;;;;;;;;;;;;;;;;;;;;;;;;;
# number_predictions; 100
# predict; HSBR
# lag_parameter; 4
# horizon; 1
# name_prefix; us_data_stock_watson_2012;;;;;;;;;;;;;;;;;;;;;;;;;;;;;;;;;;;;;;;;;;;;;;;;;;;;;;;;;;;;;;;;;;;;;;;;;;;;;;;;;;;;;;;;;;;;;;;;;;;;;;;;;;
# method; Hits_te_(n_components=11)
# prediction_type; rolling
"V1"
-0.22138096679911
-0.0411182863876506
-0.110981780505345
0.0465433271349683
0.0934713993719229
0.0557470260091799
0.0550086830120346
0.0538932777654578
-0.0477558663964404
0.10234422692042
-0.00682013700761634
-0.0923112596467613
0.00954888358191698
0.0922762132019649
-0.074602017008313
-0.108513366507351
0.0358871964088896
-0.138223022979631
-0.0372314429364707
-0.0522597575266748
0.00666891899489587
-0.0296287255179038
0.000960226899842698
0.0500790089137042
0.0460715597579551
0.0237310995584292
-0.0543975819792675
-0.103420646104382
0.0478002112954365
-0.02725277881031
-0.0396776326794901
0.0983021943018773
0.0534342324203686
-0.0363525292795076
-0.0422908542229331
-0.00836968334118272
0.0410129767671766
-0.0112054365238425
-0.0747374770876883
-0.0298130298679366
0.0933697438083392
0.0432915606480047
0.0855702553901011
0.0223375456412278
-0.0655950835811135
0.107844354081953
0.0439565921183217
0.0456030544136852
0.0699774158253459
0.0490325708504201
-0.049503875772049
-0.0845576358416804
0.0203954342315124
0.088722129265188
-0.0514827498234425
0.00936843474265462
0.0202480603446845
0.0262961938152069
0.0579277147454555
0.0654291448503961
-0.0285506204011827
-0.0302992312065881
0.058610422739836
0.0407140148763523
-0.0500295262514906
-0.0514267135905243
0.0324771178827288
0.0231243154224152
0.0669593608476718
0.0320415341316781
-0.0397153616593645
0.0339224537773253
0.00413633779348558
-0.0555884582839091
-0.0601126271043461
0.0261431497635924
0.115544973880188
-0.074167229331054
0.0335161923848581
0.0126708352945451
0.0663387376522045
0.0439507576647224
0.0224439501020835
-0.0138611841805295
-0.0388945733029034
-0.0229655167350599
0.0367159020413786
0.0401585683757592
0.097133531664336
-0.0346189508590818
-0.0807430411699416
-0.00832613539935376
-0.100575153185001
-0.0940821464569658
-0.0660045558243862
-0.0128304262711146
-0.100957693053446
-0.0172349744239562
-0.0326262930397157
-0.0977029939682225
