# predict_model; Vecm
# max_attributes; 15
# description; Stock and Watson 2012: US indicators;;;;;;;;;;;;;;;;;;;;;;;;;;;;;;;;;;;;;;;;;;;;;;;;;;;;;;;;;;;;;;;;;;;;;;;;;;;;;;;;;;;;;;;;;;;;;;;;;;;;;;;;;;
# number_predictions; 100
# predict; IPS38
# lag_parameter; 4
# horizon; 1
# name_prefix; us_data_stock_watson_2012;;;;;;;;;;;;;;;;;;;;;;;;;;;;;;;;;;;;;;;;;;;;;;;;;;;;;;;;;;;;;;;;;;;;;;;;;;;;;;;;;;;;;;;;;;;;;;;;;;;;;;;;;;
# method; Hits_granger__graph(n_components=11)
# prediction_type; rolling
"V1"
0.0127863466980371
0.0190036569728592
0.000575290435389769
0.00143558467923252
0.0120920161086128
0.00976407856552725
-0.019939846513836
0.00513859235021857
0.000323349459429795
-0.00527203621048796
-0.00340413198835924
0.0274651692243984
-0.00399044535946773
-0.0131721796250418
0.0382701141900605
0.0270340857797643
-0.00924800203008602
0.0175398103606285
0.00872368889532277
-0.0107274706653378
-0.0115240047325058
0.0175499430319539
-0.00425843674241189
0.0213479009240314
0.012142633064457
-0.0578066261077007
-0.019641799794379
-0.0133173103937882
0.0155605271007187
-0.0139373575583222
0.0199519017119933
-0.000450390121769442
0.0200380557654678
0.013375824045788
0.0169376339592992
0.0139911379057251
-0.00278259139940584
0.0187439969176327
-0.0340912607473453
-0.00979676581956628
0.046614024200968
0.0247007012328225
-0.0482869813550388
-0.0162985903340477
0.0385347442150665
-0.0133024784806973
0.00270714230182268
0.00642292580178718
-0.00506701988933674
-0.0416186414818992
0.0346469627951102
0.0243694170864209
0.00396948470092277
-0.0185816115965046
-0.00185202857659061
0.0255690235258048
0.0182904579590295
0.0249913367505616
-0.0288665647468598
0.0132515995460786
0.00987689497246259
0.0176899190591567
0.00455934998619489
0.0110538361146742
0.0173484839780949
0.0134649918452768
-0.0189221172402456
-0.0203183289201988
-0.00805800461470254
-0.0281635525112513
-0.0367907767206628
-0.0186309871498636
0.00601399989043763
0.0402125411300852
0.0073591056226689
0.0162738852546696
-0.0066078720124796
-0.00621350980738768
-0.00318237332820596
-0.00410125638479375
-0.0028543832743271
0.0205128001552188
-0.0154904077394958
0.0179816094560469
0.00606668178803672
-0.0116665574591208
-0.0188304352801139
-0.00883334105349901
-0.0196974316188662
-0.00342372547007815
-0.0350739178640027
-0.00627575456861765
-0.0133790089611898
-0.0339129413942662
0.00765429361330701
0.00235265343061135
0.0206725762056887
-0.00428832237762269
-0.0257077916534721
-0.0315946728828111
