# predict_model; Vecm
# name_prefix; us_data_stock_watson_2012;;;;;;;;;;;;;;;;;;;;;;;;;;;;;;;;;;;;;;;;;;;;;;;;;;;;;;;;;;;;;;;;;;;;;;;;;;;;;;;;;;;;;;;;;;;;;;;;;;;;;;;;;;
# description; Stock and Watson 2012: US indicators;;;;;;;;;;;;;;;;;;;;;;;;;;;;;;;;;;;;;;;;;;;;;;;;;;;;;;;;;;;;;;;;;;;;;;;;;;;;;;;;;;;;;;;;;;;;;;;;;;;;;;;;;;
# lag_parameter;4
# number_predictions;100
# horizon;1
# max_attributes;15
# predict;GDP276_5
# prediction_type;rolling
# method; FCBF(n_components=14)
"V1"
0.0382802201838796
0.0621648077611775
0.0227990987014152
-0.0216536029635295
-0.00284866768210599
-0.0130009201048872
-0.0118946558535541
-0.0261225985944317
-0.00179972768223017
-0.0101150668436114
-0.0219175332590161
0.00816079744677254
0.0201954731817141
0.021886241827192
0.00104068187954418
0.00658814081791442
-0.0156048405751224
-0.00410114083000226
0.0125488914023709
0.012179197807889
0.00699908431061909
0.0102702506556202
0.00993954957467679
-0.00695498958510355
0.0364059911298448
-0.00387090526697145
-0.017308210382655
0.02480843418009
0.00557689411057828
-0.00734642949784194
0.0162601201823108
0.0231030365450345
0.0046915770492385
-0.00237329205498169
0.0151710124320324
-0.0255547699669157
-0.0133315967436748
0.0363633138241977
0.0342668942042257
-0.00163674939322681
-0.00439804274943626
0.0248821617878972
-0.0148136633341434
-0.0309233026980906
0.0310659381864708
0.0189138637287608
-0.0161547271439515
0.0209990488874398
0.00998814030789037
0.0273456263232534
0.019950621873586
0.00998081159238747
-0.0243450021433889
-0.0180027541547904
0.0287859279518444
-0.0335765254328217
0.0304045977596273
0.0112028428538729
0.029372216492852
-0.0163721300487722
-0.0216758664507857
-0.0147962821765907
0.0135857504537792
0.00719423910047744
-0.0257927350188718
-0.0170857564456712
0.0174876453878527
0.00529074291553215
0.00494346509753879
0.00661052941473125
0.0123752895184074
-0.00435933648654023
-0.0334458773958081
-0.000790581480155974
0.0143521620171412
0.0304769160853227
0.0194941840373941
-0.00458206174362071
0.0187556243587184
0.0366435699196698
-0.00639093463003364
-0.0113378069832551
-0.00140450029706978
-0.00824581201017477
0.0271882077241558
-0.0210189577781301
0.0276793205509178
0.0129878996071379
-0.000134977500006944
-0.0160729741754554
0.0224472668270926
-0.0232633872765305
0.0478220552005751
0.00484807063886363
0.0102344158939066
-0.00773076923200686
0.0136288119070864
-0.00057804269292834
0.0123694938630394
0.0154337975074862
