# predict_model; Vecm
# max_attributes; 15
# description; Stock and Watson 2012: US indicators;;;;;;;;;;;;;;;;;;;;;;;;;;;;;;;;;;;;;;;;;;;;;;;;;;;;;;;;;;;;;;;;;;;;;;;;;;;;;;;;;;;;;;;;;;;;;;;;;;;;;;;;;;
# number_predictions; 100
# predict; GDP276_1
# lag_parameter; 4
# horizon; 1
# name_prefix; us_data_stock_watson_2012;;;;;;;;;;;;;;;;;;;;;;;;;;;;;;;;;;;;;;;;;;;;;;;;;;;;;;;;;;;;;;;;;;;;;;;;;;;;;;;;;;;;;;;;;;;;;;;;;;;;;;;;;;
# method; Hits_granger__graph(n_components=9)
# prediction_type; rolling
"V1"
0.00946111954471486
0.00910032100464469
0.00667081979862751
0.00642431568114134
0.0065256631533591
0.00436277401155891
0.0074791802905453
0.00538718832702469
0.00792807619979167
0.00818461638025134
0.00800545810111366
0.00660710035729488
0.00780425749840715
0.0083357183551955
0.0104485961514938
0.00566849528597887
0.00406891449223443
0.0111217176011752
0.00656032444046008
0.00927546024107243
0.00648300942504044
0.00647157468094876
0.00922155021066891
0.00646532432907148
0.00507792703129404
0.00743785306286249
0.00989675498197951
0.00794642454230914
0.0049970384239101
0.011231891987717
0.00570128682645936
0.000793514179658137
0.00764127599272646
0.00539263384991508
0.00493521295835798
0.00269528283014761
0.00410434540427388
0.00543563614609201
0.00436496891852171
0.00420696590262192
0.00541615302834703
0.00294937557476301
0.00490532511042875
0.006069311273805
0.00482079133903386
0.00556617805743195
0.00806342779226176
0.00863202077258489
0.00857945065312847
0.00649984180992322
0.00506847099331327
0.00529524681089374
0.00460603430682614
0.00646320880549546
0.00627793423402881
0.00649870361613108
0.0064706654339466
0.00545117181577703
0.00570817685001011
0.00572046258169946
0.00733588559612437
0.00220836130508655
0.0115970648312299
0.0046976987264396
0.00247470798988622
0.00868886505321724
0.00680467463001485
0.00714210124041291
0.0080653240917692
0.00668517758222996
0.00895250932347602
0.00488631564109926
0.00756097551222667
0.00884868613778892
0.00744788782988067
0.00765841639455883
0.010207843838782
0.00539948554204977
0.00496868866135251
0.0062821162081728
0.00954078589977529
0.00904999442631904
0.00617826579696881
0.00821705919465402
0.00679520550933779
0.00671270773659693
0.00485284720967842
0.00864543234271913
0.00638489328813768
0.0109260007027677
0.00721347752630918
0.00867940573793465
0.0144957691229801
0.0096353183256622
0.00983469380848809
0.0107704713982178
0.00845597402181391
0.00668182673101498
0.0038881607025493
0.0128093651267962
