# predict_model; Vecm
# name_prefix; us_data_stock_watson_2012;;;;;;;;;;;;;;;;;;;;;;;;;;;;;;;;;;;;;;;;;;;;;;;;;;;;;;;;;;;;;;;;;;;;;;;;;;;;;;;;;;;;;;;;;;;;;;;;;;;;;;;;;;
# description; Stock and Watson 2012: US indicators;;;;;;;;;;;;;;;;;;;;;;;;;;;;;;;;;;;;;;;;;;;;;;;;;;;;;;;;;;;;;;;;;;;;;;;;;;;;;;;;;;;;;;;;;;;;;;;;;;;;;;;;;;
# lag_parameter;4
# number_predictions;100
# horizon;1
# max_attributes;15
# predict;FYGT10
# prediction_type;rolling
# method; FCBF(n_components=8)
"V1"
-0.0422969619391909
0.0540041166460263
0.082935725114
-0.022541646998422
-0.0264543417701482
0.00067614620240895
-0.0713849949448098
-0.020078066812484
-0.0359764121883197
-0.109962947324472
-0.113033587753081
-0.0938962997679826
-0.00412258491344107
0.0203235547058581
-0.014391770445531
-0.0261885840734458
0.0360372038271903
0.0231475575106066
0.0420512249791207
-0.0259004810172497
-0.00112928555826051
0.00373887347607489
-0.0503705884182069
-0.0149267367912643
0.00259298717910498
0.00351729002230646
-0.0079764099533549
0.00713209769808841
-0.00318008993745224
-0.0193668344861401
-0.00322142866478052
0.00311504491442963
-0.0281188957726057
-0.00798588775417121
0.0108714981904741
-0.0769896911479874
-0.00454567737483764
-0.0106921668010113
-0.0180496669108969
-0.00854656254029117
-0.0460314198407065
-0.012627788630297
0.0264892156451868
0.0571889667339755
0.0286333131382439
0.0207559660931183
-0.00370000042042656
-0.0354242014864065
0.0114436610529385
-0.0401749105575317
0.0127448211510614
0.0364113832137748
0.0221768699932947
-0.0126878152925886
-0.00116733048401809
-0.00949503184300289
0.013582760991977
-0.0225220420851649
-0.0200681039135608
0.0106703886159304
-0.0606714852974926
0.0260521022105397
-0.0218592457403255
-0.0050064185975998
0.0643426772844976
0.0282990315932031
-0.0529461616910425
0.0203721562730746
-0.00822175857974535
0.0274137472366645
0.0539703618107933
-0.0477115182781417
-0.0486210847789559
0.00826157210458377
-0.0871051057449886
-0.0847942677192022
0.0270226806736998
-0.0741484483491696
-0.00502006112281914
0.0120163460251104
-0.0646390477267623
0.0198364223682111
0.0781224135727372
-0.0127851273632949
-0.00617353273380211
-0.022772315419354
-0.0279501048404187
0.0472863261990039
-0.0223656035344393
0.063634629439252
-0.00659129057523481
0.0461118288206111
0.00197751499133497
-0.00477376830087474
-0.00930315464730198
0.00294656313200149
-0.00937026652652788
-0.0160436168389065
-0.00669773648798381
-0.0328643214671191
