# predict_model; Vecm
# name_prefix; us_data_stock_watson_2012;;;;;;;;;;;;;;;;;;;;;;;;;;;;;;;;;;;;;;;;;;;;;;;;;;;;;;;;;;;;;;;;;;;;;;;;;;;;;;;;;;;;;;;;;;;;;;;;;;;;;;;;;;
# description; Stock and Watson 2012: US indicators;;;;;;;;;;;;;;;;;;;;;;;;;;;;;;;;;;;;;;;;;;;;;;;;;;;;;;;;;;;;;;;;;;;;;;;;;;;;;;;;;;;;;;;;;;;;;;;;;;;;;;;;;;
# lag_parameter;4
# number_predictions;100
# horizon;1
# max_attributes;15
# predict;FSPCOM
# prediction_type;rolling
# method; FCBF(n_components=5)
"V1"
-0.00232141500231251
-0.00592530694775775
-0.00399752598087119
0.00866947889056207
0.00444781266330992
0.00442805080570379
0.00945538577568079
-0.00456148514352222
0.00325027094907981
0.0112587795142848
0.00667359465401983
-0.00193116345639677
0.00742723753217853
0.0455610811018451
-0.011997495869173
-0.00387619374058493
0.0194434160533292
-0.0137767606973569
-0.00622127634010924
-0.000398041889966749
0.00902582960915592
-0.0118986604236694
0.0129415213428902
0.0168211579454846
0.0124031550243448
0.0104126884549704
-0.00754371734775278
0.00881789937113951
-0.0175465733581519
-0.0208264165366965
0.0100015621867364
-0.00437888088208574
0.00318957469591451
0.00987992431529719
-0.00858933601607356
0.00830926640529388
0.00511340354807203
0.00547393671031579
0.0196820453569904
0.00277101655432901
0.0144222946215591
0.00583045512694277
-0.0129603069650119
0.00476962261347281
-2.88011292649878e-05
0.00892754169958723
0.027974663722097
0.0192773873841006
0.0131889903206018
0.0295725759484555
0.0155532662628993
0.00431054812351527
0.017729925397113
0.0321386931550057
0.041843716646815
0.0290462821868661
0.0413686693505235
0.0529427939998248
0.0367886266325929
0.0553020617552755
-0.010348275425515
0.0571734473257832
0.0319695413269162
0.0413020460376585
0.0559618668824237
0.00149919290758689
0.0547260012899774
-0.0147306703406515
-0.030719018672207
-0.0183203413726977
-0.000284878366862459
-0.0669027795636552
0.0258397168537562
0.0695502973051682
-0.0748037925554928
-0.096402611073308
-0.0177543015432773
-0.105690012343388
0.0974975815309626
0.014539600196422
0.017415442202648
-0.0022199285244035
0.01477625305037
0.0352870156172517
0.0400743847877611
0.0334741258475934
0.0208143841284179
0.0105343969975093
-0.0565741998643395
0.0629343109488675
0.0408859354964704
0.0257640912787131
0.00915298960939582
0.0327381270133979
0.0676484326099401
-0.0197895630680007
0.0357282161106813
-0.0501319457358581
0.00472171632210846
-0.141555301513871
