# predict_model; Vecm
# max_attributes; 15
# description; Stock and Watson 2012: US indicators;;;;;;;;;;;;;;;;;;;;;;;;;;;;;;;;;;;;;;;;;;;;;;;;;;;;;;;;;;;;;;;;;;;;;;;;;;;;;;;;;;;;;;;;;;;;;;;;;;;;;;;;;;
# number_predictions; 100
# predict; PMP
# lag_parameter; 4
# horizon; 1
# name_prefix; us_data_stock_watson_2012;;;;;;;;;;;;;;;;;;;;;;;;;;;;;;;;;;;;;;;;;;;;;;;;;;;;;;;;;;;;;;;;;;;;;;;;;;;;;;;;;;;;;;;;;;;;;;;;;;;;;;;;;;
# method; Hits_granger__graph(n_components=3)
# prediction_type; rolling
"V1"
-0.104791562199779
-0.0374731929471658
0.0769078060170691
-0.0255629127762211
0.106306039200077
0.0967927459278315
0.124461459619421
-0.0179112047648405
-0.055385177375622
0.0529930326392646
0.415741256430017
0.435700565084306
0.274112809640448
0.0960322378511193
-0.0660226994182756
-0.100301246150817
-0.110827340844119
-0.0898857391599845
0.091904361602774
-0.049603088262908
0.162230390915558
0.0684906650106531
-0.00526009603232429
-0.0439060426209566
-0.160598844977622
-0.0647567552340856
-0.0913964777986141
-0.211157485175123
-0.104543551509777
-0.196239609591589
-0.0248429411750571
0.12376513783283
-0.149001003183888
0.154794144055238
-0.0993830779613369
-0.129746259940783
0.0412023411723065
0.00164870826422232
-0.0734693151391662
0.0897272567188495
-0.0728452035115756
-0.0169289243090203
-0.0150461701709277
-0.0691264524121008
-0.0438629416808504
-0.0487487142092781
-0.0645902869725479
0.0749402329514259
-0.0404022606228154
0.00633313491188236
0.0105886773036407
-0.0360527056779898
-0.0879149395421459
-0.136445564868619
-0.00179915807009642
0.0242984777545215
-0.0630177969143527
0.0628920138504166
-0.0111790825909136
0.0320761942511003
-0.0206926330198479
0.0484739544572657
-0.0214761364362096
-0.0377369787577823
-0.06160317484402
-0.0603273121829364
-0.0428196863709217
-0.0866418112472329
-0.0760998091556603
-0.0696923269850908
0.0834603367119924
-0.0100633260372664
0.0807226004294687
0.12341151686219
-0.0862748504623442
0.166384111478268
-0.0640487236126375
-0.134686104237526
0.0221699921650324
0.0716626737315727
0.0063593291960006
0.0625393177164018
0.03106608537475
-0.13504688645841
-0.0389043525542491
0.033961321618355
-0.028735340105519
-0.0463770660939317
-0.0350531936626499
0.0743617068757262
-0.206887359207968
0.0641102868713248
0.128408393713893
0.0770769436029781
0.0305446077584417
-0.0395651998124411
-0.0752410511838823
0.0248280655281465
-0.193485558983034
-0.084368974782948
