# predict_model; Vecm
# max_attributes; 15
# description; Stock and Watson 2012: US indicators;;;;;;;;;;;;;;;;;;;;;;;;;;;;;;;;;;;;;;;;;;;;;;;;;;;;;;;;;;;;;;;;;;;;;;;;;;;;;;;;;;;;;;;;;;;;;;;;;;;;;;;;;;
# number_predictions; 100
# predict; GDP274_1
# lag_parameter; 4
# horizon; 1
# name_prefix; us_data_stock_watson_2012;;;;;;;;;;;;;;;;;;;;;;;;;;;;;;;;;;;;;;;;;;;;;;;;;;;;;;;;;;;;;;;;;;;;;;;;;;;;;;;;;;;;;;;;;;;;;;;;;;;;;;;;;;
# method; Hits_granger__graph(n_components=10)
# prediction_type; rolling
"V1"
0.0177902938287079
-0.00521361329126175
0.00255625164671719
-0.000862618320230292
-0.000733584367800431
0.0040725340151122
0.0211445426578227
0.00193029834047733
0.0272884656783316
0.00177874610877025
-0.0126517876199367
0.0100337114915793
0.00973846371973223
0.0319472466016688
0.0069322953084848
0.0210075822089497
-0.00833821693630897
-0.0104647665556591
0.00584501029647638
0.0247316037455146
-0.00074345406494722
0.0168011161821323
0.0103093567544682
-0.00569943745043035
0.00722449952772471
0.021909244691762
0.00812005675528836
0.0127136918572543
0.011010141614862
0.00863411130341262
-0.00724302515485335
-0.00721163537522445
0.00687479930079963
0.00984489194223813
0.0165233344379283
0.0116790504819039
0.0242651930306735
0.00168557516856259
0.00778470275406969
0.00077099046758649
0.00764977948702861
0.0109307657453545
0.0195780894423396
0.0167036927884601
0.018112978413943
0.0210019631088098
0.0207530010438083
-0.00862486346559749
0.0121871900651021
0.00197235932731635
-0.00693070817630158
0.00757770961511759
0.00156037840112843
0.00692695352894075
-0.000863798305677211
0.00637609503726706
0.0163722869558416
-0.00280306601011859
0.00592510737783747
0.0121796566205532
-0.00641484215091416
0.0145926351471351
-0.0149414718303946
-0.0218767409596983
-0.00325813113246486
-0.00271974217000897
0.00740906154233243
-0.000138910130679078
0.0135439606856011
0.0406099969553948
0.00484465133832044
-0.0127181856878468
0.00360513536283489
0.000249998561479711
0.00982936670998944
-0.015739321952781
-0.0102868231758021
0.00701173237606399
0.00032714168450812
0.000682236054468162
-0.00259377987142253
-0.00566200065194304
-0.0110680275056098
0.00467244619876579
-0.00191850564576901
0.0138841279739711
0.0107771005633935
-0.00898856308493377
-0.0110388657886071
0.0108988611914568
-0.00156752913707295
0.0029078741131843
-0.0103783213345068
-0.00282201781367979
-0.00393911584323403
0.00165357856485352
0.0148236866804553
-0.0136746640410793
0.00820221901800211
-0.0135767330379857
