# predict_model; Vecm
# name_prefix; us_data_stock_watson_2012;;;;;;;;;;;;;;;;;;;;;;;;;;;;;;;;;;;;;;;;;;;;;;;;;;;;;;;;;;;;;;;;;;;;;;;;;;;;;;;;;;;;;;;;;;;;;;;;;;;;;;;;;;
# description; Stock and Watson 2012: US indicators;;;;;;;;;;;;;;;;;;;;;;;;;;;;;;;;;;;;;;;;;;;;;;;;;;;;;;;;;;;;;;;;;;;;;;;;;;;;;;;;;;;;;;;;;;;;;;;;;;;;;;;;;;
# lag_parameter;4
# number_predictions;100
# horizon;1
# max_attributes;15
# predict;PMNO
# prediction_type;rolling
# method; Part-GFS_te(n_components=13)
"V1"
0.101124181078182
-0.0242707805899034
-0.16369481732722
-0.11720478145512
0.0399841152672504
0.0565162473493775
-0.0889083580433154
0.119950381067775
-0.00872483422879814
0.129985403507605
0.126104569284073
-0.140394130062999
-0.0544027394046066
-0.015542678175974
0.0261700629511985
0.0555749755840439
-0.113585544554526
0.0961787671705588
-0.0391655984756538
0.0145488358722801
0.0103028610690361
-0.114220088309357
-0.0743788790159954
0.0236433002715675
-0.038785167467232
0.0243147057911575
0.00202618680382158
-0.0204981883395655
-0.134176238653634
0.112504472347283
0.10676328124555
0.0739894298183839
0.0191345805001122
0.0312235572584419
-0.0826970276577498
0.0742247234084197
-0.00914978237014235
-0.022447245753422
0.0121995720217085
-0.0849421473017942
0.0514055906455973
0.0278502598763181
0.0187095491267392
-0.0479783623566521
-0.00707979158907425
-0.0883952156660892
-0.118015855620562
0.0294429015926527
-0.0224346053343255
-0.0802257277509943
0.0621870764483166
0.122767303784739
-0.00348475098238139
0.086127044588381
0.0720703424134983
-0.0186678615973289
-0.0447789891152377
0.0426752820157374
-0.0101922667871055
-0.0595921277779932
-0.0542529814176135
0.13720394722399
-0.0837135661638286
0.0486307316959391
0.0395182877458412
-0.0186836040256063
-0.137564422405122
-0.0778229539792825
0.0186993632287766
-0.020560141594777
0.15106561173536
0.223763710862365
0.0798412065112492
-0.0747887230646581
0.174587328014059
-0.0446754050604742
0.0273631931124063
-0.0852717570281258
0.167855411926976
0.00345746818422378
0.115925928526806
-0.0894499005064158
0.067160260626966
-0.0737070458999164
-0.0291591810976167
-0.0165264209419157
-0.116998231351318
-0.0160259848590296
0.035161797197808
0.0730405091526181
-0.178038807710555
-0.0440502933534961
0.0429055275151785
-0.0663635421352471
0.0480531031304712
-0.0128888868417734
-0.0730949387114003
-0.148928154283766
0.0925342405614076
-0.102592346971942
