# predict_model; Vecm
# max_attributes; 15
# description; Stock and Watson 2012: US indicators;;;;;;;;;;;;;;;;;;;;;;;;;;;;;;;;;;;;;;;;;;;;;;;;;;;;;;;;;;;;;;;;;;;;;;;;;;;;;;;;;;;;;;;;;;;;;;;;;;;;;;;;;;
# number_predictions; 100
# predict; GDP276A
# lag_parameter; 4
# horizon; 1
# name_prefix; us_data_stock_watson_2012;;;;;;;;;;;;;;;;;;;;;;;;;;;;;;;;;;;;;;;;;;;;;;;;;;;;;;;;;;;;;;;;;;;;;;;;;;;;;;;;;;;;;;;;;;;;;;;;;;;;;;;;;;
# method; Hits_granger__graph(n_components=7)
# prediction_type; rolling
"V1"
0.00733560399149811
0.00797667076994877
0.00355120205106501
0.00612391268475615
0.00755449487420782
0.00711849535414457
0.00785953581987909
0.00414301000342484
0.006628798719169
0.00344430678675083
0.0054002411921715
0.00822813862206425
0.0068675971288563
0.00695614205870571
0.00588517933392116
0.00422575616247791
0.0059159329948063
0.00586973215732554
0.00717653000000323
0.00702139032271764
0.00740416151861606
0.00677598240067652
0.00751700930598193
0.00732892870525329
0.00812817944079266
0.00921185289417579
0.00715522318397207
0.00943970885002857
0.00958741460746237
0.00636326289059404
0.00852310032117938
0.00525943045644438
0.00467530850704733
0.00641234736525395
0.00615232656138675
0.00673048197952875
0.00655935497695389
0.00640050156262357
0.00705883738415392
0.00384551200833166
0.0045116460064755
0.00627769303171052
0.0037459416946498
0.00485543877021583
0.00639175220638061
0.00476628114207895
0.00565270831074559
0.00416304370091291
0.00562028154499254
0.00569658808792589
0.00498352331461103
0.00629335172469713
0.0059112185538061
0.00435811335490615
0.00478020062033721
0.00546777441917881
0.00502762358959164
0.00334424468545016
0.00394270072297779
0.00403819242600698
0.00536261601582247
0.00451247498945028
0.00364074544279557
0.00644812136480063
0.00557152430245455
0.00762304150096697
0.00547211082678182
0.00332671673975628
0.00555708093145487
0.00824569093363424
0.00863809950505853
0.0035138213421884
0.00749283173463003
0.0060815146189464
0.00657496123196764
0.00739832979975335
0.00697244402827208
0.0066839367578197
0.00630133498872153
0.00562932429164371
0.00929063460031834
0.00842235724203542
0.00956922704729916
0.00641942149943893
0.0114726699138056
0.00705562934812271
0.00636489310172201
0.00846361224374983
0.0115195457613144
0.0071476661826799
0.0111843837448303
0.008945850778152
0.00831911134476889
0.00717236931887344
0.00885880201631368
0.00615920880979885
0.00998528033002421
0.00917225200241755
0.00997552601214975
0.0122648828335089
