# predict_model; Vecm
# name_prefix; us_data_stock_watson_2012;;;;;;;;;;;;;;;;;;;;;;;;;;;;;;;;;;;;;;;;;;;;;;;;;;;;;;;;;;;;;;;;;;;;;;;;;;;;;;;;;;;;;;;;;;;;;;;;;;;;;;;;;;
# description; Stock and Watson 2012: US indicators;;;;;;;;;;;;;;;;;;;;;;;;;;;;;;;;;;;;;;;;;;;;;;;;;;;;;;;;;;;;;;;;;;;;;;;;;;;;;;;;;;;;;;;;;;;;;;;;;;;;;;;;;;
# lag_parameter;4
# number_predictions;100
# horizon;1
# max_attributes;15
# predict;CES002
# prediction_type;rolling
# method; Part-GFS_granger_graph(n_components=12)
"V1"
0.0244612952865314
0.0157071958083141
0.0134611316307585
0.00973667619178962
0.013505285060044
0.0066353360284873
0.00792836440726476
0.00799108550055346
0.00463193638104035
0.00430352277012982
0.00650364248657722
0.00348210156517238
0.00748621930913498
-0.00135351482461653
0.00590111264989211
0.0109576871275384
0.0110008270665769
0.0134046014076828
0.00631960847480064
0.00940105380912695
0.00899909290907514
0.00753650280392988
0.0044342612939494
0.0052525987383828
0.00697377187462669
0.00232500471515013
0.00219842770193418
-0.00215241574375795
-0.0118914375743694
-0.00360188262739511
0.00285185672920819
-0.00317274655665432
-0.00280371898659542
0.000936950932654628
0.00389091827149894
0.00250454123278412
0.00419489417566532
0.00889007787237425
0.00521304525791661
0.0107329749603334
0.00930787982382963
0.015880931136609
0.00724244350402575
0.0137830201425442
0.0152151546899282
0.00601469633138902
0.00414070042308525
0.00728868936039696
0.0075931103700839
0.0064911394890648
0.00810808443252607
0.0107319578360146
0.0108279547104551
0.0105965585478985
0.0107271804500634
0.0118248826778075
0.00958300197294562
0.00997901415516927
0.00613722212461291
0.00595130048713502
0.00420424890595102
0.0139563919747492
0.0060406715613788
0.00797856916873212
0.0110001014885255
0.00902597817157285
0.00675922776155454
0.00323607671055237
0.00485914151099891
-0.00462218046753749
-0.00820820202694077
-0.00709685236249089
-0.0115245581207421
-0.00466186229532863
-0.00282979270802688
-0.00473780662878108
-0.000699417940433508
-0.00134154065727104
0.00171258820422201
-2.04642637490423e-05
0.00668289319802269
0.00656295115855078
0.00725454863326936
0.0058183011763532
0.00635632152360822
0.00484201328110166
0.0108403692559639
0.0103831112875498
0.00546041019484328
0.0125363933503632
0.00525429412809913
0.00339812340353122
0.0101752050382706
0.0057810965142433
-0.000597047929967676
0.00229459958834854
0.00245030403252341
0.000156259449454749
-0.00931999833199166
-0.0114643191368026
