# predict_model; Vecm
# name_prefix; us_data_stock_watson_2012;;;;;;;;;;;;;;;;;;;;;;;;;;;;;;;;;;;;;;;;;;;;;;;;;;;;;;;;;;;;;;;;;;;;;;;;;;;;;;;;;;;;;;;;;;;;;;;;;;;;;;;;;;
# description; Stock and Watson 2012: US indicators;;;;;;;;;;;;;;;;;;;;;;;;;;;;;;;;;;;;;;;;;;;;;;;;;;;;;;;;;;;;;;;;;;;;;;;;;;;;;;;;;;;;;;;;;;;;;;;;;;;;;;;;;;
# lag_parameter;4
# number_predictions;100
# horizon;1
# max_attributes;15
# predict;FYGM3
# prediction_type;rolling
# method; Part-GFS_te(n_components=11)
"V1"
-0.0467298780810589
-0.0421603745074803
0.0449591916742893
-0.0501168328854982
0.0185712607319281
-0.0861372744199321
0.00829507151189085
-0.000189258804194869
-0.0333010223303369
-0.0026771089809091
-0.0453215370862973
-0.0543228164649761
-0.04366919845108
0.0198538497488665
-0.0072791991526632
0.0313082616218409
-0.00343999769214769
-0.0625058955861498
0.0389442778174122
0.0334146838752162
0.101930258547887
-0.000302038725287901
0.0242524362563145
-0.0437673917856984
0.0855498417140037
-0.0430037727427004
-0.0462621214552253
0.0325615377085316
-0.0661812287705921
-0.0227663060482225
0.0133023102532472
-0.0267847152106346
-0.0313116783686186
-0.0213255104508425
-0.0370263476430297
-0.0214577271132367
-0.0655472637131229
-0.0385891583060941
-0.0249637769555555
0.0487959455754254
0.0621417742295431
-0.0276325178532407
-0.024496426967775
0.0715360609433028
0.050509198705286
-0.00849241009170824
-0.02375045177334
0.0405995991398235
-0.0300591636377481
-0.0460133578924819
0.00245215298447836
0.011305327046712
0.0107087498445505
-0.0269930508340423
-0.0243466204348732
0.0306982230275736
0.0268055030408017
-0.0128129024280228
-0.079532067993927
0.026718065205704
-0.00235962200905201
0.0197776597724665
-0.101240665539524
0.0498531573567203
0.053199548595017
0.0195251460832455
-0.0422767606416287
0.0306904111349474
0.00574975800809613
-0.0214111785595417
-0.142669204973231
-0.01007265592532
-0.0357856308988329
0.0242924648830064
-0.0223339443391211
-0.0505533065619213
-0.0300497887762703
0.00367753920619247
-0.0588950646984141
0.0426162162778419
0.0176652414324435
-0.0317608727414845
0.00605035839696251
-0.00163044068835167
0.0317834129635035
0.0417954721872903
0.00719987992482459
0.070817656771542
-0.0316241440974393
0.0151311078380749
0.0379842649013352
0.0340358871833058
0.00462909032117167
0.0241516684044795
-0.0222622274401007
-0.0350610032749337
-0.0603607179262176
-0.103019868467679
-0.0234561688029413
-0.0499881324142922
