# predict_model; Vecm
# max_attributes; 15
# description; Stock and Watson 2012: US indicators;;;;;;;;;;;;;;;;;;;;;;;;;;;;;;;;;;;;;;;;;;;;;;;;;;;;;;;;;;;;;;;;;;;;;;;;;;;;;;;;;;;;;;;;;;;;;;;;;;;;;;;;;;
# number_predictions; 100
# predict; GDP275_1
# lag_parameter; 4
# horizon; 1
# name_prefix; us_data_stock_watson_2012;;;;;;;;;;;;;;;;;;;;;;;;;;;;;;;;;;;;;;;;;;;;;;;;;;;;;;;;;;;;;;;;;;;;;;;;;;;;;;;;;;;;;;;;;;;;;;;;;;;;;;;;;;
# method; Hits_granger__graph(n_components=9)
# prediction_type; rolling
"V1"
0.0106842418558397
0.0095175062659318
0.00361996245023159
0.00759374357368918
-1.76395423503717e-05
0.00176728068406562
0.00548815096474774
-0.000964291541949722
0.00942789488941499
0.0052812076659372
0.00466799179420787
0.0065415425767793
0.00176153612176863
0.00909419920320326
0.00308833932400193
0.00726980372312546
0.00521457134899478
-0.000164399227844424
0.00830064070707252
0.0073524067299932
0.000546677885958697
0.0102964999807455
0.0100757826278479
0.00747175468009829
0.00426584140545489
0.0138323949073321
0.00684375631245999
0.0141820473912568
0.0068508492762947
0.0146708346834012
0.00867994604842246
-0.000512969850335555
0.00454627603083676
0.00249469249736073
0.00591487381384131
0.00109282113197884
0.00131515994860716
0.00724962290101462
-0.00202152500108463
-0.000742381463704107
0.00907544490390532
0.0046480384048459
-0.00168228321266468
0.00279446194543035
0.00622814423748004
0.000807700281533777
0.00153556766857564
0.00294107303763014
0.00859513914845816
0.00505749599977417
0.00467539102702689
0.00418860274244521
0.00658567002140604
0.00621850917652235
0.00188765446567774
-0.000728561075498052
0.00466012106189023
0.00455078033035188
0.00627926493510524
0.0039872756437452
0.00408854730655661
0.00371919049250198
0.00992931333334026
0.00345117561001169
0.00289087946607976
0.0035246929911042
0.00345648024767975
0.00733455914797643
0.0061360370853629
0.0140807021727023
0.0144819272094727
0.007599653828322
0.00906206172752984
0.00643281701454414
0.00505121516799314
0.00447711888925231
0.00650340965776525
0.00623508852381091
0.00376968383539476
0.00297789611491663
0.00537541290645241
0.00937772507511765
0.0089028259829515
0.00612881260287147
0.00266877661749027
0.00200579420384549
0.0061391407639488
0.0103444244799234
0.00971984790171276
0.00480076936961177
0.00625567303318397
0.00467277872313332
0.0012471951510035
0.0114486632664605
0.0103396592891033
0.0114388353873309
0.0106303959398123
0.0128976259985363
0.0147713060517072
0.0267438525299009
