# predict_model; Vecm
# name_prefix; us_data_stock_watson_2012;;;;;;;;;;;;;;;;;;;;;;;;;;;;;;;;;;;;;;;;;;;;;;;;;;;;;;;;;;;;;;;;;;;;;;;;;;;;;;;;;;;;;;;;;;;;;;;;;;;;;;;;;;
# description; Stock and Watson 2012: US indicators;;;;;;;;;;;;;;;;;;;;;;;;;;;;;;;;;;;;;;;;;;;;;;;;;;;;;;;;;;;;;;;;;;;;;;;;;;;;;;;;;;;;;;;;;;;;;;;;;;;;;;;;;;
# lag_parameter;4
# number_predictions;100
# horizon;1
# max_attributes;15
# predict;CES088
# prediction_type;rolling
# method; Part-GFS_granger_graph(n_components=9)
"V1"
0.00673818884497896
0.00684472810464704
0.00769338992296375
0.00805984978824829
0.0101922318210847
0.0141218110749446
0.0163088849241872
0.0131651853088767
0.0137930810787813
0.0140831382109242
0.0165980422120646
0.0147337442950879
0.0109521513150213
0.0167135358085912
0.00967582931839828
0.00250562800357652
0.00286346873893876
0.00555803108956186
0.00188615971235437
0.000371128901730161
0.000584265279524464
0.000525307738484113
0.00196151232759042
0.00273668465946361
0.000981597484335752
0.00175789241951431
0.00562518023421208
0.00645511128790394
-0.00087789494643795
-0.00296689953473082
-0.00325632153545257
-0.00658856640609551
-0.00948288563647354
-0.00253808918276144
0.000970538693171902
0.00459637314889725
0.00497816790709611
0.00899406860482373
0.00927067697115991
0.0129239645716084
0.0143017420975481
0.00688691343754599
0.00428057448091418
-0.00532743091060564
-0.0113830193878369
-0.00337887092947604
-0.00135766774689114
0.00524256581538765
0.00736285325349491
0.00749379950709097
0.00793350250935515
0.00898773673914945
0.00369880777007156
0.00619059691719753
0.0107579220619786
0.0136316155536533
0.0141290077236471
0.0120007628191406
0.0136031585608516
0.0128140919151774
0.00885981030564558
0.00496721535779942
0.00464245202409292
0.00102033019779519
0.00364301542311602
-0.00786853704702359
0.00201650275778023
0.00535775998653273
0.0108514515646167
0.00979337217014131
0.00528698172338393
-0.00252053919428422
-0.00170499324510299
0.0022235403934369
0.00386506494882164
0.00150168582539149
0.0099104885995555
0.00950424398275533
0.00796552980898887
0.00141115207152265
-0.00353863887754754
0.000495680626752072
0.00927302449908892
0.00228455077163223
0.0032539062554328
0.00780269334308174
0.0048752395466874
0.00750558336141204
0.0123705734993509
0.0125263545731074
0.00123228688875075
0.00159994651308551
0.010524952215034
-0.00708313621746337
-0.00499478818782561
-0.00200552616063863
-0.0105696362512107
-0.00280879635688022
-0.00698510209729888
-0.0121394845181158
