# predict_model; Vecm
# name_prefix; us_data_stock_watson_2012;;;;;;;;;;;;;;;;;;;;;;;;;;;;;;;;;;;;;;;;;;;;;;;;;;;;;;;;;;;;;;;;;;;;;;;;;;;;;;;;;;;;;;;;;;;;;;;;;;;;;;;;;;
# description; Stock and Watson 2012: US indicators;;;;;;;;;;;;;;;;;;;;;;;;;;;;;;;;;;;;;;;;;;;;;;;;;;;;;;;;;;;;;;;;;;;;;;;;;;;;;;;;;;;;;;;;;;;;;;;;;;;;;;;;;;
# lag_parameter;4
# number_predictions;100
# horizon;1
# max_attributes;15
# predict;GDP274_3
# prediction_type;rolling
# method; FCBF(n_components=13)
"V1"
-0.0108985788364735
0.0252759529440723
-0.00208935192895395
0.0105828883493758
0.00323901949042039
0.00107830410615209
0.0203181358865061
0.0104472209435035
0.00961726567368004
-0.0194952603106806
-0.0193561660011146
0.0108256448172583
-0.0100861640905736
-0.00644620045296884
0.0114612787746537
-0.0217623175586733
0.00549279966734118
0.0233178232859834
-0.00118555570744495
-0.00180097619286999
0.0404520861394858
0.00981375716153524
0.0142784626396728
0.0204682710610395
0.0145588179925265
0.0167194817718444
0.0134399852364473
0.0178578660907494
0.0136827643212016
0.0142252185541508
0.0347937207553244
-0.00153827148735917
-0.00269137977482357
-0.00950750945611033
-0.0295958176985756
0.0214140328808584
0.00150297000904521
0.00108584552329069
0.0052071506307611
-0.00284337998922895
-0.0135418223881071
0.0120854180377369
0.000143347338889381
0.0192606214678814
6.65530333605691e-05
0.0105291377677443
-0.00575740648093841
-0.00360769758416828
0.00929125467175194
0.0175432403394367
-0.0131029988202316
-0.016201325811925
0.00972999055686289
0.014533561694694
-0.0070406699328825
-0.00204297439533056
-0.0178076725324537
-0.00043512184347069
0.00224406622872311
-0.0151077442093861
-0.0127828079830552
-0.0187210673303831
0.00150251583809347
0.001057609107171
-0.00741891215048849
-0.0212842792647125
-0.000831348798218502
-0.0116225807892736
0.0100101885793346
0.0103245780107753
0.0258540379910818
-0.00254575693529159
0.00743111958688593
0.0211628773597538
-0.0489005021851159
-0.0196875234437465
0.00874519671242322
-0.0144587486382094
-0.00761591078504143
-0.00947928734644489
0.0181644645260885
-0.0125220787630035
0.00393201713652084
-0.0166653328192708
-0.00181232085911715
0.0049373733226196
-0.0168092059188785
-0.0206375311908652
0.0139942252944577
-0.0215118371854368
-0.00398573903579645
0.0178681639508453
0.024509588127999
0.0229821658791968
-0.0106100244157198
-0.0121733304125825
-0.0119646593255436
-0.00751120916779592
0.0129646882604265
0.0363507742112839
