# predict_model; Vecm
# max_attributes; 15
# description; Stock and Watson 2012: US indicators;;;;;;;;;;;;;;;;;;;;;;;;;;;;;;;;;;;;;;;;;;;;;;;;;;;;;;;;;;;;;;;;;;;;;;;;;;;;;;;;;;;;;;;;;;;;;;;;;;;;;;;;;;
# number_predictions; 100
# predict; FM2
# lag_parameter; 4
# horizon; 1
# name_prefix; us_data_stock_watson_2012;;;;;;;;;;;;;;;;;;;;;;;;;;;;;;;;;;;;;;;;;;;;;;;;;;;;;;;;;;;;;;;;;;;;;;;;;;;;;;;;;;;;;;;;;;;;;;;;;;;;;;;;;;
# method; Hits_te_(n_components=15)
# prediction_type; rolling
"V1"
0.00299451823885722
0.00454611177161151
0.00651379412795076
0.00823842724580891
0.00809991611484666
0.0048999284407407
0.00765600203616956
0.00817115791105245
0.00888052596439774
0.00539682610481959
0.00731521066393142
0.00668566244621995
0.00530135255362652
0.00820977659076409
0.00981760881823853
0.0104078587673614
0.00730800106178191
0.00729140543763999
0.00269011844535451
0.00474062918353865
0.0045705293149995
0.00330010006551365
0.00559378495217532
0.00598670310542473
0.00324257101179168
0.00107058350497173
0.00470800723998465
0.00416236065095207
0.00350729259290585
0.00752998841223625
0.00305377953359414
0.00691260131409382
0.00470359251995676
0.00321843258565862
0.00178350786139881
0.00504761462740912
0.000584494745709895
-0.00289844815948166
0.00159879147230348
0.000453365280191481
0.00256656992333679
0.0021696075029899
0.000910169056850669
0.00106377532405484
0.00404226187298133
-0.00178223591354159
0.00428164790978221
0.00094194940390319
-4.2468051747574e-05
0.00435865064549525
0.00523735902500221
0.00539778005262647
0.00786035086477526
0.00304330854342368
0.00655243635969729
0.0052961530257905
0.00842810286640088
0.00629497443283544
0.00818317237814063
0.0100224983594244
0.0107159991293959
0.0125331706090043
0.0167117300248411
0.00905522562669417
0.0107668880093921
0.00525312266398905
0.0123054399833954
0.0118192636739677
0.0103510994510477
0.0111839155886416
0.0121857550728242
0.0238291218144032
0.00890985046566735
0.0158719955570834
0.0119309785115654
0.00914855347794949
0.0109085054189286
0.0120157940145836
0.0105443688674015
0.00928797582557272
0.0109080689872875
0.0163194472629673
0.018778101975795
0.00820204830494593
0.0037798400740098
0.0139371698687903
0.012804494878447
0.00100257279557143
0.0106290822217421
0.00389476004988038
0.00974328358075081
0.0202265300700976
0.0137174466874229
0.0109563476324615
0.0199352157818381
0.0126623492567637
0.0165996691897944
0.017755032747525
0.014789413782487
0.0175579264939273
