# predict_model; Vecm
# name_prefix; us_data_stock_watson_2012;;;;;;;;;;;;;;;;;;;;;;;;;;;;;;;;;;;;;;;;;;;;;;;;;;;;;;;;;;;;;;;;;;;;;;;;;;;;;;;;;;;;;;;;;;;;;;;;;;;;;;;;;;
# description; Stock and Watson 2012: US indicators;;;;;;;;;;;;;;;;;;;;;;;;;;;;;;;;;;;;;;;;;;;;;;;;;;;;;;;;;;;;;;;;;;;;;;;;;;;;;;;;;;;;;;;;;;;;;;;;;;;;;;;;;;
# lag_parameter;4
# number_predictions;100
# horizon;1
# max_attributes;15
# predict;IPS25
# prediction_type;rolling
# method; FCBF(n_components=15)
"V1"
0.00928772836565956
0.0143761848168704
0.00676378684973758
0.00750045977234295
0.0120183492387567
0.00128733801952051
0.00073466826614288
-0.000597518608827225
-0.00466318814387685
0.000318011537095921
0.0121755852557026
-0.00431425738557883
-0.00618971174277605
0.0039998362680248
0.0107755951494363
0.00886181321150475
0.0157311567411095
0.0131658416121339
0.00932488921458284
0.00665382772510749
0.0065894138865485
0.00223053374378874
0.00197826320609998
0.00499458046687287
-0.00225751751248291
0.00913507526776962
0.00945111439221553
0.00220783836340595
-0.00759242938469894
-0.0116522952780269
0.00957595985205507
0.00290516239749538
0.000159950791508926
0.00277151511707447
0.00596170223489303
0.0095052128358625
0.00859120553612808
0.00112507715072856
0.00420637686703319
0.00420910159560408
0.00759176105791424
0.00426826986024927
0.0139194292897185
0.00260087875223692
0.00813933618964641
0.0148367248072914
0.015325647171171
0.0191567618671915
0.00744354265772682
0.0162836212371059
0.0123856219486187
0.0186673407844394
0.02214463876424
0.0244800057024606
0.0262803118166821
0.0344713123406745
0.0326703147360487
0.0235041966572039
0.0199675503101093
0.00798708258379372
0.0193695173940346
0.0122175868190118
0.0142977327024175
0.0123988949796012
0.0152825074557702
0.0168070864897493
0.0218779530721254
0.0295975590574693
0.00380450570861794
-0.0161371608300971
-0.0429431354600121
-0.032692333570706
-0.0426522069345129
-0.0256685611584025
-0.0100387353380307
-0.0121863756531374
-0.00207280244661783
-0.00987916089823407
-0.00204228010412604
0.0197710406362916
0.0172098769504468
0.0176304033004341
-0.0067260205022821
0.0123521299356359
0.0171877134960217
0.0108022314157778
0.018894629784204
0.00930932533397288
0.0326722378022471
0.0206070063064779
0.0269289486727546
0.0195018204713319
0.0230631694559903
-0.0100643247230741
-0.00619395060130465
0.0277241481884992
-0.000716570201671112
0.0220511530718472
-0.0205180642825489
-0.0352065641045249
