# predict_model; Vecm
# name_prefix; us_data_stock_watson_2012;;;;;;;;;;;;;;;;;;;;;;;;;;;;;;;;;;;;;;;;;;;;;;;;;;;;;;;;;;;;;;;;;;;;;;;;;;;;;;;;;;;;;;;;;;;;;;;;;;;;;;;;;;
# description; Stock and Watson 2012: US indicators;;;;;;;;;;;;;;;;;;;;;;;;;;;;;;;;;;;;;;;;;;;;;;;;;;;;;;;;;;;;;;;;;;;;;;;;;;;;;;;;;;;;;;;;;;;;;;;;;;;;;;;;;;
# lag_parameter;4
# number_predictions;100
# horizon;1
# max_attributes;15
# predict;GDP285A
# prediction_type;rolling
# method; Part-GFS_granger_graph(n_components=4)
"V1"
0.00272413706488828
0.0157732784748354
0.00824356444572667
-0.0194446552499701
-0.0169076852810675
-0.0374271244746163
0.0118645556502518
0.00257487591406991
0.017291892101335
-0.0146567550280322
-0.026171258700078
0.0135237264285278
0.00993495284318056
0.00761042425567835
0.00366105787233508
0.0198148019016174
0.0677995383147245
0.0373377995088904
-0.00395666439043892
-0.0074092022520511
-0.00539090033695917
0.0132358649855092
0.0106903951062761
-0.0111430119210514
0.020566274502395
0.0215487688489976
0.00980804496525418
0.0242630126747439
0.0449908336502662
-0.00651382103048637
-0.0634669803111418
-0.0310884840134086
0.0177638062254642
0.0369068365164883
0.0119756479277688
0.0319954031106413
0.00565965042381486
0.000291299983953654
-0.0238482673103196
-0.00172076121807907
-0.00681920120931982
0.00977684682502556
-0.0257426270281513
0.0263629172156653
-0.0108489290368134
0.00656831864809075
0.0314864813372667
-0.026385077266873
0.0383043130429921
-0.0353622624843904
0.0418464117821018
0.00372857552034291
0.00119453934982748
-0.00995245205809409
-0.00388751523522416
0.00115483692267943
-0.00109014083504488
-0.0186769687596541
-0.027493002788829
-0.0229874564388249
0.00810229747496471
-0.0115938219242059
0.0182133396344504
-0.00472665199364371
0.042211794186439
-0.0118753894882463
-0.0310766016852311
0.00694087174861661
0.0342192247543789
-0.00699243945438283
-0.0223138782166097
-0.00519838692873551
-0.0083858389366146
0.0026137749636457
0.0359352166416459
-0.0274985050311967
-0.00253466957334431
0.0193172954730354
0.0126862023997036
0.00968179516272214
0.0114066119619943
0.0224534378652898
0.0105224182820717
0.0162773053071665
0.0232612810062491
0.00286827414520706
0.0122089750029761
0.0104077636424342
0.00710186237938124
0.026387321483771
0.0155753421845282
0.000748088849983449
-0.000598236627049336
-0.00617536660904164
-0.00206864912095798
0.00604497511205309
0.0479187098338757
0.0143358416325907
0.0426081403015405
0.00370161628304855
