# predict_model; Vecm
# max_attributes; 15
# description; Stock and Watson 2012: US indicators;;;;;;;;;;;;;;;;;;;;;;;;;;;;;;;;;;;;;;;;;;;;;;;;;;;;;;;;;;;;;;;;;;;;;;;;;;;;;;;;;;;;;;;;;;;;;;;;;;;;;;;;;;
# number_predictions; 100
# predict; IPS11
# lag_parameter; 4
# horizon; 1
# name_prefix; us_data_stock_watson_2012;;;;;;;;;;;;;;;;;;;;;;;;;;;;;;;;;;;;;;;;;;;;;;;;;;;;;;;;;;;;;;;;;;;;;;;;;;;;;;;;;;;;;;;;;;;;;;;;;;;;;;;;;;
# method; Hits_te_(n_components=11)
# prediction_type; rolling
"V1"
0.0211348603116804
0.020281002587526
0.00393014019018827
0.00867484540001364
0.0101413877575755
0.00649768145882284
0.00171590547723376
0.00394410769895305
0.0074568822425256
0.0160882378761194
-0.00793501447299633
0.00229638917332277
0.0127557340960715
0.0111810215543445
0.00877683313443049
0.0126795099236255
0.0131460241455841
0.018026888160368
0.00502886439036955
0.00287539037936695
0.00467434226117285
0.00644484458185449
-0.0025989945008193
-0.00447401918426474
0.00758909352176576
0.00673683108350902
-9.93284696142292e-05
0.00946740000917564
-0.0126841868695197
-0.0102750851485483
0.00172334769914681
0.00695225683206231
-0.000971374580613584
0.00222220833459048
0.00441055897505729
0.00484058186009626
0.0159678146413272
0.00893937526287642
-0.00123750949422161
0.0100554638767366
0.00712779900753879
0.00991582525915912
0.0086795003121518
0.00659725929823408
0.0163248790752294
0.00734596913700313
0.00406278999439126
0.0136667987847057
0.0105116614217167
-0.00165967962071457
0.0201307078614685
0.0107154128996674
0.0123108777412589
0.0165950753527242
0.0141449509365196
0.0221037468643248
0.0244986569064298
0.0166520748184505
0.00863048944389733
0.00858298633972078
0.00843919220001558
0.0172335262257524
0.00219608034043332
0.00143363476051072
0.0190305261985263
0.010351484619378
0.00987236939384987
0.0120934830505322
-0.00174580279313552
-0.0053171660527081
-0.0149877235106292
-0.0129992586575449
-0.0176549030587412
0.000702541382869269
0.000465500247157001
0.0017410954219573
0.00533687885571294
0.00568187403826025
0.00620231874402665
-0.00681710504083697
0.00877343225335492
0.00810328858767308
0.00309223781430239
-0.000203909848942513
0.0145446884355158
0.0177405896585756
0.00802968521031621
0.0112695753816131
0.0169770544341314
0.00460511784871461
-0.00110295206207046
0.0106496009131372
0.00195311977458366
0.0046567332765723
0.00408724838154849
-0.00079303978547571
9.3179277702415e-05
-0.00102740654196951
-0.00742520738214584
-0.0103715096225363
