# predict_model; Vecm
# name_prefix; us_data_stock_watson_2012;;;;;;;;;;;;;;;;;;;;;;;;;;;;;;;;;;;;;;;;;;;;;;;;;;;;;;;;;;;;;;;;;;;;;;;;;;;;;;;;;;;;;;;;;;;;;;;;;;;;;;;;;;
# description; Stock and Watson 2012: US indicators;;;;;;;;;;;;;;;;;;;;;;;;;;;;;;;;;;;;;;;;;;;;;;;;;;;;;;;;;;;;;;;;;;;;;;;;;;;;;;;;;;;;;;;;;;;;;;;;;;;;;;;;;;
# lag_parameter;4
# number_predictions;100
# horizon;1
# max_attributes;15
# predict;CES140
# prediction_type;rolling
# method; Part-GFS_te(n_components=5)
"V1"
-0.00078371699866804
0.00283198126751498
0.0100139316510903
0.00541734491013038
0.0104704243837911
0.00381707785585146
0.00371602965621167
0.00174753724431581
0.00213780016529451
0.00556630984442446
0.00286459051569884
0.00172845298590317
0.00631667729877052
0.00893418425089696
0.000906342984128405
0.0139785044222737
-0.00083262378867457
-0.00262982749274896
0.00904910572858734
0.00422798734107095
0.00709933326364032
0.00765918989516807
0.00556956277651954
0.00486584115784592
0.00824150833288374
0.0110230912829225
0.0143298690310675
0.00640806324895782
0.00544361222105005
0.00466736812267775
0.0028250050050858
0.00146429935405185
-0.000183573732771422
0.000149951726350705
0.00938555327278404
0.0083687969363864
-0.00467089194483181
0.00735766306837392
0.00599139878687535
0.00586182031955695
0.00513128518213103
0.00667779490457551
0.00888532383972311
0.00896475068903411
0.00277229631649988
0.00733735400396351
0.000769876203109054
0.00396068175635331
0.00213326426506751
0.00519808355509427
-0.00241284404821724
0.00218241913934769
0.00296315204743593
0.00248279825428433
0.00310652252865377
0.00244952871857892
0.0047418857834415
0.00233394416994892
0.00617300261444518
0.00384798698032484
0.00616921807759894
0.00407127726180341
0.0163679756845405
0.0115964997146443
0.00346972344922759
0.00831814299525072
0.0251853303779366
0.00282464266505862
0.00175464538401863
0.0074150777051663
0.00672898175027946
0.00848364143475519
0.0129589115758101
0.00833498725550818
0.00967135478974751
0.00490288026570696
0.00689901303779852
0.00192240199268311
0.00157863753564105
0.00233357341790691
-0.00380186501657279
-0.00522926158632536
0.00322116563851091
-0.00265504010875882
0.00170252320097735
-0.00151597723118863
-0.00457961006024588
0.00774068612875858
0.00281717661427131
-0.00260288740469527
0.00270050551012315
0.00832483788472364
0.00332984895960873
0.00710451079738449
0.00107683360843013
0.00144082916952855
-0.00184975932316992
0.00458175357179991
0.00459500455848203
0.00574338635081017
