# predict_model; Vecm
# max_attributes; 15
# description; Stock and Watson 2012: US indicators;;;;;;;;;;;;;;;;;;;;;;;;;;;;;;;;;;;;;;;;;;;;;;;;;;;;;;;;;;;;;;;;;;;;;;;;;;;;;;;;;;;;;;;;;;;;;;;;;;;;;;;;;;
# number_predictions; 100
# predict; GDP259
# lag_parameter; 4
# horizon; 1
# name_prefix; us_data_stock_watson_2012;;;;;;;;;;;;;;;;;;;;;;;;;;;;;;;;;;;;;;;;;;;;;;;;;;;;;;;;;;;;;;;;;;;;;;;;;;;;;;;;;;;;;;;;;;;;;;;;;;;;;;;;;;
# method; Hits_granger__graph(n_components=7)
# prediction_type; rolling
"V1"
0.0529972647223676
0.0419970516301565
0.0379274598465454
-0.00319563643187912
-0.00205868583631491
0.0227875228830459
0.0469192292118401
0.00376628360491584
0.0106330334946001
-0.00804021989523671
-0.0811757296956545
-0.0456812562149719
-0.0143249311751038
-0.0303199493283113
-0.0291314528615911
0.0143083773005564
-0.0118851260577908
0.0147307774478468
0.0179113587902544
0.0271980686713802
0.000801635311865056
0.0112298393609077
0.0133989790157681
-0.00436515416381563
-0.00783085596793194
-0.0393524763474102
-0.0202951745893657
0.0136364117906434
-0.0608430295986428
0.00513676184517762
-0.0540713090093433
-0.0368144785955009
-0.0164075286189027
-0.0457221403081942
0.0144402170254756
0.0181504936442842
0.0117962294209942
0.00557763330865605
0.0249225745456839
-0.0386815119889616
0.0212025073729039
0.0534168752781573
-0.0425262939183617
-0.0738959408488254
0.00600318495314385
0.0387518167930331
-0.0208115133446677
0.00184041463016178
0.0244617372691968
0.0150572582670943
-0.0132421617271807
7.18525358586432e-05
0.0582269171119489
0.0526317190920293
0.0177628660454966
0.00353387851897406
-0.0254653156127375
0.036974103778991
0.0433310369257957
0.00267349646726758
0.0111003456412732
0.0185937493057035
-0.023879272923497
0.0405485376990235
-0.00340298530305054
0.0231378026057075
0.023602434787359
0.074049058342761
-0.0236442944773672
0.0133783363155757
-0.104725483459312
-0.0644449584613821
-0.0954417225396016
-0.00491234469264031
0.0247056540175145
-0.0185474511919863
-0.00396947556296927
-0.00727221203527645
-0.0575452257255739
0.0147971471766363
-0.0227809971844768
0.0376569525114069
0.0251510134224387
-0.0112249860729194
0.0623471675516078
-0.02509137933976
0.0514095700521002
0.0745975162819213
-0.0276703811593797
0.0629888696233769
-0.0869847970131399
-0.0693190897755235
0.0217120436083982
0.00162256117509596
0.026176620004641
0.0412134524461167
0.0528255425961715
0.0946706781711472
0.0589323501286617
0.0617195443457031
