# predict_model; Vecm
# max_attributes; 15
# description; Stock and Watson 2012: US indicators;;;;;;;;;;;;;;;;;;;;;;;;;;;;;;;;;;;;;;;;;;;;;;;;;;;;;;;;;;;;;;;;;;;;;;;;;;;;;;;;;;;;;;;;;;;;;;;;;;;;;;;;;;
# number_predictions; 100
# predict; Sfygt1
# lag_parameter; 4
# horizon; 1
# name_prefix; us_data_stock_watson_2012;;;;;;;;;;;;;;;;;;;;;;;;;;;;;;;;;;;;;;;;;;;;;;;;;;;;;;;;;;;;;;;;;;;;;;;;;;;;;;;;;;;;;;;;;;;;;;;;;;;;;;;;;;
# method; Hits_granger__graph(n_components=9)
# prediction_type; rolling
"V1"
0.0222643875451332
-0.217341159901515
0.0835272647799105
0.127197627838169
0.138769470222034
-0.0727917091733959
-0.291131701143279
-0.0143466167660478
-0.028125580602719
0.00929800276215629
-0.176083790504869
-0.0620227824738725
0.00708439410646617
0.0148295521538304
0.143924086274621
0.00734995623097357
0.0928895316245049
0.0782932023801285
-0.0728878689753015
-0.0414555586041519
0.0560497981425133
-0.161734539327769
0.125465323150193
-0.0918946274020206
-0.229758796615498
-0.0121197855470722
0.0837598787209423
-0.0365945289778577
0.077496468022386
0.116199224858189
-0.131711809818456
-0.0440062186961202
0.108038355189114
-0.051469190047817
-0.00500661074705155
0.0502629407037841
-0.0483681927851224
-0.0134701831141774
-0.0136444896214329
0.0204643998968828
-0.0594708652063418
0.0689163556821602
0.129925650588782
0.101200527078349
0.102960233453984
-0.0277342115084303
-0.0986154407967738
-0.147634615715551
-0.116193516799949
0.072119320216039
0.0447550428999856
0.0233090532213811
0.0817471380251618
-0.0518756619079853
-0.0345174036152951
-0.0319437038327569
0.0520943135069618
-0.0197097919502861
-0.102951474799603
-0.0267641001172068
0.0225509307555321
-0.0467921625556517
0.201290833214494
-0.0765323076210038
0.0652769125211173
-0.0241999583138536
-0.0265470628360562
0.0278849750588673
-0.0905466023636597
-0.108439061561516
0.0649182346983078
-0.012045888200788
0.1606513117088
-0.0960103902960952
0.0303972084910464
0.0246672012008341
0.121710241225822
-0.276037452297674
-0.000713819434377279
-0.0733045728030115
0.0360981664023142
-0.0185090575518232
0.0642886791808789
0.00678171784582627
0.0700260185621322
-0.0910451745669988
-0.10157708442832
0.0850924398035385
-0.108694926437201
0.0940921455725724
0.00173830601945596
-0.028728068975976
0.0303403355314134
-0.0865838063423358
0.00348747030821607
0.0463547186585323
0.0405044918065397
0.0185883289564867
0.0440014049866069
0.0149630712904557
