# predict_model; Vecm
# max_attributes; 15
# description; Stock and Watson 2012: US indicators;;;;;;;;;;;;;;;;;;;;;;;;;;;;;;;;;;;;;;;;;;;;;;;;;;;;;;;;;;;;;;;;;;;;;;;;;;;;;;;;;;;;;;;;;;;;;;;;;;;;;;;;;;
# number_predictions; 100
# predict; GDP286A
# lag_parameter; 4
# horizon; 1
# name_prefix; us_data_stock_watson_2012;;;;;;;;;;;;;;;;;;;;;;;;;;;;;;;;;;;;;;;;;;;;;;;;;;;;;;;;;;;;;;;;;;;;;;;;;;;;;;;;;;;;;;;;;;;;;;;;;;;;;;;;;;
# method; Hits_te_(n_components=12)
# prediction_type; rolling
"V1"
0.00128631618319296
0.00773599505236284
0.00651604769512291
0.00806792327390476
0.0101992554102786
0.00146613328477958
0.00413530209623145
0.00276911618924183
0.00555403282127008
-0.00377136608207258
0.00292688549849969
-0.00730155037219505
0.00655774087898482
0.00898660466035127
0.00739411709755679
0.00563187691387127
0.0019686820553214
0.00500183443888292
0.00620094797316746
0.00359831481844154
0.00543019006327304
0.0066783822309955
-0.000568550036913493
0.00597450243325858
0.00162206782499585
0.000628670292091354
0.00132289526526359
0.00146602328052117
0.00616183170590768
0.00433273897872197
0.0102980557926924
0.00197460638544377
0.00923405130205172
-0.00185123921392455
0.00567630892249974
0.00610992642066322
0.000499202842570418
0.003825712314043
0.00377214358599854
0.00180573192083607
0.00344606469026211
0.00722639403972783
0.00138596670116117
0.00539797109962791
0.00733522694571371
0.00357585595503893
0.000830995178953627
0.00591502095668464
0.00429029200111098
0.00278613068617544
0.00378166488464966
0.00665474851747941
0.00269034384000337
-0.00271923812036097
0.0124110657206395
0.00722664679429682
0.00100201283418894
0.000307002654098939
-0.000775692303725748
0.00342839367719593
0.00925046082739016
0.00260923116804826
-0.00232366575721882
0.00677658836814356
0.00888350160736508
0.00540921398396316
0.00702792442057813
0.00923690612462379
0.00849136464095623
0.00307851941972844
0.0108849194850727
0.00318249774090397
-0.00146281082089378
0.015403429325425
-0.00236632284677772
0.00584919816990051
0.00537564284593368
0.0112710525597104
0.00742661258258144
0.00838059811939286
0.0127492358696742
0.0130047938051907
0.0107000440666369
0.00714562943614554
0.0163829420916362
0.00830046338863142
0.0108591761221809
0.00982179491972047
0.0143878811531296
0.0156557773732946
0.0171820573074137
0.0174666278554726
0.0152414475243217
0.0105873889012034
0.00603109605768773
0.0128413021640441
0.0148251720928824
0.00723356235473463
0.0224353852555297
0.0139296942725294
