# predict_model; Vecm
# max_attributes; 15
# description; Stock and Watson 2012: US indicators;;;;;;;;;;;;;;;;;;;;;;;;;;;;;;;;;;;;;;;;;;;;;;;;;;;;;;;;;;;;;;;;;;;;;;;;;;;;;;;;;;;;;;;;;;;;;;;;;;;;;;;;;;
# number_predictions; 100
# predict; GDP263
# lag_parameter; 4
# horizon; 1
# name_prefix; us_data_stock_watson_2012;;;;;;;;;;;;;;;;;;;;;;;;;;;;;;;;;;;;;;;;;;;;;;;;;;;;;;;;;;;;;;;;;;;;;;;;;;;;;;;;;;;;;;;;;;;;;;;;;;;;;;;;;;
# method; Hits_te_(n_components=7)
# prediction_type; rolling
"V1"
0.00416609267164482
0.00665317034778961
0.000719690782941713
0.00542409763336165
0.00336501682706115
0.00212537333336008
0.00133435190103478
-0.000734229507624778
-0.00267248398466119
-0.000597927658016823
0.000399601469394335
0.00787822518976417
0.00931091832845319
0.00884774058606694
0.0068900915742878
0.00767945978190063
0.00688010563550769
0.0115427756898536
0.0123122308650933
0.0106830779726757
0.00554416304711224
0.0116598569278212
0.0126064819937678
0.00712358391617267
0.00876206748634286
0.00704198453130385
0.00799601983801893
0.0123345495994109
0.00526962059393267
-0.00753108657493027
0.00645457769922695
0.00513989317760618
0.0133151323854476
0.0100464823365778
0.00837467584274648
0.00844044343441258
0.00879914596147545
0.004285689382784
0.00218220309078088
0.00461588553728515
0.00461534130296345
0.0102249337494535
0.00397651271758455
0.0110588292185332
0.0192807419085235
0.011526915870283
0.008081303556131
0.0127682588547743
0.0159398461771368
0.0149448355465838
0.00696808826206526
0.00592933107526319
0.0156173125030321
0.0139526317373412
0.026798570999291
0.0187083829995482
0.0161496967804177
0.00682574578421377
-0.00340762421660484
-0.00372964494006773
0.00500593703054075
0.0111581543191469
0.00442625286930822
0.00331528137899747
0.0176217375898518
0.0160094361663095
0.0145737994134472
0.0200781824984271
0.0156951492256939
-2.2592560273543e-05
-0.0202334755499539
-0.0289525401653161
-0.0263996671877465
-0.00778466542855879
0.0108389029366296
0.00820003149273254
-0.00169389472104317
-0.00924752931225293
-0.00606105728590127
0.00776963473827973
0.0264902334333065
0.0248820189924819
0.0110637059285295
0.0131413660929004
0.0126091262460474
0.016119572734159
0.0154225593538012
0.00802772402360246
0.0197235422948056
0.0218825376633823
0.00965409926617517
0.0154692887861184
0.0314884516563628
0.00188816553021285
0.0237436633240086
0.0349757561289017
0.0175509290909225
0.0270568727175105
0.0126683951141793
0.0324090540471839
