# predict_model; Vecm
# max_attributes; 15
# description; Stock and Watson 2012: US indicators;;;;;;;;;;;;;;;;;;;;;;;;;;;;;;;;;;;;;;;;;;;;;;;;;;;;;;;;;;;;;;;;;;;;;;;;;;;;;;;;;;;;;;;;;;;;;;;;;;;;;;;;;;
# number_predictions; 100
# predict; FYFF
# lag_parameter; 4
# horizon; 1
# name_prefix; us_data_stock_watson_2012;;;;;;;;;;;;;;;;;;;;;;;;;;;;;;;;;;;;;;;;;;;;;;;;;;;;;;;;;;;;;;;;;;;;;;;;;;;;;;;;;;;;;;;;;;;;;;;;;;;;;;;;;;
# method; Hits_te_(n_components=2)
# prediction_type; rolling
"V1"
-0.00344759735252773
0.0508217053076525
0.0218397918471706
-0.0522155848436663
-0.0489343606404459
0.0127575857704776
-0.0623574446373043
-0.0567820960818048
-0.143682329085873
-0.060530491203771
-0.0264063446747991
0.0177314202233255
0.024115494174875
-0.0216874815611563
0.0186082712146342
-0.025142010935539
0.00762778330911994
-0.0177350921407645
0.00924759477648261
-0.0386772997993056
0.0451623017184694
0.00559385808151574
-0.00277726096108317
0.015409192420337
0.0468762324432531
0.00881686870798647
-0.0390908818908067
-0.0575890140382277
-0.124749426911272
-0.016250687029153
0.0355052599120627
0.00121657594587776
0.0118799600123817
0.0274480329483661
-0.0205627906416515
-0.0752400722434432
0.00651736946035605
-0.057996642811324
-0.00913416313787435
0.0185136157279684
0.016754070183042
0.074224693464408
-0.0278736758808794
0.0161104867788424
0.0169203973930554
-0.0221578523489871
-0.00394678078479592
0.0263983918348173
0.0224079853524083
0.0181980909590671
0.0158612316176408
-0.014055853079087
0.00850163130072103
0.0266751355181582
-0.0202140521668956
0.0241616750414445
-0.0101949125407232
0.0131736626695883
-0.00577691487865064
-0.0348520689750005
-0.0583898410569816
0.0774902299903219
-0.0826439099557975
0.0252787984524633
-0.0242172165521797
0.0316704296375562
-0.0538445791560608
-0.00557825333935246
-0.0160238378647993
-0.0140750328477621
-0.00307588860967519
-0.010294076365749
-0.0695507552941581
0.0764735000860008
-0.0398421648550576
-0.0358384956994904
-0.063781549238146
0.00547315623013607
-0.00327313861485066
0.0755792005093276
-0.00486821693121539
0.013298858978733
0.0312737060283662
0.00459379974610887
0.00659709911526827
0.0391912512419907
0.0248832833661034
0.0375279770111903
0.0141004158445632
0.020755924671481
0.0161445362282711
0.0167178479220488
0.0125993264668881
0.0166325305742166
0.0101502068168796
-0.0255961010924935
-0.0323960962042294
-0.0723117118154873
-0.039784109342051
-0.0323728713804522
