# predict_model; Vecm
# max_attributes; 15
# description; Stock and Watson 2012: US indicators;;;;;;;;;;;;;;;;;;;;;;;;;;;;;;;;;;;;;;;;;;;;;;;;;;;;;;;;;;;;;;;;;;;;;;;;;;;;;;;;;;;;;;;;;;;;;;;;;;;;;;;;;;
# number_predictions; 100
# predict; GDP276_4
# lag_parameter; 4
# horizon; 1
# name_prefix; us_data_stock_watson_2012;;;;;;;;;;;;;;;;;;;;;;;;;;;;;;;;;;;;;;;;;;;;;;;;;;;;;;;;;;;;;;;;;;;;;;;;;;;;;;;;;;;;;;;;;;;;;;;;;;;;;;;;;;
# method; Hits_te_(n_components=1)
# prediction_type; rolling
"V1"
0.00473383858600426
0.0140509968605625
0.0146978701160705
0.0111132661119838
0.0133614864196091
0.00737012100569357
0.00308458481333925
0.00704490193907629
0.00693533699180409
0.00827985029535287
0.0104670035633415
0.00792078148504496
0.00576716940879679
-0.000464799075467103
-0.000286123463931097
0.00152007657419504
-0.000437364999807164
0.00152698647039337
0.00548236789112351
0.00820629221250434
0.00299407147708359
0.00765339081385158
0.00456364498144045
0.00322968930083479
0.00327835180885823
0.00172753563557507
0.00370224231213375
-9.29071052334797e-05
0.00411592921450149
0.00967836491299942
0.0123848341200477
0.0100672340189189
0.00976827483617058
0.0066878303627056
0.00379661824688975
0.00471426866038811
0.00774124317934951
0.0029496052113702
0.00438945044868197
0.00345244689933747
0.00381370576166014
0.00750152552725025
0.00658132790217753
0.00545848276959496
0.00457281115251635
0.00687761499780188
0.00447957141635622
0.00376458105988428
0.00357172172448562
0.00333612437142466
0.00409122359602424
0.00339240357954534
0.00411749689844149
0.00486059399725561
0.00356586441386455
0.00281926583222944
0.000967034966084334
0.00120428191204637
0.00136586114220154
0.00164458184694024
0.00118770375864244
0.00189749053897595
-0.00154788993479427
-0.00170204078354541
0.000617491989521282
0.000119928812064904
-0.00169947013004649
-0.000772411515879689
-0.000769134005249707
-3.12037002792606e-05
0.00179063056066764
0.00320856961430788
0.00388019818592776
0.00410682229745643
0.0013749428720964
0.006247118792741
0.0069044674464586
0.00471901871929521
0.00514562684517522
0.00131996925441247
0.00299403864149323
0.00140904783480284
0.00290929130824752
0.00271981123983709
0.00399591825921877
0.00503820643546423
0.00586162732882017
0.00349128991547699
0.00696150221573025
0.00865923179249521
0.00703077559104434
0.00862337455993443
0.0101294899168298
0.00811142879116697
0.00869614407665648
0.0105349908182128
0.00838775463125282
0.00790130791158685
0.0105459272834485
0.0132796710379163
