# predict_model; Vecm
# name_prefix; us_data_stock_watson_2012;;;;;;;;;;;;;;;;;;;;;;;;;;;;;;;;;;;;;;;;;;;;;;;;;;;;;;;;;;;;;;;;;;;;;;;;;;;;;;;;;;;;;;;;;;;;;;;;;;;;;;;;;;
# description; Stock and Watson 2012: US indicators;;;;;;;;;;;;;;;;;;;;;;;;;;;;;;;;;;;;;;;;;;;;;;;;;;;;;;;;;;;;;;;;;;;;;;;;;;;;;;;;;;;;;;;;;;;;;;;;;;;;;;;;;;
# lag_parameter;4
# number_predictions;100
# horizon;1
# max_attributes;15
# predict;FYFF
# prediction_type;rolling
# method; Part-GFS_te(n_components=10)
"V1"
-0.26888550737089
0.238548741623442
0.171999777086918
-0.200961784509217
0.0362123907159858
-0.000154295717450296
0.0329944676478281
-0.0156962146587361
-0.015714331943764
-0.173610635511344
-0.12766714892781
0.0434269435082089
0.0660947132614891
0.00115992185263206
0.0201238601108532
0.0452677483394886
-0.0124508923106231
-0.0865844703319747
0.041113936684368
-0.0359093219844813
0.00442242926858966
0.0900379934179744
-0.0168819438178503
-0.109235540681598
0.0570534134297954
-0.00969838078996807
-0.0564559781138412
0.0219673280341171
0.00360030002209269
-0.194091192040532
0.061152368813006
0.0940012328274729
-0.0376999726863446
-0.0351708576731668
0.0110528082475235
-0.0614119350225766
0.0621856432700878
0.0229328589090693
-0.0957701492597085
0.0951796838721199
-0.00474891070907357
0.0746675485180149
0.124017828953666
-0.025577353896585
0.0490838735795016
0.00489643342930959
0.0138151317239332
0.0123994874460937
0.0440560897900376
0.0448243300515458
0.0508882660430735
0.00397239680247776
0.0253819604251283
-0.0225552238406339
-0.018343378014048
-0.0352305473504217
0.0146321386862805
-0.0871283934981294
-0.0262959928708649
-0.0810982885135457
-0.153646409390947
-0.00438640676688859
0.000833252011818561
0.0383445103833449
-0.0170245964322954
0.022564519994843
-0.0213943208748117
0.0629603930897393
-0.0540852738234805
-0.0253985866249447
-0.0168477001518905
0.00948533848332754
-0.264895523098513
0.0419998401299185
0.045196301957716
0.115871034062804
-0.0865342686321867
-0.0375592887227393
-0.0265779123260309
0.0388753212071367
-0.0830429371793976
0.00667299411270348
0.122992133602891
-0.035176851326445
0.00747647911539094
4.89833190857725e-05
0.0299094297217361
0.0391156083663129
0.00431665634299463
0.0247286677519012
-0.0423060733850806
-0.0057237602712836
0.0282236791325181
0.00692101529676415
-0.0328890233952306
-0.0255822834877189
-0.019897246373219
-0.11091391267543
-0.0357048678714309
-0.00727452579211317
