# predict_model; Vecm
# name_prefix; us_data_stock_watson_2012;;;;;;;;;;;;;;;;;;;;;;;;;;;;;;;;;;;;;;;;;;;;;;;;;;;;;;;;;;;;;;;;;;;;;;;;;;;;;;;;;;;;;;;;;;;;;;;;;;;;;;;;;;
# description; Stock and Watson 2012: US indicators;;;;;;;;;;;;;;;;;;;;;;;;;;;;;;;;;;;;;;;;;;;;;;;;;;;;;;;;;;;;;;;;;;;;;;;;;;;;;;;;;;;;;;;;;;;;;;;;;;;;;;;;;;
# lag_parameter;4
# number_predictions;100
# horizon;1
# max_attributes;15
# predict;EXRCAN
# prediction_type;rolling
# method; Part-GFS_te(n_components=12)
"V1"
0.00736769346387969
0.0121192709687522
0.0554430017871864
0.0294436031056704
0.0239220297140714
0.051703655274072
0.0323949720753052
-0.000225245507704255
0.0207446248923391
0.03403905119148
-0.000997258769692207
-0.0278616735229347
-0.00899500755277687
-0.0637331649382709
-0.00879720201168399
-0.0202727857360394
-0.0143150516626305
-0.0386060399611418
-0.0733449233845544
-0.0343319850675688
-0.0134437689893012
-0.0311781178043688
-0.00328371813806882
-0.0105432736672937
-0.00841160765301392
0.00245274323034562
-0.0126464614853201
-0.00991304852976302
0.00986190119809816
-0.0139708249093062
-0.00789115841036329
-0.0145786217363137
-0.0121272066647475
0.0564209882767826
0.0160925967259892
0.0380994167767565
0.0444703367660891
0.0283790076454303
0.0434597197217255
0.0256812757142961
0.0245888413840251
0.0207648565128124
0.063704124317485
0.0135817794604738
-0.0396311802655678
0.0531437797255367
-0.0034149477874096
-0.0404542119825227
-0.0192450804560296
0.0340567262065443
-0.00468368064550003
-0.00604539533505646
-0.0156436379845212
0.0105113798372887
0.0369510069398207
0.00264412151351588
0.0302825134517199
0.0381011787205531
0.0425821086544276
0.0814278460539608
0.0883430896830923
-0.0253625383926036
-0.0619805025282906
-0.00850825479424003
-0.0164486028009675
-0.0177419946682623
0.00645910518337443
0.0253802772619436
0.0405673865212401
0.0283080239191419
0.0121219400189423
0.0158550998651857
0.0443380575061264
-0.0304031605714304
0.082069243796978
-0.0531818591373694
0.0325948961056574
-0.0903889637032005
-0.181229503190546
-0.073845083254379
-0.0690032027637675
-0.0237912795914942
0.0174074278815317
-0.0194179236687761
-0.138705779844951
-0.0394777770001979
0.0152730145026233
-0.0984272422925088
-0.0627224020053085
0.00704528013990057
-0.0369235256226944
-0.0214973215230173
0.0537957779962974
0.0186087105535429
-0.101653698105486
-0.0849820120304827
-0.105576108152128
-0.0149601816548264
0.0331732818886796
0.0055814945983897
