# predict_model; Vecm
# max_attributes; 15
# description; Stock and Watson 2012: US indicators;;;;;;;;;;;;;;;;;;;;;;;;;;;;;;;;;;;;;;;;;;;;;;;;;;;;;;;;;;;;;;;;;;;;;;;;;;;;;;;;;;;;;;;;;;;;;;;;;;;;;;;;;;
# number_predictions; 100
# predict; GDP252
# lag_parameter; 4
# horizon; 1
# name_prefix; us_data_stock_watson_2012;;;;;;;;;;;;;;;;;;;;;;;;;;;;;;;;;;;;;;;;;;;;;;;;;;;;;;;;;;;;;;;;;;;;;;;;;;;;;;;;;;;;;;;;;;;;;;;;;;;;;;;;;;
# method; Hits_granger__graph(n_components=5)
# prediction_type; rolling
"V1"
-0.00215592575220668
0.00392611507271932
0.00911698310452633
0.00606986456764304
0.0100705573501175
0.00968468446422013
0.00547342646124611
0.00852014221450468
0.00363205518623102
0.0122434267818226
0.012938685917491
0.0110170765451691
0.00779736651436023
-0.00379326605497652
0.00519142801234212
0.00494614669764284
0.00657612651404808
0.00523151444322526
0.00472198757541097
0.00864022079874535
0.0104070638840218
0.0016683162731396
0.00750516130478282
0.011605367650756
0.00372475270005844
0.00258019204652305
0.0083625996411754
-8.28721037112774e-05
-0.00297057077073529
0.00265276141656559
0.00500064671988514
0.00244538168006042
0.000413456103876293
0.00305133716348638
0.00262699209810358
0.00726709874456786
0.00416807263535588
0.00787209271773323
0.00379800886531492
0.00658050472117051
0.00673599411285777
0.00811100096639384
0.00562604298853418
0.0051406881276419
0.00649935733392621
0.00257970276170391
0.00472670259094152
0.00675178358454258
0.00657186939977373
0.00389283501487912
0.00496995666310078
0.00583655183274
0.00533597554382288
0.00655973129387571
0.0094534502258653
0.00750781335828556
0.00732524653779059
0.0116296049849144
0.0108455568651559
0.0108558506876163
0.0114798486613085
0.0118153564245735
0.0102217409949581
0.0108599202096424
0.0109294213774368
0.00986617692022367
0.0154605920545567
0.00851529123952963
0.00930555926072015
0.00743808114883943
0.00811733105035532
0.00554253133886253
0.0105715964050603
0.00653304544222931
0.00962541292974216
0.00458464335682809
0.00596791179321476
0.0008385856078521
0.00990774973116445
0.00802746887814688
0.0115582045193807
0.00912612597549656
0.00928287967094566
0.00655321547088277
0.00640806404311989
0.0102795172742311
0.010715415359196
0.00368016983573818
0.00866985758267967
0.00660070280198001
0.0104935609255163
0.0108733356118085
0.0153954557243008
0.00434544267577642
0.00560915303566301
0.00768947104404908
0.00637262804446058
0.00506643383773368
0.00144054595819715
0.00671636938430054
