# predict_model; Vecm
# name_prefix; us_data_stock_watson_2012;;;;;;;;;;;;;;;;;;;;;;;;;;;;;;;;;;;;;;;;;;;;;;;;;;;;;;;;;;;;;;;;;;;;;;;;;;;;;;;;;;;;;;;;;;;;;;;;;;;;;;;;;;
# description; Stock and Watson 2012: US indicators;;;;;;;;;;;;;;;;;;;;;;;;;;;;;;;;;;;;;;;;;;;;;;;;;;;;;;;;;;;;;;;;;;;;;;;;;;;;;;;;;;;;;;;;;;;;;;;;;;;;;;;;;;
# lag_parameter;4
# number_predictions;100
# horizon;1
# max_attributes;15
# predict;LHU26
# prediction_type;rolling
# method; FCBF(n_components=11)
"V1"
-0.0768335258877
-0.0966610315431908
-0.0383239840354604
-0.0221900713075903
-0.0209197448818702
-0.0217992216842558
0.0100295600925144
0.0116996273502024
-0.0276181230691067
0.0280899279422491
-0.0389102255712605
-0.00500494473861303
-0.0399277263827586
-0.0272025183983512
-0.021595615495081
-0.0495558569192098
-0.00639113345304264
-0.0168559148298709
-0.0342258294553183
0.0411843008190073
-0.0184679921963281
0.00278348600345067
-0.0160800528666434
0.0361419137757325
-0.0322800485983977
-0.0246410975251471
0.0554451005340192
0.0562664286676526
0.0486317905713801
0.0732939869493993
0.0474792772739195
-0.00611180529535757
0.0552913171747401
0.0093902889193655
0.0207122235254419
0.0102907955426455
-0.0028432367959479
-0.0566246941789302
-0.00578816328511782
-0.0535391786114593
-0.0396972122125289
-9.38815147618222e-05
-0.0640564786556041
-0.0506326333469301
0.0170438907712868
-0.0290419006172896
0.00863851945342974
0.0162748578025227
-0.0109862524993431
-0.0032964774087009
0.00143156216001587
0.00114976757993452
-0.0545280904771747
0.0137296671910965
0.00967460364830937
-0.0659978271163253
-0.0332771203044594
-0.00054691277916908
-0.0535886818615137
0.0207615438662731
-0.0210036873606084
-0.018860448816477
-0.0130392413255963
-0.00774267672568916
-0.0401618972755392
-0.0307966651254528
0.000507088950743994
-0.028960102456243
-0.0100019549185535
0.0708745423216272
0.0456702015373506
0.0686278758176091
0.0792149915330061
0.0918563368777546
-0.00985173060825405
0.0226611841535225
0.0195737157460525
0.00630757129758673
0.00428613672642944
0.00366935010882337
0.00732860403433018
-0.0570475239452798
-0.0663037987238639
-0.00909466392799152
-0.0334857886635601
0.00133169426865637
-0.0196560998545388
-0.0190646904055153
0.0436934538669126
-0.0906723346886534
0.00910924401702521
0.0553293784106132
-0.0237207333655125
-0.0245219992003798
0.0136065337948858
0.0662308183301938
0.0015489823795568
0.0350000006673168
0.0321938937903346
0.165244944751139
