# predict_model; Vecm
# name_prefix; us_data_stock_watson_2012;;;;;;;;;;;;;;;;;;;;;;;;;;;;;;;;;;;;;;;;;;;;;;;;;;;;;;;;;;;;;;;;;;;;;;;;;;;;;;;;;;;;;;;;;;;;;;;;;;;;;;;;;;
# description; Stock and Watson 2012: US indicators;;;;;;;;;;;;;;;;;;;;;;;;;;;;;;;;;;;;;;;;;;;;;;;;;;;;;;;;;;;;;;;;;;;;;;;;;;;;;;;;;;;;;;;;;;;;;;;;;;;;;;;;;;
# lag_parameter;4
# number_predictions;100
# horizon;1
# max_attributes;15
# predict;BUSLOANS
# prediction_type;rolling
# method; FCBF(n_components=15)
"V1"
0.0100614317569946
0.0128463027068375
0.00994310225152733
0.013907401620217
0.00933200592213378
0.00741324184203769
0.00689792532687344
0.00346817552454534
0.00157782437973152
0.00675781682171157
0.00283958032499877
0.00260288688366431
0.00126502592309196
0.00448794643355823
0.011999424173893
0.0068058742644317
0.006417267787844
0.00661144771086222
0.00861974404709032
0.00493529925755035
0.00742756461405895
0.00868905829360608
0.00850903057755587
0.00105342453954149
-0.00132739267621498
0.00213823287816687
-0.000796531825501172
0.00485511477487929
-0.0028008999481535
-0.00600087619862151
-0.00482791115144208
-0.00750585868733255
0.00310911210878567
-0.0115454767124256
-0.00638598726252092
0.000762118459244332
-0.00705672996195252
-6.20434037895122e-05
0.00116069142431805
-0.00345738514932139
-0.00218547328050162
0.00320482363611265
0.00512654675380641
0.012034732730953
0.0185660995623046
0.0135380861410133
0.00873646164925196
0.00240541386871766
0.00157867840338307
0.0137258159886089
0.0104194254324998
0.0158302863924684
0.00804113214554865
0.00657102627483126
0.0104834318973529
0.0169166305359132
0.0119928469700904
0.0103827306756861
0.00649666870960307
0.0139836677610475
0.02003731066488
0.0138073107263597
0.00953786855696712
0.00508330167908391
0.0045808996627266
0.00522638245849715
0.0217217046665658
0.0109814722320957
0.00960117994377303
-0.00665918430615675
0.0116050955452838
0.00758180535790629
-0.00943492092105806
-0.00125806798608669
-0.0147100308346765
-0.00602523950793352
-0.0268449074935353
-0.00280840893581069
-0.012894346173404
-0.00320677489054777
-0.0141034332124386
-0.00199755782002556
0.000283328549685512
0.008557891889764
0.00678731449289659
0.0200051446327328
0.0192704496380779
0.0229431556032314
0.00989151840758621
0.0393218890718699
0.0537606042328642
0.0404720553435668
0.0166021366589408
0.0112453522772297
0.030746942196196
0.0342497182789053
0.0576348714309862
0.0260239470061993
0.015807661090923
0.00962170014122106
