# predict_model; Vecm
# max_attributes; 15
# description; Stock and Watson 2012: US indicators;;;;;;;;;;;;;;;;;;;;;;;;;;;;;;;;;;;;;;;;;;;;;;;;;;;;;;;;;;;;;;;;;;;;;;;;;;;;;;;;;;;;;;;;;;;;;;;;;;;;;;;;;;
# number_predictions; 100
# predict; IPS18
# lag_parameter; 4
# horizon; 1
# name_prefix; us_data_stock_watson_2012;;;;;;;;;;;;;;;;;;;;;;;;;;;;;;;;;;;;;;;;;;;;;;;;;;;;;;;;;;;;;;;;;;;;;;;;;;;;;;;;;;;;;;;;;;;;;;;;;;;;;;;;;;
# method; Hits_granger__graph(n_components=4)
# prediction_type; rolling
"V1"
-0.0164820959822584
0.0106314402676386
0.00358060334993186
0.0106914932180489
0.0115706415211112
0.00737098650325136
0.00555906442161196
-0.00128308987552552
-0.00131675504209342
-0.00333941519023771
0.00169199710248425
0.0130548073194993
0.00739592398713825
-0.00401993415723185
-0.0111863459068483
0.0114222037801353
0.00994212509297883
0.0126244184405006
0.0113146409518525
0.00744792162679133
0.0172834688667294
0.00519057954587222
0.00693978918847922
-0.005426959888473
-0.00252539984434677
0.00353727073094854
-2.08064622737736e-05
-0.00896000263032853
-0.00123572209247977
0.00410535114914241
0.0157893549182472
0.0110803853378228
0.00656554865897019
-0.000419232751166739
0.00127764895513432
-0.00192537446404987
0.0096684880824152
0.00612029526653506
-0.00190705026474114
0.00572350479461728
0.00327077167961404
0.00439318040504837
0.00361445510458498
0.0105002642869338
0.00921566845413452
0.00262240319372358
0.00601232315206323
0.0100083472340797
0.0135080491018654
0.00303502511914089
0.00363730427168261
0.00813793391899886
0.0049117069930275
0.000692236444246856
0.00996191245131243
0.00721050421369406
0.010812788601954
0.015281278763532
0.0111335793973509
0.00200629517259594
0.00725822417275944
-0.00240734412119295
-0.00107626260593392
0.00957098722566126
-0.00123363708541587
0.00806522745921531
0.0100453407561152
-0.00866730475143472
0.00497951287236239
0.00651128384813974
-0.00114018640832125
-0.00623134180870909
0.00130785971585832
0.00757254444777183
0.0135138627182284
0.011389502367966
0.00978128560986411
0.00287302632532451
-0.00997807810355272
0.0152056664353651
-0.0119356782319362
-0.0062523656608333
0.00408706112305702
0.0119009221261267
0.0100186121660392
0.0103868577798734
0.0266063675788843
0.00235426245365437
-0.000236316200906625
0.0220160192520969
0.0224650682664646
-0.00118508646516762
0.0160462036303812
0.00255201703307184
-0.00233841929395483
0.00721639895627707
0.00099704393664476
0.00232630318911756
-0.00587899543177504
7.32424043228539e-05
