# predict_model; Vecm
# name_prefix; us_data_stock_watson_2012;;;;;;;;;;;;;;;;;;;;;;;;;;;;;;;;;;;;;;;;;;;;;;;;;;;;;;;;;;;;;;;;;;;;;;;;;;;;;;;;;;;;;;;;;;;;;;;;;;;;;;;;;;
# description; Stock and Watson 2012: US indicators;;;;;;;;;;;;;;;;;;;;;;;;;;;;;;;;;;;;;;;;;;;;;;;;;;;;;;;;;;;;;;;;;;;;;;;;;;;;;;;;;;;;;;;;;;;;;;;;;;;;;;;;;;
# lag_parameter;4
# number_predictions;100
# horizon;1
# max_attributes;15
# predict;LHU680
# prediction_type;rolling
# method; Part-GFS_te(n_components=15)
"V1"
-0.0687544518461599
-0.0224245783317628
-0.0324146404202691
-0.0599017938150299
-0.0336965679568505
-0.0564851124449165
-0.00899168765111102
-0.0264177947626636
0.00657104284656557
-0.0450131062114245
-0.00626225010323665
0.0177388591426531
-0.0247589875524429
-0.0240367466060419
-0.00837783438180592
-0.0357472059117604
-0.032937565878293
0.0173156074387805
-0.0394593645210531
0.000520421221379867
-0.045357821525349
-0.0410164399456503
-0.0389612695974517
-0.0123540518088699
-0.000782240788129661
0.00604696526576139
0.00647774430980846
0.033860967553481
0.0461564786422008
0.0332498497659922
0.0266101085661306
0.0275510264812824
0.0738775024059306
0.119969556667099
0.111159857101517
0.0553760432090799
-0.0127701196807278
-0.0492792417276862
-0.0276734160043966
0.0175235873499529
0.0555557711656666
0.0184145049859818
0.00912421114997723
0.00939997882957567
-0.0297817293278207
-0.106935314994944
0.0121724114001349
-0.0458907236204444
-0.0306740872270454
0.0186771247188725
0.0645738962215101
-0.0235058809725668
-0.0734077027350137
-0.0453026543958782
0.0140250489443841
0.000118765733576988
-0.00914879751208643
-0.0286102715177319
-0.0597353033381604
0.00501493674666121
-0.0136573653810945
-0.0595317821722839
-0.0312842789598215
0.0237590912604366
-0.0441590430183346
-0.0211027679900754
-0.0152426663665873
0.0183102753839925
-0.00657265502481304
0.0350898929578925
-0.0275918490806032
0.0519188608255894
0.0773108683979483
0.0460643255651241
0.101347977703138
0.0475064230618382
0.0598287593767538
0.0439143194703157
0.0845482362002502
0.0359298559534095
-0.00793107517769917
0.0120553976497303
-0.0415902891953279
-0.0409047582715244
-0.00199088390762721
0.00919088083084078
-0.0378198950123031
-0.018812459700939
-0.0179648117527851
-0.0732547150107577
-0.0237785891471093
-0.018240152547223
-0.0337460720963242
-0.0458478027230787
0.0183025621160128
0.0449110271730545
-0.00177865695112981
0.00328822162696009
0.00940194190568678
0.0456550339768355
