# predict_model; Vecm
# max_attributes; 15
# description; Stock and Watson 2012: US indicators;;;;;;;;;;;;;;;;;;;;;;;;;;;;;;;;;;;;;;;;;;;;;;;;;;;;;;;;;;;;;;;;;;;;;;;;;;;;;;;;;;;;;;;;;;;;;;;;;;;;;;;;;;
# number_predictions; 100
# predict; MZMSL
# lag_parameter; 4
# horizon; 1
# name_prefix; us_data_stock_watson_2012;;;;;;;;;;;;;;;;;;;;;;;;;;;;;;;;;;;;;;;;;;;;;;;;;;;;;;;;;;;;;;;;;;;;;;;;;;;;;;;;;;;;;;;;;;;;;;;;;;;;;;;;;;
# method; Hits_granger__graph(n_components=7)
# prediction_type; rolling
"V1"
0.00437794543343083
0.0227773615205572
0.00968011568609329
-0.0015244139764205
0.00448937825628805
0.00456307122332898
0.00231953586371008
0.00704529098157908
0.00820006654486007
0.00777621958852598
0.0192479432720177
0.00456753898013864
0.014013910962845
0.00735716943578727
0.00353213258183416
0.00449648443004905
0.0017255145609661
0.00439274664916752
0.00246048133029202
0.00164599068457753
0.00391960183878397
0.000432144162765607
-0.000397397418921856
0.00413378997873837
-0.000142585874577261
-0.00535744661047678
0.00579431273000014
0.00326372803536822
0.00700045488279208
0.00865622056434257
0.00203937502937538
0.00749335606948976
0.00694842451439989
0.0074332164449044
0.00638781125285598
0.00554710383442648
0.00665711752454986
0.00635187904553233
0.00678052224980816
0.00480912409931207
0.00616389506510071
0.00025598355446729
0.00175343601361564
0.00131731556848297
0.00281085708742894
-0.00320114076017875
0.000755042375705513
0.00278551803483792
0.00210869401590633
0.00216673298557825
0.00380704559641399
0.00733000143218689
0.00710668665559841
0.00532244262660589
0.00928555580337486
0.00617530237948309
0.0086517203816905
0.0117815106204993
0.0122608091126157
0.013962880093931
0.0153095499766292
0.0130529011074318
0.0117434845839524
0.0110496413315635
0.00591497923260609
0.00925748122140271
0.00617581028651115
0.0131830926795221
0.00984257196677742
0.0284226192155493
0.0288264625004494
0.0309463222816496
0.0319623685739982
0.0115784884388852
0.0188302318489558
0.00773842541155081
0.0224073705048633
0.0061182705947425
0.0161227465261668
0.00888029157254329
0.0101574582616553
0.00543787144986501
0.011679722495655
0.00878738078566457
-0.000547459901190533
0.00119210952199699
0.00223773773698956
0.00208691035477375
0.0115512795619097
0.00318971902665722
0.00344307674952805
0.0193562412643383
0.0246701430181395
0.00484378386644854
0.0205416663418509
0.0235607257633934
0.0232559485046579
0.0374661663977933
0.0404085208109029
0.026650015939852
