# predict_model; Vecm
# max_attributes; 15
# description; Stock and Watson 2012: US indicators;;;;;;;;;;;;;;;;;;;;;;;;;;;;;;;;;;;;;;;;;;;;;;;;;;;;;;;;;;;;;;;;;;;;;;;;;;;;;;;;;;;;;;;;;;;;;;;;;;;;;;;;;;
# number_predictions; 100
# predict; CES017
# lag_parameter; 4
# horizon; 1
# name_prefix; us_data_stock_watson_2012;;;;;;;;;;;;;;;;;;;;;;;;;;;;;;;;;;;;;;;;;;;;;;;;;;;;;;;;;;;;;;;;;;;;;;;;;;;;;;;;;;;;;;;;;;;;;;;;;;;;;;;;;;
# method; Hits_te_(n_components=15)
# prediction_type; rolling
"V1"
0.0686779048785502
0.0189423996668874
0.0440265516324888
0.00917283362203709
-0.00693392495797702
0.0092075891075598
-0.0145665664646958
-0.0224946057442086
-0.0260436617545277
-0.00537916765269452
-0.0129161131796149
-0.0133489073853864
-0.0225354247232166
-0.00875231777281957
0.0271056812409453
-0.00391037505217531
0.0277191969286613
-0.04037239505761
0.0400425751822167
0.0112559752853772
0.0215210361538252
-0.000898889857045703
-0.0172275783977102
-0.0189525484249916
0.0141773618808461
-0.0463478081979522
-0.0194858508874297
-0.0174478071891097
-0.0731249809107332
-0.0179862797362388
-0.0070993966290758
-0.0263143923692523
-0.00464426029467523
-0.0159289077823797
-0.00842186019121578
-0.0225659941310383
0.00737521440048588
-0.00733705648884092
-0.00127850756037349
0.00478599693484502
0.0214255776558282
0.0420503064882093
-0.055655313944809
0.024676225780041
0.0230547103701422
-0.0177624727315969
-0.00181606420538804
0.0321386754245872
0.00424471096768646
0.0017595786330379
0.0140401431451498
0.00175347588976523
0.00542931897508865
0.0337665116172806
0.0157932990643806
0.0246317828820747
0.0407965677356879
0.0309552742960893
0.0183052090402992
-0.0288840834200206
-0.000505447486098629
-0.00414900176628567
-0.0135350545414325
0.00110085588417409
0.000397865277247773
0.0308445260520108
-0.0235808776735557
0.00453482665050897
0.00450882194895519
-0.0183845041435996
-0.076678374642943
-0.0783957011717581
-0.0974261367966422
-0.0320912191002439
-0.0344087428412983
-0.0212435443894764
-0.0354256252045109
-0.0422897531091226
-0.0354198679203771
0.00123586978545926
-0.0327115827511584
0.0106148889456372
0.0201643597180991
0.000740476171240004
-0.00231544087534249
0.00420458930186231
0.00163961446801863
-0.00485010674272119
-0.00328234095487499
0.0164063776868031
-0.0248453973473592
-0.00703111942051535
-0.00830873399078029
-0.0144517397016008
-0.0200457844060863
-0.0150625118455972
-0.00891902108632828
-0.0208321548742518
-0.0286815204307247
-0.032870347397952
