# predict_model; Vecm
# name_prefix; us_data_stock_watson_2012;;;;;;;;;;;;;;;;;;;;;;;;;;;;;;;;;;;;;;;;;;;;;;;;;;;;;;;;;;;;;;;;;;;;;;;;;;;;;;;;;;;;;;;;;;;;;;;;;;;;;;;;;;
# description; Stock and Watson 2012: US indicators;;;;;;;;;;;;;;;;;;;;;;;;;;;;;;;;;;;;;;;;;;;;;;;;;;;;;;;;;;;;;;;;;;;;;;;;;;;;;;;;;;;;;;;;;;;;;;;;;;;;;;;;;;
# lag_parameter;4
# number_predictions;100
# horizon;1
# max_attributes;15
# predict;LBLCPU
# prediction_type;rolling
# method; Part-GFS_granger_graph(n_components=6)
"V1"
-0.00639366514130482
0.0124200324971906
0.0120732468236121
0.00622332723799822
0.00742980596868316
0.00350826651305452
0.00823244173237568
0.00173430019143471
0.00634383694809506
-0.00419775243554485
-0.00765546419356374
0.0101927114141789
0.00903751016381737
0.0106942741001863
-0.00670632874615195
0.00253566269365229
0.00992962439195538
0.00847011874968989
0.000506597337820115
0.00483742545207948
0.0149264072480706
0.0076511503557111
0.00616343189280977
0.00498141147152205
0.0081093205813957
0.00575959552489893
-0.000228855530103074
0.0159601714651185
0.00993606172389288
-0.00138622049669756
0.00144445539268258
0.00443326294911049
0.00305857827426609
0.010334191205598
-0.000836101958076634
0.00110152865210474
-9.29321476671937e-05
0.00582948849909977
-0.00671263647464564
0.00241781799544425
0.00845294090992366
-0.00126574033213652
-0.0016473697631101
0.000965379030138338
-0.000146372354263415
0.00701043835423473
0.00934074003090455
0.00575561741103569
-0.00671088005877566
0.00203150184515253
0.0102834802769917
0.00575275611655448
0.00482078798081505
-0.000221998961331978
0.00566880572962914
-0.00396316997497242
0.00246399733324225
0.00954789428728383
0.00593149732544023
0.0061755699361754
0.00990411997771915
0.0153491235164237
-0.00353553120356777
-0.00546574745057305
0.00854859462372159
-0.00955348701438768
-0.0185050437756618
-0.0336234258199232
0.055136143820109
0.0367269126996859
0.0167774926352687
0.011922001156637
-0.00968824522830472
0.013325064556469
-0.013004447868196
0.00330424433484402
0.000915858001071743
0.00731947768737991
-0.0166716268218231
0.00994675908777845
-0.0110698620455777
0.0049815461704602
0.00139352543542275
0.00865100354095732
0.00783718228023322
0.010587858163284
-0.00137919265725021
0.0055197771640132
0.00388145180705164
0.0242678885337952
0.0118923781798675
0.0179465928129399
0.00581305510544512
-0.00359426403740833
0.00622983565101046
0.00932598818273452
0.00860084642918663
-0.00246005298212185
-0.00170178780130463
0.0170833050950645
