# predict_model; Vecm
# name_prefix; us_data_stock_watson_2012;;;;;;;;;;;;;;;;;;;;;;;;;;;;;;;;;;;;;;;;;;;;;;;;;;;;;;;;;;;;;;;;;;;;;;;;;;;;;;;;;;;;;;;;;;;;;;;;;;;;;;;;;;
# description; Stock and Watson 2012: US indicators;;;;;;;;;;;;;;;;;;;;;;;;;;;;;;;;;;;;;;;;;;;;;;;;;;;;;;;;;;;;;;;;;;;;;;;;;;;;;;;;;;;;;;;;;;;;;;;;;;;;;;;;;;
# lag_parameter;4
# number_predictions;100
# horizon;1
# max_attributes;15
# predict;GDP276A
# prediction_type;rolling
# method; Part-GFS_te(n_components=7)
"V1"
0.00620903833649061
0.00822507888943786
0.00544856594801063
0.00701099262256453
0.00803602890987342
0.00386110661372809
0.00679500565593193
0.00500414801268909
0.00637972328130857
0.00437483776925813
0.00555255221294041
0.00643999839342082
0.00742069372683951
0.00543431026463401
0.0100963507334047
0.0051031341508279
0.00596995741857972
0.00592501292367473
0.00793816067396964
0.00675170066434234
0.00762631194365976
0.0092135439213365
0.00902352851395862
0.00773099780580953
0.00537570049543683
0.00736655537499915
0.00679501628642554
0.00964498225314668
0.011187035356706
0.00565586679586877
0.00838136675544539
0.00709252306446978
0.00414320958275135
0.00809612491046366
0.00549488884403244
0.00710826946338877
0.00643984479094256
0.00639003897062455
0.00592755606941763
0.00333509127398747
0.00585254592090169
0.00307674693538075
0.00591818176537301
0.00605876952892883
0.00401304387118609
0.00459197209830811
0.00611325726819266
0.00654857550895416
0.00520623207092808
0.00565758502532184
0.00430951342334581
0.00684053665871934
0.00746448572562299
0.00352891872737687
0.00334510996119884
0.00658555569058224
0.00467754724755201
0.00361473213340679
0.0028814963709963
0.00490693645927061
0.00481657617831984
0.00385738170987636
0.00618685919728402
0.00643460236582391
0.00407630355912353
0.00605561870801748
0.00309845963095481
0.00412375558747104
0.00665929369128295
0.00524771499873897
0.0100853928917946
0.00322230688016771
0.011645900248124
0.00708328655645842
0.00232060310209025
0.00269252875116289
0.00700027232271873
0.00869491481899645
0.00560856148870989
0.00640995935199039
0.0105915587182206
0.00663197483188286
0.00658968142520387
0.00640988527697725
0.00883738219579592
0.00944283771818442
0.00618146646684769
0.00926690607281262
0.00956305800936185
0.00825462974733122
0.0103657430838507
0.00933173249500158
0.0080761380585661
0.0115461658600639
0.00964704665452532
0.00941148915159133
0.0117497362479868
0.00837188356714543
0.0115583718537591
0.0127922194862134
