# predict_model; Vecm
# name_prefix; us_data_stock_watson_2012;;;;;;;;;;;;;;;;;;;;;;;;;;;;;;;;;;;;;;;;;;;;;;;;;;;;;;;;;;;;;;;;;;;;;;;;;;;;;;;;;;;;;;;;;;;;;;;;;;;;;;;;;;
# description; Stock and Watson 2012: US indicators;;;;;;;;;;;;;;;;;;;;;;;;;;;;;;;;;;;;;;;;;;;;;;;;;;;;;;;;;;;;;;;;;;;;;;;;;;;;;;;;;;;;;;;;;;;;;;;;;;;;;;;;;;
# lag_parameter;4
# number_predictions;100
# horizon;1
# max_attributes;15
# predict;PW561R
# prediction_type;rolling
# method; FCBF(n_components=2)
"V1"
-0.0188570966335845
-0.00231771460211617
-0.00582336829297401
0.0045606664056182
-0.0186671869994789
-0.020756467296739
-0.0222588592765188
-0.0227765743987371
-0.00722589685804629
-0.073459707801608
-0.086756924771017
-0.00840913923995902
-0.0390937074690804
-0.0304227177143915
0.0218213437112202
0.0309382405539241
-0.0130066444030142
-0.0425685723748419
0.0297176306017528
-0.0400973071286306
-0.0159443483752391
0.037926522316674
0.0161693824481277
0.00949425672134858
0.00363002222832175
0.0188691513005268
-0.0360803883419623
0.0251818930982889
0.0802859529986279
-0.055737184065065
0.0873763601468973
0.0199768584549535
0.0315054522947569
0.0139727109727288
0.0351665534818955
-0.0436681089515075
-0.00336379522718031
-0.0450622064907513
-0.0330107466194531
-0.02177260749312
-0.0186381013535407
-0.0349412749925757
0.00626510288682182
-0.0194150355930202
-0.00700487531891165
-0.0157238978341573
-0.0217873642656504
-0.0022569264941618
-0.0115879594347631
-0.015365430852337
0.0144236145320146
-0.00557129267196904
-0.00197511694153142
-0.00609810640364739
-0.014465066643183
0.0108599262242412
-0.00892306300349507
-0.0640415347540403
-0.0288749043740546
-0.0653625948596458
-0.0321291800093244
-0.0460591561379483
0.0208822841523425
0.0284413800779704
0.0369501052700556
0.0730858642103799
-0.0257726668557371
0.0346076115023832
-0.00274900571260514
-0.00535098790650466
-0.00496840642858917
-0.00534250053151909
0.0114972044351446
0.0371094168588484
-0.0233116200156143
0.005025402272793
0.0103772092704622
0.0313322541469942
0.00838611465805652
0.0848245344495517
-0.0175255883001141
-0.0225108665674702
0.00544813943326418
0.0234614673647966
0.0132495624550531
0.0114977941052933
0.0140509395815672
0.032766556532043
0.000529853460918706
0.0331797054016883
0.0271278647508134
0.00702501584815978
-0.0242182917729754
-0.000812771598547736
-0.0145801852490266
0.081588531153492
0.0251857978482718
0.0572459758595793
0.204195436242558
-0.000592539565874153
