# predict_model; Vecm
# name_prefix; us_data_stock_watson_2012;;;;;;;;;;;;;;;;;;;;;;;;;;;;;;;;;;;;;;;;;;;;;;;;;;;;;;;;;;;;;;;;;;;;;;;;;;;;;;;;;;;;;;;;;;;;;;;;;;;;;;;;;;
# description; Stock and Watson 2012: US indicators;;;;;;;;;;;;;;;;;;;;;;;;;;;;;;;;;;;;;;;;;;;;;;;;;;;;;;;;;;;;;;;;;;;;;;;;;;;;;;;;;;;;;;;;;;;;;;;;;;;;;;;;;;
# lag_parameter;4
# number_predictions;100
# horizon;1
# max_attributes;15
# predict;sFYAAAC
# prediction_type;rolling
# method; FCBF(n_components=5)
"V1"
0.0710461196822653
-0.00934838270006891
-0.0693917497981512
-0.0591218988398417
-0.0705567477683153
-0.14897721729028
-0.0213645350930254
-0.184781096982064
0.0405641013763716
0.0850510509868672
0.000759397083963649
0.0260607400471294
0.134061345634493
0.12083866620405
0.0572666782662551
-0.0385450205782674
-0.353928671948539
-0.00142631385324522
-0.10161956864767
0.115695846431599
-0.262983116057747
-0.0825614709218584
0.145496635670151
-0.0434480393890626
-0.0238294731544162
0.0361542462648704
0.0239464133872509
0.0793757403205964
0.118279169953807
0.0834226552853683
-0.244827989286167
0.0140818573061367
0.086118642699478
-0.0118688071692078
0.0332847447442877
0.00985426818177715
-0.0536459529145226
0.0191264983920193
0.0827615506957458
-0.0210021625222758
0.0614425088703037
0.164809253578357
0.0193628426845558
-0.19838794525703
-0.0450146592326445
0.00236210114115469
0.014844620748633
0.059027312330263
0.0285399541964325
0.00843724495909237
0.00616647756943644
0.0923884648889031
-0.0498321311456738
0.0457687210161244
-0.0326382903625165
0.0655237578921015
0.0369530362234331
-0.184368630029097
0.0723919275741161
-0.0302738001005488
-0.088180503555029
-0.107815323671508
0.10044568620588
-0.20551229362989
-0.00102252186233101
-0.00331018802872002
-0.050872189199623
-0.0134635158656614
0.0647180845275137
0.0450889848704366
-0.228772847947078
0.220813209480944
-0.150754681190862
-0.250630706104662
0.0749957365296851
-0.21121734466429
0.100337180908334
0.202110960046397
-0.073371260994426
0.037878379232902
-0.0642870034915574
-0.0677377450403
0.0312696762975246
-0.0173594006494866
-0.060917960940321
-0.00517088100531325
0.00463067078424616
-0.127164975715213
0.0393559788985595
-0.0746884951575694
0.0387630768691416
-0.0102547054328912
-0.0583890816887748
0.0549525967948001
-0.0592299501577565
0.0199391484508996
-0.0568247410559183
0.0452364491183938
-0.0480387807864385
0.0418163433175881
