# predict_model; Vecm
# max_attributes; 15
# description; Stock and Watson 2012: US indicators;;;;;;;;;;;;;;;;;;;;;;;;;;;;;;;;;;;;;;;;;;;;;;;;;;;;;;;;;;;;;;;;;;;;;;;;;;;;;;;;;;;;;;;;;;;;;;;;;;;;;;;;;;
# number_predictions; 100
# predict; GDP273A
# lag_parameter; 4
# horizon; 1
# name_prefix; us_data_stock_watson_2012;;;;;;;;;;;;;;;;;;;;;;;;;;;;;;;;;;;;;;;;;;;;;;;;;;;;;;;;;;;;;;;;;;;;;;;;;;;;;;;;;;;;;;;;;;;;;;;;;;;;;;;;;;
# method; Hits_te_(n_components=12)
# prediction_type; rolling
"V1"
0.00518937084900175
0.00642313772386205
0.00775268278175868
0.00491751044435666
0.00161176783324123
0.00591450283903623
0.00615994899500432
0.00396155304189809
0.00503084816988129
0.00596647820010066
0.00110700624144101
0.00421566399852908
0.00458208175131838
0.00630566059959952
0.00631105069364366
0.0066220234338226
0.00643870830643479
0.00454656320728006
0.00872027126697397
0.00790600690776401
0.00775649841996306
0.00860396062569167
0.00843941508113569
0.00654156434907905
0.00593495947856252
0.00832246433949233
0.00907200390963962
0.00902320669593878
0.00956582679978932
0.00771534966733889
0.00532140823118874
0.00590791308531604
0.00670032723080078
0.00487947099875409
0.00738271923492926
0.00587599583687932
0.0052904229152881
0.00372415235605577
0.0058679186287909
0.00454057486035969
0.00369889523200437
0.00411737945406971
0.00435214340179815
0.00443891835644183
0.00649282783805042
0.00381718743297148
0.00488377895821406
0.00257593272149706
0.00437768478977525
0.0038028088663794
0.00435992185987393
0.00429813615882057
0.00612461812199958
0.00469891992297342
0.00301558956683206
0.000299826967703176
0.00302232369680745
0.00208820406879403
0.0014518574064817
0.00256686773555627
0.00145442263913462
0.00326501715338613
0.00353707178822516
0.00627574244448359
0.0052638150426508
0.00439057535174907
0.00709808618137437
0.00373452194459475
0.00366432403940538
0.00629224046097327
0.00484269666855027
0.00340037851645105
0.00230219163880624
0.0042733636487166
0.00366767047913524
0.0038874390573
0.00321819626077106
0.00651765948533569
0.00476223049494412
0.00411108497638902
0.00577425868780069
0.00667440302013065
0.00759713083592202
0.00666205775965685
0.0083192342287812
0.00882382182528174
0.00632837245815512
0.00988659757805247
0.0117509550986318
0.00808923799619511
0.0100527085306785
0.0068790295923273
0.00406764383143638
0.00655209252189104
0.00645383036889783
0.00902111818753367
0.00868846923238562
0.00793112733320482
0.0172481999703176
0.0085883859205289
