# predict_model; Vecm
# name_prefix; us_data_stock_watson_2012;;;;;;;;;;;;;;;;;;;;;;;;;;;;;;;;;;;;;;;;;;;;;;;;;;;;;;;;;;;;;;;;;;;;;;;;;;;;;;;;;;;;;;;;;;;;;;;;;;;;;;;;;;
# description; Stock and Watson 2012: US indicators;;;;;;;;;;;;;;;;;;;;;;;;;;;;;;;;;;;;;;;;;;;;;;;;;;;;;;;;;;;;;;;;;;;;;;;;;;;;;;;;;;;;;;;;;;;;;;;;;;;;;;;;;;
# lag_parameter;4
# number_predictions;100
# horizon;1
# max_attributes;15
# predict;GDP279A
# prediction_type;rolling
# method; FCBF(n_components=12)
"V1"
0.0118324723533147
-0.0109616135516072
-0.00987250701857397
-0.0015752893999618
-0.0102794643316624
0.000972879392151221
-0.00557785561745407
0.0060683968067214
0.0111952334704444
0.0102423815234355
-0.0172722269514855
-0.00147670536796027
-0.00193378488279548
-0.00677134841816037
-0.00265198088923495
0.013401063768678
0.0110266051994571
0.0132923908188085
0.0103269818830068
0.00959421726664898
0.00311132106134608
0.00959026545126735
0.00628320478980118
0.0113000454166736
-0.000896961869042409
-0.00589130109871772
-0.00524770296808694
0.0233873395727222
0.00922885548791121
0.00805806040482581
-0.00785394481929124
-0.0127120150412129
-0.00214167965547597
0.00200589047610649
0.000870733812682234
0.00454990748548537
-0.00316949670816243
-0.00171773079569927
-0.00695424390161885
0.00521271518727759
-0.0068015314638332
0.00571235403809852
0.00311160304625321
0.00959109304515299
0.00308391083520652
-7.36425376396434e-05
0.00754157654719489
-0.0120205113278994
-0.00571841997435857
-0.00938862333960311
0.00672983940194296
0.00248992029229312
-0.0158826517792384
-0.00861870201639841
-0.000435685671824866
-0.000246670859047888
-0.0113964088761479
-0.0176688642149656
-0.0151111987445954
-0.00771159897847974
-0.00706784151452774
-0.00173581475915931
-0.00253975697317928
-0.00496377479497674
-0.00538848413365428
-0.00559005127629255
0.00658946222757518
0.00511479787110492
-0.0125529167900965
-0.000102752903438598
0.00131175323143018
-0.00306818193934299
-0.0148546718859802
0.00693058587764488
-0.00596177670974853
-0.00648162793894346
0.0119950770193271
-0.00982223760246548
0.00596568936855748
0.010551044930611
0.00899654673205794
0.000652849832819007
0.00692625496678106
0.0104989579244109
0.0139019697022699
0.00654622083554875
0.0110825513133113
0.0060539706006283
0.026573203279859
0.018091455728879
0.0109890945808165
0.011675682279658
0.00622586543961328
-0.00160455853023644
0.00568525483633248
0.019560949472948
0.00400758439798252
-0.000225652029542452
0.0148702550208229
0.00818755753685911
