# predict_model; Vecm
# name_prefix; us_data_stock_watson_2012;;;;;;;;;;;;;;;;;;;;;;;;;;;;;;;;;;;;;;;;;;;;;;;;;;;;;;;;;;;;;;;;;;;;;;;;;;;;;;;;;;;;;;;;;;;;;;;;;;;;;;;;;;
# description; Stock and Watson 2012: US indicators;;;;;;;;;;;;;;;;;;;;;;;;;;;;;;;;;;;;;;;;;;;;;;;;;;;;;;;;;;;;;;;;;;;;;;;;;;;;;;;;;;;;;;;;;;;;;;;;;;;;;;;;;;
# lag_parameter;4
# number_predictions;100
# horizon;1
# max_attributes;15
# predict;UTL11
# prediction_type;rolling
# method; Part-GFS_granger_graph(n_components=3)
"V1"
0.0333799763706051
0.0807318632988963
0.0318050749392613
-0.00708325121135115
-0.0257677521984235
0.0625751582903101
0.0663859761936933
0.0415074033257976
0.0161373017007129
0.0348172825484738
0.0486651431092224
0.0203316875245136
-0.00274896637721728
0.00574173880858752
0.0391333859891454
0.0102637184523805
-0.0317716583045586
0.00976466046896902
0.0267897281708055
0.00812014529031821
0.0721512911188266
-0.0231700851423043
-0.0110889175750881
-0.0237218755530942
-0.00830765186966949
0.011553719990838
-0.0362101333178393
-0.0416821169992781
-0.0666558045260257
-0.0014643141952082
0.0111216581176224
0.0538615213109014
0.0103174742673591
0.00831742466313632
0.0116876357028452
-0.0347680113692837
0.014808721337844
0.020270902707323
-0.0152072767961632
0.0161027137393896
0.0314575893605602
0.0117959844262598
0.0377433655942196
-0.00995343773697709
0.0569440027301091
-0.0275232695698787
-0.0111494624512974
0.0222606115784502
-0.00523563215675513
-0.021518113457689
0.00905834215220079
-0.0146324007968541
0.0149867401850404
0.0284579789789084
0.000935071949808986
0.0415601784977915
0.0171299352886155
0.0128260205220472
-0.040829051465024
-0.0669655725413431
0.0108912806477958
-0.00109571952517485
-0.0413024685299358
-0.0402153464503582
-0.0102463945122861
0.0105878772129662
-0.0223922783330226
-0.0410614872968326
-0.0361742307154321
-0.0576710997223623
-0.0999163631602315
-0.11338105866162
-0.0608331443876333
-0.047635813047879
-0.0281580461415971
0.0135710650383127
0.00513881828748809
0.0109094737211848
0.00732473455403889
0.0352934052229228
0.0207383380170852
0.0185230536253684
0.0248375498655504
0.0225092600062419
0.0460993025102208
0.0261402536079801
0.013751365857139
0.0168470841747855
0.0223808228554792
0.021511843217753
-0.00927046765676919
-0.0181498611368236
-0.0226061368367947
0.00489988559589637
0.00306942878195037
-0.01645273048179
-0.0262158469861284
-0.0364813793701529
-0.029497702930794
-0.128473696283736
