# predict_model; Vecm
# max_attributes; 15
# description; Stock and Watson 2012: US indicators;;;;;;;;;;;;;;;;;;;;;;;;;;;;;;;;;;;;;;;;;;;;;;;;;;;;;;;;;;;;;;;;;;;;;;;;;;;;;;;;;;;;;;;;;;;;;;;;;;;;;;;;;;
# number_predictions; 100
# predict; GDP276_6
# lag_parameter; 4
# horizon; 1
# name_prefix; us_data_stock_watson_2012;;;;;;;;;;;;;;;;;;;;;;;;;;;;;;;;;;;;;;;;;;;;;;;;;;;;;;;;;;;;;;;;;;;;;;;;;;;;;;;;;;;;;;;;;;;;;;;;;;;;;;;;;;
# method; Hits_te_(n_components=2)
# prediction_type; rolling
"V1"
0.0072637508147802
0.00747213288177416
0.00805465024561568
0.00643504680044395
0.00694004795613804
0.00558191173052964
0.00445321137361129
0.00330474170177967
0.0054834134172071
0.00362425744067814
0.00362938768676572
0.00425654010107615
0.00329263450275299
0.00405691306617238
0.00432047775370118
0.00463437598364676
0.00796499955772149
0.0088532070125477
0.0103009137524502
0.00961517032996393
0.0105797046772662
0.011784154305102
0.00849941789175794
0.0116004395925919
0.0102739535489939
0.00909321117465917
0.0106019668103047
0.0104014540122256
0.0101144176899525
0.00836619853972602
0.00886801884687718
0.00712568410323759
0.0085731150310286
0.00964189029638958
0.00805123746593359
0.0082481927773228
0.00919038934054264
0.00769911819338904
0.00837359848513129
0.00758161517293715
0.00614510904465761
0.00735295475372338
0.00624945440308433
0.0072692325309871
0.00660100898710969
0.0080973795755191
0.0056167443563774
0.00429401190632317
0.00472002766618578
0.00350937353375726
0.00540334190576122
0.0047181768513791
0.00504627382111657
0.00430655939031509
0.0046629746015685
0.00457559777343511
0.00356382431395569
0.00475478411806081
0.00542816218809311
0.00413680483571644
0.00487952869807841
0.0045925423104611
0.00382282216441182
0.00528165366566556
0.00527060252324206
0.00539468077170258
0.00574441767312741
0.00688934026824882
0.00651595776896951
0.00920334205724501
0.00810177245782016
0.00749412143167559
0.00594406502626963
0.00364570448290503
0.00515354773063538
0.00583005108347993
0.00706704961836677
0.00777889101494507
0.00963039993028231
0.00971699491651203
0.0108625747607863
0.0116043643167505
0.0103599429270149
0.0082935133759605
0.00646184699175775
0.00832443467722686
0.00868133859522764
0.00800317073730573
0.0086452138682042
0.00664214370615399
0.00719477536892904
0.00748978786551687
0.00926406778893367
0.0117580072506947
0.00955046807702546
0.0103185318764004
0.00471947866487411
0.00857181643476782
0.00524449627140651
0.00541175270258583
