# predict_model; Vecm
# name_prefix; us_data_stock_watson_2012;;;;;;;;;;;;;;;;;;;;;;;;;;;;;;;;;;;;;;;;;;;;;;;;;;;;;;;;;;;;;;;;;;;;;;;;;;;;;;;;;;;;;;;;;;;;;;;;;;;;;;;;;;
# description; Stock and Watson 2012: US indicators;;;;;;;;;;;;;;;;;;;;;;;;;;;;;;;;;;;;;;;;;;;;;;;;;;;;;;;;;;;;;;;;;;;;;;;;;;;;;;;;;;;;;;;;;;;;;;;;;;;;;;;;;;
# lag_parameter;4
# number_predictions;100
# horizon;1
# max_attributes;15
# predict;IPS12
# prediction_type;rolling
# method; FCBF(n_components=1)
"V1"
-0.00123234136166086
0.00655245923826323
-0.00464101751542229
-0.00570680333447799
-0.00250078089957179
-0.00805169657601452
-0.00304226324044004
0.0019110196982789
0.00341549037980239
0.000950053837755959
0.000549918969373016
0.00459164419820125
0.00780444934529561
0.00533003736006632
0.00892578536746442
0.00930849388313662
0.0104804396084403
0.00864506096504189
0.00494896599466033
0.00519003890924355
0.00519518692097647
0.00328147320084354
-0.000413464677827461
-0.00508125488995985
0.00534047629382272
-0.00797220732539383
0.00693196041504709
0.00512112404067197
-0.00436009376577124
-0.000226674787518842
0.00821885223362323
0.00938007990686099
0.00784365242537392
0.00712409182521385
0.0188636215868611
-0.000877826221218814
0.00903294906470437
0.00429450713146683
0.00385716863628676
0.0101864989912803
0.00597465213705266
0.0125381014383848
0.00686881783341422
0.00744894946267934
0.00936310311543177
0.00817778166129902
0.00448998895232012
0.0126847737453464
0.00688455501292247
0.0102579788686307
0.0140445732086254
0.00154443324170709
0.00757721129339673
0.00248468438787021
0.00374372143716527
0.0116369772171243
0.00720108607349424
0.00193286475832844
0.010812460164927
0.00855059700548073
0.0151427804989067
0.00149673015938213
0.00155577630916162
0.002334897416644
0.011131366619059
-0.00400062299225846
0.0124831377244482
0.00124279454688579
0.00751855142086012
0.00559228272335008
0.00397645759471214
-0.00769621597328367
0.00430881468784295
0.0109354110085693
0.0088880504873729
0.0134316714000622
0.00806750379719687
0.00825545237641848
0.0115894261381526
0.0210872913531224
0.00791505176552369
0.0022723040063743
-0.000452527287832853
0.00374970958776116
0.00214060483488692
0.000651269777657912
0.00361633562578215
0.00941860604103475
0.00976711042495181
0.00895346924570241
0.00732802370750454
-0.00462976028383865
-0.000512245251663944
-0.0001048919168464
0.00904985098948807
0.0161898934183479
-0.00535620559121997
-0.00438128315484857
0.00467615927072997
-0.00842588119019392
