# predict_model; Vecm
# name_prefix; us_data_stock_watson_2012;;;;;;;;;;;;;;;;;;;;;;;;;;;;;;;;;;;;;;;;;;;;;;;;;;;;;;;;;;;;;;;;;;;;;;;;;;;;;;;;;;;;;;;;;;;;;;;;;;;;;;;;;;
# description; Stock and Watson 2012: US indicators;;;;;;;;;;;;;;;;;;;;;;;;;;;;;;;;;;;;;;;;;;;;;;;;;;;;;;;;;;;;;;;;;;;;;;;;;;;;;;;;;;;;;;;;;;;;;;;;;;;;;;;;;;
# lag_parameter;4
# number_predictions;100
# horizon;1
# max_attributes;15
# predict;PSCCOMR
# prediction_type;rolling
# method; Part-GFS_granger_graph(n_components=11)
"V1"
-0.00492788980054986
0.00935185212539448
-0.0377230061525534
-0.00130454532587433
0.0282776999839994
-0.0409413669221883
-0.06187723646092
0.0491562401170245
-0.0240552360502663
-0.000602890712229386
-0.0544826821023641
-0.0915510459495101
-0.0412474208051937
-0.00395542982462332
-0.0251293298243567
0.00126413381896211
0.00181724013837214
0.0531727470024949
-0.00698136354353829
-0.0094533682891684
0.03535813873424
0.00422236371432923
-0.0350705986870946
0.00543570820857789
0.0172140891677963
-0.0535755598999183
-0.00719181099990642
-0.00943927179824229
0.00866054549116894
-0.0324761281651797
-0.00588286285924878
-0.0349459388067576
-0.0130020045783344
-0.0134031761031671
0.0173184154613343
-0.0254498521077345
0.00793760358624709
0.0114226861208284
-0.0339887821202937
0.0208379291591405
-0.0178590366299906
-0.00519538793565407
0.00730656624121495
0.00261675800128149
0.0254384827258617
0.00291215466654354
0.013960313359226
-0.0030494634263004
-0.00272606210098171
0.0172892668917911
-0.0186290094309581
0.02558546290225
0.0393710358305002
-0.0518965629349337
0.0043063180463137
0.0291812526864295
-0.00303611460123166
-0.0486881456634659
0.0106237182287653
-0.0266330709116184
-0.00783775879564438
-0.0210321423143658
-0.0505847551900941
-0.0217263284979363
-0.00455162691034732
-0.0169964801498894
0.0151541229909974
-0.0112504308810147
0.0137414861233412
0.00376638978117939
-0.0295279932114543
0.00777587677504332
0.0631750326103337
0.0102914019871319
-0.0338839519371653
0.0273255826986528
0.0155702330029062
0.0125193053460228
0.0269415625741868
-0.00834995271810361
0.0210778779011361
0.0460589486610392
0.0368710815342003
-0.00234478110573128
-0.00614751856568482
-0.0283168295596114
-0.0009261586228476
0.00148867840820278
0.00819239521210731
0.0221798274617958
0.0204524270708619
0.010242665341412
0.00739921648815288
0.0333762715045783
0.0457188771785363
0.0275347179542071
0.0227512990300598
0.0199206581814848
0.0370794352629131
-0.0329202626539047
