# predict_model; Vecm
# max_attributes; 15
# description; Stock and Watson 2012: US indicators;;;;;;;;;;;;;;;;;;;;;;;;;;;;;;;;;;;;;;;;;;;;;;;;;;;;;;;;;;;;;;;;;;;;;;;;;;;;;;;;;;;;;;;;;;;;;;;;;;;;;;;;;;
# number_predictions; 100
# predict; LHELX
# lag_parameter; 4
# horizon; 1
# name_prefix; us_data_stock_watson_2012;;;;;;;;;;;;;;;;;;;;;;;;;;;;;;;;;;;;;;;;;;;;;;;;;;;;;;;;;;;;;;;;;;;;;;;;;;;;;;;;;;;;;;;;;;;;;;;;;;;;;;;;;;
# method; Hits_granger__graph(n_components=10)
# prediction_type; rolling
"V1"
0.0351605786876209
0.0862947568764643
-0.00301456627149366
0.00266535291581169
0.0218660344371827
0.0254208851620162
0.0252214937984546
-0.0127165380382909
-0.0270524710201591
-0.00622951778379974
0.00578293019080249
-0.00576349904071666
-0.00453837945186302
0.0111211608931309
0.0243709126085751
0.0183676565886336
0.0014167025285966
0.0393974437010351
0.0216540723704883
-0.0205663241043905
0.0833305264356941
-0.00975406007397579
-0.0371605300479625
0.0101635777174902
-0.0119440335251972
-0.0333609793020987
-0.0632096530799626
-0.0738768658211314
-0.0801833468651178
-0.0686290820578291
0.0276635715861488
-0.0112762300070215
-0.0286739190621162
0.0283596998015827
-0.0034495065928859
-0.0316855353925531
0.0381409950173733
0.00720589302155229
0.0194603806668074
0.0447026481922801
0.0227093526043219
0.0183684550636922
0.0348269572690283
0.00710346478116023
0.0422820435651198
0.00578616723232905
-0.0422477735053992
0.0331514474907884
0.00867239969509005
-0.00810340707487539
0.0135409841482222
0.00918662107950709
-0.0168536564184337
0.0361249930927226
-0.00309710274515743
0.0305994172060721
0.0155975784527949
-0.000675934266753818
0.0114298232173074
-0.0157296706007601
-0.00504219297434093
0.0590266793288795
-0.0308640512911677
-0.0294078580710016
0.0383548354399922
0.0144422158548829
-0.0326972002280405
-0.0490412549014747
-0.00283537286291541
-0.0229519654928487
-0.0520664716438038
-0.0804952088436844
-0.0884901717592472
-0.033637034752934
-0.0110404083125957
-0.00184238508357355
-0.0139804012119643
0.00039812088053577
0.00537622287204643
0.00544706509341745
-0.012989812113488
0.00953879361796331
-0.00406370459260941
9.43775824090098e-05
-0.000458329830774695
0.0107917889798661
0.00180953216927117
0.0140509254193753
0.00249438223294523
-0.00181996351090319
-0.0426299185469341
-0.0132114452252351
0.0103734660047759
-0.0148334205543105
0.00193409688897803
-0.00919393262066376
-0.0216529880603223
-0.0214236081729119
-0.0133452235823995
-0.00460867212622749
