# predict_model; Vecm
# name_prefix; us_data_stock_watson_2012;;;;;;;;;;;;;;;;;;;;;;;;;;;;;;;;;;;;;;;;;;;;;;;;;;;;;;;;;;;;;;;;;;;;;;;;;;;;;;;;;;;;;;;;;;;;;;;;;;;;;;;;;;
# description; Stock and Watson 2012: US indicators;;;;;;;;;;;;;;;;;;;;;;;;;;;;;;;;;;;;;;;;;;;;;;;;;;;;;;;;;;;;;;;;;;;;;;;;;;;;;;;;;;;;;;;;;;;;;;;;;;;;;;;;;;
# lag_parameter;4
# number_predictions;100
# horizon;1
# max_attributes;15
# predict;CES088
# prediction_type;rolling
# method; Part-GFS_granger_graph(n_components=11)
"V1"
0.00719812098032358
0.00717814197067546
0.00886605865076759
0.00898876585651904
0.0102755941072728
0.0124722051875446
0.0122057851211231
0.0145826237637004
0.0147033243474816
0.0109040995678034
0.0156375162447716
0.0151935005944037
0.0111995544499715
0.0152196913292092
0.00900811627991206
0.0033995834273951
0.00660044680051782
0.00614542027818305
0.0036205623873297
0.00111125413690986
0.00164785619486517
0.000804327611880154
0.00170526247371127
0.00255511967502887
0.00150350217902622
0.00292963013636145
0.00320465743933102
0.00578579452766114
-0.00241871349750421
-0.000628393360244592
-0.0071291519622914
-0.00518485566112485
-0.00394064533857189
-0.00252854387088459
0.00137647626518387
0.00457825717047566
0.00474218081917888
0.00473453300314969
0.00864841740777685
0.0123705084380615
0.0120515434635659
0.00983432753614076
0.00338889894332394
-0.00357584756435249
-0.00818683855044694
-0.00511036104101244
-0.000589762006029041
0.000784732932807018
0.00692897554037031
0.00640159831347245
0.0092954221987476
0.00940350149798077
0.00611644370090246
0.00743320337040035
0.0116100017908023
0.0126955326280332
0.01250591791166
0.0123978218083646
0.0134469458863574
0.0119563460856487
0.00761891307394407
0.00597877182626305
0.00553936654302916
0.00192288113935225
0.00304058743577893
-0.00866332237888353
0.00380375141735003
0.00600287140239923
0.00731210750924264
0.00590596055180098
0.00396409571416407
0.000616012675094947
-0.000619691585986382
-0.00110325723301737
0.00090159168874266
0.00284936638959038
0.0132099188742637
0.00760422969296616
0.00941882427910213
0.00169630746717244
-0.00406227826835214
0.000505549745136623
0.00693881714224959
0.00297645855842202
0.00265864028875557
0.00747031577142563
0.00314357207239843
0.0117117730542102
0.0122126389978681
0.00511622100952718
2.35504945522175e-05
0.0033352417576919
0.00773021023535392
-0.0034097222822479
-0.00970416441304926
-0.00293114902211845
-0.00698961208079831
-0.00574569795070523
-0.00291323129403939
-0.012568693591114
