# predict_model; Vecm
# max_attributes; 15
# description; Stock and Watson 2012: US indicators;;;;;;;;;;;;;;;;;;;;;;;;;;;;;;;;;;;;;;;;;;;;;;;;;;;;;;;;;;;;;;;;;;;;;;;;;;;;;;;;;;;;;;;;;;;;;;;;;;;;;;;;;;
# number_predictions; 100
# predict; GDP276_7
# lag_parameter; 4
# horizon; 1
# name_prefix; us_data_stock_watson_2012;;;;;;;;;;;;;;;;;;;;;;;;;;;;;;;;;;;;;;;;;;;;;;;;;;;;;;;;;;;;;;;;;;;;;;;;;;;;;;;;;;;;;;;;;;;;;;;;;;;;;;;;;;
# method; Hits_granger__graph(n_components=2)
# prediction_type; rolling
"V1"
0.00634132346712683
0.00735880073163132
0.00622785597557168
0.00586044346235467
0.00534752513203723
0.00489466948315842
0.00503076826711539
0.00524907160115133
0.00530500698563968
0.00534732237827348
0.00275932351315882
0.00713098824175982
0.00464171130276151
0.00694663272789026
0.00723977288596836
0.00459531180793331
0.00490042909701956
0.00413348868562786
0.00574842106782364
0.0072873211434679
0.00669574660690333
0.00649382898045958
0.00869321708943961
0.00484450897957629
0.0045437419925109
0.00867668038244525
0.00746983341477875
0.0107776280067645
0.0102160330231644
0.0105952745901105
0.00588885859445758
0.00874454342622686
0.00878323106838049
0.00567011612096307
0.00442632677891511
0.00622634214629436
0.00502150349480229
0.00494748857980429
0.00540308291547013
0.00490503435409258
0.00552955119542784
0.00512312060708076
0.00279332209139787
0.00417374134882593
0.00228557705740843
0.00415534725123471
0.00423863318920348
0.00422543613054768
0.0046870886905173
0.00603590433540707
0.00607217604012314
0.0066120571838422
0.00693279766680055
0.0057789527451025
0.00454415415599483
0.00626047196762951
0.00483284774134187
0.00564659518445706
0.00567660752816042
0.00550590586078413
0.00511392445013346
0.00588890394199882
0.00611831358138481
0.00698123769227192
0.00751803985686924
0.00878369867684409
0.0089964696542335
0.00870045182052601
0.00903916763331148
0.00975521620486927
0.00759117251459799
0.00739915940900933
0.00499398251880651
0.00450990195630066
0.00792028328774954
0.00886730896331492
0.00917896062283864
0.00800077752667272
0.00487782274786368
0.00724603926900105
0.00541102853742565
0.00612107271248564
0.00822928531048638
0.00678209045978043
0.00731089334483505
0.00736301642065042
0.00556561188909073
0.00719077494088487
0.0116271758120619
0.00678582295163713
0.0064554920909172
0.0087528670931265
0.00769872274506415
0.00457308914639259
0.00356895249227345
0.00398374454013599
0.00734657358286453
0.00549331928598691
0.010567812833037
0.0106239689797874
