# predict_model; Vecm
# name_prefix; us_data_stock_watson_2012;;;;;;;;;;;;;;;;;;;;;;;;;;;;;;;;;;;;;;;;;;;;;;;;;;;;;;;;;;;;;;;;;;;;;;;;;;;;;;;;;;;;;;;;;;;;;;;;;;;;;;;;;;
# description; Stock and Watson 2012: US indicators;;;;;;;;;;;;;;;;;;;;;;;;;;;;;;;;;;;;;;;;;;;;;;;;;;;;;;;;;;;;;;;;;;;;;;;;;;;;;;;;;;;;;;;;;;;;;;;;;;;;;;;;;;
# lag_parameter;4
# number_predictions;100
# horizon;1
# max_attributes;15
# predict;MOCMQ
# prediction_type;rolling
# method; FCBF(n_components=12)
"V1"
0.00175317278958956
0.0444351796848186
0.0183868769535733
-0.00791040884214943
0.0153050678831462
-0.00281338674051146
-0.00622094018030248
0.027919182542702
-0.00317703895309323
0.0247968435470731
0.0435760447843045
-0.0389782627081962
0.0256733109909048
0.0275644656325455
-0.0135782525054051
-0.000184334662846786
0.0132344848950883
0.0270366715806223
-0.00318918346592808
0.00754303251746098
0.00809176757307044
-0.00306892606377408
0.00401614859269674
-0.0172207468639649
0.016201334442615
-0.0275517982800024
0.0243671305026817
-0.00521930140885271
-0.0232007521182451
-0.0433584250724075
0.0172444763918752
0.0134134390127277
-0.00631668979273882
0.0595109732034618
-0.030243626682994
0.0501478175830299
0.00397221004760315
-0.0074420886713375
0.0189595054722683
0.00186710057655748
-0.00495168629235477
0.0290403916831476
0.0636472333785734
0.0114620385151028
-0.0184076465957215
0.00978905689894427
0.0143821977551684
-0.00688268144255374
-0.0187469469778318
-0.000377583057995984
0.0342560685638757
0.0089585262674001
0.0554051517872244
-0.0238821957163268
-0.00212220260107545
0.0554227960303687
0.0312774664422111
0.00358808813466493
0.0388927907361719
-0.026170273181565
0.00039264342057652
0.0291107765161839
0.0152195720896423
-0.0219636229849603
0.0438402401605937
0.0121391727415919
-0.0685934683981591
0.0119200945170705
-0.00864266908727315
-0.0184010855822225
-0.024498754136581
-0.0297660457154415
0.043138215413129
-0.0595053720272586
0.0291949617014027
-0.0171323496328407
0.0139896409962812
-0.00487098154128272
-0.019693015462054
0.0290584401598202
0.00868727514903476
-0.00169795170281643
-0.0147567056385815
0.00698880577359185
0.0121410934407953
0.0228125392420927
0.0333544522107566
0.0134995297706322
-0.0306970509059217
0.0261486905713819
0.0189641537848542
-0.0491969696603521
0.0162893375910381
-0.00266613477567832
-0.0196706249206844
0.00352682956764346
-0.0246251078932694
-0.0341691078348485
-0.026542815509083
-0.0817827524786032
