# predict_model; Vecm
# name_prefix; us_data_stock_watson_2012;;;;;;;;;;;;;;;;;;;;;;;;;;;;;;;;;;;;;;;;;;;;;;;;;;;;;;;;;;;;;;;;;;;;;;;;;;;;;;;;;;;;;;;;;;;;;;;;;;;;;;;;;;
# description; Stock and Watson 2012: US indicators;;;;;;;;;;;;;;;;;;;;;;;;;;;;;;;;;;;;;;;;;;;;;;;;;;;;;;;;;;;;;;;;;;;;;;;;;;;;;;;;;;;;;;;;;;;;;;;;;;;;;;;;;;
# lag_parameter;4
# number_predictions;100
# horizon;1
# max_attributes;15
# predict;GDP276_3
# prediction_type;rolling
# method; FCBF(n_components=11)
"V1"
-0.00170192392168129
0.00247981294219469
0.00640202358117587
0.00649873255043844
0.00414896119822873
0.0146716669220314
0.00381155428968552
-0.00261407323985386
-0.000925179965343879
0.00500257602708173
-0.0130719101489849
-0.00269566141767213
-0.000323554965491805
0.0011955285272833
0.00296280514062182
-0.0131875749986807
0.00399025410412557
0.00218744748277748
-0.000322128350797888
-0.000905110537530243
0.00895609957183432
0.00387324969373976
0.00436435996421793
-0.0147822740265825
0.00412159233827297
0.00940598386441423
0.00405887529390024
0.00097173248933458
0.0118003783706635
0.0159153784542871
-0.00893981812349061
-0.00607345971094645
0.00483478117228749
0.00712246314015158
0.00279651911945256
0.00188861049244634
0.00812194309322719
0.00435559436146585
0.0108615180236667
0.00523586750119
0.00154729064944655
0.00454006112756696
0.000110493040765091
0.00863693086177567
-0.00555338563772127
-0.000852865369179609
0.0103786582151361
-0.00553734324819465
-0.00423042428116154
0.00453048780536065
0.00418148114596219
-0.000372905360822628
0.00505405358854208
0.0166519512308761
-0.00178963045849644
0.00104741338895939
0.000181903571432127
6.72155559173315e-05
-0.00219653009716988
-0.00976023110876165
-0.0131871131203821
-0.000226455208618691
0.0122718297542089
-0.00804136796036624
0.00684651995028834
0.000135772873868569
0.00646848340292135
0.0141552870927504
0.0150710626398642
0.0184994180488177
0.0463727067597631
-0.0028007010644484
-0.0387948995978724
-0.00888619913251767
0.00078764802647633
0.0174376136331048
-0.0033022588685763
0.042057397346872
-0.00637340584712138
0.00798057458718346
0.0130007357011642
0.00739879202016446
0.0406320226208892
0.00737260435438307
0.0406828057115382
-0.00376411236344453
0.0115807340433846
0.0324135898884768
-0.000952070021075293
0.0629300075629273
0.0753171415109292
0.00330597293619651
-0.0731874143731932
0.052524328467953
0.00175778768069506
-0.0281363204617338
0.0339692492412447
-0.026625988580254
0.0650794945340074
0.0568238139733231
