# predict_model; Vecm
# name_prefix; us_data_stock_watson_2012;;;;;;;;;;;;;;;;;;;;;;;;;;;;;;;;;;;;;;;;;;;;;;;;;;;;;;;;;;;;;;;;;;;;;;;;;;;;;;;;;;;;;;;;;;;;;;;;;;;;;;;;;;
# description; Stock and Watson 2012: US indicators;;;;;;;;;;;;;;;;;;;;;;;;;;;;;;;;;;;;;;;;;;;;;;;;;;;;;;;;;;;;;;;;;;;;;;;;;;;;;;;;;;;;;;;;;;;;;;;;;;;;;;;;;;
# lag_parameter;4
# number_predictions;100
# horizon;1
# max_attributes;15
# predict;CES140
# prediction_type;rolling
# method; FCBF(n_components=10)
"V1"
0.00546249572877521
-0.00439697893444635
0.000878387076616163
0.00381657785168583
0.0128160576565973
0.00367989351970092
0.0135735076289532
-0.000427414917063303
-1.62467210602989e-05
-0.00615929902542241
-0.00276414512164183
0.0127064752394621
0.00128947660024823
-0.00313837126359289
0.000109702608426112
0.0101604970332256
0.00675955554923758
0.0105834791056847
0.0222998913206737
-0.00944181501249051
0.00440654201145293
0.0157485329964379
0.0143877415422221
0.000851514482558276
0.00466575264976967
-0.000739382467943537
0.00476691594366983
0.0178619246031596
0.00151740548106981
-0.00331915152150145
0.0147099498965044
-0.00557764808749386
-0.0015856846633334
0.0140307809407833
0.00781027011764646
-0.00370554316487833
0.010130212308174
0.00870310375481996
0.00883374633591905
0.00642138240189241
0.00135856314945364
0.00284884779157539
0.0129754645198831
0.00705363801419402
0.00649427021145017
0.00138698102780318
0.00111437671777055
-0.00299338914505892
-0.00036490400017211
0.00125143247288418
0.00366647582087202
-0.00433331241143197
0.00155986729320812
0.0054669958853847
0.00540201247694235
-0.00123437222108424
0.00317033288259726
0.00261089745536191
0.00768664557640451
0.00488539793240423
0.00357093556625207
0.00899194335649978
0.00606493858567917
-0.00256211232278803
0.0103669160928899
0.0100285551760447
0.0131096188548421
0.00197764374125409
-0.0025165740386317
0.00804980819983967
0.0109167249391186
0.00597622755473736
-0.00701793531811253
-0.00541029940421167
0.00631649065562811
-0.00186398029225773
0.0153623692930247
0.00821023331493497
0.0152114238308583
0.0185565209657466
0.00388091287347874
-0.0138236643405759
0.0079850660604806
-0.00522181980470932
-0.00106223747842022
-0.000911548405940241
0.00281783266729363
0.00367889997608012
0.00148933999873979
0.00511597234456157
-0.00126877083410716
0.000143786578996643
-0.0064069939187798
0.0117489565258517
0.00284201026554
-0.0151906125184956
0.00286928148629466
0.00459182396174146
0.000820679073772127
0.0105698786412589
