# predict_model; Vecm
# max_attributes; 15
# description; Stock and Watson 2012: US indicators;;;;;;;;;;;;;;;;;;;;;;;;;;;;;;;;;;;;;;;;;;;;;;;;;;;;;;;;;;;;;;;;;;;;;;;;;;;;;;;;;;;;;;;;;;;;;;;;;;;;;;;;;;
# number_predictions; 100
# predict; CES275R
# lag_parameter; 4
# horizon; 1
# name_prefix; us_data_stock_watson_2012;;;;;;;;;;;;;;;;;;;;;;;;;;;;;;;;;;;;;;;;;;;;;;;;;;;;;;;;;;;;;;;;;;;;;;;;;;;;;;;;;;;;;;;;;;;;;;;;;;;;;;;;;;
# method; Hits_granger__graph(n_components=6)
# prediction_type; rolling
"V1"
-0.0359957377594601
-0.0151521325519101
0.00111242575142522
0.0163744389409756
-0.0189541596248929
0.00563621142682388
0.00358170930395787
0.0113346048627471
-0.00316758803354778
-0.0112452167812981
0.00860962835440761
-0.0138340886517505
-0.0095220464670287
-0.00764613992206324
-0.0064269697537901
-0.00690897543477655
-0.0171499717245254
-0.015022345948329
-0.00340177651380428
-0.0193659804447342
0.0022520223756173
-0.00847611111273147
-0.0113681512751832
0.00793695176572996
-0.00842756837325089
-0.00945470456570325
-0.00913856031676396
-0.0182616033855074
-0.0261000996148162
0.0141124928638915
0.0021012499085513
-0.00245312833346941
-0.0338047853279819
-0.00012741489238393
-0.0144035901592861
-0.0153750725016364
0.00133570961477074
0.00384878985761082
0.000832480756454004
0.00949586001230657
0.00168605904302675
-0.000171166557554021
0.00272341482733613
-0.00261361864219795
-0.0022449624703482
0.00385777513422022
0.0122120167359352
0.0126664605729593
-0.00788340995533317
0.00709109564535079
-0.000906528583674013
0.00756763013871469
0.00898696701474975
0.0184748367325113
0.00280084011799075
-0.00132920791328661
0.0177573701087182
0.0266294992461716
0.016437711103481
0.0097462120634471
-0.00798764759446308
0.0169829295484444
0.01729826162903
0.0126207245065881
0.00348833534521544
0.022270308688027
0.0221370684829637
-0.00668269052803243
0.0295897516216566
0.00848108421302228
-0.00835548134136109
0.0280336958965057
0.0228453575319652
0.0032852860940028
1.98982257229238e-05
0.010530963695578
0.0138602698410609
0.0163480581607144
0.00758055466399912
-0.000853257325667324
-0.0057014831706511
-0.00362901433047237
-0.0101297202969815
-0.0115199071779615
6.2026122092925e-05
0.00720742299356122
-0.00166417599653789
0.00562851105088944
-0.015979815139993
-0.0227584081256374
-0.0178942609700653
-0.028054005181827
0.00244712555091117
0.0121125774133993
0.0112650203719571
-0.00263768492157013
-0.00787496116577432
0.00895622642590655
-0.00839042890651744
0.00240823761850307
