# predict_model; Vecm
# name_prefix; us_data_stock_watson_2012;;;;;;;;;;;;;;;;;;;;;;;;;;;;;;;;;;;;;;;;;;;;;;;;;;;;;;;;;;;;;;;;;;;;;;;;;;;;;;;;;;;;;;;;;;;;;;;;;;;;;;;;;;
# description; Stock and Watson 2012: US indicators;;;;;;;;;;;;;;;;;;;;;;;;;;;;;;;;;;;;;;;;;;;;;;;;;;;;;;;;;;;;;;;;;;;;;;;;;;;;;;;;;;;;;;;;;;;;;;;;;;;;;;;;;;
# lag_parameter;4
# number_predictions;100
# horizon;1
# max_attributes;15
# predict;GDP275_3
# prediction_type;rolling
# method; FCBF(n_components=12)
"V1"
-0.00374511662058668
0.000776100741841361
-0.00429630736981337
-0.00288109864027485
-0.00889246192588746
0.00518423339544987
0.00483689614890641
0.00815056412087089
0.00149165908279415
-0.013417554907882
-0.0608069119957702
-0.0227506177778049
-0.0179612740595306
0.0358412891173399
-0.00263889244862621
0.0164935489529989
0.0109712405932155
-0.038727927944597
0.00201868038601112
0.00472091034459976
-0.0141951995894016
0.00775560353775701
0.022303335608045
-0.00651852267094394
0.00312496909707219
-0.00850680829182036
0.00970935758584542
0.0233300197919044
0.0426378446078986
-0.0224899812566995
-0.00769533355052784
-0.0108976186767267
0.000689696504337916
-0.00533881041054527
0.00221504292524125
0.00930969786427527
0.00905960328700969
0.013783485304253
-0.0212840824995311
-0.00179009105381555
-0.0015863460682266
0.00688348869664232
-0.0114659355903554
0.00661608188048768
0.0276663884247974
-0.0193497041382243
-0.000585390119151788
-0.0208677562977944
0.00877182962319529
0.00391685771541889
0.0239063289949394
0.00162410139768309
0.00122727974042736
0.00576468001321975
-0.025893539141892
-0.00105618684660797
0.00270207733439697
-0.00740002343984386
-0.0344197685967694
0.00940729238226979
-0.0189045299710967
-0.000142037166958661
0.0132112521707195
0.0400840983050644
0.0179725428272109
0.0287367869011781
0.0395830110341955
0.00314389335063771
0.0106041985247512
-0.0397122963853473
0.0143975152124877
-0.0199644403261624
-0.0413161079095102
-0.0343587888070016
0.0305771667878845
0.0170229893928559
0.00360481839428478
0.0549237945285635
-0.00158497741670225
0.0196152057096828
-0.00794386022268681
0.0215896170758139
0.0553021640154297
0.0189349464837805
0.028348548474196
0.013065370228003
0.00190845655784314
0.0989089587932643
0.0902141382660592
0.00200425762864858
0.0155156722658526
0.0340629032144936
-0.0220293201758198
-0.0515051509580145
0.0238814130032103
0.0407727471133155
0.0443953453717217
0.0896402622332364
0.0636042948581761
0.0676420157409388
