# predict_model; Vecm
# name_prefix; us_data_stock_watson_2012;;;;;;;;;;;;;;;;;;;;;;;;;;;;;;;;;;;;;;;;;;;;;;;;;;;;;;;;;;;;;;;;;;;;;;;;;;;;;;;;;;;;;;;;;;;;;;;;;;;;;;;;;;
# description; Stock and Watson 2012: US indicators;;;;;;;;;;;;;;;;;;;;;;;;;;;;;;;;;;;;;;;;;;;;;;;;;;;;;;;;;;;;;;;;;;;;;;;;;;;;;;;;;;;;;;;;;;;;;;;;;;;;;;;;;;
# lag_parameter;4
# number_predictions;100
# horizon;1
# max_attributes;15
# predict;LBOUT
# prediction_type;rolling
# method; Part-GFS_te(n_components=10)
"V1"
0.00589722150937912
0.00260669741471643
0.00766309265746203
0.000978429851848034
0.00392916473105581
0.00582844154895421
0.00499623679628883
0.00586985792138262
0.0145501921103006
0.0100458631327741
0.0109075726694719
-0.00158330358334216
0.00242102171156831
-0.00919957202643859
-0.00139082182996709
0.00688771694912144
0.00415101395180738
0.00530442251204617
-0.000892897112195861
0.00251884532314518
0.00254745584882706
0.00104054465217994
-0.000116362183833528
0.00849812453401357
-0.000479555879272024
0.00459859441940243
0.0143487397080146
0.00640387154893639
4.08771456661463e-05
-0.0055850461034479
0.0104903823696058
0.0130800913592288
0.00293007668577071
0.0110391641612223
0.0153923020628178
0.00155954316527698
0.0125536995389226
-0.00086758111998806
-0.0113436712088679
-0.00039463467770567
0.00938374093823777
0.00138657330733388
0.00189906394808831
-0.011760709616924
-9.19141048160707e-05
0.00560848671783117
-0.00288650159232579
0.00918452137252733
0.00571561112596049
0.0107652140488932
0.00766518588378284
0.00151941595514302
0.00141058274629618
0.00305198211674219
0.00623010383141674
0.0066395264782712
0.0126813254599757
0.0075908937167863
0.00627654759920926
0.0110638221513808
0.00737521290281242
0.00627422994642732
0.0102708601055699
0.00844665008541204
0.00447863910432151
0.0167735495708827
0.000637931888432168
0.0119601710351362
0.0105193391562434
0.0139832564606288
0.00372744046354617
0.00971824300832753
0.00398790705243915
0.0231094627173905
0.0140914563328713
0.0100853925067131
0.00369714548777728
0.00563886897258948
0.017722120151527
0.0189939320859256
0.0211760875149258
-0.00156417993215957
0.0134472003313796
0.00820024472687537
-0.000177523307948631
0.00658212661879204
0.00960567270729162
0.0116906740803067
-0.00641188214806096
0.000559938584762227
0.0144669011215061
0.00512927568460053
-0.00445268580694013
-0.00133338025667438
0.0139071029916745
0.0256394194922845
0.00409845815543353
0.0094056423627219
0.00633174055123083
0.0233348712601664
