# predict_model; Vecm
# name_prefix; us_data_stock_watson_2012;;;;;;;;;;;;;;;;;;;;;;;;;;;;;;;;;;;;;;;;;;;;;;;;;;;;;;;;;;;;;;;;;;;;;;;;;;;;;;;;;;;;;;;;;;;;;;;;;;;;;;;;;;
# description; Stock and Watson 2012: US indicators;;;;;;;;;;;;;;;;;;;;;;;;;;;;;;;;;;;;;;;;;;;;;;;;;;;;;;;;;;;;;;;;;;;;;;;;;;;;;;;;;;;;;;;;;;;;;;;;;;;;;;;;;;
# lag_parameter;4
# number_predictions;100
# horizon;1
# max_attributes;15
# predict;GDP261
# prediction_type;rolling
# method; FCBF(n_components=10)
"V1"
0.015610325886931
0.0319893464967444
0.00762048524633974
0.00556004453447027
0.0134911957394581
0.0203820764352875
-0.0259212215154007
0.0426707616989483
-0.0171058455408279
0.0376214224462787
0.0490823471644841
0.0109366345758976
-0.00353210776576271
0.0230163506126389
-0.0405234201753612
-0.000667819193002132
0.00745851637585944
-0.000812897918798012
-0.0133883291009061
0.0128903219298379
-0.00159739222578599
-0.0154727821581611
-0.0188055012288744
-0.0082333824690283
0.00658724065201598
-0.016285252164475
-0.00409221647073636
-0.0591638988293616
-0.0296314826245159
-0.0498998004502524
0.0151204860005066
0.0110696146258663
0.00758667377389477
0.0485060361870662
-0.000191600526593838
0.0126594974922838
0.0222795548341578
0.011303344847145
0.00289973850654224
0.0547320150743495
0.0143579426546799
0.0144295336218417
0.0363352152353463
0.00789206181890035
-0.037655775168588
-0.0183343301430316
0.00271786205107991
0.039700776417806
0.00417300522542526
0.0235986123984941
0.0277092041129379
-0.012307946560321
-0.00220190827249631
0.0130244384687227
-0.0179709446201609
-0.0213022081678642
0.0389914883408024
-0.00139513278878977
0.0299031888328716
0.0355572453313741
0.00206031048107674
0.0249901219045788
-0.00135499904108016
0.00234397142354356
0.0221990034644182
0.00923979316789753
-0.0365714158336455
0.00153529705766589
0.00395171092936545
0.0140169044920736
0.0228938300644564
0.0260096210041657
0.0379073464470884
-0.0203470737187026
0.0162132554129437
0.00159663457346964
0.0293285468962988
0.00565427541897058
0.000788724760762445
0.064931952956323
0.0418996629526589
0.0189076428429301
0.00313534021845717
0.0369513230957355
0.0170850356523231
0.0235392452925012
0.0339908097625442
0.0120842829786508
-0.0107631023425984
0.00337602517165947
-0.0304856415849971
-0.082017878530655
-0.0516686976453474
-0.0488188875770569
-0.0631534216370378
-0.0628228315539976
-0.063723196351037
-0.0677295139976611
-0.0246878306198246
-0.0438689621023813
