# predict_model; Vecm
# name_prefix; us_data_stock_watson_2012;;;;;;;;;;;;;;;;;;;;;;;;;;;;;;;;;;;;;;;;;;;;;;;;;;;;;;;;;;;;;;;;;;;;;;;;;;;;;;;;;;;;;;;;;;;;;;;;;;;;;;;;;;
# description; Stock and Watson 2012: US indicators;;;;;;;;;;;;;;;;;;;;;;;;;;;;;;;;;;;;;;;;;;;;;;;;;;;;;;;;;;;;;;;;;;;;;;;;;;;;;;;;;;;;;;;;;;;;;;;;;;;;;;;;;;
# lag_parameter;4
# number_predictions;100
# horizon;1
# max_attributes;15
# predict;sFYAAAC
# prediction_type;rolling
# method; Part-GFS_granger_graph(n_components=12)
"V1"
0.0815158650840508
-0.0458709072934508
-0.0700349583496225
-0.0343197688470703
0.0113743638485209
0.110674982421132
0.136480661165345
0.0372169026608153
0.0116133166202106
0.118543527135236
0.0381880004701425
0.12221400834476
0.129466484383246
0.0157609166655878
-0.0362873324782263
0.0564944437681039
-0.046859128489475
-0.0224692987547318
-0.109454316858326
-0.0443943824688309
-0.122776036921066
-0.0282709283564634
0.0356558298619993
-0.0468132827817982
0.0177155499500593
-0.0203230011008741
0.0445980226794955
-0.0278904938246221
0.0037997468119745
-0.0379577361434242
0.0326423604354402
0.013909147390201
0.00819534659502225
-0.0998844810949802
0.0161444428212775
0.0910833927672853
-0.0467414002676068
0.138562067701162
-0.0328364407689255
-0.0396448705107409
0.0466308645984624
0.0612428933472282
0.00551493084599113
-0.01993431304406
-0.0326291880114493
-0.0258548584630021
-0.0269886268353632
0.030748128377617
0.107559321900035
0.0499851387417669
-0.0302015617549112
0.00195186528672012
-0.0292207211897652
0.0647882979609685
0.00137058171886783
-0.0339467240015595
0.0367140022546289
-0.0288653120490336
0.0494172833655025
0.0409230316881315
0.00305755520989954
0.0625904161014107
0.0433690763642734
0.00898753138039717
-0.0791696567046185
0.0660080549862326
-0.0143636076608905
0.025105984425006
0.00385565489491981
0.0157261317468115
-0.00749319496789389
-0.100513155956551
0.0652387081873342
-0.0695394868534183
-0.0316780113645751
0.0698142464690503
0.0333974925644548
-0.0293032546699054
-0.0271215881593422
-0.096585993918039
-0.0632815024183346
0.0442086641371544
0.085989540110215
-0.0791128663878571
-0.0301304881039246
-0.0286769047033336
-0.102327748271492
0.000107589770837708
-0.028790972643069
-0.0432137850365022
0.0894174214236711
0.0206899517938378
-0.0100098245555887
0.0796803922593879
0.0697694369916863
0.0407653446120003
0.0621277282186751
0.160420891421258
-0.0730654337931886
0.185996823018923
