# predict_model; Vecm
# name_prefix; us_data_stock_watson_2012;;;;;;;;;;;;;;;;;;;;;;;;;;;;;;;;;;;;;;;;;;;;;;;;;;;;;;;;;;;;;;;;;;;;;;;;;;;;;;;;;;;;;;;;;;;;;;;;;;;;;;;;;;
# description; Stock and Watson 2012: US indicators;;;;;;;;;;;;;;;;;;;;;;;;;;;;;;;;;;;;;;;;;;;;;;;;;;;;;;;;;;;;;;;;;;;;;;;;;;;;;;;;;;;;;;;;;;;;;;;;;;;;;;;;;;
# lag_parameter;4
# number_predictions;100
# horizon;1
# max_attributes;15
# predict;FYGT5
# prediction_type;rolling
# method; Part-GFS_granger_graph(n_components=10)
"V1"
0.012475727458853
0.0974916479229426
-0.0954022140202055
-0.114737736322683
0.133239464258015
0.0174376441183023
-0.0525588560478122
0.0359878402898772
-0.0452127495272475
-0.0951260976199451
-0.0349604863185047
-0.0322381365362602
-0.05420746347643
-0.0178215329964408
0.0390533299379015
-0.0262397793002718
-0.0363212964696555
0.0268230670506953
-0.0309414839625116
-0.00531548801823672
0.0218213464750564
0.0879804440642374
-0.101423322105996
0.0364498552098403
-0.0243521838983612
-0.0616306217159472
0.0424858614092666
0.0291024644706587
0.0807715911434534
-0.160547700827225
-0.0178313638735287
-0.0541400576327212
0.00403871704260599
0.00359131461370752
0.0118924595199089
-0.00227246472891964
-0.0380652672312414
0.00779485979804487
0.0252529121518015
-0.02927908176574
-0.0616496741985184
0.035893213482891
0.0405702966578347
-0.0159549795711233
0.0819278617762509
0.0492587140851145
-0.0052260577617745
0.00319893149087785
-0.0107457425941236
-0.0337661820911827
-0.0822725003954098
0.00670286906459084
0.0200961362209783
-0.00498258844621445
-0.0328823259009336
0.0295914768750654
0.0760795813868627
0.0222770235329233
-0.0365032811483337
-0.000275500293047417
-0.00775855641890195
0.00550039682206858
-0.00900394725350551
0.0485030977904639
0.0401302347917609
0.0694522896860497
-0.031743559178614
-0.0249265693251455
-0.0649731580934615
-0.0142482338067574
-0.0224456075029324
-0.070856049057278
-0.0927771996797696
0.0474083946142923
-0.0296088121022939
-0.0576679179663138
0.0403002679808305
0.0399209163208408
-0.0539854668613855
-0.0136625806774635
-0.00680137249160661
0.0234739031470998
0.030812857157647
0.00980814682670959
0.0223042356129272
-0.00484687963780011
-0.0158528632411317
-0.00105880965798022
0.0205572786711015
0.0344147280013154
0.0281517487826584
-0.0135608793783839
-0.0287806895608858
-0.0207097164083539
0.0191796498867312
-0.0312753157407585
0.0377314479989195
-0.0834656094307599
0.0400071889347604
-0.0149986236370188
