# predict_model; Vecm
# name_prefix; us_data_stock_watson_2012;;;;;;;;;;;;;;;;;;;;;;;;;;;;;;;;;;;;;;;;;;;;;;;;;;;;;;;;;;;;;;;;;;;;;;;;;;;;;;;;;;;;;;;;;;;;;;;;;;;;;;;;;;
# description; Stock and Watson 2012: US indicators;;;;;;;;;;;;;;;;;;;;;;;;;;;;;;;;;;;;;;;;;;;;;;;;;;;;;;;;;;;;;;;;;;;;;;;;;;;;;;;;;;;;;;;;;;;;;;;;;;;;;;;;;;
# lag_parameter;4
# number_predictions;100
# horizon;1
# max_attributes;15
# predict;HSFR
# prediction_type;rolling
# method; Part-GFS_te(n_components=13)
"V1"
-0.0696880150856605
0.10314673394252
0.0175090506325283
-0.0534020221438087
0.0541001136891051
0.00334024221200576
0.0487297186773851
0.0680601655290836
-0.0519801084553721
-0.0126313245019409
0.105925304112557
-0.0963656606859082
-0.056227547394932
0.0590390339595498
-0.134402767108773
0.0150581383629156
-0.11220489255609
0.104448949494407
-0.100979200233673
0.0130292810006594
-0.0149598564211533
0.0333974612521372
-0.0359408188563496
-0.0181901094250912
-0.0208802992777642
-0.034159777045794
-0.0281004164275681
-0.061545674109603
-0.0407795598986445
-0.0320673742830203
0.00054719997062354
0.00651840657302939
0.00214710454080305
0.000830218811935535
0.0180407932262737
-0.0268696415716083
-0.0176429672346112
0.0555402187595952
-0.0473810874297169
0.05972203809379
0.0877030062052567
-0.0377743103877898
0.000498460604074942
0.106824430658618
-0.0284700083970413
-0.0569823322624154
0.106009822100861
-0.062241265123807
0.0249510584538762
0.0113610482363646
0.0382168767524423
-0.0283336818887294
-0.0441847095646942
-0.0582793961211258
0.0188517603226445
0.0598167959631407
-0.0534317771482387
0.0700851359860897
0.0126541838101513
0.043779981522722
0.0935798778401769
0.0059208490525482
0.0360715668769425
-0.0329293327718591
0.0094973384401189
-0.0145836211787666
-0.0185037803663292
0.00641463515341355
-0.0175187825263337
0.0980995726009281
0.0414756526614966
0.0596342263205124
0.02195080315713
0.0556841014076118
0.0360445272619815
0.0815622671413068
0.00452801759703452
-0.0546630160409141
0.0297591108181996
0.00696211737022998
0.0730632159958896
0.00625746270345988
-0.0497817687571271
0.00287876995808636
0.0397970766222715
-0.0137177902743082
0.0551440332866015
0.0228344442959396
-0.01619380861547
-0.0304069702942335
-0.0841131427302236
-0.0973020743303314
-0.0908622403943938
0.0143592581370837
-0.0656675207320269
-0.0425955799371629
-0.0967417056878524
-0.0742186324152815
0.0561096928687968
-0.0329822627850574
