# predict_model; Vecm
# name_prefix; us_data_stock_watson_2012;;;;;;;;;;;;;;;;;;;;;;;;;;;;;;;;;;;;;;;;;;;;;;;;;;;;;;;;;;;;;;;;;;;;;;;;;;;;;;;;;;;;;;;;;;;;;;;;;;;;;;;;;;
# description; Stock and Watson 2012: US indicators;;;;;;;;;;;;;;;;;;;;;;;;;;;;;;;;;;;;;;;;;;;;;;;;;;;;;;;;;;;;;;;;;;;;;;;;;;;;;;;;;;;;;;;;;;;;;;;;;;;;;;;;;;
# lag_parameter;4
# number_predictions;100
# horizon;1
# max_attributes;15
# predict;CES155
# prediction_type;rolling
# method; Part-GFS_te(n_components=11)
"V1"
0.0206183758300453
0.0947469756694841
-0.00568038917075696
-0.050627429302363
0.00589506665100049
-0.00380956236016642
0.00429885773428885
0.0409924702809412
0.0311352283064733
0.0167983025302634
-0.0120145762168074
-8.22900152490287e-05
0.0231311772272851
0.0487822719312062
0.00325272751948428
-0.0291926395217259
0.0457204192983703
0.0157362665524083
0.0397687713218698
-0.0174389649559052
0.0317858352332916
-0.0209016596147945
-0.0157425599270383
-0.00639250927909033
0.0137466312947141
0.0336327848304089
0.0147083171717215
0.0282839742296106
-0.0603222413899079
-0.0245776016997982
0.0103389887086092
0.0273087307845299
0.0544044935101464
0.0408802992601841
0.00673908603608108
0.0275621167994303
-0.0559101267593278
0.00075612699161933
0.0701810485540833
0.0674679606704862
0.0446654011103603
-0.00824514283001246
0.0569386201741166
0.0147823071951704
-0.000762178862929278
-0.00127242702024668
-0.0452872521855619
-0.0306423391439637
-0.0145249995099552
-0.000131825044134455
0.0301847388481369
0.0172545208435552
0.0231985937347791
0.0568053166642039
0.0327084977481764
0.00288207490430947
0.0281749639965127
-0.00713597344249422
-0.0407218872821179
-0.0617549162167592
-0.0333896178071102
0.0174003193751099
0.00489148146665222
0.014017168237025
-0.00411566357930342
-0.00883450785736232
-0.0329707776456725
-0.0261891078011934
-0.0205155934472092
-0.0799959353158278
-0.0295757947813458
-0.038695359434064
-0.0873937662736566
0.0628930487722902
0.0239132575741957
0.000235873890527084
0.0425877186951494
-0.054843472583791
-0.0110518426812738
0.010735545262497
0.0515734005692465
-0.022500182324928
0.0574493298744407
-0.00594791122411624
0.00426607254270046
0.0106125112122315
-0.0327643717124913
0.0289334236357123
0.0146000018662566
-0.0064518540986418
-0.0545396867344228
-0.00777908845709561
-0.0622712611597646
-0.0110632593489257
0.00198398725691491
-0.0492959510758975
-0.0156612591145335
0.0216013394263895
-0.00760312677066015
-0.100744562535722
