# predict_model; Vecm
# name_prefix; us_data_stock_watson_2012;;;;;;;;;;;;;;;;;;;;;;;;;;;;;;;;;;;;;;;;;;;;;;;;;;;;;;;;;;;;;;;;;;;;;;;;;;;;;;;;;;;;;;;;;;;;;;;;;;;;;;;;;;
# description; Stock and Watson 2012: US indicators;;;;;;;;;;;;;;;;;;;;;;;;;;;;;;;;;;;;;;;;;;;;;;;;;;;;;;;;;;;;;;;;;;;;;;;;;;;;;;;;;;;;;;;;;;;;;;;;;;;;;;;;;;
# lag_parameter;4
# number_predictions;100
# horizon;1
# max_attributes;15
# predict;EXRSW
# prediction_type;rolling
# method; Part-GFS_granger_graph(n_components=4)
"V1"
0.0092814121812898
0.0451801537930096
0.00417366597263413
0.0332189820259552
0.0273338472041049
0.068914209672495
-0.028077840684938
-0.0151535322052611
-0.0589788879841844
-0.0354583958814901
-0.0275117312145407
-0.0799783380484651
-0.0117367442789979
-0.0231626165282901
0.00718449775322154
-0.00134456491560993
-0.0040580727761734
0.00665954857976362
0.0184795275870932
0.006798301605103
-0.0111470779749156
0.0231576910803816
-0.0100082587752579
0.00396341907307112
-0.00220536579576922
-0.0381016514854221
-0.0247828276093859
-0.0357104337264224
-0.0130312033584735
0.0359307106668818
0.0368371876833914
0.00501740778670874
-0.0126254717190347
0.0109269607005496
0.00955683484277149
-0.0480469468191811
0.0297578542846941
-0.00250926518636199
0.000928602588317932
0.00516223020250319
0.00705089574878909
0.0216759680022643
-0.0123574480162221
-0.0284050202342764
0.0153076075105417
-0.0210577222916395
0.00894733802322584
0.0248282353789795
-0.0240056812519033
0.023776282492892
0.0176420912886233
-0.00328040765195385
0.0297719357000576
0.0288468372397078
-0.00070347982511225
0.0284228137109837
-0.0103434938415932
0.00289519897613088
0.00481759317991813
-0.0153939843284919
-0.00544644490567236
0.0224648208821184
0.000788186954302969
0.00865224837847794
0.0228450135873991
0.0279871459858481
0.000853694221223089
0.0191907563708459
0.0137664385116813
-0.0331175222223502
0.0246829310506647
-0.0199795359934798
0.00686776875573168
-0.00246407031147072
-0.00953588308283947
-0.0126650550352504
-0.00676007710506518
-0.0463115251194759
-0.000645420100585004
-0.0122327468851718
-0.0278160626114772
-0.00801598732141355
-0.0131578390811379
-0.0134399108835139
0.00971401447586908
-0.00680964585335304
-0.00434125990212359
0.0165640041043961
0.0110249930923473
0.00594975303916159
0.00404097873659638
-0.00620549389454
0.00939521982825041
-0.00615836894184409
-0.00416699743234027
-0.00801102102423022
-0.0116408914829948
-0.0145743860619857
-0.0201358394494074
-0.00459286898082614
