# predict_model; Vecm
# max_attributes; 15
# description; Stock and Watson 2012: US indicators;;;;;;;;;;;;;;;;;;;;;;;;;;;;;;;;;;;;;;;;;;;;;;;;;;;;;;;;;;;;;;;;;;;;;;;;;;;;;;;;;;;;;;;;;;;;;;;;;;;;;;;;;;
# number_predictions; 100
# predict; sFYAAAC
# lag_parameter; 4
# horizon; 1
# name_prefix; us_data_stock_watson_2012;;;;;;;;;;;;;;;;;;;;;;;;;;;;;;;;;;;;;;;;;;;;;;;;;;;;;;;;;;;;;;;;;;;;;;;;;;;;;;;;;;;;;;;;;;;;;;;;;;;;;;;;;;
# method; Hits_te_(n_components=1)
# prediction_type; rolling
"V1"
-0.00647599393404252
-0.00935477875895618
0.00757112228103281
-0.0149678599356011
0.0387168610992979
-0.0526326273764101
-0.000961903287431068
-0.0137159583031451
0.010484562512335
0.0105878196803908
0.0262864207624819
-0.0112921847753156
-0.024055886312142
0.00328973764695598
0.00311286002047813
0.0422560061172063
0.0281766203210182
-0.0264966507751563
0.00839723916545472
0.00420256424093216
-0.0140476713487088
0.0065666926249464
0.0336506108888209
-0.0250967928615702
0.0117185594799556
-0.0436564967364573
-0.00838104954678539
0.00960649850264557
0.00403626587400708
0.00796205756924062
0.0383325338308696
-0.0082792426776107
0.0123975720220022
-0.0528413552350946
0.0113488537903741
0.0661644796133391
-0.0443096070921714
0.0301631301914351
-0.0268798575675669
-0.0266203308513727
0.0296019221683268
0.0366431446178813
-0.00784497022207309
0.00160336560545154
0.00950665340625028
0.0242755026859647
0.00983505294988669
-0.0084861464893626
-0.0017711448175926
0.00346753226685074
-0.00664037317225919
0.0165073540796953
0.0289655006332651
-0.0199576397461077
-0.0133216613275709
-0.00794903817997476
0.00532216879815976
-0.0063633727584544
-0.00341772337961305
0.0230688133240499
0.032937794848499
-0.0553172920623096
0.0348345182015684
0.0105414710376377
0.00587009878588015
-0.00254393006814019
0.0555908777583155
-0.0192900090490451
0.0455386529620867
0.0555695940512045
0.0132118390016702
0.0992291807234387
0.0145988398635871
-0.0690891912820082
0.0676598234599641
0.0103382831036893
0.00461446377489126
0.0351364057104834
-0.0322945025729954
0.0241988597116022
-0.0946594307333302
0.00378880364697197
-0.0302419474453368
-0.0119400022033223
0.0168389257528743
-0.0456510089959882
0.0386754752163623
0.0014704228538471
0.0360236866296776
-0.0254437136751389
0.0060448293539505
-0.0324092270477003
-0.0172644037921575
-0.0523812336449794
-0.0105574870223864
0.0601414691237477
0.0631009358015017
0.181040805116446
0.0185047133978389
0.0879947139576673
