# predict_model; Vecm
# name_prefix; us_data_stock_watson_2012;;;;;;;;;;;;;;;;;;;;;;;;;;;;;;;;;;;;;;;;;;;;;;;;;;;;;;;;;;;;;;;;;;;;;;;;;;;;;;;;;;;;;;;;;;;;;;;;;;;;;;;;;;
# description; Stock and Watson 2012: US indicators;;;;;;;;;;;;;;;;;;;;;;;;;;;;;;;;;;;;;;;;;;;;;;;;;;;;;;;;;;;;;;;;;;;;;;;;;;;;;;;;;;;;;;;;;;;;;;;;;;;;;;;;;;
# lag_parameter;4
# number_predictions;100
# horizon;1
# max_attributes;15
# predict;GDP253
# prediction_type;rolling
# method; Part-GFS_granger_graph(n_components=2)
"V1"
-0.00130471950705263
1.36319804704089e-05
0.00647540090190378
0.00360193981500008
0.00079869043018901
0.00965788993296797
0.00498050203025093
0.00505108285730299
0.0185095534661593
0.00853700778630576
0.0118659740811103
0.0101819467880027
0.0216254293168516
0.00284432778004017
0.0143142763973513
0.00980062479491554
-0.000312937256515237
-0.0056437794486517
0.00735631794196968
0.00965847046410794
0.00770662840624186
0.00639224075837655
-0.0100723343643186
0.00658979590639782
0.0108274023459301
-0.000405080537259783
0.00754186222137139
0.00544981221295814
-0.0116541941787797
0.0132885556037754
0.00437277622344209
-0.00261909906916906
-0.00797375598977259
0.001428256370007
0.00115475939733034
-0.000361947928001924
0.00196977997748326
0.00757752751246985
0.00701836239434339
0.00919668214511023
0.0063490991541032
0.00683596048900452
0.00977222567066406
0.0030047942811173
-0.000476155065263607
0.00986007271743041
0.00480899976561214
0.00229135903156453
0.00796288463400459
0.00354968527331779
-0.000854288200957487
0.00933684242569034
0.00851560455915926
0.00273586230719543
0.0175441272568446
0.0112225943669047
0.00600324337240337
0.0193514707684
0.015769501963347
0.0124978813061728
0.0119933070337599
0.0296076169610356
0.0118746593106629
0.00442022014958378
0.0210056626024063
0.0125017094898737
0.0334236326044783
0.015391434733326
0.00889740447731597
0.0143927934018088
0.00364370931681495
0.0121690877063778
-0.00161047866790998
0.0253728799327232
0.0246735596768641
0.0140007151813246
0.0228070141349858
-0.00552494847339484
0.00483349096631385
-0.0102844835366754
0.0433793870301113
0.0228405520780876
0.0107311421484488
0.00941912347913986
-0.00187666831204299
0.0236959048113554
0.0153406626817296
-0.0201405736068906
0.0307564027165195
0.0229220245388947
-0.0137755068134624
0.000117618551485493
0.0321580736254356
0.00379587327442914
0.00674963701329302
0.00144825362433896
0.00358194970954559
0.0206774932395734
-0.00155895088167034
-0.00931092812907549
