# predict_model; Vecm
# max_attributes; 15
# description; Stock and Watson 2012: US indicators;;;;;;;;;;;;;;;;;;;;;;;;;;;;;;;;;;;;;;;;;;;;;;;;;;;;;;;;;;;;;;;;;;;;;;;;;;;;;;;;;;;;;;;;;;;;;;;;;;;;;;;;;;
# number_predictions; 100
# predict; GDP276_3
# lag_parameter; 4
# horizon; 1
# name_prefix; us_data_stock_watson_2012;;;;;;;;;;;;;;;;;;;;;;;;;;;;;;;;;;;;;;;;;;;;;;;;;;;;;;;;;;;;;;;;;;;;;;;;;;;;;;;;;;;;;;;;;;;;;;;;;;;;;;;;;;
# method; Hits_te_(n_components=5)
# prediction_type; rolling
"V1"
0.00112830793364306
0.00682112219946642
0.00603359232433017
0.00760388843058028
0.0100754595711981
0.00334055154944027
0.0039639680989576
-0.00195573161483268
-0.00270782236088329
0.000815736895789155
-0.0101346148866763
0.00582434340322401
-0.00485847203777372
-0.00288872477480234
0.0030329477486396
0.00563850697891597
0.00204796320967913
-0.00382887685354442
-0.000689939035500536
0.00461492572620227
0.00422186324605932
0.00658692131356684
0.00970103757164904
0.00381071284572802
0.00118349977806599
0.00629931109301938
-0.000406648649008482
0.00162965502948372
0.0108027918367768
0.00547281822316008
0.00511640062854603
-0.00386321931942454
0.00399085219460934
0.00282653605677852
0.00318133527126758
0.00507504858974896
0.00794881776796995
0.00430545838397953
0.00320708810930075
0.00857717042720536
0.00497837974651759
-0.000297755536840345
-0.00263862300249638
0.00154901976538513
-0.00179386890690159
3.46448457830286e-06
0.00229963144467844
-0.000482989999971835
-3.14792066702571e-05
0.00584572113106725
0.00713674886969038
0.00442986691296174
0.00772418179114597
0.00887143574874463
0.000382756087307219
-0.00365524116186053
0.00123880653643548
-0.0100699340692956
-0.0158772546777545
-0.00211175607707774
-0.00604737345623739
-0.00227071275835895
0.00795722122715715
0.00483593878780423
0.00817732614342665
0.00934077240627516
0.00622587566263251
0.0150590589627124
0.0225848863989363
0.040976405990883
0.0580425049562698
-0.012383390477371
-0.0333996321737692
-0.0233201819602849
0.00126584485958161
0.00044613406733449
0.00709184928079932
0.0272416519310722
0.0241968862159581
0.0162584376634251
-0.00760997383317562
0.0116613848530778
0.0141200213132774
0.00557115355234
0.0153170231791155
0.0113606185460293
0.0163938663009061
0.0441233195753591
0.0602156694470791
0.0409197597924549
-0.00473552992125729
-0.00529087673629153
-0.0429419628285811
0.0284890975387278
0.0240352155924571
-0.000227772068306989
0.0165071422468028
0.0184612069552186
0.0521019177906123
0.0510915706295491
