# predict_model; Vecm
# name_prefix; us_data_stock_watson_2012;;;;;;;;;;;;;;;;;;;;;;;;;;;;;;;;;;;;;;;;;;;;;;;;;;;;;;;;;;;;;;;;;;;;;;;;;;;;;;;;;;;;;;;;;;;;;;;;;;;;;;;;;;
# description; Stock and Watson 2012: US indicators;;;;;;;;;;;;;;;;;;;;;;;;;;;;;;;;;;;;;;;;;;;;;;;;;;;;;;;;;;;;;;;;;;;;;;;;;;;;;;;;;;;;;;;;;;;;;;;;;;;;;;;;;;
# lag_parameter;4
# number_predictions;100
# horizon;1
# max_attributes;15
# predict;PMNO
# prediction_type;rolling
# method; Part-GFS_te(n_components=7)
"V1"
-0.113220222908432
-0.0241631311939921
-0.0882909383434811
-0.165420280147923
0.116599844007535
0.132334898240549
0.0642439105842188
-0.0416861377070312
-0.0471495167459976
-0.00481563390682501
0.0555065252779514
0.0582135610685522
-0.0378246397301998
-0.0317800108976996
-0.0185704406276735
0.0211776527619559
-0.121013838203404
0.00294705343616663
-0.019065113692301
0.0518785070308904
0.0700466998974137
-0.100724871882141
0.0181137685425553
-0.0168234421604412
-0.0327658359498241
0.0989695074148196
-0.0712420502806355
-0.0743682754424829
-0.0478115399217918
-0.0333992616804785
0.0835798767197235
0.110467214868575
0.0852143269405026
-0.0131198565262265
-0.0761338772001964
0.0657033207029101
-0.00958572255516799
0.0327439023880428
0.0163392101774429
-0.0503476106945598
-0.0418174227156594
0.0443937661331747
-0.0210839728999068
-0.0750410954210864
0.0080018181972317
-0.095925132533136
-0.0888508049169441
0.0596843141981085
-0.0169230388302804
-0.0147146336693166
0.00543110373662188
0.0104730259423967
0.0315163260571528
0.089052956254421
0.044810680824555
0.0149150577002999
0.0104896531440226
0.014915964524272
0.0364833302529905
-0.0621784317978524
-0.0294769902252149
0.0394832404247096
-0.0436418215083253
0.0682639847763098
0.0860700049108349
-0.0163914887058743
-0.0622867808491788
-0.0680128964128351
-0.0919346249530794
0.0457284755386451
0.195575624651776
-0.0672541672243885
0.161343734984169
0.128697135973055
-0.146144162042157
0.163599238391315
-0.0555180840447239
-0.113428643285285
-0.0521259649602436
0.0624384217801774
0.023461911372694
0.00741278451552187
0.111692640011834
-0.168730645284062
-0.0054980184368302
-0.111307657071656
-0.0530887643310765
0.0707997705387865
-0.0749996743128515
0.0514423440582103
-0.102451550224065
-0.058460563252791
-0.13526132847886
0.133457177717183
0.125124980156761
0.017919243320896
0.00525305575005937
-0.137849629082042
0.0248460851432166
-0.0836721993215947
