# predict_model; Vecm
# name_prefix; us_data_stock_watson_2012;;;;;;;;;;;;;;;;;;;;;;;;;;;;;;;;;;;;;;;;;;;;;;;;;;;;;;;;;;;;;;;;;;;;;;;;;;;;;;;;;;;;;;;;;;;;;;;;;;;;;;;;;;
# description; Stock and Watson 2012: US indicators;;;;;;;;;;;;;;;;;;;;;;;;;;;;;;;;;;;;;;;;;;;;;;;;;;;;;;;;;;;;;;;;;;;;;;;;;;;;;;;;;;;;;;;;;;;;;;;;;;;;;;;;;;
# lag_parameter;4
# number_predictions;100
# horizon;1
# max_attributes;15
# predict;GDP288A
# prediction_type;rolling
# method; Part-GFS_granger_graph(n_components=8)
"V1"
0.00311348997722506
0.00611193735135247
0.0070410203818411
0.00386522032899293
0.00390534127320198
0.00391662641500812
0.00436618597708883
0.00451822768471018
0.00615502407583243
0.000975994196074959
0.00255388459499869
0.00635198636463335
0.0069068482614417
0.00461807321090291
0.00789505390810032
0.00152131995449914
0.00511218589057291
0.00139119374414224
0.0121059800380636
0.00186242875485734
0.00466555570894499
0.00445201211888102
0.0032508948959373
0.00382596723621201
0.00780213509394458
0.0060019799916032
0.00292229412460341
0.00884182672307217
0.0106028618704257
0.0065639118689438
-0.00105296884364425
0.00744770851343369
0.00357897818787036
0.000858746631831911
0.00658678720965061
-0.000371950314074869
0.00555270296000536
-0.000783307935714399
0.00320982123196658
0.00347130884900702
0.00547022240260532
0.00287107618522926
0.00248625982399163
0.00507868602194443
0.00452405063710794
0.00392630284126292
0.00378438057966324
0.00431798434671694
0.00481649657893899
0.00309197440495073
0.00133647286904364
0.00549356085432295
0.00170124521542808
0.00101143344868289
0.00427687140261531
0.00351451229287991
0.00562515293976975
0.00571245784802581
0.000447185896802462
-0.00178919142158918
0.00808837098444593
0.0055713574348428
-0.00662218826819273
0.000943877065430771
0.018289730962358
0.00354292702464205
0.00879692543730844
0.0107350963513354
0.00615477013153966
0.0111823734172931
0.00820641841037232
0.00150585095354755
0.000429292590350874
-0.00500468078517619
0.00893752311765691
0.00840334031776559
0.0059897311201051
0.0110121077124894
-0.00119416514895872
0.0172174297045116
0.00584579803498163
0.00720693962704219
0.00868236849250453
0.0121541895762535
0.0163272468087249
0.0116470862855268
0.0128382060953016
0.0194626547322602
0.0173825571225219
0.0144450544060555
0.0126105960366225
0.00808190522710249
0.00498479332394471
0.0163282884184678
0.0136753892880421
0.0130481932676458
0.0204843022673779
0.0182411482999598
0.0239982803617171
0.0130815993488865
