# predict_model; Vecm
# max_attributes; 15
# description; Stock and Watson 2012: US indicators;;;;;;;;;;;;;;;;;;;;;;;;;;;;;;;;;;;;;;;;;;;;;;;;;;;;;;;;;;;;;;;;;;;;;;;;;;;;;;;;;;;;;;;;;;;;;;;;;;;;;;;;;;
# number_predictions; 100
# predict; GDP258
# lag_parameter; 4
# horizon; 1
# name_prefix; us_data_stock_watson_2012;;;;;;;;;;;;;;;;;;;;;;;;;;;;;;;;;;;;;;;;;;;;;;;;;;;;;;;;;;;;;;;;;;;;;;;;;;;;;;;;;;;;;;;;;;;;;;;;;;;;;;;;;;
# method; Hits_te_(n_components=6)
# prediction_type; rolling
"V1"
0.0180069518387779
0.0211316713032088
0.0149605480480289
0.0131609506014739
0.00772238618675942
0.00783573103342879
0.00113199413777628
0.000542407006731847
7.47485054010872e-05
-0.000826812265531608
-0.0110157174241812
-0.00426363203056544
0.00163917146829019
-0.00745024515207172
-0.00231663565099677
0.0104612894838947
0.0132849951049025
-0.00291422513697117
0.0128612208139197
0.00459547091624396
0.00425654002396855
0.00606112644933564
0.00383465610313284
0.00976983907058249
0.00234327437504626
0.000842020570615862
-0.00189280202290852
-0.00619080173415863
-0.00126758666983501
-0.00774458916641297
-0.00283103710841614
-0.00678364222018508
-0.007146330096687
0.00154383191548067
0.00902604650093203
0.00924299805241376
0.0220237822131555
0.00736736489599462
0.00568404776796743
0.00873917621495421
0.0125901965120483
0.0172502061259856
0.00802615138633754
0.00840865215795419
0.0157894554148149
0.0273778869089991
0.0149093073343917
0.00573933769497612
0.00850483521462008
0.0148247363466439
0.0204715576341792
0.0206316396944223
0.0227088327357054
0.0210962729330873
0.0186263412926207
0.0283860711450873
0.0292262500179421
0.0124674127937017
0.0273368286109998
0.0163770500171286
0.000137556179308835
0.0241652878629621
0.027808182650674
0.0258050104978011
0.0122222375097619
0.0144701332782196
0.0286348282090028
0.0214737553903956
0.000770467933325852
-0.0126615083089332
-0.0229219922082401
-0.0286707203668648
-0.0246782151504843
-0.0163994694100992
-0.0236884337361065
-0.0247451638706076
-0.0219731950721583
-0.00580242673016172
0.017001399596434
0.0241225209832146
0.0143970191579491
0.00300912450834318
0.01256755884341
0.0149125743218884
0.0241220450367064
0.0193268356800668
0.00700345773259288
0.0112436021089372
0.00681044483666115
0.0234117607647308
0.0222898706969152
0.00973996702527237
0.0063458737773526
0.0127321821986584
0.0135248647533997
0.0214533925996309
0.00633917142600837
0.00104840364562084
0.000920607343668542
-0.000975016528734033
