# predict_model; Vecm
# name_prefix; us_data_stock_watson_2012;;;;;;;;;;;;;;;;;;;;;;;;;;;;;;;;;;;;;;;;;;;;;;;;;;;;;;;;;;;;;;;;;;;;;;;;;;;;;;;;;;;;;;;;;;;;;;;;;;;;;;;;;;
# description; Stock and Watson 2012: US indicators;;;;;;;;;;;;;;;;;;;;;;;;;;;;;;;;;;;;;;;;;;;;;;;;;;;;;;;;;;;;;;;;;;;;;;;;;;;;;;;;;;;;;;;;;;;;;;;;;;;;;;;;;;
# lag_parameter;4
# number_predictions;100
# horizon;1
# max_attributes;15
# predict;FYGT1
# prediction_type;rolling
# method; FCBF(n_components=13)
"V1"
-0.0685638617893115
0.0761771885582057
0.0533579963732673
-0.0648330890035664
0.0308996184553374
-0.0456195832155224
0.0100887412132617
-0.113268500914123
0.0843614748331609
-0.141322212085687
-0.00718981370045887
-0.287542574301266
-0.016740938361858
0.0997784288517826
0.0784692512969714
-0.0707802628891739
-0.192396647009929
0.086802911323302
0.0941676119116796
-0.0948297216772768
0.0123865262457385
0.110780983482689
-0.0331097442599314
-0.0487993528448847
-0.0569078476948608
0.127677068419566
-0.00034039902341635
-0.0499133478626886
-0.0347068888292129
-0.0340292344794777
-0.0279708673759105
-0.0423763407654223
-0.0670143883098619
-0.010148291246443
-0.0347569562471752
-0.0661238468945095
-0.00759671583736294
-0.0388430913093318
0.0115292933533361
-0.00508967481065509
-0.0338548062453165
0.0124656678946488
-0.0165969344205412
-0.0434875835243155
0.0401648872220473
0.0920582987479686
0.0223505450500346
0.0707197476801062
0.00167646252538207
-0.0437370528548775
0.0187631404493227
0.045612773569085
-0.0264955460169872
-0.0157129022731627
0.00671262070533941
0.00667042950160664
0.0695512392620358
-0.0325055435481105
0.0712791879328206
-0.0318362083919694
-0.118171091193181
0.0498200338551064
-0.0115386885708101
0.0427173569575337
0.0553850718938059
0.0718234607145741
0.0554755473763126
0.0475177555291695
0.00757854028185165
-0.0473183769677074
-0.105817629215115
0.00841049788422977
-0.129416899280285
-0.0492538726282353
0.0382554127369146
-0.144084530535727
0.0779029093325037
0.02656756767234
-0.131945836111588
0.0348261961503655
0.0574438855809145
0.0536043376950589
0.0376182553643177
-0.0314987310034965
0.0504479201291161
0.00412103564951704
0.0109378889988581
0.0734641781715073
0.0381574825864617
0.031554509436269
0.0182640939764449
-0.0769486259656533
-0.0610705935217078
-0.0391329131274787
0.0428828765824268
-0.0346013886595867
-0.0159494457651762
-0.094037892324979
-0.02178413126586
-0.0676087220637151
