# predict_model; Vecm
# max_attributes; 15
# description; Stock and Watson 2012: US indicators;;;;;;;;;;;;;;;;;;;;;;;;;;;;;;;;;;;;;;;;;;;;;;;;;;;;;;;;;;;;;;;;;;;;;;;;;;;;;;;;;;;;;;;;;;;;;;;;;;;;;;;;;;
# number_predictions; 100
# predict; CES002
# lag_parameter; 4
# horizon; 1
# name_prefix; us_data_stock_watson_2012;;;;;;;;;;;;;;;;;;;;;;;;;;;;;;;;;;;;;;;;;;;;;;;;;;;;;;;;;;;;;;;;;;;;;;;;;;;;;;;;;;;;;;;;;;;;;;;;;;;;;;;;;;
# method; Hits_granger__graph(n_components=14)
# prediction_type; rolling
"V1"
0.0165105614215179
0.0150460217717198
0.00422308544701935
0.00817468376178096
0.0177581374760347
0.0050810271298406
0.00846822080483559
0.0102127782361147
0.00716057204243263
-0.00604209355964019
0.0124044839543578
0.00370423591401057
0.00909531775313305
0.025930719785937
0.00970510929486537
0.0126330285891341
0.00336279432279128
0.012144731900514
0.0114929365417108
0.00751540402626061
-0.00516293887309365
0.0113670022505143
0.0123975361603451
0.00685782216305118
0.0142281434025794
0.00600684941375744
-0.00538564463394438
-0.00219508824676704
-0.0187981671124661
-0.00255330362759396
0.0071434078035727
-0.00531774713609541
-7.07241094443274e-05
0.0125786624488708
0.000207799914090137
0.000812200099148419
0.00389315611843507
0.0146013079761788
0.0042586795234046
0.00823426698892537
0.0158201967125733
0.0184221557038392
0.00367985334712712
0.00928876131906956
0.0186482569170082
0.00646422473576103
0.00835627571905736
0.00992115769729747
0.00488922222810863
0.00587446985443175
0.011876992524644
0.0169732587742795
0.0107810120942511
0.00241944591009988
0.00430523962335784
0.00949390587290551
0.0123380201595438
0.0101782027160718
0.00993517377078316
0.00667517068812382
0.00215901983766018
0.0144690066169666
0.00244585090743277
0.0185665690364994
0.0101143089003434
0.00822294126115882
0.00170949023711554
0.00649899374866467
0.00667798886693828
0.000671464251083547
-0.0159539050880064
-0.0207743253819839
-0.0244957732941072
0.00806054209002881
-0.00477109489999232
-0.00341220573662076
0.00135264964315786
-0.00977388490119117
0.00889497232237531
0.00188217539710721
0.00825545080580367
0.010248108318336
0.00130050640277129
0.0027204689368375
-0.00228028931061048
0.00576348035132836
0.0033350636368882
0.0122949058749968
-0.000920333081301201
0.0124201997891504
0.000724333286806056
0.0156105388866182
0.00610059771261885
0.00300147573068525
0.00273379860103648
0.00210778819753275
-0.00508882347933962
0.00529677743292542
-0.00885058685670955
-0.0148860272191795
