# predict_model; Vecm
# max_attributes; 15
# description; Stock and Watson 2012: US indicators;;;;;;;;;;;;;;;;;;;;;;;;;;;;;;;;;;;;;;;;;;;;;;;;;;;;;;;;;;;;;;;;;;;;;;;;;;;;;;;;;;;;;;;;;;;;;;;;;;;;;;;;;;
# number_predictions; 100
# predict; GDP276_8
# lag_parameter; 4
# horizon; 1
# name_prefix; us_data_stock_watson_2012;;;;;;;;;;;;;;;;;;;;;;;;;;;;;;;;;;;;;;;;;;;;;;;;;;;;;;;;;;;;;;;;;;;;;;;;;;;;;;;;;;;;;;;;;;;;;;;;;;;;;;;;;;
# method; Hits_granger__graph(n_components=5)
# prediction_type; rolling
"V1"
0.00661203131299773
0.00569901887604469
0.0047651901765332
0.0043913269229877
0.00402201577718642
0.00592957373337335
0.00890482860938681
0.00511835454460106
0.00870077428260369
0.00327638638871899
0.00847525476571538
0.0105716878708419
0.00939015300253919
0.00505727059228965
0.00744153333970555
0.00647993053652613
0.00275477339535601
0.00748103904959655
0.00239637356526256
0.00562127665445656
0.00451801064571949
0.0077777958054746
0.00202721662321045
0.00305271511364841
0.00530459006729516
1.94364726824361e-05
0.00661171697063593
0.0113592374194437
0.00968750266022018
0.00676304826631219
0.00878897349525207
0.00894086491861729
0.00144993822372167
0.0124639294911986
0.00563906702063844
0.0122724956615862
0.00662252671134422
0.00111634507365246
0.00703046097773045
0.00354348095554129
0.00421188569950833
-1.09195011791906e-05
0.00331235707762071
0.00852471905396827
0.0066333542193183
0.00122192729354986
0.00874223937063431
0.0027896349956445
0.00585877346689601
0.00417616063087571
0.00688693675930499
0.00166584201618889
0.012137766579834
0.0072159389633793
0.00791549305123887
0.00680510008351873
0.00465149373089184
0.00339144421037588
0.00219143433755661
0.00340773349024042
0.00473373900227429
0.00330103307584972
0.0054298600371703
0.0044758401331928
0.00509009380660405
0.00832900314085955
0.00460897696985408
-0.00681104988387493
0.00261423928571013
0.00493740431064919
0.00650293077664446
0.00508516078513987
0.0150654880761212
0.0116765998913312
0.012307544905486
0.0040984730310082
0.00184441105024181
0.00105126034726866
0.00153473173309698
-0.00149131629667124
0.0135799025621551
0.00356981930036685
0.0124792863134169
0.0130666615976744
0.00770005725499563
0.00881637835577456
0.00759107765781452
-0.0018433749524546
0.0152346694351254
0.019325368257929
0.013597136901572
0.0134350260686804
0.0130420682264428
0.00407754428216279
0.00782227760950722
0.00455007047321536
0.00961485036293866
0.00704599126491169
0.0182235448582989
-0.00053282260286679
