# predict_model; Vecm
# name_prefix; us_data_stock_watson_2012;;;;;;;;;;;;;;;;;;;;;;;;;;;;;;;;;;;;;;;;;;;;;;;;;;;;;;;;;;;;;;;;;;;;;;;;;;;;;;;;;;;;;;;;;;;;;;;;;;;;;;;;;;
# description; Stock and Watson 2012: US indicators;;;;;;;;;;;;;;;;;;;;;;;;;;;;;;;;;;;;;;;;;;;;;;;;;;;;;;;;;;;;;;;;;;;;;;;;;;;;;;;;;;;;;;;;;;;;;;;;;;;;;;;;;;
# lag_parameter;4
# number_predictions;100
# horizon;1
# max_attributes;15
# predict;FSDJ
# prediction_type;rolling
# method; FCBF(n_components=14)
"V1"
0.00147393864509664
-0.0068796515272089
0.00353677191510777
0.00788587749739657
0.000451332668040121
0.0021861073365481
0.00840340662601263
0.00334390787661284
0.0107780340799183
0.0153973536151738
0.00995337885660458
-0.0133339726440077
0.0123808111100657
0.0309327538807991
0.00222835197617037
0.0149111508429121
0.0307827098391055
-0.0126108595084747
-0.0152651665911743
0.00765696479472785
0.000893817504167533
0.00925045213702122
0.00635549417562687
0.00537584279559705
0.0135736788926181
-0.00593122373359253
-0.000776165401824108
0.0239854465130454
-0.00920310960366854
-0.00207483360450807
0.0195580346804327
0.011107479016711
0.00231610625801693
0.0139659288393101
0.00842700837595931
0.00622394633740573
-0.00658835447575515
0.00236725620655955
0.00939496345347256
0.00698196845554734
0.00813335446690001
0.00974207886749932
0.00705454335372042
-0.0026224080035791
-0.0086362619430588
0.0117816364256792
0.0218467283145926
0.0260550839492259
0.0146905899500296
0.0300671737316046
0.0310760021861382
0.0118085210487687
0.042255911701159
0.0283003711066562
0.0308467098605037
0.0505313094550635
0.0277545082598257
0.0162117047410223
0.0251865474302785
0.0346199690400917
-0.0175888914542041
0.0633044892135359
0.0450409178099245
0.0805879045805643
-0.019224664675112
-0.0297292924148484
0.0399565408293113
-0.0194911661459644
0.00130222383927742
-0.00559393476808125
-0.0305975096472356
-0.0491464575444619
0.0352249401298175
0.0410411806467512
-0.0262803486438425
-0.0920265832879335
-0.0370661374190321
-0.0542885721028824
-0.00629756861458619
0.0852666501527616
0.0180947013495634
-0.0175351681195554
0.0113580764116889
0.0394908040253132
0.0224664237570397
-0.0175829026611795
0.0150425613714795
0.042584277081476
-0.060108471732147
0.0252843254832674
0.0669707461580942
0.0203661742524681
0.0333401262868102
0.020856881586416
0.0665636243056693
0.0325360963699043
0.0513070574974011
-0.0973147500601859
-0.0541691515501781
-0.0578222768496629
