# predict_model; Vecm
# name_prefix; us_data_stock_watson_2012;;;;;;;;;;;;;;;;;;;;;;;;;;;;;;;;;;;;;;;;;;;;;;;;;;;;;;;;;;;;;;;;;;;;;;;;;;;;;;;;;;;;;;;;;;;;;;;;;;;;;;;;;;
# description; Stock and Watson 2012: US indicators;;;;;;;;;;;;;;;;;;;;;;;;;;;;;;;;;;;;;;;;;;;;;;;;;;;;;;;;;;;;;;;;;;;;;;;;;;;;;;;;;;;;;;;;;;;;;;;;;;;;;;;;;;
# lag_parameter;4
# number_predictions;100
# horizon;1
# max_attributes;15
# predict;CES088
# prediction_type;rolling
# method; Part-GFS_granger_graph(n_components=5)
"V1"
0.00954640517741708
0.00724556126521361
0.00826982666008787
0.00902531359591128
0.0113893899872694
0.0150703434440285
0.0134139462862691
0.0148706607323403
0.016464437441522
0.0141187405266403
0.0182799979406755
0.0144278136002642
0.012706450951071
0.0108800185989962
0.0109587382612035
0.0056871565653952
0.00328560832845595
0.00616143726778179
0.00235747950788352
0.000706317470818167
0.00256512438145365
-0.000612048679925095
0.00238684607079469
0.00325187513986929
0.000785356660623569
0.0022565240790523
0.00278502218071877
0.00345920683239591
-0.00185021622948757
-0.000740886138967109
-0.00757084327544814
-0.00580300179434065
-0.00367130138679397
-0.00351223859976872
0.000824099013607155
0.00208875537838039
0.00498963201783408
0.0074682383874375
0.00801972119038934
0.0114298248793221
0.0141200422965049
0.00961254678602878
0.00282231202740075
-0.00356248241699104
-0.00968288035529946
-0.00449470137845181
0.00202367340699931
0.00528900670317594
0.00649790882785335
0.00758609847543831
0.00638814967089919
0.00849030870023869
0.0060833479334334
0.0056728133910286
0.0104185006060482
0.0125377113596743
0.0144757328475678
0.0122367162994773
0.0124988279502683
0.0128425493814469
0.00830666601831557
0.00568864224374649
0.00431206291652682
0.00350183455321335
-0.00255076966561245
0.000287060959798264
0.00186323048552184
0.00164219795060365
0.0121841186272797
0.00619209363220273
0.00640101644029321
0.00204819452211497
9.2448797216651e-05
0.00218950039480175
-0.00306352461674361
0.00253632317302354
0.00985718213315933
0.00932580054448737
0.00839503019130335
0.00336936261457531
-0.00130259767592091
-0.00292279161918299
0.0111135590213648
0.00146234184456349
0.00319507898197075
0.00424440014041202
0.00268862182903173
0.0124347422698298
0.00941891155496036
0.00708281821879765
0.00450830930487744
0.00426822795824883
0.00551381585674746
-0.000368106481263541
-0.00292799086858241
-0.00213225883230304
-0.00757432322415683
-0.00416705362526714
-0.0056555307205929
-0.0103893723334762
