# predict_model; Vecm
# max_attributes; 15
# description; Stock and Watson 2012: US indicators;;;;;;;;;;;;;;;;;;;;;;;;;;;;;;;;;;;;;;;;;;;;;;;;;;;;;;;;;;;;;;;;;;;;;;;;;;;;;;;;;;;;;;;;;;;;;;;;;;;;;;;;;;
# number_predictions; 100
# predict; FYGM6
# lag_parameter; 4
# horizon; 1
# name_prefix; us_data_stock_watson_2012;;;;;;;;;;;;;;;;;;;;;;;;;;;;;;;;;;;;;;;;;;;;;;;;;;;;;;;;;;;;;;;;;;;;;;;;;;;;;;;;;;;;;;;;;;;;;;;;;;;;;;;;;;
# method; Hits_granger__graph(n_components=4)
# prediction_type; rolling
"V1"
-0.00677522982421691
0.0636965957335059
-0.00176249826368539
-0.0333150187540938
-0.0881504975728021
-0.0445466960077652
-0.0737659025881782
-0.0104353624915012
-0.104350843948683
-0.0339665590435931
0.00352895113863218
0.0107217507050666
0.00255396278247034
0.0188576765968235
-0.0205502492288767
0.0601795879527683
-0.0114061807209518
0.030124938638081
-0.0109948187020886
0.00763112092182712
-0.0142818647236941
-0.0218880854151656
-0.033115703192115
0.0272192146623545
-0.0429645873513479
-0.00311914475704126
-0.0312623081643744
-0.0141138137921157
0.00120414767394626
-0.0294980369658361
0.0750810335275043
-0.0499220527699494
-0.0114503486517653
0.0066060120560164
0.00176823100522143
-0.0377177876592786
-0.0281920655510782
-0.039032170125761
0.00469058994799281
0.024311504747223
-0.000704487524908745
0.0538513760696377
0.0166851044699738
0.0156839330217647
0.0675816634187591
0.0221847062365457
0.0621283375979052
0.0366939039343889
-0.0180881836380959
-0.0363513606189401
-0.0164633813895059
-0.0133681082795363
0.00876583813513612
-0.00158382902028005
0.00976890276729453
0.0706537232013264
0.0156817591745796
0.00151657353779452
-0.0498729168786347
-0.0579863739998514
-0.0324984715804239
0.0858364699745744
-0.0173569742442447
-0.0129884985584794
-0.0274828830135718
0.0351267798404647
0.00247315609761027
-0.0225572425452756
-0.0105503777175192
-0.0494254840413221
-0.0196445031686712
-0.0626697673124632
-0.0927527808096549
-0.0136422460877389
0.00535045900137693
0.0641744758987446
0.0250277800706905
-0.00754728742023967
-0.023854858461532
-0.0255191133955119
0.0111633735896248
0.0477736597992404
0.0275579006845241
0.0377887442048086
-0.0184115270214823
0.0377934705851635
0.0405740534094797
0.0386315503492246
-0.0103417394245229
0.0252982609899167
0.000408306318929296
0.038430187816616
0.00472106191059668
0.0188405335728438
0.00783123654671939
-0.00125475453118381
-0.0186621643964434
-0.0706991352956951
-0.0359144176497891
-0.0167463951626312
