# predict_model; Vecm
# max_attributes; 15
# description; Stock and Watson 2012: US indicators;;;;;;;;;;;;;;;;;;;;;;;;;;;;;;;;;;;;;;;;;;;;;;;;;;;;;;;;;;;;;;;;;;;;;;;;;;;;;;;;;;;;;;;;;;;;;;;;;;;;;;;;;;
# number_predictions; 100
# predict; GDP263
# lag_parameter; 4
# horizon; 1
# name_prefix; us_data_stock_watson_2012;;;;;;;;;;;;;;;;;;;;;;;;;;;;;;;;;;;;;;;;;;;;;;;;;;;;;;;;;;;;;;;;;;;;;;;;;;;;;;;;;;;;;;;;;;;;;;;;;;;;;;;;;;
# method; Hits_granger__graph(n_components=15)
# prediction_type; rolling
"V1"
0.0193910971802243
0.00746137780280757
0.00752528988336029
0.00700722634568895
0.00743911581678518
0.00370421014349916
0.00845212675829268
0.018109815326125
0.0170353702295476
-0.000270768516139049
-0.0300180424298132
-0.00537198754794983
0.00039930869388742
-0.011554280585625
0.0360585632438579
0.00749109604130157
-0.00120305679566312
-0.0289170802751207
0.0324470378527518
-0.00646987131239907
-0.0060273893180223
0.0238097462823547
0.0142926393324119
-0.00673726064500292
0.0235485225557425
0.020554181947665
-0.00864143614915462
-0.00272466638956114
-0.0127201640825457
0.00309487160339934
-0.00329030053498725
0.0055733783134372
0.00455020231322178
-0.00235436789394975
0.0162843152443279
0.00929595648637465
0.0104513459814094
0.00485205184067432
0.00223446764506703
0.00611939669986884
0.0103253721706218
0.013155346071604
0.00810475253960555
0.015298217513191
0.0327011926081827
0.00623820286860775
0.0127647907369011
0.00336656062317434
0.0197165315328415
0.0265280096141196
0.0117154913059938
0.0011612298957923
0.00129049046682149
0.0104710520283021
0.0211324991003289
0.0303049252106423
0.0249584007407284
0.000399222501708567
0.0101626022500845
0.0219316871500338
0.018566171450737
-0.0375452902717822
0.00688747128358643
0.0140058242434382
0.0372556187152521
0.024864772022759
0.00447475126440451
-0.00861364220549515
0.0115185312380249
-0.0300577897347956
-0.0151039026919516
0.00814490090415772
-0.00650527525658417
-0.0077342949812522
0.00608120032004103
-0.0119223259807991
-0.0239323404044084
0.0215641367697333
0.016379371157623
0.013608718451209
0.0257274664537571
0.00684567884065712
0.0232438189091874
0.0105564795412112
0.00636358621510887
0.0445984653077688
-0.00962012069776685
-0.0262565925558479
0.000247127901322338
0.00577460533693524
0.0323903515756283
0.00215715987793635
-0.0310054518527426
0.0298836023659931
0.0334371389743858
0.0324075350538288
0.0214033500618794
0.0205061727733585
0.00478208695550693
-0.00901126940572099
