# predict_model; Vecm
# name_prefix; us_data_stock_watson_2012;;;;;;;;;;;;;;;;;;;;;;;;;;;;;;;;;;;;;;;;;;;;;;;;;;;;;;;;;;;;;;;;;;;;;;;;;;;;;;;;;;;;;;;;;;;;;;;;;;;;;;;;;;
# description; Stock and Watson 2012: US indicators;;;;;;;;;;;;;;;;;;;;;;;;;;;;;;;;;;;;;;;;;;;;;;;;;;;;;;;;;;;;;;;;;;;;;;;;;;;;;;;;;;;;;;;;;;;;;;;;;;;;;;;;;;
# lag_parameter;4
# number_predictions;100
# horizon;1
# max_attributes;15
# predict;CES088
# prediction_type;rolling
# method; Part-GFS_te(n_components=1)
"V1"
0.00987898066953655
0.0101358692074871
0.00848990972403277
0.0109159914483866
0.0129603029302033
0.0119514237227652
0.0124516679574677
0.013565927380584
0.0154239840305506
0.0136874630247733
0.0158676516365404
0.0143234892124949
0.0110926687406331
0.0110554428718125
0.0122523325665301
0.00729291646054323
0.00353446403303086
0.0052781138117604
0.00214405247286461
0.00200887045184346
0.00286677748945679
0.00155893507019697
0.00203045792313552
0.00408772151908261
0.00188873276231177
0.0015867065084077
0.00396242134103345
0.00101237691256735
-0.00395364133891717
-0.000426554391116684
-0.00612136796344907
-0.0042529861038722
-0.00260354877306794
-0.00288254218181543
0.00266868149028404
0.00341836973677599
0.00725522007634262
0.00714572166793031
0.00955377600832964
0.0113212549621265
0.0120442914976919
0.00998149333474894
0.003190829910855
-0.0051379515145243
-0.00896373868221751
-0.00466393825417842
0.000108754330519554
0.00514717675207328
0.00606285227148562
0.00592227677591152
0.00700728887474638
0.00883006916244011
0.00569365021086589
0.00681276562788052
0.0116446897296418
0.0122465627027613
0.0133670296307629
0.0115110151711991
0.0132090550493892
0.012121027403831
0.00857480355546984
0.00643568394403025
0.00466902759314563
0.00487727668704526
-0.00084675633698904
-0.00168634456700629
-0.00130335609557462
0.00307912131208773
0.00892198153837263
0.00791715310732705
0.00315254007788984
-0.000518817824638095
0.00370084941920579
-0.000184649638254036
-0.00137350612503305
0.00290627551212822
0.0103706285260881
0.00463288708807383
0.00854280879481517
0.000617185872252714
-0.00347514708784784
-0.00365631911298983
0.00745840859119184
-5.60307015422352e-05
0.000892229903505438
0.00131466350278043
0.000885368021155976
0.0073974151038655
0.0110975515381352
0.00889970806026022
0.00209913736387744
-0.00125514892676134
0.00447052741313196
-0.00167657024585272
-0.00251598588027208
-0.00207192387235327
-0.00918510677862853
-0.00451518224168611
-0.00736060221379898
-0.00661991615201161
