# predict_model; Vecm
# name_prefix; us_data_stock_watson_2012;;;;;;;;;;;;;;;;;;;;;;;;;;;;;;;;;;;;;;;;;;;;;;;;;;;;;;;;;;;;;;;;;;;;;;;;;;;;;;;;;;;;;;;;;;;;;;;;;;;;;;;;;;
# description; Stock and Watson 2012: US indicators;;;;;;;;;;;;;;;;;;;;;;;;;;;;;;;;;;;;;;;;;;;;;;;;;;;;;;;;;;;;;;;;;;;;;;;;;;;;;;;;;;;;;;;;;;;;;;;;;;;;;;;;;;
# lag_parameter;4
# number_predictions;100
# horizon;1
# max_attributes;15
# predict;GDP275A
# prediction_type;rolling
# method; Part-GFS_te(n_components=4)
"V1"
0.00384906445446206
0.00626264053485526
0.00168627519971025
0.00359061986573931
-0.00114409909955779
0.000859291253299526
0.0056153035910284
0.0011534890362671
0.00971242127125612
0.000653389347422636
-0.00754217322638603
-0.000113153333638718
-0.00295514649848581
0.00670974281458464
0.00515369121409544
0.0121008760704492
0.0127997137218846
0.00642167903132894
0.0125726842230314
0.00510512725832402
0.0069236683820934
0.00979653452810855
0.0112632444823287
0.00489976327645504
0.00957658155181607
0.00752372711996084
0.00754393155961349
0.0142076822742088
0.0187967176922808
0.00492477945979967
0.013240741154065
0.000739978012047761
0.010111854974805
-0.0014076347474588
0.00709547703522057
0.0018047026740218
0.00278594196023389
0.00334116145163617
0.000981376537887731
0.00115229306084463
0.000336798098619921
0.00267917150850398
0.00283992177812929
0.00277248306305015
0.00260337780359435
0.00702813952072245
-0.0017287282825685
0.00289937003147941
0.00126287270120227
0.0058884967577439
0.00356831127652375
0.00375278967471167
0.0040706053097685
0.00221504756130062
0.00543857419271322
-0.000117261801633204
0.00274135270725009
-0.00239351481691141
0.00183681561001006
0.000920036701976466
0.00229788521704169
0.00901555380171481
-0.000666124156951165
0.00950117090289933
0.00649601094574913
0.00951863217168413
0.00867083426160195
0.00548610629878291
0.00657279179046699
0.000307435361166845
0.0090126677453104
0.00151572306830369
0.00134928567875462
0.00123288518035675
-0.00137339528122253
0.00252337734696655
0.00510236081732191
0.00419272872388126
-0.00464549860746806
0.0168013387634063
-0.00054770484648396
0.00713061326019226
0.00634455538537622
0.00699812319391272
0.0120250825716994
0.0041170344955806
0.00738545218371178
0.00959401789587499
0.0129744388208549
0.0180962926893909
0.00440007363479208
0.00925384543550451
0.0045980625954668
0.0158380196280236
0.000170334183833241
0.0156341234146936
0.0125292238304147
0.0122390423412161
0.0187546785851552
0.00793841368968616
