# predict_model; Vecm
# name_prefix; us_data_stock_watson_2012;;;;;;;;;;;;;;;;;;;;;;;;;;;;;;;;;;;;;;;;;;;;;;;;;;;;;;;;;;;;;;;;;;;;;;;;;;;;;;;;;;;;;;;;;;;;;;;;;;;;;;;;;;
# description; Stock and Watson 2012: US indicators;;;;;;;;;;;;;;;;;;;;;;;;;;;;;;;;;;;;;;;;;;;;;;;;;;;;;;;;;;;;;;;;;;;;;;;;;;;;;;;;;;;;;;;;;;;;;;;;;;;;;;;;;;
# lag_parameter;4
# number_predictions;100
# horizon;1
# max_attributes;15
# predict;CES017
# prediction_type;rolling
# method; FCBF(n_components=11)
"V1"
-0.000197721567199909
0.0926960184531355
0.0151383392988238
-0.0444467435655379
0.126598500302571
-0.0602408829045464
-0.0931198770683133
0.0242292355247698
0.00497884458075488
0.0180138731727963
-0.0155362691620229
0.0356562900738439
-0.0891377839626572
-0.0533689157645229
-0.0134404078988829
0.114452825440026
0.044844882053491
-0.0222512681314055
0.082558589897188
-0.0496203107460579
0.0213435661589981
0.00545090557154285
0.017016053293224
0.0191509200896779
-0.0442942913099666
-0.00943510992817079
0.0813200753886496
-0.102566728925247
-0.0349411263808027
-0.13599412139024
-0.0272668835873106
-0.00835681029826411
-0.0486090056236611
0.112828317409729
0.0336687515542922
-0.0908383985084697
0.0613068283345712
0.0205380387923689
-0.0490540554775087
-0.0654028211676864
0.0584388639142081
-0.0329822901896613
-0.0274176903086169
0.00705286765641194
0.0771059907116743
-0.010290004951809
-0.0202636479751803
0.0464936952476496
0.0270464107793068
0.0240033996009141
0.0516601724968249
-0.0498445465922326
0.0020431301101967
0.0110309322017275
-0.0324787973686719
6.29311306195798e-05
0.068628289121858
0.0799160884019112
0.0288495931804395
0.0154291346371385
-0.00480479220766779
-0.0175923137061955
0.000647795152221974
0.025039029435459
-0.030349334759802
0.00534125452538425
0.00778930529038266
0.0449711105797062
0.000746404238025699
0.00960624825817517
-0.128423921220346
-0.0839575491636236
-0.0717069607698105
-0.0219491644429304
0.00535976482498168
-0.00619448345027735
-0.0183374385814658
-0.0560337190729727
-0.0591358489927503
-0.0557625906384759
0.0483141370926771
-0.0790641825026523
0.0299840120992148
-0.01666142486861
-0.0271335790724584
0.0157458839034724
0.0309774007280865
-0.00824482141932276
-0.0436328816023792
0.0396896693718277
-0.0326187242581404
-0.00419653290216294
0.00116007310529043
0.00549026096919583
-0.00577545367977114
-0.0128361891106159
-0.0462173396296261
-0.0333831516685385
-0.0390914199402576
-0.0359514593569077
