# predict_model; Vecm
# name_prefix; us_data_stock_watson_2012;;;;;;;;;;;;;;;;;;;;;;;;;;;;;;;;;;;;;;;;;;;;;;;;;;;;;;;;;;;;;;;;;;;;;;;;;;;;;;;;;;;;;;;;;;;;;;;;;;;;;;;;;;
# description; Stock and Watson 2012: US indicators;;;;;;;;;;;;;;;;;;;;;;;;;;;;;;;;;;;;;;;;;;;;;;;;;;;;;;;;;;;;;;;;;;;;;;;;;;;;;;;;;;;;;;;;;;;;;;;;;;;;;;;;;;
# lag_parameter;4
# number_predictions;100
# horizon;1
# max_attributes;15
# predict;GDP260
# prediction_type;rolling
# method; Part-GFS_te(n_components=8)
"V1"
0.0135727633670817
0.0172283874561154
0.00990308960438068
0.00811878139871269
0.00871593427453172
0.00681933623367412
-0.00279367141076336
0.00571243397481715
-0.00268339805004057
0.00672336728105629
-0.00115089694556787
0.00321263833235065
0.00209988075799198
-0.00248708306742161
-0.00338320101903203
0.00899019365318791
0.0012839818190558
0.00102635318839774
0.0106777850452993
0.00575076823786553
0.00540789197964844
0.00584235743536022
0.00498150471995323
0.0100239256630758
0.00170776378390214
-0.00207634332712399
-0.00183530520402615
-0.00644533258569154
0.00248217569716921
-0.00609724340857455
-0.00474174338229062
0.00341787296693717
-0.000141891151683254
0.00103833476652416
0.00800169657769525
0.0127314466265702
0.0183854325191837
0.00924930813079939
0.00782456946049195
0.013760746289012
0.0113448968702123
0.0195721736495527
0.0100603567637995
0.00752288137638331
0.0197831380674637
0.0195117119966609
0.0108240590659325
0.00226490691929269
0.0117787147073644
0.0107463670577573
0.013116659408698
0.0213577767351237
0.0142753907408572
0.0165918421677565
0.0243069145774619
0.0262849796417967
0.0201005964225965
0.0119973019389409
0.0248669483379152
0.0188045766354997
0.0189673624861427
0.0294983195626866
0.0279128343375125
0.0258216254266676
0.0175615443243486
0.0113174997333191
0.0327482630443781
0.0169519862874982
0.000153063008715924
-0.00484844228743993
-0.0215647961050587
-0.0373612066626252
-0.0252169255384096
-0.000427916678966029
-0.0172210170030931
0.00866399317827499
-0.00946815096633687
-0.00433447939837346
0.0137804927466237
0.0171250573402902
0.0343150960651107
-0.00539388074631033
0.00722452635174502
0.030916951131364
0.0337819669969869
0.0118457613081683
0.018001935679265
0.0238576253213832
0.0176530790102135
0.0313013284623778
0.0122103482225445
0.00238084542428479
-0.00280200125029228
-0.00398439822468319
0.00905399676915986
0.0105471768182999
0.0025021072354285
-0.000735632227709384
-0.0116674933169188
-0.00769960451422336
