# predict_model; Vecm
# name_prefix; us_data_stock_watson_2012;;;;;;;;;;;;;;;;;;;;;;;;;;;;;;;;;;;;;;;;;;;;;;;;;;;;;;;;;;;;;;;;;;;;;;;;;;;;;;;;;;;;;;;;;;;;;;;;;;;;;;;;;;
# description; Stock and Watson 2012: US indicators;;;;;;;;;;;;;;;;;;;;;;;;;;;;;;;;;;;;;;;;;;;;;;;;;;;;;;;;;;;;;;;;;;;;;;;;;;;;;;;;;;;;;;;;;;;;;;;;;;;;;;;;;;
# lag_parameter;4
# number_predictions;100
# horizon;1
# max_attributes;15
# predict;CES053
# prediction_type;rolling
# method; Part-GFS_granger_graph(n_components=1)
"V1"
0.015306998829323
0.0155508451926666
0.0142826821591415
0.0113546660535191
0.0108320601812522
0.012353637934383
0.0136971531170065
0.00999431909802667
0.00961198875521445
0.00684158163092587
0.0072637271152993
0.00894489984178898
0.0110486442268318
0.00944768651878632
0.0102345963065175
0.0100562425065022
0.00983676251239228
0.00675546840869091
0.00879920157976794
0.00857186359963294
0.00945977486229517
0.0078817245153051
0.00409093187107341
0.00554819462875596
0.00768752392500102
0.00586003994142037
-0.00129598813174517
0.0038411765595556
-0.0058591422612098
-0.00639273037329543
-0.0027268835371592
-0.00422803225687994
-0.0056627200952832
0.00114437933546159
0.00105947669991333
-0.000491360730703208
0.00302053066353521
0.00364708267501292
0.00404361027316307
0.00849837858161519
0.00984104483005832
0.0131269553307803
0.0072172078443263
0.010920055834005
0.0179133732375032
0.0101387692737722
0.00518223067375187
0.00848624181595957
0.0063484010667826
0.00326544960981525
0.00402518603938836
0.00759698450758932
0.0109521406754744
0.00795461500713982
0.00407653570332708
0.00501438673475544
0.00827644869399449
0.00589392824047973
0.00479651373703124
0.00310522476208303
0.00422432509149886
0.0114143477781118
0.00524577610266828
0.00584233461702712
0.00880070735774965
0.0101310021623458
0.00454519269401055
0.00203858484938819
0.00363480229767436
4.06427587777776e-05
-0.00775979183406479
-0.0050122625403601
-0.00950290307625324
-0.00235330734369695
-0.000815578202113427
-0.00375600795019061
-0.00154131124703791
-0.00116085403861711
-0.00280212496317746
0.00072005560717229
0.00152412540407893
0.00493291488069945
0.00460737386596512
0.00338793707503242
0.00508974741394457
0.00702710807192089
0.00424971971402246
0.00703538545938219
0.00361708039385615
0.00384552076762382
-0.00288361890223688
-0.000523992763685534
0.002562437630359
0.00492294900932296
0.00393996741748078
0.00188842447259415
0.00217029254004137
0.000363369627973703
-0.00342101495406662
-0.00382202369293189
