# predict_model; Vecm
# max_attributes; 15
# description; Stock and Watson 2012: US indicators;;;;;;;;;;;;;;;;;;;;;;;;;;;;;;;;;;;;;;;;;;;;;;;;;;;;;;;;;;;;;;;;;;;;;;;;;;;;;;;;;;;;;;;;;;;;;;;;;;;;;;;;;;
# number_predictions; 100
# predict; LHU5
# lag_parameter; 4
# horizon; 1
# name_prefix; us_data_stock_watson_2012;;;;;;;;;;;;;;;;;;;;;;;;;;;;;;;;;;;;;;;;;;;;;;;;;;;;;;;;;;;;;;;;;;;;;;;;;;;;;;;;;;;;;;;;;;;;;;;;;;;;;;;;;;
# method; Hits_granger__graph(n_components=8)
# prediction_type; rolling
"V1"
0.0385751580563139
-0.0500139649937196
-0.00401664597431781
-0.020558374078212
-0.0759191085704927
0.0360914468411636
-0.0151081091770048
-0.0819762590158221
0.0547471393524045
0.0402197917177763
-0.0452990933102221
0.036466375878714
-0.0711723164304206
0.107073229847453
0.112804659180781
-0.0589231629223289
0.00167670604534595
0.0573374935041219
-0.0354620459914595
-0.0796880156856169
-0.0509299262312444
-0.11336512108585
0.0432808838249211
-0.0335250860459546
0.0808699358184858
0.0516249425793376
0.0893171624623261
0.00992227114692657
-0.0187073413178918
0.077061040639547
0.0965892817011861
-0.0861572825915273
0.107340028641352
-0.0516378747124784
0.011668531895132
-0.0289978941377888
-0.010247828587721
-0.0297673205877926
-0.00465169549612479
-0.0321558413835871
-0.0228411998171013
0.0314802342827824
-0.0339816264696654
-0.0610365039971242
-0.0507188872009081
-0.0280888055412829
-0.027143192175463
0.0512495165739815
-0.0211351736658848
0.00080221714551432
-0.0671935393720846
-0.0422305223700622
0.0346087994858555
0.0091432196849576
0.0165341062665315
-0.0194247234373243
-0.0441693681092906
0.0106565469190591
0.0731746437709158
-0.0333607723799101
-0.00146184966922337
-0.0185299679914917
0.00810118230725692
-0.00708491864813747
0.0594911508542294
-0.0213462769904341
-0.0545651775374057
-0.0187591286161218
-0.038730382253459
-0.030234416628701
-0.0158596777057668
0.0422700010147956
0.156838221788864
0.012406328795039
-0.00560616133165805
0.0154812875496853
0.0881016640636137
0.00215021575637935
-0.0992091021437168
0.0306933434798105
-0.0520823341026165
-0.077449542741407
0.0215908527332415
0.00333475231402042
0.059885691498143
0.00535977461863853
0.0336575765885811
-0.0349424286564232
-0.00501536360039317
0.0990314542462901
0.0523054319225527
-0.0657105940628514
-0.0126927631897485
-0.0494274163770032
-0.0123854918936859
0.0575891608300526
0.0283213677052147
-0.0636740003227898
0.0737607812817824
0.0173410768810769
