# predict_model; Vecm
# name_prefix; us_data_stock_watson_2012;;;;;;;;;;;;;;;;;;;;;;;;;;;;;;;;;;;;;;;;;;;;;;;;;;;;;;;;;;;;;;;;;;;;;;;;;;;;;;;;;;;;;;;;;;;;;;;;;;;;;;;;;;
# description; Stock and Watson 2012: US indicators;;;;;;;;;;;;;;;;;;;;;;;;;;;;;;;;;;;;;;;;;;;;;;;;;;;;;;;;;;;;;;;;;;;;;;;;;;;;;;;;;;;;;;;;;;;;;;;;;;;;;;;;;;
# lag_parameter;4
# number_predictions;100
# horizon;1
# max_attributes;15
# predict;Sfygm6
# prediction_type;rolling
# method; Part-GFS_te(n_components=1)
"V1"
-0.0766429087979564
-0.0517930994932319
-0.0418732487574724
-0.0777408664041078
0.0471524035101174
0.0862893931703976
0.0366462727176468
0.0194303674846104
0.0165084536422223
0.0279134032895078
0.0345929318078975
0.035107342276071
0.00679486401120836
-0.0191590404503801
-0.035391722582223
-0.0707239761284171
-0.02996378944244
-0.00474175624227512
0.0194886084843755
0.0166038912482854
-0.00705657763499195
-0.00305849552433239
0.0126372833692602
0.0390888358091329
0.0316475067838668
-0.0030189612785749
-0.0351221916862958
-0.0316957718479241
0.000191402074763194
0.00623349889747533
-0.00561684458750612
-0.0164261233374764
0.0134554950136001
0.0196687128888889
-0.00326572344291771
0.00460755481821149
0.0163473299925388
0.0201604512541964
0.00232193759046135
-0.000125634781867831
-0.0215021642295235
-0.0315335893380445
-0.0422605223881511
-0.0439721075788111
-0.0233138363331916
0.00677046529996882
0.0517873003692648
0.0574767691507986
0.0262243796014893
0.00208646056569321
-0.0127016914316303
-0.0298707149705343
-0.018233422947515
0.00593031494080511
-0.0117560444811548
-0.00416419856017571
0.0112569587251617
0.008735308174382
-0.00672304553292955
-0.0320788779968398
-0.0233430669360298
-0.00122015898197919
-0.0221549553824345
0.000757721660120062
0.00186414642545766
0.00822206178387827
-0.0100758953910892
0.0217437675212397
4.52486435997897e-05
0.000965239135836849
-0.0090228707255277
-0.0302031159883421
-0.0115124785991145
0.0290448086509128
-0.00257423886246452
0.0294505937311653
7.24917517708114e-05
-0.0279029763817451
0.022579234183066
0.0487996070389285
0.0484546938584577
0.0117369104292595
0.00226541022189444
-0.023886262213599
0.0053502869846742
0.0347920309498445
-0.00591456836843305
-0.00367984599068874
-0.0118838150251357
0.0519111310476618
-0.0143336874231568
0.03437981043237
-0.00112623654193285
0.0111134888250822
-0.0298500010318123
0.0065331328531796
0.0432937159671852
-0.0403697975079376
0.0284904253739467
0.05065653511101
