# predict_model; Vecm
# name_prefix; us_data_stock_watson_2012;;;;;;;;;;;;;;;;;;;;;;;;;;;;;;;;;;;;;;;;;;;;;;;;;;;;;;;;;;;;;;;;;;;;;;;;;;;;;;;;;;;;;;;;;;;;;;;;;;;;;;;;;;
# description; Stock and Watson 2012: US indicators;;;;;;;;;;;;;;;;;;;;;;;;;;;;;;;;;;;;;;;;;;;;;;;;;;;;;;;;;;;;;;;;;;;;;;;;;;;;;;;;;;;;;;;;;;;;;;;;;;;;;;;;;;
# lag_parameter;4
# number_predictions;100
# horizon;1
# max_attributes;15
# predict;LBMNU
# prediction_type;rolling
# method; Part-GFS_te(n_components=3)
"V1"
0.021846940462151
0.0237843780495668
0.0194097170878945
0.0106300034510061
0.0103938382247478
0.0113466444335649
0.0106161026456113
0.00987199768557571
0.00552567055301666
0.000513934030772059
-0.0015076302110693
0.00567487840401949
0.00889759964622834
0.015066303940351
0.0129758182314017
0.0136067835442803
0.0102742041823984
0.00363085175485078
0.0162925093692141
0.00981797509736039
0.0155634043246731
0.0145874273307353
0.00681836945449682
0.00529406032471848
0.00673725825770972
0.00383950337499471
-0.00558562304825321
-0.0114654999711714
-0.0150230776536093
-0.011930514295504
-0.00291881850887509
-0.00101661737138705
-0.00858539305169428
-0.00343733462260993
0.00329987345814362
-9.93270823127373e-05
0.00986090784735858
0.0111177526930079
0.0130285655339442
0.0145480753827674
0.0164212645496977
0.0107250705884162
0.0161379379749809
0.0207315077039591
0.025000117875748
0.00313610777004659
-0.00438701261671177
0.0176834687391559
0.0104622147665116
-0.00217784554406783
0.002961322918881
0.0198171019458703
0.0113635788226151
0.0213157214021225
0.0203185920354214
0.0135511848875766
0.0140937161643334
0.00340021769992567
0.0114937625366092
-0.00703614626116307
0.0159780602877394
0.0220063728260579
-0.0049824420796129
0.00868761009847654
0.0165519802768233
0.0095572698758653
-0.00202490435239941
-0.00171208196163213
-0.00196638516160284
-0.0152186248188285
-0.0118877648577379
-0.0165665201189878
-0.0251921589488745
-0.0112979528422111
-0.0113717721035488
-0.00553666220626958
-0.00461031204829372
-0.00419717882491059
-0.0104088678162368
0.000262829462572099
0.00430184192536762
0.00403263080306411
0.00133677154987766
0.00370724716402049
0.00959033086932551
0.0127569757818891
0.00823185535575003
0.00862110679408994
0.00819107321961131
0.0121738339209575
0.00444511856513757
0.00264972590854297
0.00882416649839392
0.00225928440805026
0.00109223824344005
-9.56135878621726e-06
-0.00224714792075265
-0.00997014932597829
-0.0104870231824352
-0.0138875930712883
