# predict_model; Vecm
# max_attributes; 15
# description; Stock and Watson 2012: US indicators;;;;;;;;;;;;;;;;;;;;;;;;;;;;;;;;;;;;;;;;;;;;;;;;;;;;;;;;;;;;;;;;;;;;;;;;;;;;;;;;;;;;;;;;;;;;;;;;;;;;;;;;;;
# number_predictions; 100
# predict; GDP275A
# lag_parameter; 4
# horizon; 1
# name_prefix; us_data_stock_watson_2012;;;;;;;;;;;;;;;;;;;;;;;;;;;;;;;;;;;;;;;;;;;;;;;;;;;;;;;;;;;;;;;;;;;;;;;;;;;;;;;;;;;;;;;;;;;;;;;;;;;;;;;;;;
# method; Hits_te_(n_components=9)
# prediction_type; rolling
"V1"
0.000537164295469979
0.00562634151158965
0.00238124430272119
0.00335571791225127
0.000845492977351619
0.00463486644125219
0.00321011189967336
-0.000672113607059537
0.00798309195062948
3.76531690488879e-05
-0.00931106311655167
-0.00265064758303946
0.00702589509454902
0.00988011495062681
0.000971948824104638
0.0120316876258342
0.00657843357375982
-0.00019284987728603
0.00990851342622703
0.00960881558464798
0.00231049844652888
0.00987560207825029
0.0145600122089494
0.00695928590725708
0.00441159157807725
0.0106180517230588
0.0151740654689366
0.0100065996744881
0.0177902466035314
0.00528271946666366
0.00145410057983756
-0.000430194201467802
0.00378147088167794
0.000895346306471888
0.00463937961453481
0.00233322863789233
0.00548471664007569
0.00263353574065809
-0.0013513199883027
-0.000993245115540977
0.00130938605109888
0.00232081339941717
-0.00208871027274075
0.00506272068987644
0.00479546679813931
0.000624183528983924
-0.00082397465014918
0.00359066071866351
0.00133040631099343
0.00416209161792084
0.00890900710100206
0.00294388664312271
0.00517449215729794
0.00589231185324216
0.000267165833222508
-0.0014570129313377
0.00169642286488678
-0.000915828905464966
-0.00606246267183107
0.0022739238022514
0.00213566928520084
0.00844153180448726
0.00399935215376165
0.0118488531560621
0.00991831201813582
0.00930409898677115
0.0122100178286506
0.00615171022988093
0.00599201881664659
0.000269382564106
0.00536856812420705
0.00251665106728925
-0.0116279151113078
0.00178990159108022
0.00851903705288251
0.00458135839065896
0.00473140905842406
0.00990365961766411
-0.000953964157426818
0.00214178028936052
0.00800502754657764
0.00760097911961602
0.016073888947495
0.00879338240122959
0.00720937438405853
0.0110680429990252
0.00445633212464586
0.0128884176564275
0.0259604311479301
-0.000614824112209325
0.00870224167060006
0.0112452324249369
-0.00508494404284602
-0.00827693506996177
0.0171634939432026
0.0132276978378445
0.0153517799089912
0.0185594313531305
0.0223667245942988
0.019734946974211
