# predict_model; Vecm
# max_attributes; 15
# description; Stock and Watson 2012: US indicators;;;;;;;;;;;;;;;;;;;;;;;;;;;;;;;;;;;;;;;;;;;;;;;;;;;;;;;;;;;;;;;;;;;;;;;;;;;;;;;;;;;;;;;;;;;;;;;;;;;;;;;;;;
# number_predictions; 100
# predict; GDP267
# lag_parameter; 4
# horizon; 1
# name_prefix; us_data_stock_watson_2012;;;;;;;;;;;;;;;;;;;;;;;;;;;;;;;;;;;;;;;;;;;;;;;;;;;;;;;;;;;;;;;;;;;;;;;;;;;;;;;;;;;;;;;;;;;;;;;;;;;;;;;;;;
# method; Hits_te_(n_components=5)
# prediction_type; rolling
"V1"
0.00319637446859144
-0.000674688092229531
-0.000967382952522994
0.0067925685323168
0.00486310461947583
0.00802756475584975
0.00808835547329438
0.00667625456943798
0.00906812109267944
0.0155457620153467
0.0132068310479409
0.00928585256710087
0.0123966939758193
0.00577845276097719
-0.00508634481155603
-0.000131709675273508
0.00316213239549427
0.00805464932199596
0.0136200811363164
0.00808917076643907
0.00433856368759482
0.00892513755122394
0.00821309518090162
0.00579045825577348
0.00757322146433227
0.00950391800855084
0.00698326882614212
0.00404181618210071
0.00777962536191677
0.00731730775065834
0.00795753588569264
0.0071529789481584
0.0072072533436792
0.00790049459214073
0.00678968811905088
0.00293261081520995
0.00148938832321072
0.00877637436639487
0.00690662192107254
0.00635006867733323
0.00648991713514941
0.00810005252493212
0.00643874276612075
0.00755064542953655
0.0112106989878286
0.00802400015929894
0.00752369823545614
0.00808482645941297
0.0111207035672822
-0.000629916380690547
0.00525409607169302
0.0123587602990976
0.0131594500976882
0.00990415902582703
0.00768854961785493
0.00619709052532073
0.00785330255463376
0.00791635050620975
0.00890965490267004
0.0143177208588234
0.0148749533574372
0.0139638324191008
0.0119969293742017
0.00993063670199529
0.0131075766262339
0.0132807306990414
0.00682687423346668
0.00378316298628361
0.0104375189600083
0.00836645131698152
0.014278334925463
0.00343592584552232
0.00596960059989038
0.00946321173351605
0.0116749328418711
0.00919895135469628
0.0107344768964363
0.00264269514791787
-0.00170102635091502
0.00379907671070186
0.00465425425193329
-0.000226061205558239
0.000113984610749357
-0.00441315469166068
0.00191168165293978
-0.00187187782803304
-0.00126239863704934
-0.00298195165226006
0.000829352027332881
0.00384678927421284
0.00204094953876356
0.00401211927712226
0.00222446197902304
0.00454868073979311
0.0061901942575783
0.00485931290638194
0.00364151272182886
-0.0010663601223298
-0.0016277818841846
0.00297659576988584
