# predict_model; Vecm
# name_prefix; us_data_stock_watson_2012;;;;;;;;;;;;;;;;;;;;;;;;;;;;;;;;;;;;;;;;;;;;;;;;;;;;;;;;;;;;;;;;;;;;;;;;;;;;;;;;;;;;;;;;;;;;;;;;;;;;;;;;;;
# description; Stock and Watson 2012: US indicators;;;;;;;;;;;;;;;;;;;;;;;;;;;;;;;;;;;;;;;;;;;;;;;;;;;;;;;;;;;;;;;;;;;;;;;;;;;;;;;;;;;;;;;;;;;;;;;;;;;;;;;;;;
# lag_parameter;4
# number_predictions;100
# horizon;1
# max_attributes;15
# predict;CES053
# prediction_type;rolling
# method; FCBF(n_components=14)
"V1"
-0.00191606848586805
0.00438788111906357
0.00847102708778846
0.0109836671046447
0.0145249659682454
0.00500441750053546
0.0341586725108754
0.02668596927148
0.0125511939805805
0.00278372274937617
0.0274622815267067
0.0227113086196865
0.0477849115894924
0.0199042794178204
0.0168810530538736
0.0104296929511556
-0.000841066901980069
-0.0144328371773965
0.00907876035463089
0.0167829567601565
0.0168336163753056
0.00605732338612512
0.00133767492717454
0.00833040937913116
0.000753207370122723
0.0139353631970323
0.00212767926980723
-0.011377863497315
0.00547748297205913
-0.0107559492851351
-0.00878746603411335
-0.00902471465174149
-0.00940042628110143
-0.00505702841045879
0.00317007705337143
0.0160604455877966
-0.00518867757461571
-0.000252266593933107
0.00177579426683524
0.00770771317345557
0.00931989163162369
0.00608719216799171
0.0117242776364017
0.0157232576559081
0.018277375887419
0.0114150471552404
0.00567843878824241
0.0163683632269793
0.00328517005526181
0.00144589115924033
-0.000924205240845576
0.00639405409016239
0.012210180494548
-0.000225334474098919
0.000923126856107431
0.0236584827619716
-0.00160241145428552
0.0126380696522716
0.0192792860347695
0.0100812899150367
0.0146059668755087
0.00873160254877723
8.78900213255007e-05
0.00293046841234097
0.0115952349821238
0.0122314682624657
0.00264185063681527
0.0132890423061717
-0.00348473138183137
0.0166086803387565
-0.0295257604907632
-0.0311697019688977
-0.00664276953356447
-0.00629673404680718
0.00875908765804831
-0.00322724559698645
-0.000168944310217841
-0.00839118737955341
-0.0172253833914642
-0.00163284254819789
0.0134164818061731
-0.0021335307194477
0.00289280401404487
0.00961043680761346
0.0044537766161629
-0.0025548795687691
0.00829225233352124
0.0132513642370135
0.00175467046927371
0.0135614574900866
-0.0128124893533147
-0.00885407385446535
-0.00355079958664947
0.0037489590238593
-0.00328118917310258
0.0069758894187466
-0.00791760733265065
-0.00449319597795585
-0.00453840719185489
-0.0195805834086403
