# predict_model; Vecm
# max_attributes; 15
# description; Stock and Watson 2012: US indicators;;;;;;;;;;;;;;;;;;;;;;;;;;;;;;;;;;;;;;;;;;;;;;;;;;;;;;;;;;;;;;;;;;;;;;;;;;;;;;;;;;;;;;;;;;;;;;;;;;;;;;;;;;
# number_predictions; 100
# predict; FSDXP
# lag_parameter; 4
# horizon; 1
# name_prefix; us_data_stock_watson_2012;;;;;;;;;;;;;;;;;;;;;;;;;;;;;;;;;;;;;;;;;;;;;;;;;;;;;;;;;;;;;;;;;;;;;;;;;;;;;;;;;;;;;;;;;;;;;;;;;;;;;;;;;;
# method; Hits_te_(n_components=11)
# prediction_type; rolling
"V1"
0.0298857189150338
0.0288993115709886
0.04380573396945
0.023998866659789
-0.0141608097894644
-0.0509386484318768
0.0173361847400943
0.00523145294139923
-0.0286434082305507
-0.0509263814263727
-0.0919614951554482
-0.046571275098408
-0.0111168619983647
-0.0257075378149655
-0.135937722882933
-0.044306674367773
0.138865580310654
0.0551364084099359
0.0128359230466196
-0.030010822097912
0.0566864340346024
-0.027948457077832
-0.034410808133142
-0.0408951877567521
-0.0225767849315912
0.0373055155731115
-0.00134306985757585
0.0194018709417852
0.0411113760325632
-0.0551162011784689
-0.0829915619078015
0.00878721744011246
-0.0261371452062622
-0.0300654418373744
0.0262157150580887
-0.0184369162710834
-0.00791851484752795
0.00896638244303495
-0.00252277547919176
-0.0268366484731595
-0.0117904630454253
0.0205213594982486
0.0211267866914844
0.0157694867136197
-0.00414611460515473
0.0113671467170905
-0.0596044522742812
-0.0624135434364442
-0.00480326428227587
-0.0230603021770953
-0.00245767733727721
0.00128479087187702
-0.0226508753376738
-0.0142371178070724
-0.0444462994337771
-0.0029637899999744
-0.0163111905229157
-0.0321737939098241
-0.0634528049911302
0.026322161642615
0.0452385475963736
-0.0352334926876888
0.0483450419079908
-0.059770155610875
0.00997845112549902
-0.0235771011702878
0.00869544916595069
-0.00609650112895131
-0.020916337208254
-0.0034951181021139
0.0192718082305058
0.0345834552994079
0.00368024576250498
0.00930727131358391
0.0394394704173578
0.047605666626192
0.0182747917776938
0.010533424285288
0.0041387024880287
-0.0562697470965192
0.0447526568327748
-0.00334739844592168
-0.0111452890305586
0.0456951801688447
-0.0132171851614167
-0.0197708864284686
0.00270713308820629
0.0428765030439231
-0.0424413937333616
0.0247717635166244
0.0327689598154143
-0.00502602303160389
-0.0277838567729209
0.0156835902587546
0.00514773555782511
-0.0157193619166851
-0.00141072027036298
0.0340329863762851
0.0470078566278064
0.00161967748363781
