# predict_model; Vecm
# name_prefix; us_data_stock_watson_2012;;;;;;;;;;;;;;;;;;;;;;;;;;;;;;;;;;;;;;;;;;;;;;;;;;;;;;;;;;;;;;;;;;;;;;;;;;;;;;;;;;;;;;;;;;;;;;;;;;;;;;;;;;
# description; Stock and Watson 2012: US indicators;;;;;;;;;;;;;;;;;;;;;;;;;;;;;;;;;;;;;;;;;;;;;;;;;;;;;;;;;;;;;;;;;;;;;;;;;;;;;;;;;;;;;;;;;;;;;;;;;;;;;;;;;;
# lag_parameter;4
# number_predictions;100
# horizon;1
# max_attributes;15
# predict;MZMSL
# prediction_type;rolling
# method; FCBF(n_components=2)
"V1"
0.00388555575073637
0.00324671114067781
0.00443426543892412
-0.00104232827743757
0.00528883271553756
0.00448939763423178
0.00456990433492951
0.00768843790113577
0.00765722295920447
0.00149698433744278
0.00870367441994159
0.0069352056393515
0.00962924153794411
0.00727179879677893
0.00395792894482181
0.002308667916085
0.00119799322987298
0.00167655118351163
0.00229148503239985
8.57070069812586e-05
0.000738785132431845
-0.00188171246683099
-0.00173362367555133
0.00348339071435062
0.00268287857456598
0.00539562802568924
0.00368769909752993
0.00493075344158164
0.00283527995310366
0.00607188211562547
0.00642707642557001
0.00586616274825709
0.00876997093646003
0.0117010529625569
0.0077110649789748
0.0101680071346871
0.00730217989481856
0.00244823373422735
0.00530521538437267
0.00169177202789393
0.00452045804202725
0.00222913007528301
0.002306029281286
-0.00101888802309581
-0.00140809530184138
-0.00332934141814348
-0.000797754535382865
0.00487579669482334
0.00256438171446541
0.00698665548304973
0.00669849555023402
0.0065035825237872
0.00595288379281469
0.00633552485811092
0.00548567017545609
0.00826615984608715
0.00904063386475349
0.0109101268545379
0.0123537167274196
0.0126470647243099
0.0189193189906802
0.0135149554776459
0.0127760478841205
0.0103854437929285
0.00993776161893358
0.00976533468546491
0.0103190397524162
0.00903289444357442
0.0121648666812346
0.022679359592635
0.0275101180483436
0.0210411673736426
0.0328013339404599
0.0198132344371265
0.0132607789302855
0.0130014288005679
0.0173744806197404
0.013171077968218
0.010423394252801
0.0200052842305106
-0.00205450421456738
0.00749668862863751
0.00930660171087662
0.0041672353630379
0.00907017170935533
-0.000179463219235963
0.00120680292824893
0.00586182122108257
0.00739372982605284
0.0108121347290162
0.00455236914268901
0.0110503876624934
0.016721603453583
0.0159651308293353
0.0182656204517169
0.0232692731913179
0.0360028626224222
0.0399146225433262
0.0352130031501495
0.0148467106370213
