# predict_model; Vecm
# name_prefix; us_data_stock_watson_2012;;;;;;;;;;;;;;;;;;;;;;;;;;;;;;;;;;;;;;;;;;;;;;;;;;;;;;;;;;;;;;;;;;;;;;;;;;;;;;;;;;;;;;;;;;;;;;;;;;;;;;;;;;
# description; Stock and Watson 2012: US indicators;;;;;;;;;;;;;;;;;;;;;;;;;;;;;;;;;;;;;;;;;;;;;;;;;;;;;;;;;;;;;;;;;;;;;;;;;;;;;;;;;;;;;;;;;;;;;;;;;;;;;;;;;;
# lag_parameter;4
# number_predictions;100
# horizon;1
# max_attributes;15
# predict;FYAAAC
# prediction_type;rolling
# method; FCBF(n_components=2)
"V1"
-0.00947989626048954
0.00945045836984445
0.0610195390114452
-0.0280731480933647
0.0261033089135765
-0.00672816969569356
-0.0514083727782113
-0.0822868754621954
0.0107947907384373
-0.118963418901068
-0.0987047130880804
-0.0863134630870928
-0.0449341591625556
-0.0400709911243289
-0.0120095739905217
0.0165723393622978
0.0259655991173782
-0.0425347978369221
0.0233371026924039
-0.041195743401871
-0.0100988159097278
-0.00198101946647457
-0.037198047034582
0.0156129618557217
-0.0360751213059208
0.00410601168286583
-0.0166378840171436
-0.00473380337835895
-0.0414485811000453
-0.0271710208908034
-0.0361666679334193
-0.0558419028859002
-0.0329829607422959
-0.0162739430376656
-0.0243634155394639
-0.0173562939778183
0.00135186837656759
-0.0434645440968432
-0.00596700979932588
-0.0263922494062751
0.00292931311591586
-0.0223646361116988
0.0362607615982022
0.00201861339515622
0.00787146278316163
0.00316231115859368
-0.0121229308229195
-0.0146105770013349
-0.0428681977712157
-0.0101342058683702
-0.0118419381104642
-0.00751839522570625
-0.00271383274518651
-0.00532726191076706
-0.0267633672498781
-0.0137487540324093
-0.00929161813274498
-0.0181286477288896
0.0156912974004891
-0.0278803506607342
-0.0205821155243155
-0.028714411882855
0.00349668338922605
-0.00358904003858655
0.00800463276106805
0.0306465362265733
0.0426530027970374
0.0308622795550589
0.0110788361782172
-0.0218930196299448
-0.0075066909227278
-0.00303584344561447
-0.0383132260153703
-0.0318127396906484
-0.0142693987900272
-0.0219628381651934
0.00271349447293961
-0.00926889293931623
-0.00364689911153806
0.00777772850675783
0.0146385876495452
0.0296597680601815
0.0353644295750955
-0.000127973254448624
0.012042102145351
0.0165179688216816
0.00141421106612668
-0.00778260397528533
0.0156695081081153
0.0180496329121483
0.0283181567982362
0.0138992863997469
-0.000805025870958212
0.00983506052805284
0.0125901639533154
0.013150892937637
-0.000137684229374877
0.0190160764862599
0.0104960873632015
0.00173098374228333
