# predict_model; Vecm
# name_prefix; us_data_stock_watson_2012;;;;;;;;;;;;;;;;;;;;;;;;;;;;;;;;;;;;;;;;;;;;;;;;;;;;;;;;;;;;;;;;;;;;;;;;;;;;;;;;;;;;;;;;;;;;;;;;;;;;;;;;;;
# description; Stock and Watson 2012: US indicators;;;;;;;;;;;;;;;;;;;;;;;;;;;;;;;;;;;;;;;;;;;;;;;;;;;;;;;;;;;;;;;;;;;;;;;;;;;;;;;;;;;;;;;;;;;;;;;;;;;;;;;;;;
# lag_parameter;4
# number_predictions;100
# horizon;1
# max_attributes;15
# predict;CES155
# prediction_type;rolling
# method; Part-GFS_granger_graph(n_components=3)
"V1"
0.0569673906837065
0.117799165479118
0.00722445288245758
-0.0433396975254545
0.00522287598085409
0.0226670588704603
-0.0443354727411253
0.0123720797233287
-0.0019684318479987
0.0308538239386103
0.0119096413517478
-0.0198155006843089
-0.0106638003072834
0.0643607486479168
-0.0256936544279387
0.00874999280012317
0.0350764631862761
0.0124491760116256
0.0434488955324932
0.0128073442104273
0.0443961994852783
-0.0165765988205404
-0.00627362729030749
-0.000722509067420269
-0.0163291215224877
0.0321194543806775
-0.0339973981540649
0.00202681458069805
-0.0226529519035156
-0.0265019265505399
0.0375811370186801
0.0458510091145787
0.0263033114099233
0.0397513849758337
0.0124777642212437
0.0193738811521446
0.014912916459933
0.00763813850330949
0.0459151098702013
0.0633024475074468
0.0535051479088975
-0.0118453615726682
0.0372151539963706
0.0318437586606272
0.00455695699660044
-0.0222587001842905
-0.0299452244675452
0.00457117878846253
-0.0055638528881484
-0.0429091181136078
0.00294107816641755
0.0480634853165269
0.0248251915219495
0.0189051447314903
0.0203575719196264
0.015825628880497
0.0229188729089936
0.0698004034422032
-0.0711568679196657
-0.0636728380394042
-0.0078809507239503
-0.0315802181982772
-0.0311434366895582
0.0149001228902215
0.0377324766130539
-0.0020698557641765
-0.0442099360803585
-0.0379581568963288
-0.0306516607326347
-0.0416175577571148
-0.0663681284462061
-0.0567181336542044
-0.0200615104076221
-0.00110060133955282
0.0116647038036172
0.0499436020566908
0.0409619607044936
-0.031885038908069
-0.0149876026500737
0.0117375672642918
0.0391000542384424
0.0342666515742104
0.053726482091014
0.000842050534542033
-0.0035601560549843
0.00346057825450628
-0.0198476426546534
0.0131714082436432
-0.00624312755376759
0.0160575733764244
-0.0386469481775904
-0.0419391276398199
-0.0193032131802509
-0.00198326545607467
-0.0277322646618956
-0.0242196561680342
-0.023566414720923
-0.0299029193320006
-0.00695811403029703
-0.0678596193124076
