# predict_model; Vecm
# name_prefix; us_data_stock_watson_2012;;;;;;;;;;;;;;;;;;;;;;;;;;;;;;;;;;;;;;;;;;;;;;;;;;;;;;;;;;;;;;;;;;;;;;;;;;;;;;;;;;;;;;;;;;;;;;;;;;;;;;;;;;
# description; Stock and Watson 2012: US indicators;;;;;;;;;;;;;;;;;;;;;;;;;;;;;;;;;;;;;;;;;;;;;;;;;;;;;;;;;;;;;;;;;;;;;;;;;;;;;;;;;;;;;;;;;;;;;;;;;;;;;;;;;;
# lag_parameter;4
# number_predictions;100
# horizon;1
# max_attributes;15
# predict;FSPXE
# prediction_type;rolling
# method; FCBF(n_components=3)
"V1"
-0.0260352782763395
-0.0425689555471225
-0.0463192356119531
-0.0122854560677411
0.00208990270743255
0.0340585455028125
0.0348528081649409
0.060763609670261
0.0419823464800853
0.0406374630504641
0.0560765026937209
0.0355724116189476
0.0389139140557181
0.0530978234503738
0.02080971939279
0.00690156065627028
0.00467612884171488
-0.0163369894081558
0.0307288296314956
-0.0477963288369898
-0.0373550557345563
-0.0238259900454939
-0.0218962624954624
-0.00703470329132448
0.0196953296237333
-0.0111536901748696
0.0329895445726705
-0.000442041420042349
-0.0424137669501603
0.0434575687955826
0.0216131380723127
0.0384770568293016
0.0344726099374639
0.0372410585923935
0.0157703120860659
-0.00225368626766602
0.011363709823341
-0.013910446832215
-0.00735164194261263
-0.00240555887599827
-0.00227575337364045
-0.00714446751914814
-0.0477134211348965
-0.028430178442161
-0.0463806720557467
-0.0409524360540932
0.0206993286964412
0.00274187694045759
0.0238586665241237
0.0214644839952931
0.00661261179170171
-0.0260586122308168
-0.00522684677724115
0.00642156108281665
-0.0143542616271136
0.0314395210518429
0.00673907396424308
0.0121140034030308
0.0566157658796759
0.0223976510256397
0.0490119498437887
0.053892030347265
0.0410835527096648
0.0129823862600713
0.0086791314543436
-0.0218776856329757
-0.0341676266273414
-0.0428088658498236
-0.0627681589138802
-0.0243111794653542
0.0269639066117306
0.0328279238770611
0.119705222730365
0.00620686115238218
0.00957678477019111
0.433941147435183
0.0266665370635783
0.016672485961025
-0.118078567027689
-0.0980677317247588
0.00309869991167068
-0.0874524315732924
-0.0585434837225085
-0.121449827534236
-0.159300698672618
-0.061559654478955
-0.0740241065529382
-0.0639396933032067
-0.0128375367659967
-0.0451148653896515
-0.0113835877886649
0.0352505253582019
0.0614149403106292
-0.0151880086388438
0.0456610020060495
-0.130639732561629
-0.103255708011822
0.0439115079992058
-0.0129402447387841
0.0208201720598354
