# predict_model; Vecm
# max_attributes; 15
# description; Stock and Watson 2012: US indicators;;;;;;;;;;;;;;;;;;;;;;;;;;;;;;;;;;;;;;;;;;;;;;;;;;;;;;;;;;;;;;;;;;;;;;;;;;;;;;;;;;;;;;;;;;;;;;;;;;;;;;;;;;
# number_predictions; 100
# predict; GDP260
# lag_parameter; 4
# horizon; 1
# name_prefix; us_data_stock_watson_2012;;;;;;;;;;;;;;;;;;;;;;;;;;;;;;;;;;;;;;;;;;;;;;;;;;;;;;;;;;;;;;;;;;;;;;;;;;;;;;;;;;;;;;;;;;;;;;;;;;;;;;;;;;
# method; Hits_te_(n_components=14)
# prediction_type; rolling
"V1"
0.0136895543214536
0.0191392770003827
0.00232181666614944
0.0105303110131011
0.0113466336494931
0.00384299489629648
0.000760626238046858
0.00353352104237681
-0.0028892897016966
0.00607114651185871
-0.00588247119852861
0.00311831378787766
0.00235695415938715
0.000420253030620177
-0.00557525405235426
0.00891542774114481
0.00325958239264147
-0.00684332695744577
0.0115415659765888
0.00640380456368709
0.00275471358448806
0.00611722939063234
0.00687977232201431
0.00745971364356246
0.00574080356211698
-0.00051160245786021
-0.000390337427300964
-0.0073197555130448
-0.00174514910854052
-0.00559410982220395
0.00462844791874529
0.000928667551771332
-0.000515675072057098
-0.00185976591369652
0.00886861052593299
0.0130764000965049
0.0130013610864555
0.00896640676286781
0.00949355671707611
0.0148160271834291
0.0107577977958861
0.0139539845922821
0.00949777364363641
0.00814632717272944
0.0218308896897666
0.0191217263876527
0.0130198718708485
0.00971183361390058
0.0131769726399709
0.0143293493249526
0.0118200683124882
0.0138391990273679
0.0136259163513331
0.020239298323205
0.0198420499571639
0.0294944617566784
0.0336306973699107
0.0157332981721486
0.0221251493250325
0.0150063132848676
0.0149664312705434
0.0166750809246387
0.0291740549037391
0.03212983508297
0.0171443744875773
0.0124233631924352
0.0278712323191848
0.0189984554879943
0.00648724665469931
-0.00291045921591784
-0.0158043635268104
-0.0497143213575028
-0.0283102301128738
-0.00304264088920659
-0.0199442468246916
-0.00828744408888274
-0.00971150207429966
0.000306832820652057
0.0073845144501176
0.0285208123053485
0.0246848269749235
0.00266698395524991
0.00318852641762712
0.0119365579871573
0.0314456647181222
0.0170181266358696
0.0139477516014283
0.0238697645033902
0.01705783384433
0.0295898798880813
0.0165356146873774
0.00250353580543592
-0.00557796343500294
-0.00263545728591571
0.00484044221958261
0.0150843204824172
0.00555232365289977
0.00582809784207487
-0.0195049955640994
-0.00747312778602852
