# predict_model; Vecm
# max_attributes; 15
# description; Stock and Watson 2012: US indicators;;;;;;;;;;;;;;;;;;;;;;;;;;;;;;;;;;;;;;;;;;;;;;;;;;;;;;;;;;;;;;;;;;;;;;;;;;;;;;;;;;;;;;;;;;;;;;;;;;;;;;;;;;
# number_predictions; 100
# predict; Sfygt10
# lag_parameter; 4
# horizon; 1
# name_prefix; us_data_stock_watson_2012;;;;;;;;;;;;;;;;;;;;;;;;;;;;;;;;;;;;;;;;;;;;;;;;;;;;;;;;;;;;;;;;;;;;;;;;;;;;;;;;;;;;;;;;;;;;;;;;;;;;;;;;;;
# method; Hits_granger__graph(n_components=9)
# prediction_type; rolling
"V1"
-0.106955900236079
-0.0943516933998505
-0.0121996863669477
0.135676334476352
0.0222196588121194
0.0251242421098876
-0.00093182211854332
0.0209226791799202
0.105001156121171
-0.229394148733789
-0.0344537462285445
-0.0804204720672036
-0.180988145119554
0.0204108210493847
0.0912862296423095
-0.00979587925297083
0.292781890396687
0.00177969955115167
0.21423583833785
-0.17616302545358
-0.0312450175185938
-0.0973835967553724
-0.160550476766181
-0.197687220881124
-0.0100812228770032
-0.0293712488935613
0.0741030297621231
0.281340439578546
-0.00648348109039698
0.245074391188823
-0.281232803110108
0.208120526688746
0.0708572783970357
-0.00943365238493776
-0.0401743119644306
0.0051838043184096
0.0886591920796994
-0.0477763859187404
-0.00920412675402093
-0.118270473355177
-0.0311585704135888
-0.073880330945102
0.0825249194147683
0.092708928882822
-0.0122232349108984
0.0573709541948294
-0.0228385895219962
-0.180678935413042
-0.167025250777429
0.0255314217073213
-0.0553860294385306
0.0884679745517273
-0.00997851611965089
-0.0700778805159428
0.15283530260362
-0.146022549486377
0.0439911286052286
0.06930830176222
-0.020889774180518
-0.0463451027515509
-0.173334474859644
-0.071898773568742
0.146452286020811
-0.0131264186062485
-0.0699556294849576
0.0533639118821195
-0.190651258248597
0.0015210994109499
-0.071275827323087
0.184698188597159
0.21912939807924
0.216865289460399
0.279371301565805
-0.137462161798183
-0.0114141032688743
0.0268656686639835
-0.022355939652879
-0.119497117355622
0.040735816612474
0.134040209368728
-0.0991738330558146
0.0763416978537674
0.119870362406589
-0.145261617619027
-0.0895682305064925
-0.131275891483634
-0.169145090842442
-0.0522977101017732
-0.0777075999579039
-0.28737199142833
-0.106399798526574
-0.184645572897267
0.0513462673422596
-0.0326717317477705
-0.0117862420830441
0.0462112862284585
0.0525075393699298
0.237007164344541
0.227408852430267
0.181354033597179
