# predict_model; Vecm
# name_prefix; us_data_stock_watson_2012;;;;;;;;;;;;;;;;;;;;;;;;;;;;;;;;;;;;;;;;;;;;;;;;;;;;;;;;;;;;;;;;;;;;;;;;;;;;;;;;;;;;;;;;;;;;;;;;;;;;;;;;;;
# description; Stock and Watson 2012: US indicators;;;;;;;;;;;;;;;;;;;;;;;;;;;;;;;;;;;;;;;;;;;;;;;;;;;;;;;;;;;;;;;;;;;;;;;;;;;;;;;;;;;;;;;;;;;;;;;;;;;;;;;;;;
# lag_parameter;4
# number_predictions;100
# horizon;1
# max_attributes;15
# predict;PMDEL
# prediction_type;rolling
# method; FCBF(n_components=6)
"V1"
0.0992635318012472
-0.0765891861570905
-0.100512644649686
-0.0596434645256669
-0.0374102099430214
0.0618837329427374
-0.00478807962569124
-0.0084509377410224
0.00675295341369003
0.0902868703487492
0.175998643155451
0.083345523781608
0.00201166585146222
-0.0631883740878449
0.108255317287157
0.0669254763329891
-0.289065583687108
-0.144806300312514
0.017753455861883
0.0721108406191056
-0.0486215233893731
0.0386165279531234
-0.0149296850767531
-0.0309576775445677
0.0468352573934404
-0.0194372389754209
0.0282409202874721
-0.0158385964051843
-0.058137912628702
-0.0879190070418609
0.0975586037394416
0.139718917194624
-0.0519015778507266
0.0478767932012503
0.00430791048982495
-0.0538308165097786
-0.00151011444030499
0.00510438731231877
-0.0379550215599741
0.056274481575169
-0.049098940366035
0.0573106670063663
-0.0574300920492401
-0.0381402808155341
0.0205298365698427
-0.0750060475712141
0.0632720793258957
-0.0398040685264062
0.0310429165976391
0.134013953291862
-0.00718096679718605
-0.0376785245578584
0.0479441383130215
-0.0302016318120545
-0.00753252971180425
0.0860237083490896
-0.107411342213171
0.00310320364141591
0.0170221776059413
-0.0437107136462394
0.00321222022810343
-0.029534572133582
0.0394700534540285
-0.0104291908604881
0.0157518018092278
-0.0866778281228896
-0.0144427096241703
-0.0611670048586544
-0.00828934227596953
0.00989387041049722
0.00949497086142493
0.00133158962916246
0.0450197113327212
0.0554453249809441
0.00341773684412081
-0.0611730119670222
0.000874816824702869
-0.0192131235421827
0.0452101609508059
0.0509195806521444
0.0144769492269299
0.0682158164469238
-0.0502346877457183
-0.0283495754991188
-0.0315971238967562
-0.0302400004723586
-0.0266326756009216
0.0327301888927602
0.0280899425244995
-0.000487107536519488
-0.0236294583214513
-0.0357254707815646
0.0230434228139506
-0.0467499981385008
0.0308829115420381
-0.0325996105517434
-0.00159512985202794
-0.0780446204249468
0.0672779642555736
-0.0506838516915988
