# predict_model; Vecm
# name_prefix; us_data_stock_watson_2012;;;;;;;;;;;;;;;;;;;;;;;;;;;;;;;;;;;;;;;;;;;;;;;;;;;;;;;;;;;;;;;;;;;;;;;;;;;;;;;;;;;;;;;;;;;;;;;;;;;;;;;;;;
# description; Stock and Watson 2012: US indicators;;;;;;;;;;;;;;;;;;;;;;;;;;;;;;;;;;;;;;;;;;;;;;;;;;;;;;;;;;;;;;;;;;;;;;;;;;;;;;;;;;;;;;;;;;;;;;;;;;;;;;;;;;
# lag_parameter;4
# number_predictions;100
# horizon;1
# max_attributes;15
# predict;sFYAAAC
# prediction_type;rolling
# method; Part-GFS_te(n_components=8)
"V1"
-0.0277839290074797
-0.0746715052377773
-0.149770184601146
-0.051932667635014
0.139281418283821
0.0806987950983914
0.0335077694429095
-0.017901420015835
-0.0133308583040997
0.121015700966085
0.0986830150459255
0.125279040561073
-0.0186163766245097
-0.0990396134074404
-0.104097420017261
-0.0630001751787275
0.124105959360466
0.00188883815367048
-0.058850433575932
0.00712247219400386
-0.13053285844811
-0.0803798637945335
0.0703227054243718
0.0117679093852731
0.0132750507189666
-0.0272696111785036
-0.0379506521908503
-0.012116546975269
0.0279972745565742
-0.00411368244535993
0.0152444298339542
-0.000771135971626577
0.133510642242529
-0.0343915393303776
-0.0237337555030535
0.108889795479012
0.0114772887230023
0.0300863390880567
0.0444974820131187
-0.0689929992826547
-0.0563960798365441
-0.0411326689947814
-0.0476231400343463
-0.0197068753331836
-0.0012047168211263
0.0313860435567179
0.0632328599888357
0.0559151415390252
0.00422890150648841
-0.0180205350774874
-0.0859942857566505
-0.0368097125897583
0.00605604471690668
0.0469210970981504
-0.00464387037877423
-0.0304544313653492
0.0325939069648326
0.022567913131046
0.0128886014771986
0.0178448512805858
0.076098916742304
-0.0556252005282384
0.00046581558200243
-0.0015375008267409
0.00939219431206824
-0.0349371270326918
0.15554196622656
-0.0386181318218926
0.129698939356056
0.0623345664496547
-0.0393331877611453
0.0837000733712064
0.0850081726793412
-0.156460914449146
-0.0282629225469652
0.0926922858751525
0.0376232671634097
-0.0560189193438445
-0.054943165943593
0.121305326188866
-0.0948152509762612
-0.0603068898251623
-0.0201609546056838
-0.0316151677771462
0.0138134006603052
-0.0454222701879588
-0.0276315657703028
-0.190223276976298
0.069923841700888
-0.100556417321687
-0.0293341835914002
0.0550662971402339
-0.0644428240587259
0.0482370717956675
-0.00252207035299083
0.063703244753196
0.0592421257809786
0.247068305160515
-0.0474525658360001
0.0308539481969598
