# predict_model; Vecm
# name_prefix; us_data_stock_watson_2012;;;;;;;;;;;;;;;;;;;;;;;;;;;;;;;;;;;;;;;;;;;;;;;;;;;;;;;;;;;;;;;;;;;;;;;;;;;;;;;;;;;;;;;;;;;;;;;;;;;;;;;;;;
# description; Stock and Watson 2012: US indicators;;;;;;;;;;;;;;;;;;;;;;;;;;;;;;;;;;;;;;;;;;;;;;;;;;;;;;;;;;;;;;;;;;;;;;;;;;;;;;;;;;;;;;;;;;;;;;;;;;;;;;;;;;
# lag_parameter;4
# number_predictions;100
# horizon;1
# max_attributes;15
# predict;GDP258
# prediction_type;rolling
# method; Part-GFS_granger_graph(n_components=10)
"V1"
0.0149188716306423
0.0234102830239819
0.0122181591723983
0.0119254529802363
0.0128684115369922
0.0103798862790463
0.00631906465268894
0.00472256052428106
-0.0012210397835212
-0.00118293572540333
-0.00713851739456832
-0.00109475328429098
-0.00445518972003861
-0.00896954294522377
-0.00489177463002832
0.0149835468963009
-0.000824326903148018
-0.00178287998568692
0.00469597171869989
0.00449189244146527
0.0041545506472822
0.00605296829908653
0.00359202104286383
0.000468495554402326
0.00590370757647444
0.00237420836104218
-0.00134499675845879
0.0032759207530031
-0.00950054132564205
-0.0125421570254298
-0.00575036959929261
-0.00306077102357934
0.00596683401255632
-0.00283770033492956
0.00442221080312893
0.00657113200912628
0.00931508187124982
0.0122680856178034
0.00645451397852391
0.0119684373505553
0.00817046464884124
0.0215975671819317
0.0049828431835271
0.00484962784476961
0.0130472034408575
0.0138063038664724
0.0125654891356466
0.00518574071188546
0.00344227907355492
0.011546566406439
0.00962896715842993
0.0276203120316395
0.025284037701908
0.0124790103037
0.0135308775982257
0.0309668609763084
0.0242196119542686
0.0165333815053661
0.0179585445558214
0.0177116498222077
0.0138518966115313
0.0272709550822652
0.0154448757614117
0.0240287391836827
0.0200286025643025
0.019768614173383
0.0142265173321046
0.0227149339514217
0.00434509966879507
-0.00176601835448798
-0.0492588037285509
-0.0285417919467768
-0.0140005194259617
-0.027413221011799
-0.0109516175179917
-0.0140839732905919
-0.00504746141410467
-0.00542585184122405
-0.00802136651293262
0.0107336504420137
0.0344298464933134
0.0169959787548054
0.00630922260233783
0.00776153177705845
0.0199006694953634
0.0297795232227646
0.0144433108113323
0.00784936383628837
0.0189591158333492
0.0251462963724625
0.0214499369546198
0.0129745465930416
0.00534480855967642
-8.85110275832871e-05
0.0127187849347838
0.0209988748392208
0.0143437555196314
0.0221075766034277
-0.00730453167505782
0.0125751654863025
