# predict_model; Vecm
# max_attributes; 15
# description; Stock and Watson 2012: US indicators;;;;;;;;;;;;;;;;;;;;;;;;;;;;;;;;;;;;;;;;;;;;;;;;;;;;;;;;;;;;;;;;;;;;;;;;;;;;;;;;;;;;;;;;;;;;;;;;;;;;;;;;;;
# number_predictions; 100
# predict; LHU680
# lag_parameter; 4
# horizon; 1
# name_prefix; us_data_stock_watson_2012;;;;;;;;;;;;;;;;;;;;;;;;;;;;;;;;;;;;;;;;;;;;;;;;;;;;;;;;;;;;;;;;;;;;;;;;;;;;;;;;;;;;;;;;;;;;;;;;;;;;;;;;;;
# method; Hits_granger__graph(n_components=14)
# prediction_type; rolling
"V1"
-0.208957258810337
0.0150180969363492
0.0462459048190056
-0.0659802928071181
-0.0149907367348847
-0.0918778565967516
-0.0307024256827326
0.0239396329219701
-0.0589452888355593
-0.00726569358108732
0.110518156314343
0.0115913157309745
-0.126215773773451
-0.0130625580933052
-0.0119952947496469
-0.0622700326367304
-0.0399526478815784
-0.0635832186114397
0.0309429399106306
-0.000131773598045903
0.0334777438322481
-0.0790440551605636
-0.0834356030585901
0.0481050522040093
-0.0256898001379978
0.000673165663941814
0.0636495814357628
-0.0146631862844154
0.0828728614428385
0.118483767229677
0.0238481253177475
0.142094453711136
-0.00998125206968968
0.0183874028616084
0.0335643061403126
0.0736387626257455
0.0792241321026704
-0.0102301540333153
-0.0293217492011825
-0.0548355169225874
0.0243769790661673
0.0508155834030714
0.0221185602498215
-0.0270146954707024
0.00182916436505969
-0.0821588156447676
-0.025496976116194
-0.0191555486912946
-0.00975745804741952
0.025829663827158
-0.0207670526815183
-0.0193560824947335
-0.00158531081809601
-0.0368526929375325
0.047105271760493
0.025352496727971
-0.0983808188844316
0.0171024743775499
-0.0146258568275811
-0.0611169162871316
0.0110429124530136
0.028454935688326
-0.0805708622543539
-0.104902505622913
-0.0666648208494273
0.0325180171941216
0.0681672534198524
-0.0678081098253109
-0.103884632583736
-0.107053916211415
0.000173673115104092
0.15372012483507
0.154082441091272
0.1439603093106
0.119065005735055
0.0792495579206196
0.0854140555446524
-0.104573319729297
0.0626511563977802
0.152156233768297
-0.136329540995731
-0.0101609099607779
-0.050496987792092
-0.00983215865083716
-0.0637544247943094
-0.102493616776443
0.0307820573681967
-0.0675975316296301
-0.193614716283968
-0.0291627734645079
0.0359266037462966
-0.0900086552380693
-0.186234366402263
0.0431965034108197
0.159156364351358
-0.0387989588934107
-0.115170834397829
-0.00255424013928273
0.119856651487075
0.00959563578048973
