# predict_model; Vecm
# max_attributes; 15
# description; Stock and Watson 2012: US indicators;;;;;;;;;;;;;;;;;;;;;;;;;;;;;;;;;;;;;;;;;;;;;;;;;;;;;;;;;;;;;;;;;;;;;;;;;;;;;;;;;;;;;;;;;;;;;;;;;;;;;;;;;;
# number_predictions; 100
# predict; GDP285A
# lag_parameter; 4
# horizon; 1
# name_prefix; us_data_stock_watson_2012;;;;;;;;;;;;;;;;;;;;;;;;;;;;;;;;;;;;;;;;;;;;;;;;;;;;;;;;;;;;;;;;;;;;;;;;;;;;;;;;;;;;;;;;;;;;;;;;;;;;;;;;;;
# method; Hits_granger__graph(n_components=9)
# prediction_type; rolling
"V1"
0.0243430381319164
-0.0141472852942993
0.0121478381572297
-0.0322350962602346
-0.00588746387564495
-0.0222748437853502
0.0101194681647247
-0.00500122375825594
0.00797022351501279
0.029251117334133
-0.0346509598884935
0.00888587636018512
-0.0318093621409617
0.00515088050237638
0.0130404536475743
0.0200617068054349
0.0161015550270603
0.0168244942225093
0.0231277689572845
0.0169162245573962
-0.00233886077961453
0.0207737516133592
-0.0106231484189042
-0.0172293177437291
0.0234837846986687
-0.0197063535066997
0.0039994596585529
0.0315382557332394
0.0116621464535566
-0.0167649750289538
-0.0124867020338076
-0.00232601554553975
0.0158159914393943
-0.0415303418079884
0.0379281685857202
0.000325556352249647
-0.0154235818096709
-0.0203175649676434
0.0183284155231235
-0.0200029015059072
-0.0129051540433009
0.0134797103012401
-0.000438999208239566
0.00151940036017098
0.0206130683449271
0.0379343081354144
-0.00911805741749961
-0.0207004888921701
0.000516134132237162
0.00331534554078599
0.0080374023039958
0.00534727769609238
0.00746535365237139
-0.010916925362035
0.0149783791621335
-0.0099503543196518
-0.0200176572864374
-0.0321747864164433
-0.00706516248136311
-0.0161464770247329
0.00633124899325851
-0.000527436860148474
0.00195938042076699
0.011796500789654
0.0172600253538095
-0.00320553651694427
-0.00149243913847137
0.0270136657339581
-0.0163189312863015
0.00357921256402166
-0.0124904343302302
-0.00665891706830205
-0.0299482725491796
-0.0050981813524074
0.0327178774466073
0.010999340771125
-0.000477044546649477
-0.00518002027261889
-0.0280937354950699
0.0232433140972277
0.0136867141289882
0.013307943308815
-0.00367572202137897
0.0117934666490502
0.0288638094187724
-0.0175735300487563
0.0266040822641418
0.00387026547240343
0.00274904937555505
0.0441207491234149
0.0114046950111971
0.00314414233854063
0.00561405390811942
-0.00396027980337961
-0.00416222282934035
0.0579560813849182
0.00152826750702907
0.0078840032519757
0.0690365743151651
0.00640431598589125
