# predict_model; Vecm
# name_prefix; us_data_stock_watson_2012;;;;;;;;;;;;;;;;;;;;;;;;;;;;;;;;;;;;;;;;;;;;;;;;;;;;;;;;;;;;;;;;;;;;;;;;;;;;;;;;;;;;;;;;;;;;;;;;;;;;;;;;;;
# description; Stock and Watson 2012: US indicators;;;;;;;;;;;;;;;;;;;;;;;;;;;;;;;;;;;;;;;;;;;;;;;;;;;;;;;;;;;;;;;;;;;;;;;;;;;;;;;;;;;;;;;;;;;;;;;;;;;;;;;;;;
# lag_parameter;4
# number_predictions;100
# horizon;1
# max_attributes;15
# predict;LHU5
# prediction_type;rolling
# method; Part-GFS_te(n_components=7)
"V1"
-0.0359452336936121
-0.0830712196941849
-0.0510983950863634
0.0800736148262744
-0.0169956788066405
0.0295282361603382
0.00234667969118389
-0.0399984699348725
-0.0173624717609408
-0.00600930439955955
0.0147106877579104
-0.0111236330526427
-0.0315653286478351
0.0190718777737623
-0.038403798342331
-0.0135265831174922
0.0190774238219305
-0.0704406669520062
-0.00140417401144334
0.0152647201232566
-0.00833415432145599
0.0390603301648092
0.00944705541934943
-0.0215100931975674
0.00450779005511258
0.0146545455946864
0.0369565890253631
-0.0154663943550729
0.0108829982170405
0.0253140475538938
0.0170916013000376
0.0122589279205272
0.0268796597242459
-0.0490878832647345
0.0288339931479663
0.0254664628819315
-0.0476051427247573
0.00297317486215198
-0.00607063334111156
-0.0539953841888118
-0.0148320706745967
-0.0740816611252219
-0.0878129798571156
-0.0236494128930042
-0.0593012184039372
0.0038364195245803
0.00690179381605308
0.024466008672812
0.0195984115352661
-0.0261733555046998
-0.0195344407622254
-0.0440672588275114
0.0166674854364117
0.0093498985142935
-0.0415481690883283
-0.0348491860296338
0.0191681284169397
0.0540406112867221
-0.0144605647824266
-0.0206582877798265
0.00871939799715018
0.00777095322992251
0.00422383959843765
-0.00178675530444407
-0.0211678049494238
0.0266340118375873
-0.0197913537929188
-0.0384309052239396
-0.0294758891537554
0.0348361448306104
0.0421917165888601
0.0800623983055143
0.0411235663741177
0.0299861629328948
0.00631265999866553
-0.0281774441098078
-0.0241560210209777
-0.00135054525487978
-0.00562492828197607
-0.0150502448738413
-0.0599138472510269
-0.0102389934311184
0.0404548513106915
0.00851418297319356
-0.00697361282252311
-0.0238181486550613
-0.0346372528458514
-0.0624968169027115
0.0128751906335064
-0.00411432212864912
0.0568779525235944
0.00622335675058041
-0.0407489934390617
-0.021111389967777
-0.0312950846392817
0.00165405389321851
0.0590808924341047
0.0308108912096597
0.0533493128250185
0.0362006289956587
