# predict_model; Vecm
# name_prefix; us_data_stock_watson_2012;;;;;;;;;;;;;;;;;;;;;;;;;;;;;;;;;;;;;;;;;;;;;;;;;;;;;;;;;;;;;;;;;;;;;;;;;;;;;;;;;;;;;;;;;;;;;;;;;;;;;;;;;;
# description; Stock and Watson 2012: US indicators;;;;;;;;;;;;;;;;;;;;;;;;;;;;;;;;;;;;;;;;;;;;;;;;;;;;;;;;;;;;;;;;;;;;;;;;;;;;;;;;;;;;;;;;;;;;;;;;;;;;;;;;;;
# lag_parameter;4
# number_predictions;100
# horizon;1
# max_attributes;15
# predict;PMCP
# prediction_type;rolling
# method; Part-GFS_granger_graph(n_components=9)
"V1"
-0.119210901736918
0.110947917168452
-0.0138106992517528
-0.119980390895867
-0.158296052647174
-0.0863769231656565
0.0118084850452918
0.0814138701514697
-0.0107909294770899
0.0232401536862218
0.0407163003236834
0.0197336076213491
0.102003181394216
-0.172075164491947
0.188804597495409
-0.118990227721913
0.00254599856195565
-0.0396645222849689
-0.0589794634636885
0.00201057971016935
-0.172670097878048
-0.0149783919222913
-0.237114573418691
-0.107404974210208
-0.165969961021843
0.00625199408766506
-0.00127518830590453
-0.0900831040137444
0.0806736253801772
-0.0615411633396101
0.223455486994103
0.0492119714001033
-0.0422822521383232
0.115331760025518
0.12162859732651
0.00954468968706611
0.0857251872663655
-0.0204528653795354
-0.0890857875870763
0.0531951256669193
0.0243253511201511
0.0278443533302851
-0.100471171782444
0.0252573714375493
0.00769233812993994
-0.0907820206047813
-0.127947495799708
-0.0933670118519964
-0.136048878511276
-0.0924501643006726
-0.00824752284572172
-0.1142382128409
0.00236624949652568
0.0252714867687913
0.00471730465312148
0.057440206906325
-0.143521590676551
-0.101844464403996
0.0700888473795245
-0.0668160521242187
-0.0891508324281556
0.115806039691004
0.0818606853037737
0.157203929998817
0.13048229309699
0.108651952414898
-0.111748398827116
0.0188028512477668
0.0184228274506222
-0.0268467031918614
-0.0673799489491858
0.194228310695936
-0.345241792032013
0.262854699244172
-0.0293293224734135
0.157382256363323
-0.0391415249877956
0.0347945043284821
-0.0496224309802871
0.163384584085014
0.112468984193569
0.060579218594356
0.0350288981159759
-0.128023388614259
0.0802143237898138
-0.173684014246925
-0.027046156354145
0.0144237042846601
-0.0949763535402589
0.0506017775076869
0.0915560401170415
-0.0167611919585106
-0.0258644727171432
0.213297400763276
-0.124277659560153
-0.0436712843940648
-0.118631118654306
-0.225782878688671
0.27701273951615
-0.323293160437981
