# predict_model; Vecm
# name_prefix; us_data_stock_watson_2012;;;;;;;;;;;;;;;;;;;;;;;;;;;;;;;;;;;;;;;;;;;;;;;;;;;;;;;;;;;;;;;;;;;;;;;;;;;;;;;;;;;;;;;;;;;;;;;;;;;;;;;;;;
# description; Stock and Watson 2012: US indicators;;;;;;;;;;;;;;;;;;;;;;;;;;;;;;;;;;;;;;;;;;;;;;;;;;;;;;;;;;;;;;;;;;;;;;;;;;;;;;;;;;;;;;;;;;;;;;;;;;;;;;;;;;
# lag_parameter;4
# number_predictions;100
# horizon;1
# max_attributes;15
# predict;GDP252
# prediction_type;rolling
# method; FCBF(n_components=14)
"V1"
0.00396776896155417
-0.00222814749207797
0.0203432140758452
-0.00689692181980582
0.0047078053509732
0.00730465821753191
0.0164848563070767
0.0171807343983623
-0.00318735947886296
0.0121864887523143
-0.00356285662837891
0.0144317573759915
-0.00109599600649305
0.000135189575599133
-0.00945828013159308
0.0173428840602318
0.0169080492975057
0.00702791222310471
0.00145660888425063
0.00189199985093447
0.00277814962954448
0.0101070201625471
-0.000874943898622035
0.00687643940740885
0.0039215181784038
0.00611364175566548
0.0104937560382751
0.0146407299140244
-0.00735564948313585
-0.00938270162676516
0.0119941995526355
0.0104941274591278
-0.00146116852815482
0.00447140650647546
-0.0136096637007859
0.0100515815903945
0.00442995583845714
0.00934716632945079
-0.00165724712956404
0.00583906903477462
0.0108940134065829
0.00738096982210594
0.0103246128040489
0.0103979168041109
0.00637216032866209
0.00553727688673929
-0.000915302736633012
-0.00159469224151969
0.0104662986054668
0.00628977219432936
0.00580282765255704
0.0127978389935302
5.07842906423369e-05
0.00749112755630079
0.00292000713523278
0.00369970486139181
0.00899978441895321
-0.000468607133819187
0.0156734315254053
0.00940884072771341
0.010893890759746
0.0113408611547581
0.00877363819955442
0.0105131190976784
0.0135230418467103
0.00566736170727639
0.00800801940608822
0.0238406947427023
0.00885736994590552
0.00956102699350653
0.00516539609443457
0.00316536563489058
0.000100358181553745
0.00849166627752306
0.00534420047296102
0.0136414467661142
0.0184722966443563
-0.0101402806466685
0.0130474058792736
0.0183893419426443
0.0135231263999466
0.00396342860283216
0.00452950559861241
0.0170115261178198
0.00226673783060314
0.00706719343692915
0.0121663035437809
-0.00246558876698602
0.00892998811948608
0.0114252839203653
0.00587313094495612
0.0139451634157778
0.00835238617102752
0.0139551019960196
0.00675293100953727
0.0244048956010339
0.0087937850127995
0.00281890009657182
-0.0025102465708505
-0.00769719558827875
