# predict_model; Vecm
# name_prefix; us_data_stock_watson_2012;;;;;;;;;;;;;;;;;;;;;;;;;;;;;;;;;;;;;;;;;;;;;;;;;;;;;;;;;;;;;;;;;;;;;;;;;;;;;;;;;;;;;;;;;;;;;;;;;;;;;;;;;;
# description; Stock and Watson 2012: US indicators;;;;;;;;;;;;;;;;;;;;;;;;;;;;;;;;;;;;;;;;;;;;;;;;;;;;;;;;;;;;;;;;;;;;;;;;;;;;;;;;;;;;;;;;;;;;;;;;;;;;;;;;;;
# lag_parameter;4
# number_predictions;100
# horizon;1
# max_attributes;15
# predict;IPS11
# prediction_type;rolling
# method; Part-GFS_te(n_components=6)
"V1"
0.0107004831596827
0.0210917781343019
0.00238963119214605
0.00876958326852705
0.0110939412704782
0.00282850232548981
0.0051811858502168
0.00697650377522632
0.0105164082496661
0.00618657910575981
0.00696935008924766
0.00223903673436126
0.00327969354246257
0.0120080145954383
0.00654700280857694
0.0124403460584315
0.0114777700872097
0.00582226909085027
0.0119473597203767
0.0060344891033992
0.00877659980525368
0.0115048352465743
-0.00294118741510828
0.00167522652615743
0.00756407980312717
0.00900795437988991
0.00145221381496509
0.00285603409506576
-0.00689123816024159
-0.0050243172353703
0.00597242487982796
0.00485179585026813
-0.00439587030684358
-0.00451417312308134
0.00773987926767756
0.000987339614851759
0.0113164473300264
0.00576151492673138
0.00194179631982519
0.00681368785521323
0.0075425783872922
0.00566672316159465
0.0114472460150643
0.00572341361415339
0.0157213769021002
0.0114713677324846
0.00295191919208397
0.0148447799908693
0.00435367877717598
0.0052153613661196
0.0127355310107714
0.00755400978265079
0.0135479001258699
0.0131550328558883
0.012297310971881
0.0166001637566865
0.02364513968105
0.0140811678953578
0.0118587299574179
0.0107375330626321
0.0119385570513392
0.0100708994072534
0.00341469381002077
0.0044713869178131
0.0166178997448717
0.0100651153199416
0.0121543547750656
0.00626500160143033
0.00358789280348172
-0.00463425701478571
-0.0103778704251923
-0.00973042273176861
-0.01564230828483
0.00159696622287576
0.0052048009972795
0.00424322614571766
0.00092151722580875
0.00218446478643571
-0.00346114957556382
0.00122197059886056
0.00943574016103305
0.00593888732342697
0.00110539289275655
-2.35801136709948e-05
0.0155196176967095
0.0156892626267248
0.0099135570214753
0.00531534201243994
0.0153984237850768
0.0104661829474481
-0.000810657971921065
0.00289593966174093
-0.00289796174251157
0.00472789814984368
0.00357582271466245
0.00273233510528019
-0.00203787012755943
-0.00196995748525224
-0.00418013993161317
-0.0209170543360696
