# predict_model; Vecm
# name_prefix; us_data_stock_watson_2012;;;;;;;;;;;;;;;;;;;;;;;;;;;;;;;;;;;;;;;;;;;;;;;;;;;;;;;;;;;;;;;;;;;;;;;;;;;;;;;;;;;;;;;;;;;;;;;;;;;;;;;;;;
# description; Stock and Watson 2012: US indicators;;;;;;;;;;;;;;;;;;;;;;;;;;;;;;;;;;;;;;;;;;;;;;;;;;;;;;;;;;;;;;;;;;;;;;;;;;;;;;;;;;;;;;;;;;;;;;;;;;;;;;;;;;
# lag_parameter;4
# number_predictions;100
# horizon;1
# max_attributes;15
# predict;GDP259
# prediction_type;rolling
# method; FCBF(n_components=3)
"V1"
0.0323158983104077
0.0223834693144705
0.0684364955171536
0.0181734290276306
0.0337412972461034
-0.00885779201023739
0.0426794557954698
-0.0316841067983601
0.0396966427918515
-0.0371175450103906
-0.045674838088126
-0.102124865335349
-0.037117484992437
-0.0837036516334164
-0.012093081627845
0.0471591171261202
0.00646556374975904
-0.018384828424414
0.00161511334556329
-0.00483401247705952
0.00995055794845075
-0.000254750197268958
0.00374756002935851
-0.00561334949966629
-0.0345741845497643
0.0505025438072059
-0.00692712451266935
-0.0129441548399809
-0.0468518413561853
-0.0369553391650157
-0.0215450416909037
-0.0380931939466045
-0.0223127507507667
-0.0138845751397971
-0.023054678360176
0.0326789918351925
0.00260924164977894
-0.012218195547036
0.0121390345723003
-0.0107414748579878
0.0327203923212892
0.00716810627328643
0.0502544426144242
0.0398477072620681
0.0154340891691931
0.0101644368191841
-0.0381344143789503
-0.00101104523382603
-0.0242474741760499
-0.00358887935755276
0.0245629885718847
0.0185714526543999
0.0311702207951432
0.0246360922003012
0.0178188448635005
0.0439749219593726
0.00712353976681182
0.0189446367663071
0.0276722429562208
0.0113046861600811
0.0246436269812321
0.00483350379106244
0.0084704505983295
0.0171787499592857
0.0258034387144054
0.000342472517990374
0.0561351013135917
0.0282895979069717
0.011351658051764
-0.0312330853806897
-0.0407134521268813
-0.0292729336493144
-0.0620725617806799
-0.0476232975044339
-0.012573434319243
-0.044008993935171
-0.026623515676719
-0.032774666873197
-0.0131568025755452
0.0341233327633454
0.0258867850185797
0.048381719032626
0.04350988528702
0.0433114855359065
0.026532956774321
0.0208466081526659
0.012820396094154
-0.00365764122208336
0.00271085396254401
0.0027593675469442
0.0122325303892126
0.00957912915494375
-0.00633821732794927
-0.0104664978295854
0.0201569031074699
0.0602599064781641
0.0460796008248684
0.0395802694082527
0.0364963762297171
0.0294011845399073
