# predict_model; Vecm
# name_prefix; us_data_stock_watson_2012;;;;;;;;;;;;;;;;;;;;;;;;;;;;;;;;;;;;;;;;;;;;;;;;;;;;;;;;;;;;;;;;;;;;;;;;;;;;;;;;;;;;;;;;;;;;;;;;;;;;;;;;;;
# description; Stock and Watson 2012: US indicators;;;;;;;;;;;;;;;;;;;;;;;;;;;;;;;;;;;;;;;;;;;;;;;;;;;;;;;;;;;;;;;;;;;;;;;;;;;;;;;;;;;;;;;;;;;;;;;;;;;;;;;;;;
# lag_parameter;4
# number_predictions;100
# horizon;1
# max_attributes;15
# predict;GDP276_4
# prediction_type;rolling
# method; Part-GFS_te(n_components=9)
"V1"
0.0116947697040882
0.0133240567687503
0.00849522707970315
0.0209086231006813
0.013086646803218
-0.00410126492450151
0.0116523857092266
-0.00195188039498762
0.00843423517453807
0.0142278351921744
0.0119361467251326
0.00729372737425373
0.00541124506267565
-0.000680151806981991
0.0181719640486495
0.00399785440483862
0.00435176485929675
-0.000949568936374119
0.00869670506887384
0.00119316650898614
0.00622175095692476
0.00104371908718167
0.0107369890921649
0.00215367184242055
0.00175536818605573
0.00512714196846107
0.00280094488500592
0.000618501468469103
0.00616525390981741
0.0121851046550023
0.00996302274384987
0.0177568380204733
0.0139110443163603
0.00419363289054066
0.000550004142334285
-0.00281948562078639
0.00228074526717941
0.0110215707580401
0.00721940163671735
0.00306260556995462
0.00542187058484393
0.00344316123539331
-0.00210558421702846
-0.00411451086322544
0.00106237414579284
0.00130396791956961
-0.000247436221880697
0.0104272910108284
0.0074957817423956
-0.00222804549799688
0.00629359486228489
0.00945761876982689
0.0101389866518383
0.00900557434971805
-0.013345696069168
0.00815858913740505
0.0058770420828967
-0.0066854612027141
0.0023372973904123
-0.0059991342442686
0.00801618343529213
0.00785211738381798
-0.00368783894916293
0.00322515638295769
0.00652652198089866
-5.85207237473783e-05
0.00664085960802049
9.68577800829562e-05
-0.00188913867486896
0.0121597157241519
-0.0225276220598652
0.0121088562414467
0.00112878071815845
0.00851797862140113
0.00145418699618337
0.00361223409106047
0.0130873444791361
0.0111756178455893
0.00635317700861894
0.00278324621530853
0.0111811458519142
0.00861096974520753
0.00301646336027211
0.00465336939702764
0.00436010247446986
0.00667391934536149
0.00778024124510277
-0.00383911807587623
0.0197977198808785
0.00811169043198896
-0.00239412038267304
0.00951286216187103
0.0155617749603496
0.00402903141191666
0.00960340037672096
0.014165487359452
0.013142075523767
0.00730628699804609
0.00887626044398066
0.0164246342887275
