# predict_model; Vecm
# name_prefix; us_data_stock_watson_2012;;;;;;;;;;;;;;;;;;;;;;;;;;;;;;;;;;;;;;;;;;;;;;;;;;;;;;;;;;;;;;;;;;;;;;;;;;;;;;;;;;;;;;;;;;;;;;;;;;;;;;;;;;
# description; Stock and Watson 2012: US indicators;;;;;;;;;;;;;;;;;;;;;;;;;;;;;;;;;;;;;;;;;;;;;;;;;;;;;;;;;;;;;;;;;;;;;;;;;;;;;;;;;;;;;;;;;;;;;;;;;;;;;;;;;;
# lag_parameter;4
# number_predictions;100
# horizon;1
# max_attributes;15
# predict;CES277R
# prediction_type;rolling
# method; FCBF(n_components=9)
"V1"
-0.0107391134114533
0.00148702355898993
0.000323213152364951
-0.00955108388161132
-0.0142843270759051
-0.000725596258642466
-0.0163934766853422
-0.0212990385231093
0.0112856668204418
-0.025555914830417
-0.0377274787835322
0.00527401427678141
0.00392308231861007
-0.0283750696707225
0.0168263101018775
-0.0217458217307417
-0.0240553267796857
0.0144862178239044
-0.01553201045546
0.006728197656698
-0.00493133602113547
-5.64010420993437e-05
-0.00483374128137238
-0.00663779971872747
0.00836700326871355
0.00490597682090236
-0.00288918618406942
-0.00936419530462096
-0.0238481807916119
-0.000298731735809627
-0.00883387469160111
-0.0140510469446464
-0.000109860202491747
-0.00425140716125234
-0.0218766412776791
-0.00143525324381283
-0.0135328829954487
0.00243269775300576
-0.0071618730598679
-0.00199115519417113
-0.0158772913896153
0.00854147822144708
0.0206596882569724
-0.0027120486803344
-0.00571031321502155
0.00392289438836741
0.0163428787197893
-0.00691122998294444
-0.0156004993357586
0.0051029838418635
-0.00508943864963048
0.00888553429625662
0.0170319231127679
-0.00280451038399796
0.00764441568087163
0.0172443873810987
0.0197000056301512
0.0111392357387534
0.0273421541210397
0.00944350299354407
0.0144217123741067
0.0109455210074038
0.00878023440599519
0.0138923817073766
0.0167561228460251
-0.00230288546835324
0.0120242319710967
0.0279068448537445
0.0101571004367489
0.0108139535014748
-0.00527148370921293
-0.00415946895111218
-0.00293288814866743
0.012109096331062
0.0118204174285812
0.00626160388070807
0.0135350466139431
-0.00188981485827691
0.00213368168869859
-0.0064279297791661
-0.00245127473210836
-0.00010809802358425
-0.0217427479283008
-0.00383420300237087
-0.00882996455905271
-0.0132993926116487
-0.00771314569840255
-0.00936587475795339
-0.00622207245491832
-0.00678223831461548
0.00823666283190976
0.0127967961018636
0.0220312727373477
0.013313761554595
0.00780061343161102
0.0096571228657329
0.000960057400325644
-0.00077956228619358
0.00290256656426848
0.00345625341818421
