# predict_model; Vecm
# name_prefix; us_data_stock_watson_2012;;;;;;;;;;;;;;;;;;;;;;;;;;;;;;;;;;;;;;;;;;;;;;;;;;;;;;;;;;;;;;;;;;;;;;;;;;;;;;;;;;;;;;;;;;;;;;;;;;;;;;;;;;
# description; Stock and Watson 2012: US indicators;;;;;;;;;;;;;;;;;;;;;;;;;;;;;;;;;;;;;;;;;;;;;;;;;;;;;;;;;;;;;;;;;;;;;;;;;;;;;;;;;;;;;;;;;;;;;;;;;;;;;;;;;;
# lag_parameter;4
# number_predictions;100
# horizon;1
# max_attributes;15
# predict;GDP255
# prediction_type;rolling
# method; FCBF(n_components=6)
"V1"
0.00370029128941926
0.00612340615302616
0.00295653993242493
0.00611964230154987
0.00446182846987633
0.0141952110313984
0.00487701492312183
0.00731852369562884
0.00522652854539924
0.0091002504162246
0.00544881367132393
0.0055019158861159
0.00809312020810424
0.0139500113457336
0.0025043184988107
0.0039557524416917
0.00595681683605535
0.00856980429170728
0.00504981244658443
0.00838403733808523
0.00664919248646804
0.00326628140564055
0.00606767353916996
0.00479328551812423
0.00516563245410328
0.004538428254907
0.00696617167993
0.00429733957581583
0.00404429326259205
0.00575067656480708
0.00048764187850074
0.00517746583997595
0.00733855595741595
0.00619858932342898
0.00491789276420341
0.00936685920405908
0.00648702484293724
0.00544203150432646
0.00380428652717088
0.00538421587565725
0.00638930585390583
0.00605373212701218
0.00321548589157552
0.00374110581659087
0.0064620036763689
0.00330914024245577
0.00695665536955289
0.00625208396115897
0.00687275827653356
0.00779433819942404
0.00304228120176223
0.0037900644467842
0.00526738847564393
0.0059747393568973
0.00752169793448382
0.00696410249647281
0.00983325343872266
0.0101838359448458
0.0103674623563798
0.00931945500603021
0.00627969286219312
0.0090590182304712
0.00987498576347732
0.00789439555411634
0.0069841376108959
0.00694135524928976
0.0102077536728002
0.0120075445248597
0.0114971686500681
0.00919892902305069
0.00556855337263517
0.00288139477851396
0.00334713111267572
0.00226537623616274
0.00749286407960473
0.0100578669373972
0.00108692417689538
0.00596241206135652
0.00743564625838293
0.00667454747342968
0.00465948730512194
0.00759185265053262
0.00546756503586835
0.00642477521404667
0.00993948689591675
0.00604151765651247
0.00525709463466547
0.0077504213288953
0.0108378894109203
0.00395962241735925
0.00842340193928026
0.00695476351216361
0.00910078341456336
0.00732705602309548
0.00558675153865901
0.0104535061785399
-0.00248086732199477
0.00737489858530577
0.00672144785509657
-0.00223580310174233
