# predict_model; Vecm
# name_prefix; us_data_stock_watson_2012;;;;;;;;;;;;;;;;;;;;;;;;;;;;;;;;;;;;;;;;;;;;;;;;;;;;;;;;;;;;;;;;;;;;;;;;;;;;;;;;;;;;;;;;;;;;;;;;;;;;;;;;;;
# description; Stock and Watson 2012: US indicators;;;;;;;;;;;;;;;;;;;;;;;;;;;;;;;;;;;;;;;;;;;;;;;;;;;;;;;;;;;;;;;;;;;;;;;;;;;;;;;;;;;;;;;;;;;;;;;;;;;;;;;;;;
# lag_parameter;4
# number_predictions;100
# horizon;1
# max_attributes;15
# predict;FYGT10
# prediction_type;rolling
# method; FCBF(n_components=11)
"V1"
-0.686710481751024
-0.0840759402756855
0.0473078026059265
-0.0524299994676129
-0.129184145508214
-0.0278278016400679
-0.0465137095117836
-0.0782299489618474
-0.0344752642376
-0.155947384988319
-0.138913061382364
-0.220671314144791
0.1348382392711
0.111645901534201
-0.00701790887416352
-0.0118276632491836
-0.0882539502079185
-0.192012811378039
0.0329404158646938
-0.0123395922078725
0.056847721914588
-0.0536146060362746
-0.0265022429273648
0.000718320957520358
-0.037041242852489
0.124445450317832
0.0602611997689202
0.0603548630786011
-0.0241994974684656
-0.0733654312926894
-0.045889035764498
0.0359616182806359
-0.152567821750843
0.0215191616071957
0.0477571266103485
-0.0978110014713741
0.000940716461026053
0.0512530187681323
-0.098343738128585
0.0273706618806354
-0.111449580680631
0.00910935433910527
0.0349232189975196
-0.0388934561189985
0.0787240406604307
-0.00636198288639023
0.0296127783655493
-0.0199567442185443
0.0837877871281964
-3.51957745640796e-05
-0.0210138529754957
-0.0147794789776278
0.0210642417471992
-0.0335179175711589
-0.0380630733512641
-0.0257494150604234
0.0717979687506452
0.0640359580858126
0.0318759940966798
-0.0088276375673955
-0.103049985982779
0.128356073306924
-0.045703274359255
0.120743923160454
0.0988201981298479
0.0873078662393667
-0.0735922806483906
0.0728839398958689
-0.0730228993712972
-0.0759562644422371
0.21933965173377
-0.0167966267498359
0.0449833898568315
0.0693001140107234
-0.0709724554300467
0.0222611472403058
-0.0319283353282209
-0.099466183231283
0.0188799113530933
-0.0948279162193665
-0.125689790875395
0.0745903860481169
0.0923255818579431
-0.0670142795192049
-0.0119524747216389
-0.0736492131381229
-0.0330884338075371
0.0576486308635617
-0.0840124841727149
0.0355384329236066
0.0213387571422972
0.0446101921478834
-0.0233177443023553
0.0542342960259625
0.0105386643396764
0.00552058547527102
0.0608483640640017
0.0326662062355105
0.0947254576981435
-0.0819642319910603
