# predict_model; Vecm
# name_prefix; us_data_stock_watson_2012;;;;;;;;;;;;;;;;;;;;;;;;;;;;;;;;;;;;;;;;;;;;;;;;;;;;;;;;;;;;;;;;;;;;;;;;;;;;;;;;;;;;;;;;;;;;;;;;;;;;;;;;;;
# description; Stock and Watson 2012: US indicators;;;;;;;;;;;;;;;;;;;;;;;;;;;;;;;;;;;;;;;;;;;;;;;;;;;;;;;;;;;;;;;;;;;;;;;;;;;;;;;;;;;;;;;;;;;;;;;;;;;;;;;;;;
# lag_parameter;4
# number_predictions;100
# horizon;1
# max_attributes;15
# predict;MOCMQ
# prediction_type;rolling
# method; Part-GFS_granger_graph(n_components=3)
"V1"
-0.0144151415326733
0.0188224674732968
0.0449079726698719
-0.0170749129134108
0.00744636211506715
0.0206171146931506
0.0202697269222238
0.0184960779052899
-0.0222373324733683
0.0269772446168419
0.0158773952145663
-0.0303308477359558
0.0467610956223723
0.024062590873668
0.00761264523735371
-0.000132355193672052
-0.00877938438516678
0.0113012241734227
-0.00730721805134862
0.0135721849485995
0.00795753633349534
0.00316408453174181
0.000202857006009416
0.0239211247533063
-0.0260938091513159
-0.0155116749216088
0.00341815237317057
-0.0416175336553647
0.00787922762894326
0.00162682185536782
-0.00475606518568064
0.0156428538872852
0.0406709836087689
0.020463991095685
0.0190040051150541
0.016723069795516
0.00926657298978297
0.0163032994846611
-0.00380715433688148
0.0206052546791151
0.00618017364465512
0.0241815700184288
0.0023067120792422
-0.00322872476264064
0.0249085179914022
-0.0143159046581955
-0.00518147790356759
0.019314662390716
0.00939586278464163
-0.00815387956093408
0.0166541260239718
0.00320812341240796
-0.00836027188527873
0.00708361185652638
0.00501785557193581
0.0188282504350465
0.0124099438550403
0.0368819740513257
0.0142956145902042
0.00376176421850695
0.0154472685466664
0.0185405901074486
0.00452119099864902
0.00182599090120144
-0.00230774016243346
-0.00552517773234576
-0.000518392959736397
-0.0169429845731361
-0.000833664317860879
-0.0143563499230775
-0.00515254151590175
-0.0278116767311451
-0.0177821333053306
0.0129159885800601
0.0137510512971847
0.0115447669837832
0.00116927502931183
-0.00997057452060641
0.00538813415602687
-0.0164702935740566
0.0184514770671887
-0.0105464602410823
-0.00335293590565573
-0.0258910867229926
-0.0137649628854521
-0.000396343971481179
0.0134133404618809
0.00948907693857689
-0.00418106774549172
0.0129879454100819
-0.0267693642400091
-0.0272992823621778
-0.00580434628804971
-0.0191010120609391
-0.00182395653182568
-0.0120558598827311
-0.0280448388220684
-0.0263380450862535
-0.020116960628147
-0.0546842840612977
