# predict_model; Vecm
# name_prefix; us_data_stock_watson_2012;;;;;;;;;;;;;;;;;;;;;;;;;;;;;;;;;;;;;;;;;;;;;;;;;;;;;;;;;;;;;;;;;;;;;;;;;;;;;;;;;;;;;;;;;;;;;;;;;;;;;;;;;;
# description; Stock and Watson 2012: US indicators;;;;;;;;;;;;;;;;;;;;;;;;;;;;;;;;;;;;;;;;;;;;;;;;;;;;;;;;;;;;;;;;;;;;;;;;;;;;;;;;;;;;;;;;;;;;;;;;;;;;;;;;;;
# lag_parameter;4
# number_predictions;100
# horizon;1
# max_attributes;15
# predict;FYGM3
# prediction_type;rolling
# method; FCBF(n_components=12)
"V1"
-0.0242007407733695
0.110372902992236
-0.0751385204444786
-0.00676981747979049
-0.0101771697313178
-0.0345712643085939
0.0608015203943466
-0.00341570080360106
-0.0112358845237988
-0.0545920559585497
-0.030138470466029
-0.0377237067041668
-0.136290631253432
-0.0517331486441689
-0.00291577177254739
0.00323893805801479
0.0305404096718789
0.0591475997935122
-0.00966861238656967
-0.0418583574565785
0.051075063665751
0.0386572657110491
-0.038965272284177
-0.018488059329846
-0.000870714982850175
0.0193728724557074
-0.0387239861730582
-0.0115248997255711
0.0350729644726606
-0.0727424515971139
-0.0663900175071345
0.00500485291956897
-0.0881831138700977
-0.0205205770976875
-0.0292203946696092
-0.105573941221545
-0.0416572806004749
-0.0180456392935069
-0.0101245434561906
0.0122705198356642
0.0226248705011127
0.00610937780307716
0.017207965220135
0.0548524402512365
0.0523786842588192
0.0193071880797229
0.00582896996995215
0.00615350050808794
-0.0530685105118945
-0.0101335920810611
0.0269240702066402
-0.0558767927330632
-0.0200226940996408
-0.0431346549604499
0.035051208033623
0.0346235179578417
0.00520082213498046
-0.0625080198978701
0.040506913168977
-0.0309251400528074
0.047615572083228
0.0511496345849237
-0.0816238967420172
0.0133468337418653
0.0535118907706763
-0.028777697888252
0.00459443263548158
0.0664734274768195
-0.0842420694208582
0.00323632545931788
-0.123527475663801
-0.0373603363857412
-0.126397918758746
0.0535996524227863
-0.12912528862946
0.0152844955537802
0.00558795854639306
-0.0246826065297225
-0.0131933535885042
0.0138375473884854
-0.0625562697521617
-0.0314065685524607
0.0164793183644495
0.0392544128807104
0.0359274732214492
0.0454599910685013
0.0113979142628745
0.0420313107829672
0.0278019336279536
0.0380467340130369
0.0448322101431633
-0.00501088319047305
0.00817981292404136
0.0217526390068694
0.0024084740449826
-0.0570950935938045
-0.0805612127837084
-0.0827370075856193
-0.0534708013936512
-0.0187271683585515
