# predict_model; Vecm
# name_prefix; us_data_stock_watson_2012;;;;;;;;;;;;;;;;;;;;;;;;;;;;;;;;;;;;;;;;;;;;;;;;;;;;;;;;;;;;;;;;;;;;;;;;;;;;;;;;;;;;;;;;;;;;;;;;;;;;;;;;;;
# description; Stock and Watson 2012: US indicators;;;;;;;;;;;;;;;;;;;;;;;;;;;;;;;;;;;;;;;;;;;;;;;;;;;;;;;;;;;;;;;;;;;;;;;;;;;;;;;;;;;;;;;;;;;;;;;;;;;;;;;;;;
# lag_parameter;4
# number_predictions;100
# horizon;1
# max_attributes;15
# predict;FSPXE
# prediction_type;rolling
# method; Part-GFS_te(n_components=3)
"V1"
-0.0410983665901481
-0.0457425312262641
-0.0469871633557278
-0.0291275444976248
-0.00188306447844526
0.011606268356245
0.00882345144060165
0.00865027810704228
0.026990474143695
0.0285231766878002
0.0446981792240369
0.0280652453572509
0.0198317829812946
0.0552934861887652
0.00364934871631821
0.0419353467696766
-0.0199818669827197
-0.0514461074050696
0.0153198454759962
-0.0892386377005676
-0.0422342363702212
-0.0169059980772887
-0.00139634210082303
0.00286739513770802
0.026393840236001
0.0177706616624618
0.0363518340497635
0.0204348798703735
0.00724895109389255
0.0405158451975644
0.0400133713345077
0.035102886869916
0.056806181295788
0.0733021763479849
0.0492420990253734
0.0380673305935993
0.0280552139173069
-0.00732436828779633
-0.0229513701744971
-0.0133346507831022
-0.011051403933206
-0.0207276955374961
-0.0385508514629631
-0.0267715535771678
-0.0395902230051208
-0.0370883835384001
-0.0111067387444716
-0.0129791158339319
-0.00341498483563245
0.024506884866358
0.0201702741627979
0.010606690430933
0.0243151898756411
0.0125553211505059
0.0064639371544173
0.0371131576348865
0.0265837698788456
0.0256920734250958
0.0545508288835566
0.0190871054198238
0.0326026421866638
0.0782079608658325
0.0666557087954966
0.0258519025985578
0.00547780072190284
-0.00880285015694223
-0.0519045384718971
-0.0426553619983482
-0.061470166374417
-0.0486402649947377
-0.00073969148567294
0.0391424451287498
0.114772075479613
-0.008523526601913
-0.0209818511443652
0.471697595375349
0.120433318053893
-0.0689490853676395
-0.118329802669079
0.00558426931138632
-0.0366478606038211
-0.0392558363273309
-0.1127552822646
-0.0952014300056169
-0.0264820281985016
-0.0343313805610047
-0.0449314355069763
-0.0260753902538156
0.0156256855918732
-0.00241663176238218
-0.0517834609965366
-0.0132929906147179
0.00270994536469872
0.0155765185336024
0.00297987213996698
0.00248735687031075
-0.0377298148695694
-0.0322714914730375
0.0256882819624337
0.0753400711904974
