# max_attributes; 15
# description; Austrailan macroeconomic dataset
# number_predictions; 75
# predict; Mbase
# lag_parameter; 4
# horizon; 1
# name_prefix; aus_macrodata
# predict_model; lstm
# method; Hits_te_(n_components=5)
# prediction_type; rolling
0
-13.035472926023857
-5.21705289553195
24.28035025628823
12.223957898019975
19.608308490842816
-5.580554383077043
-3.0641338606990445
-16.348162301503024
-24.109171303012744
-9.268033503080929
-5.8462206781318855
5.469047487820717
19.776303033421584
4.172052911265965
-0.13456967046793977
3.4141815654969747
-23.28184339921623
-10.344373164486981
4.662743417848674
0.7882017536112755
-2.34420239022252
9.650409642684352
7.655439037558409
19.12173667261753
-1.3329554384652909
0.35837630831051115
-5.776006848038648
-7.657087003281049
-8.334131814035814
-16.412018315044534
7.417339624895845
-2.2255558359262295
6.081326468955027
14.444682746737158
0.0681395311234212
-2.897457734234692
0.8439456944488057
9.04446123809943
-8.328591197554985
-12.789130688645983
-1.1682950721758658
6.48957783238356
1.5897878551738955
-5.589565375859024
6.217962320812447
2.655427643651393
8.825201011071755
1.7161487781396403
4.573134706072324
-3.3415242527713076
-13.662870108470145
-2.1000230090323413
1.326485992324237
-14.728749608968442
-8.929336761688418
-4.390231655779402
11.277879927918192
10.500166964427322
-3.9229566552287167
2.118233005032991
12.495420865577856
-4.219600280971804
-6.645976251535643
-7.133817453871089
9.950539988730029
-0.501688630326953
7.870711328239992
0.8152783159610237
4.393012914441144
-0.9478253890432455
0.7488562941968411
-8.001476905167621
0.3411388348146289
13.77339102448164
23.165983551582144
