# max_attributes; 15
# description; Austrailan macroeconomic dataset
# number_predictions; 75
# predict; Cons-PurVeh
# lag_parameter; 4
# horizon; 1
# name_prefix; aus_macrodata
# predict_model; lstm
# method; Part-GFS_te(n_components=4)
# prediction_type; rolling
0
-12.876958967522889
-32.78239877859785
-9.25197877309666
19.344861721457562
-17.29429597120913
58.05160118337439
2.1891268052306003
19.96202588752911
28.877815061608146
11.50205501000525
43.44286186424209
19.63108406581523
-4.196039181219852
-8.466786121400133
1.5981575115671376
-6.431128585133557
20.05732195871319
16.913598225249686
0.6781135977495438
-29.759350316466197
13.596529395404218
14.005210679952128
-9.501210871817854
0.5168316061812774
-14.567090855156216
-8.183187686602757
-3.2479233660577975
21.29458867646875
28.707280594942446
-10.970040065113317
18.653962748528826
-22.480347572827036
0.12539736761954856
37.8948163876027
5.236227771664929
1.6502622624610126
4.809405149857469
13.231275288185628
3.7076432147688934
3.5242987626655804
-7.644244524820131
-6.7710231469576385
1.8487163061334257
4.476222686271882
-2.055435089918234
-6.4473879797683935
15.80105074430935
21.365080449037933
8.251109683816793
7.350715609571509
9.906300333841074
7.284823049265299
-35.331863504070895
-32.456591761173314
-8.279471409138182
-27.810478343221853
-9.882930748580527
19.52380842251881
1.694102189608813
14.096015640016162
30.72168642924599
12.962201716047844
-11.65878684256002
-11.282437627125809
0.7810111447571657
-12.094542549724423
11.008607688332631
14.71378418975047
18.0121269534269
28.046055385748915
23.10309131561411
-6.523373255873928
3.71990778080351
1.5459348321536766
2.870699597737172
