# max_attributes; 15
# description; Austrailan macroeconomic dataset
# number_predictions; 75
# predict; Emp-HoursFt
# lag_parameter; 4
# horizon; 1
# name_prefix; aus_macrodata
# predict_model; lstm
# method; dm_KernelPCA_fit_inverse_transform_True_kernel_rbf(alpha=1.0, coef0=1, copy_X=True, degree=3, eigen_solver='auto', fit_inverse_transform=True, gamma=None, kernel='rbf', kernel_params=None, max_iter=None, n_components=12, n_jobs=1, random_state=None, remove_zero_eig=False, tol=0)
# prediction_type; rolling
0
1.1131760755303377
2.348296466098513
0.5124641144148354
-1.5421383320863136
0.5321833862184002
0.6203921951657607
-1.5450212615931536
-1.4651788092096183
2.6363184519880027
1.5624883688881157
-0.2823096047592326
-0.6505685983522138
0.9759914417434361
1.4062419139276718
2.647196117063017
5.680394714414889
4.251928626358056
4.02366669424707
1.6015710057588377
-0.5182260799612299
-1.8367513879546875
-1.7471941256802461
-1.8890522651084662
-3.9275582136265204
-2.2166024083537526
1.7553906694402484
0.7447947655410738
1.8186945010332893
3.323456290691156
3.2179201750231003
1.916759972914467
1.454674959758706
1.7734544227968962
2.1118248953064382
1.658191605366075
0.7398001793595119
2.0144177234747014
3.316445182809759
3.3957401843779857
1.866724922059892
1.363252797150655
3.1645460564338785
2.1293186882331847
1.804658694559797
2.6149767890948494
1.8607662448381808
2.0028180518938496
2.2011404977562785
2.9677398242337096
3.427132177832404
3.849173860754971
2.9409678229972345
1.262956749876147
0.7002197827094703
-2.0378446399606966
-2.495998115337316
-1.7673810028737682
-1.2392064871415576
1.199970601145675
2.5644957930454924
3.6813285836330936
3.558522921764811
1.98927151100549
2.3868473664131704
0.47211839086860596
1.409030557879043
-0.35827743046467386
-0.1512824123380021
-1.2944484790323543
-1.6277742496146352
-1.9038988424170435
-0.5448698188654912
-0.8239117426611937
1.2958326790549188
2.6752329038138365
