# max_attributes; 15
# description; Austrailan macroeconomic dataset
# number_predictions; 75
# predict; IP-NMM
# lag_parameter; 4
# horizon; 1
# name_prefix; aus_macrodata
# predict_model; lstm
# method; Part-GFS_te(n_components=6)
# prediction_type; rolling
0
-5.387499819320425
-20.96315474965806
-10.247559451374684
13.237112312624632
0.11983566911993648
7.864246879874457
8.607756088151888
13.780411650542831
11.394018378164034
9.808640818609362
-8.8025942495985
-9.399693725700644
-3.8912622983209246
12.87951679900398
7.495923280555957
5.066309260458084
13.463580659681682
0.21034700815701513
-13.313638633698048
-4.0215799019494085
9.458645283563158
5.4454821045531645
4.685319030182157
3.7512265910731486
-8.407417392650245
3.295062659680326
19.128373385384535
-0.9079567956889036
36.18326501508447
41.970714786302
12.680397360353268
-18.053497445197195
8.037845810761397
-7.015068274425033
-9.388288250608113
1.503174957672826
7.064200439680121
1.8831959153189786
9.721615556700996
19.090120159893118
13.84500045396399
9.251364128791181
8.41209519047564
-12.69133256199062
-27.288820684718267
-7.55241980302408
12.516083620681215
6.895734247946365
11.463828036431991
-8.622188381379658
21.495876855944218
-15.747482207089533
19.216312847614176
18.514328159953692
6.849572638952836
-7.025906504739908
-18.424398428554
-24.727495731586586
-27.76944222832062
-11.517972971326714
2.3073408065437633
20.950694045074968
16.855440082999152
22.094953427921894
4.65700084914603
-1.9744871223040548
-18.328952610674378
-3.5019506422290476
3.968299602298302
-5.436574753434172
-18.6054376283207
-4.999812796329621
-4.441170313260386
-1.1065750763321773
4.495495797208022
