# max_attributes; 15
# description; Austrailan macroeconomic dataset
# number_predictions; 75
# predict; IP-WPP
# lag_parameter; 4
# horizon; 1
# name_prefix; aus_macrodata
# predict_model; lstm
# method; dm_KernelPCA_fit_inverse_transform_True_kernel_rbf(alpha=1.0, coef0=1, copy_X=True, degree=3, eigen_solver='auto', fit_inverse_transform=True, gamma=None, kernel='rbf', kernel_params=None, max_iter=None, n_components=8, n_jobs=1, random_state=None, remove_zero_eig=False, tol=0)
# prediction_type; rolling
0
4.806818423079179
4.6338438689635595
2.671965899129681
-5.42557199101325
-9.216028323769038
-1.9273008851184485
1.682248838256804
-1.0012554392574486
-2.7453099777657357
-6.351813048594714
0.8235231659943878
-7.932759199138417
-4.007978743084713
-5.574496084097497
-1.920449584609102
0.32704105827807695
6.230529427565308
19.02684178415773
19.31581897880306
8.406832075081681
-5.144512180753807
-7.394262139012383
-5.078072659897323
-11.923333657371067
4.661992395538704
4.152947125075428
5.054858974923853
6.557866080594138
2.699380881753079
-4.92870844044203
-2.421826875630096
1.2981114318974747
-3.0388155837398614
8.986356248429082
14.75760620438787
3.414566673537088
-0.015783152718697124
-9.386459925518587
-10.335247679030331
-12.7557837852818
-3.4940920825398862
-0.3610427296352796
1.3962889543996724
0.6952947929355133
-0.7092364823588682
-4.677855970115644
-2.0583656281240934
-2.674977783671963
0.6584562156786404
-11.25513624598964
-8.897765609423352
-1.1777558946344797
-12.06521572851851
-14.792052892409131
-12.868346104677805
-9.70409668235878
-3.7159842376511847
4.002722214050081
12.41875021716374
0.22956284767655433
5.80363618940499
1.8320971967202482
-6.1513061448234225
-10.600362688925237
4.49677384613959
-2.483068015015178
-7.730944141986505
-19.688952689933238
-14.064135222769252
-17.929513289610256
8.307114110280807
10.024032412867363
10.667257542984714
4.612497739967644
10.5971160703184
