# max_attributes; 15
# description; Austrailan macroeconomic dataset
# number_predictions; 75
# predict; Cons-InsFin
# lag_parameter; 4
# horizon; 1
# name_prefix; aus_macrodata
# predict_model; lstm
# method; Hits_te_(n_components=11)
# prediction_type; rolling
0
3.1187568833396515
1.0211681906023493
3.8755725353548076
9.108776154179072
4.145533871573276
9.629236091572785
10.171355534403006
4.188777545036082
5.506117226753954
9.088607987022023
7.251042941210425
6.0560255304719774
11.098772751847644
13.86957654225678
11.382135586014854
8.729900893785395
6.090199607073345
5.387032752199861
4.15009178489122
-0.1831842101471537
2.016548313129313
3.436704725436668
1.4948581500710834
-0.04699129461902274
-2.893586231917256
-2.389876026692134
-1.6906498320369998
-0.6497205400732984
2.8482921562438435
3.0610723981099266
4.063869831115225
9.091674562060504
10.188083863898239
6.978588621599421
6.852485782398354
6.038297268077539
4.4417109143323295
2.483513552629516
6.033246237165468
6.477046935238754
7.782567204622378
6.9555131152936625
5.120954717035147
3.0820401691435624
4.940852076849364
9.986256654148942
11.038141546550236
12.529774326798073
8.460987432454445
2.90470361046234
-0.7241984189252602
-4.067321680377199
-5.808258364573535
-5.447301850367165
-5.6194718037001925
-6.8076377906438434
-5.524689208635172
-2.8129940373408857
0.8581226249745519
2.5896879346151263
3.8689496921114532
4.1993230702521664
2.1447982685214786
0.5112734688842089
-0.5027963241243505
-0.27862129896340804
0.9613485746786079
2.22608990246313
3.372354591616878
6.258280793688396
7.1841621552929915
6.155361330266803
2.6365152717047007
4.039921095736533
4.40173414493062
