# max_attributes; 15
# description; Austrailan macroeconomic dataset
# number_predictions; 75
# predict; AveComp
# lag_parameter; 4
# horizon; 1
# name_prefix; aus_macrodata
# predict_model; lstm
# method; FCBF(n_components=2)
# prediction_type; rolling
0
7.2707769643878635
7.2268484294862105
4.566736961667933
6.1706334509310015
7.476810880152437
4.520422781796759
5.121957294521522
5.8947486786480265
2.1705348805117595
2.0757791097900817
1.3741544827823322
3.2239731247581815
4.21611501665126
2.210206292929227
3.9335368653530267
3.5387252757876038
2.7806883121162826
5.460548641304722
0.051906157373977635
3.9927742473614103
3.52412038949155
1.4872759239022084
5.495007062882328
3.6493115377788268
3.240210233914288
3.1960217396283
4.298563550945071
5.246205227343513
3.0945708644972196
3.0257069334290847
2.964894841698774
3.411560276599795
3.720983260250339
4.012451792440295
4.894186863333108
6.252011090592882
5.208878050436114
4.882829168815723
5.212931576411329
2.513944678007265
4.025397999832757
2.954537875784805
2.6939987590169636
1.822438912521637
3.960005561781985
5.506609763368136
5.531152919932591
6.7463986269864336
5.8072458897755865
5.890937858115709
5.722794748012182
5.026411868413357
2.6407553962642094
2.1849338697733174
1.0799276204877906
0.563220960581166
1.8941934539120542
1.1187944241028553
2.0807557216322383
4.648059388717211
4.230784317662016
4.698111922566662
5.572148284789749
5.64452856912299
5.057922166530556
4.7125316165579445
5.789791802616705
2.7865673050956588
2.5065151308239777
3.060482827529153
1.2850108440791193
1.0119212103091328
0.536140324362532
2.0284066881773644
1.2105261540217995
