# max_attributes; 15
# description; Austrailan macroeconomic dataset
# number_predictions; 75
# predict; Emp-JobVac
# lag_parameter; 4
# horizon; 1
# name_prefix; aus_macrodata
# predict_model; lstm
# method; Part-GFS_granger_graph(n_components=11)
# prediction_type; rolling
0
1.248799058794976
-0.7540448874235146
1.4970815062522895
-3.3534693688154213
1.2419399648904808
0.6747360408306129
5.174783545732499
1.2966922402381904
4.202157604694367
2.770007941126824
5.513534206151963
-3.2922745019197457
-2.3133723407983773
2.207536998391152
4.017219084501267
3.255977842211724
12.872497487068177
-1.7033363699913018
3.8767969787120826
-1.1777058064937584
2.2123893082141883
-6.87948767542839
-4.594537389278411
-1.4161425054073327
-5.985012148320674
4.4176855266094215
-3.299722206592559
2.7931565225124366
-5.7494617074728005
5.927510011196137
3.5180691212415702
-0.29354932606220174
5.312711226940156
4.953036773204804
4.434703606367112
10.148225563764573
2.893589812517167
7.252997207641602
1.9651085317134864
-4.869450744986533
1.2737995266914375
8.402885633707047
5.065448808670045
-4.528900977969169
4.009925130009652
9.895997244119645
4.46651612520218
2.5376810908317573
6.887868064641953
2.8468899160623558
-4.781294521689414
4.4658185124397285
-4.452816438674926
-2.6689712673425667
0.7380363672971733
-2.820074421167373
-8.970912952721118
-2.5418336361646645
2.07933917939663
2.4222112625837333
15.538899677991868
9.001127588748933
2.8084695816040046
-0.40113544166088033
-0.30902990400791097
-5.506584611535072
-6.032655198872089
-5.106390100717544
-4.337343168258666
-8.423047129809856
-5.171013367176055
-5.269759994745254
-8.173289139568805
-5.171591651439666
-1.064391922950744
