# max_attributes; 15
# description; Austrailan macroeconomic dataset
# number_predictions; 75
# predict; COMMP
# lag_parameter; 4
# horizon; 1
# name_prefix; aus_macrodata
# predict_model; lstm
# method; Part-GFS_te(n_components=6)
# prediction_type; rolling
0
1.032574839036613
-4.768322222029468
-6.679743982877554
-0.062149054199920784
1.7724031135668241
5.7145464094023595
18.720778378103276
14.296001804185963
-2.7386898162504707
-7.462036832019734
-15.461662206866777
-11.423818847161513
-9.283164049227466
0.7445976118016944
9.37739111811672
8.017022878677679
11.79375610904303
-2.7715585893100183
0.3300062479537331
-11.391844306504723
-7.3642788871719205
1.3861978962467418
-0.9523803401595359
13.363283014578414
3.3178086732642953
-0.3366440082859157
-13.898005134539105
-7.029469103973199
7.84473410241722
5.55609530634834
4.935543876921528
-0.7707823752962355
-9.413079967019826
-0.7291432459790883
8.90672679681002
14.923626841208772
9.739543776706796
-1.3584994252174596
3.7190324091431393
-3.305942701570629
-7.994231221345444
-0.20332312865237157
-0.28735804547358157
-8.109655988406288
-9.283313087961247
-6.776011540387472
-0.5174509214083258
3.5670931523039258
0.9741975134631389
4.86414285891847
7.978112304640675
-2.2558616413629835
5.894367373978184
-4.536429416771256
-17.504650776096895
-18.794013523403308
-26.64725993263326
-9.562244810506968
21.447785948318483
37.527999124014116
20.689820806337906
12.245928162841864
-10.413175728818118
-15.147465627002916
-23.787837179705235
-14.532766834006836
-13.821227257601635
-8.80301857154818
2.1107668973405254
13.43234527091279
6.746146666620135
0.9802622434765595
1.486592680230828
5.385572065857389
-6.44711744846839
