# max_attributes; 15
# description; Austrailan macroeconomic dataset
# number_predictions; 75
# predict; Cons-Final
# lag_parameter; 4
# horizon; 1
# name_prefix; aus_macrodata
# predict_model; lstm
# method; dm_PCA(copy=True, iterated_power='auto', n_components=3, random_state=None, svd_solver='auto', tol=0.0, whiten=False)
# prediction_type; rolling
0
3.3696929158581144
4.1448458110714075
2.4231239500603614
2.2325061755074005
2.7089183080756882
2.315492063729322
4.007926515140621
5.246582002165168
5.847794276329183
4.408837375256825
5.266371653661793
5.86039109898013
4.095442598423833
4.692816656152912
5.236007069207116
4.346816096370678
5.3042252275661115
4.4153928964737155
2.555861695691486
3.375439306311007
3.417821513248115
2.738146360592361
3.3926784776696834
2.8895490971987217
1.809087109489818
2.754593895906261
3.6582033290325935
4.137257476609042
4.074707607277842
3.345596439375975
3.8405189220978073
3.9624727353573226
4.553781124007714
4.440935811348641
4.604918813103828
6.281194704474085
6.146394144003314
4.845110686222473
4.4220952483697875
3.8865025419489605
2.9053262098795942
2.7547157341294106
3.0584756067568106
3.2678574048920295
3.2489025014268353
4.2587395572609745
4.966662120939891
5.053094156442765
5.566957171967575
4.868334301177735
2.941665240948444
1.9722950327023492
2.5669336661188504
2.4577819260554357
1.3014768940582262
-0.062386580203901865
-0.07829380985898426
0.3214481843292267
0.808958373200861
1.9460214008942218
2.1797505372889896
2.5816082990830624
3.031370663379958
3.4869387752128196
3.5084722753289963
3.6087951178938145
3.2790277831150156
2.7654287504070334
2.6060955950963844
2.35327190988835
2.329333823096305
2.423737514855918
2.2109623660031117
1.8558636150085492
1.8517136176846276
