# max_attributes; 15
# description; Austrailan macroeconomic dataset
# number_predictions; 75
# predict; EXrateIDR
# lag_parameter; 4
# horizon; 1
# name_prefix; aus_macrodata
# predict_model; lstm
# method; Hits_granger__graph(n_components=9)
# prediction_type; rolling
0
28.865407734181417
20.53983371436874
3.666773887755369
12.812378591965285
17.654067921998347
-6.990206524961735
-1.931428947435876
58.7846933850484
82.55973125071841
131.66683973707907
125.6403703291667
101.72839029416346
50.64791820541859
-43.70832903477776
-65.45443119814324
-80.82040290691188
-25.0685428510333
18.425892181650426
-2.056594727550987
-14.142255392383987
-25.91388625395284
4.239543853883305
20.954527745026695
27.698082206127197
24.78221636849827
29.155153261278116
-8.099881340730548
9.495898244367169
-14.431218723886872
-7.00269268425572
15.110237484956912
31.565981477162666
29.64191068229283
15.131313310679332
-1.4628503314257557
6.476637737317844
10.059803327098479
7.1357678910451625
4.758226443208827
12.082112094510904
-2.3160953583532375
-2.6333191269588383
-12.762563760607094
-16.59745148056254
7.76242244252532
23.2737956211233
28.38802217518898
17.133313962859575
21.691689151789575
0.9123445296291379
8.459764299521225
-49.30333066207578
-36.38474757065107
-9.165593867105855
-3.2162721209100766
21.426206173204974
29.61737291681257
22.13219563704368
15.3925376688087
5.987910342214974
-1.0311507891539407
7.089430044663004
1.0926261289015144
12.995774488509369
1.5887988672492668
-1.5205010437111355
11.131787903327933
-5.1675459403205934
-5.968919811294825
-1.6053113252264666
-8.765877433559211
5.156117753703228
10.427275920055337
22.852076315224537
12.761217206087878
