# max_attributes; 15
# description; Austrailan macroeconomic dataset
# number_predictions; 75
# predict; IP-TCO
# lag_parameter; 4
# horizon; 1
# name_prefix; aus_macrodata
# predict_model; lstm
# method; dm_KernelPCA_fit_inverse_transform_True_kernel_rbf(alpha=1.0, coef0=1, copy_X=True, degree=3, eigen_solver='auto', fit_inverse_transform=True, gamma=None, kernel='rbf', kernel_params=None, max_iter=None, n_components=1, n_jobs=1, random_state=None, remove_zero_eig=False, tol=0)
# prediction_type; rolling
0
-8.568052563278258
-10.915418128213439
-9.637962815705883
-7.273990370866876
-6.580965515099038
-1.498213657306465
0.17302584262260723
2.2505981369744745
4.365570620022936
4.641960364017137
5.270522758627749
3.609350623407792
1.9931541196358324
-1.6023475160303065
-3.873656062927921
-4.0948675350015975
-2.3567875683899473
-0.852627875836248
-2.927587212021038
-1.4816032175141345
-4.995013824116555
-1.2313572947447256
-5.582338470215717
-12.980644729209153
-4.7879778280936875
-9.237026812265768
-0.6698774392354352
2.869555952382399
3.698611267932648
0.3800547188684362
1.3207410183466948
0.7265315478672534
-0.7672403900113522
-0.3704124979129233
-4.568503581613399
-6.901013731792169
-10.101755770584766
-12.921504301375876
-13.249359353573638
-14.246687039150437
-12.586764424797842
-9.332239590381029
-11.066741869039113
-6.869957264422183
-5.468336600539388
-0.5402903776579393
5.158777858267385
4.230173820395478
5.400394611286117
3.941829970781342
2.1439082782997474
-0.5013238380165177
-2.0255114633331175
-6.2627613206546044
-14.243337184061588
-15.030382255293503
-19.43967084468619
-19.687200572521697
-16.752499681821817
-15.842930367818234
-14.597154503170081
-9.726376206765131
-8.604399024975585
-8.711729663582304
-4.879794472569458
-5.794329831045893
-7.551704393387169
-2.1246543583645234
-0.06282389100830699
2.7298018492174805
5.091510204963498
5.044861425915329
-0.4580142343916691
1.560741581981432
0.1922848394671206
