# max_attributes; 15
# description; Austrailan macroeconomic dataset
# number_predictions; 75
# predict; Cons-Hea
# lag_parameter; 4
# horizon; 1
# name_prefix; aus_macrodata
# predict_model; lstm
# method; dm_FactorAnalysis(copy=True, iterated_power=3, max_iter=1000, n_components=15, noise_variance_init=None, random_state=0, svd_method='randomized', tol=0.01)
# prediction_type; rolling
0
4.89685021178877
-2.750008809078956
-4.249573799256712
-3.7062731978155448
-1.9582183619469617
-4.519904308920626
6.012385793675946
1.5873064110512587
-4.030966406224781
-6.8069947099697234
4.4279992958425325
-0.31133023798834714
7.848827774863594
16.806999587180485
3.9185236828566303
4.325451919294284
-2.5851631500717467
-5.52464997227268
3.053147437015575
5.6733121729976475
8.18636530899311
9.324693514055191
12.775422578291376
8.258766015634606
6.151128342814591
8.938488199017609
-0.5810636684794233
9.588522207129834
8.922313958864855
9.120559786438626
8.999532744731866
-6.37159965544131
-8.479552057630087
17.224703742746172
10.630390393804937
13.785253128481976
11.443599275386497
0.001041898465960145
-7.673065173677681
2.936762329702429
-2.0430437551503857
3.001161398318324
7.742348223979683
8.799535830299789
7.414444257936022
2.5799654304967206
4.866967759129867
1.787147903572837
1.6482913783664905
7.925699451797154
12.343520631201464
7.277046108323205
8.400101520313434
3.7248887052943758
-0.7104161438586623
-1.299074039514231
1.8139504120386505
2.2054944697019288
-1.080181706313052
3.249118923965689
3.6683203106025317
8.802100291823045
10.793194845054241
9.956014724143156
8.177700537482707
6.236540453730157
6.452548415308964
7.2783568331017605
8.178573490546686
8.16971185128298
4.727821113023921
4.393941174521515
1.8381988204419102
1.8297153744937553
2.6939130041801818
