# max_attributes; 15
# description; Austrailan macroeconomic dataset
# number_predictions; 75
# predict; Cons-RecCul
# lag_parameter; 4
# horizon; 1
# name_prefix; aus_macrodata
# predict_model; lstm
# method; dm_FactorAnalysis(copy=True, iterated_power=3, max_iter=1000, n_components=1, noise_variance_init=None, random_state=0, svd_method='randomized', tol=0.01)
# prediction_type; rolling
0
5.902343598512008
6.892324460273976
6.541606484309913
6.768970389690821
5.856940822567832
6.471114023763139
6.950564088876703
7.432386979873375
6.768341890577531
6.132134477391936
6.1789296206024815
5.988705178208537
6.175061933751458
3.8852443458445407
4.153275044620546
2.89565798814138
4.351975522748511
5.706833962036139
7.182654307589566
5.02271557798348
5.645950769470737
1.826891378302328
1.7927077949912604
2.2055002110708415
2.72385727206229
4.686609722942588
6.113441946840933
7.090593691318052
6.365653806396249
6.462475545181373
5.911869711226082
7.105287033665093
8.376723335262973
9.072286204707815
8.436836858145021
7.863593453050683
6.192377567783495
5.763814658568862
5.151588837703045
4.310649288745314
4.661446552289821
3.9326815250723577
4.155916674739796
5.084362638701961
4.5220145074669595
5.130550555076898
5.286002558836703
5.404210672064568
6.28276154180509
6.346315372141127
5.950411210696544
4.720042008082846
1.4340784655734264
0.3638634070086688
-1.3476354037336549
0.09087336676793534
1.3746166479257749
3.3559494664383926
3.517301626489438
4.09399114056804
3.5473670902258796
4.277938327202772
3.973212949427669
3.867932579499353
3.580342988317714
3.356231807578517
3.507599534023644
2.338198613086071
1.9417848838988654
0.05763639981365465
0.10297245815965361
0.049788863192926414
0.03754279970086927
1.0107659412590575
1.140175842529203
