# max_attributes; 15
# description; Austrailan macroeconomic dataset
# number_predictions; 75
# predict; BusInv
# lag_parameter; 4
# horizon; 1
# name_prefix; aus_macrodata
# predict_model; lstm
# method; Hits_granger__graph(n_components=4)
# prediction_type; rolling
0
9.815324268712516
15.912112618694117
16.145158816357984
8.39402869135725
10.974844417126768
12.547768971552415
11.192638828409585
14.363843517320092
7.542581586258507
9.949062255142849
15.571274317822393
2.2396102790645642
-4.398575303502362
5.30629012413597
-5.016025548284773
5.991378129043845
5.043196809063012
21.754171425747366
-7.9723049738455245
-11.832571918030524
-1.610775951126051
-16.084062283667812
-1.9737643486006604
2.585720124464025
10.90297843899468
11.307562617508488
15.928977442788728
7.920080459164943
17.463065540263905
10.498078516928423
11.76613894349002
11.476361866240516
9.506108371016971
7.554188593805918
5.087847065772586
3.602980642527122
2.2839653841925056
19.43968881845847
9.200434292300997
14.574444466799427
19.416282611636085
16.54445085837323
9.178950002754348
11.329561706325428
10.184449073488949
7.918412509529219
4.142644717569148
18.107402034935852
11.553712172598729
16.92311660962566
22.187584363397256
5.834535951363023
7.000285170947748
-2.3607973039928183
1.0349559626266753
7.281111604884529
-3.1639871254948346
-3.8400764391580964
-10.305728762285845
-11.542509985184793
-1.8761549749590785
3.8225459632997314
12.82027624928135
16.080747131659656
24.039324202610423
24.67770275372758
18.052977456081102
11.929398952073754
5.01227796488957
4.277961421761695
1.2183652146494452
0.546651694783634
-0.44909707777173224
-7.5648276234326985
-5.030741943424715
