# max_attributes; 15
# description; Austrailan macroeconomic dataset
# number_predictions; 75
# predict; Imports
# lag_parameter; 4
# horizon; 1
# name_prefix; aus_macrodata
# predict_model; lstm
# method; Hits_granger__graph(n_components=7)
# prediction_type; rolling
0
9.88504259287599
6.540302243250316
6.576817974495057
10.038222763042356
10.98317245448687
9.99425178468011
11.847228297635866
9.97855774051623
6.5427450753815535
5.921578187394424
1.5756722798576206
1.7896082969609068
10.14981333208133
14.34137526735151
6.639428991116553
10.6770771383948
6.613076363361202
-0.01765729587874887
4.826348228706628
2.2735348785310876
4.169107316542508
2.731604312448006
-5.1406392430615675
-5.971284747698686
-0.16680064753893475
6.005018572958825
9.720282015672403
12.45682630137884
14.794666583074623
15.196055397871028
16.512108162988063
11.845465310295872
9.040333519294663
5.401181965751782
7.363598126373098
17.481578358089514
16.52877012176998
11.721026826981763
9.844359451470254
4.561404647605208
4.868533174142726
8.778266795530186
6.987267545576977
8.507315998307305
13.108459454247985
13.077321026436778
12.57447785957362
13.812690316559177
8.355265061861985
3.2843258095882533
3.6822424227390016
-2.2415794043350417
3.1996179167859395
9.706450823055143
0.9356733070600356
-10.272067397566062
-11.444582649852375
-2.6482379764963113
9.40367407136776
23.664655347418496
19.332680496705578
14.726843423053623
6.443284166516229
7.0479465738934195
11.113053537061923
10.988822464023109
6.461386474432132
4.157649819298051
2.966073946805359
-2.0323254821499503
-4.753315917674886
-3.5695275328332663
-3.0126731939112403
-0.3912723384409347
-1.6580497994516463
