# max_attributes; 15
# description; Austrailan macroeconomic dataset
# number_predictions; 75
# predict; IP-PRM
# lag_parameter; 4
# horizon; 1
# name_prefix; aus_macrodata
# predict_model; lstm
# method; Hits_granger__graph(n_components=9)
# prediction_type; rolling
0
-5.943195715639632
6.031136728814786
12.07819642824846
5.7351628855656
9.048784845408605
20.44561557127183
14.517906975897432
-6.035712816482217
14.948994428779272
-27.2628202579144
-4.2331076466122255
1.9455069667830287
-10.223439400531696
38.77283537104377
3.6291878963421595
0.7493403843447481
12.958182785577947
13.364772752602889
11.349885993990455
1.2812710278147534
-2.394533589309276
-0.800184009038702
2.2135549342800687
7.149250151528122
10.864636271387567
15.440067471571197
8.778036403039948
-1.2250257712857149
-5.990258567229006
8.41805995734289
2.520609261777821
1.224969946048958
19.702773796356965
18.36961091049035
15.183922262701245
3.356579226690897
-25.25210328412868
-26.624119757707085
-17.770305099914005
-2.071968381184604
-4.637900292591169
-2.510743874840685
0.36380603337364903
4.9101925254539935
11.270992586676513
4.69242012091604
10.708628804595222
-0.6662476446911825
0.45078289209195077
-2.1352295887009944
-12.855458806799497
-23.53910804830938
-28.49090726212954
-47.614223459409175
-29.961875245895186
-16.262847005612045
6.046413957705738
19.897100147849912
22.01293344301064
-5.177181979139277
-14.086223819373167
-15.550748407188927
-5.851797447148186
-0.2723018312248229
-12.308749691028808
-8.78312472720549
-34.13318779549212
-18.27758997854079
-9.835887556686458
5.228003819412024
11.311081832607428
13.91376446610198
9.759454573600152
-3.15063060693835
-12.57742672089195
