# max_attributes; 15
# description; Austrailan macroeconomic dataset
# number_predictions; 75
# predict; Emp-TotalPer
# lag_parameter; 4
# horizon; 1
# name_prefix; aus_macrodata
# predict_model; lstm
# method; dm_PCA(copy=True, iterated_power='auto', n_components=14, random_state=None, svd_solver='auto', tol=0.0, whiten=False)
# prediction_type; rolling
0
1.7696117561918991
2.2937108708204135
1.4327829609608767
2.073648925657569
-0.603508177696815
0.9910456800168319
0.10344160912651024
1.456034606866094
2.492536377727419
1.3627928741136377
2.658065493230778
0.7437628985926623
1.4539332307789112
1.0218062249995263
2.8055241802904543
1.6297644632988773
3.272118107673339
1.8938670970233376
3.7771368090634883
2.2991966256818714
1.1670621746780765
1.2065583851817197
1.3856755830496263
1.252624485549823
1.578199909562692
1.1940768869658127
1.805670979822398
1.6725797459713019
2.7505759280571342
1.936065141570229
3.199728003074212
2.6906521288177756
1.9105143856889737
1.103753543146349
0.7054646561335414
1.6830727941053585
2.1501284029076353
3.7485792282209673
4.2768425459858825
3.3932446271763053
2.9231041883006452
1.7528991609207698
1.6764414525392013
1.8507044194911342
2.869866606316782
3.6190490184416446
3.715517305671766
3.715006644298254
2.857605291135369
3.5814759514143577
2.7848079272880955
2.8223991350391295
2.589136638722809
1.1238260272146934
0.18365263325158265
-0.2989303012839253
-0.09139724697778018
0.14191332225647324
1.9201784027477369
2.7938415541966086
3.3844572605926735
3.384859077623696
2.2771574604001743
1.22355261518904
1.1687075383220389
0.41158016947260245
0.5220893768838368
0.9300354781840023
1.038155552277598
1.032237141154745
1.3759229032035432
0.9153208568746911
0.7461361587770217
0.6309203405893151
1.044688026899327
