# max_attributes; 15
# description; Austrailan macroeconomic dataset
# number_predictions; 75
# predict; HCE-TelEqu
# lag_parameter; 4
# horizon; 1
# name_prefix; aus_macrodata
# predict_model; lstm
# method; Hits_granger__graph(n_components=10)
# prediction_type; rolling
0
-1.6696448129491337
-1.7679330423956223
3.606218628094222
-0.5564925521136992
-0.2583488855762859
0.9172693138694044
1.7078743235200626
0.26671504761173637
-0.8045686238645082
-0.6215573383347035
-1.3719784857687962
1.3670228239172282
0.042746173325792114
-5.627302860844637
-4.894482432253305
3.3647254716599484
-1.7825402506951527
5.033681696306058
4.622015499141764
6.697574379929076
-5.621156726639153
-1.852958725391595
3.3146017193019226
-1.6945662951995963
-3.3698589658210096
2.10970046622543
5.00004019116
3.0087488661544803
-8.082057942987326
-5.614675206937683
0.19491447268533335
5.478118956259397
0.1748007025214946
3.812313795342998
-2.171475110894395
-0.8622206106579817
-3.1744898947135773
-0.5558498599074433
-3.9245678569889897
2.334783132344551
0.009962631076437134
2.706664810022385
1.4416780753908505
-1.1825465179065624
4.365475233431827
-0.5516130831302597
2.121755624890401
-0.6771314949856126
-2.7453867716231635
-3.7251616804694265
-4.343990038739495
-10.56102317814248
-5.805041574391055
6.254768809412024
2.8865281516875534
9.567962567683917
-0.09999701363031477
-3.0059828619357027
-0.2904990952146207
-2.220903133339821
1.1831785344113541
-0.0989705780193475
0.8689987613682604
0.9402096817947481
0.5003555036423535
2.7884177545505615
-0.21370673616193514
-2.336743723720346
-1.1204518432406942
0.05938441379170456
1.7080739948851154
0.6886487207507805
2.4218741660227714
-1.1242611985020652
-3.811148281909709
