# max_attributes; 15
# description; Austrailan macroeconomic dataset
# number_predictions; 75
# predict; BusInv
# lag_parameter; 4
# horizon; 1
# name_prefix; aus_macrodata
# predict_model; lstm
# method; Hits_te_(n_components=15)
# prediction_type; rolling
0
17.40594341323284
26.19441122783787
0.3066110910341351
-1.9379686393400277
10.13115018903855
14.684611510640885
-15.306941897213136
11.722991900649681
28.32414953699638
12.629258264043735
-12.769458542021255
-5.787105623301414
20.98105960961066
-1.8367796947723818
9.953963144195981
-3.3561788530687053
16.51157234497756
12.521088641370994
-8.034564797594058
5.552020975819701
-1.698638458583531
-5.558871082817177
23.197277332187134
17.879524421945682
-31.78051168241186
6.367294852192934
14.167924643029338
13.006695361037735
9.69595261391833
7.138498479034446
11.951494136754476
22.713846497436144
32.18760823665716
-2.4913915828792597
-1.1999661334369023
3.862048227306431
17.502766859988448
6.995929969121121
20.966713869945316
16.904137676527732
14.88433989953176
9.666197216095732
-7.494018699802268
-0.13663794467337453
11.687649214746905
5.66243169131576
16.124601165497843
24.2020625479336
21.40145842170768
7.506737829065983
14.461264131229228
0.022030054419396095
5.9537909183226105
0.7378412797780101
6.96720073784396
0.5747288469850957
-19.365890471772758
-2.2302373450577235
-1.886138648807517
-8.235127161302799
17.444690638309787
6.61865760789361
24.732861779541288
12.269715589684914
15.806619952226875
20.228237748713532
9.31509038577935
17.81924485939019
4.438592522071829
-4.237295556111661
-4.806025197954099
-10.141981410392908
-10.386092360372807
-6.756675136965114
6.218809582666438
