# max_attributes; 15
# description; Austrailan macroeconomic dataset
# number_predictions; 75
# predict; HStartsVIC
# lag_parameter; 4
# horizon; 1
# name_prefix; aus_macrodata
# predict_model; lstm
# method; FCBF(n_components=4)
# prediction_type; rolling
0
54.708622485533596
3.2150158390623744
14.89669606261451
-15.05829025837194
10.508083306006512
-22.036056057761535
29.480986287586575
0.18736759126093716
2.073054885671766
7.1975844762929455
-3.7778521687305897
2.7116184627577127
6.273973893449124
-11.326846080837306
7.265731038356421
27.58443889749404
-3.6176854965287077
4.349454399674116
2.823664790313117
-15.774019373214735
-22.077526119097307
25.415061212053587
-11.388101901423973
13.021768373905502
28.04708040910559
8.741591483433282
14.451288582550731
0.060570770231706206
-8.17001796391257
-8.406693400074289
-4.268882099655485
-8.797664022471174
13.875035970840088
2.313563296779975
0.5415732367366957
12.782702711794002
-1.8011424861243484
-1.4303631718256895
2.4606016708973613
-3.8180840499572355
4.957160375084172
11.872744410501156
-2.3215154911713967
14.307307974963678
11.868143404994228
2.7293262327820145
12.998146050780264
22.358120135119947
-12.334835946421514
-0.16156950812734294
-21.910009322653487
-20.771220981484497
-13.579921152726179
1.4934215039240684
-15.154053620260505
-4.361117545465035
-9.793964750039748
-0.2761065516123864
-7.5458675210823145
-9.966520401188497
-3.554441409911746
-15.863164752143263
4.592180768195163
-12.528268390888321
9.184515425423129
3.4351319621126066
5.104981135473409
8.822478739373182
-3.0969177094178946
-0.08535503625139995
21.48997284330885
4.089199707521402
7.949249525722934
3.030803350248675
-7.6509441507481455
