# max_attributes; 15
# description; Austrailan macroeconomic dataset
# number_predictions; 75
# predict; IP-FBT
# lag_parameter; 4
# horizon; 1
# name_prefix; aus_macrodata
# predict_model; lstm
# method; Hits_granger__graph(n_components=15)
# prediction_type; rolling
0
18.56844155370108
-10.306569065078014
9.328713843485875
7.348518943206969
-12.791043423021161
3.9839337422845666
7.810683884649492
6.176393818500987
0.7962118782972389
-2.3486645762467866
7.899227751637888
13.079606565899322
1.847635437101168
4.8717077442383605
7.492168312296322
5.476098736391364
-1.422289474610114
-9.404364730505984
10.01179767249602
3.193764439296384
5.61391057672412
5.318681005956833
-6.5805667830987105
-4.062237322904938
0.4396433761773757
1.7693994085075175
5.304037496148968
6.901632234633155
6.490527237196684
-4.427845820133861
-2.086701866913625
-2.412677038067784
-2.24422217885294
1.2088700238295758
3.4542493338262545
2.102672292025421
2.9753219333676775
-1.5940509845182156
3.124377668326332
1.5595481036044418
-5.819517804780979
0.6073641364986138
1.4851508672601135
2.8225075479603134
-0.5625009894301023
1.2466584856542475
-0.7889320300438349
-3.3983698948455903
7.384089079990691
-2.06785572108166
1.3773970106649713
-6.616096848982128
-8.334351479632046
-12.16847627048931
-11.854196993716497
8.904161051906673
8.584920997675965
6.626271419073646
17.425782966244196
-6.237859606812737
-4.621849885383877
2.0117962986392115
1.8825452054478475
5.8185157993591226
1.7778655883241896
-0.21344497969963072
-0.04474168090288799
-1.1438944904794255
-0.6714281219862102
2.4695550438840748
1.8938644333663177
1.6911826139460118
1.4275112814237971
-0.04319814982309822
-1.3286357664146848
