# max_attributes; 15
# description; Austrailan macroeconomic dataset
# number_predictions; 75
# predict; Cons-Edu
# lag_parameter; 4
# horizon; 1
# name_prefix; aus_macrodata
# predict_model; lstm
# method; FCBF(n_components=3)
# prediction_type; rolling
0
16.169985522537914
6.841458988878411
-0.9418524198715854
-2.7617680664308484
-4.234372084091007
1.3092345618291397
6.227996573992492
7.707721175578506
15.696170726666711
9.153635429519845
9.110722147007763
-0.6554114231566981
-0.4210692686733086
0.44885164975479874
-0.7098702377236972
1.4719564617806338
3.418676726920495
5.564253063619269
7.6512186869376
-2.0682563710948205
2.344130198439295
-6.074865837347058
4.016412017631861
-2.0623938796421317
6.874454707122808
6.666216841820958
9.49857094841704
6.395740515730147
6.534062264072787
-3.1254516806541677
-1.4539948189683773
-5.511063540545065
-0.9777968125220475
4.636480547638548
5.83614046726079
8.086646492970829
5.86974425277544
0.8037473363589953
1.9463586687090846
-1.2451747066625245
0.4451632247205932
2.79351514939545
-0.2820232618622782
-2.27611596949607
0.9240168455510194
4.011402885978825
4.139464951525934
9.548848170864407
3.622353442188796
2.4859273546195553
5.465445359736535
4.967019977086519
0.43715119610236286
4.0956776530011965
0.4734273791741721
1.9742406832221242
6.107634111841957
-0.6263778247687863
3.001484483928273
-2.2547703553849168
3.8664698584621675
1.4149737161874256
3.5869745133692703
2.3813720594689585
4.184611687068877
7.451896559572823
5.222929799970835
6.296092362180886
3.6891117405852967
2.4778185000028756
4.044003554149555
4.138487654448266
0.8349782394050163
1.749035029952271
0.542191912258513
