# max_attributes; 15
# description; Austrailan macroeconomic dataset
# number_predictions; 75
# predict; HCE-TelEqu
# lag_parameter; 4
# horizon; 1
# name_prefix; aus_macrodata
# predict_model; lstm
# method; FCBF(n_components=11)
# prediction_type; rolling
0
3.2038527487302026
5.943209723035228
3.7405194601467535
-5.794959730388506
0.4025071751719942
2.800407396048872
-1.1300766270091813
-0.9872429639657874
0.807911803122888
1.9741953662524345
-4.47435984079258
-4.510884101271568
0.8998885455147061
0.14254129760540124
0.19054354170975785
3.663333998094121
1.2137937704308541
-0.9013780372635836
7.474436383907072
4.4885164724145135
-7.090541421916523
-1.1105275524246316
-0.042569657122520255
3.3355328941164366
-2.3861249481895896
5.116342521572211
-0.19206111224434252
1.8770864458057765
-2.063275070092157
-1.359626939921327
-3.3939786427461875
1.3200314160984448
0.5956143440972035
-0.9999158559163845
-2.282773177720003
-0.8336364068048638
1.1083423307631541
0.5861205946620309
2.213542055512402
-2.4164001189154867
-1.7301015584485633
-1.329688714623952
0.803899656631387
1.2283011430478616
2.3262908595997125
0.8012914494254062
0.4068063492507541
-1.3051010579369375
-0.525038072387968
-2.602038330841747
-2.5021620900700867
-4.8929443387693965
-4.058912367152626
3.6086458831256216
6.955197238821402
7.210489558499763
0.73936836733888
-3.4464984514848283
-5.467400415954437
-3.14833606575694
0.16029644976956803
2.350179666509053
1.3625738963146823
2.3414034860420294
-0.733301545866599
-1.7333212592100153
-0.9158011735234588
1.6542937606545856
3.2072534016662324
1.7286183064298406
1.1274265454509447
-1.487482130720796
-0.6782952046600528
-1.9443239742279452
-1.314014512467427
