# max_attributes; 15
# description; Austrailan macroeconomic dataset
# number_predictions; 75
# predict; ExrateGBP
# lag_parameter; 4
# horizon; 1
# name_prefix; aus_macrodata
# predict_model; lstm
# method; dm_KernelPCA_fit_inverse_transform_True_kernel_rbf(alpha=1.0, coef0=1, copy_X=True, degree=3, eigen_solver='auto', fit_inverse_transform=True, gamma=None, kernel='rbf', kernel_params=None, max_iter=None, n_components=12, n_jobs=1, random_state=None, remove_zero_eig=False, tol=0)
# prediction_type; rolling
0
22.197472573010813
-0.9908537451539345
5.652866209992652
-3.0768973754479845
20.088387867219396
-8.149379998677311
-2.075784803950093
15.719438784163216
-26.620761612223546
-31.828037426402958
-10.24639951429727
-21.706808049692008
-21.922471770815555
-9.51048918333445
0.04757269460852598
11.909522604581952
15.84380177767104
8.954619608201938
-4.92343890424366
-13.81709523773947
-14.145444024568427
-16.350580152492103
-7.283995639303967
10.354318348927563
-6.236051243134355
-13.61609571359569
-0.6930096358439641
0.6221457949675226
2.18976315564899
5.902205189849141
7.853999246155013
21.130272746320394
21.934904544953966
10.079494605897366
-7.478948071909699
-7.538766646935898
-5.5607443665446326
-11.359932073515338
-6.389088219325679
10.239407042330576
18.21596395827217
2.2452182985277034
10.636386176272858
5.420136022648201
-7.633505104672565
-7.513540748982145
-11.584641580884842
-8.684649074960767
-1.7218974099816862
19.209799310706806
16.242474925612676
18.529402108431967
9.843028475698581
1.1581417647885957
1.4304058485239182
0.45240062201970943
13.117839181815398
20.178551658789097
32.301147781426465
25.747421802265293
16.370457890356292
11.450208725675552
3.501348317346924
3.6398805575339637
1.9222249153690854
-4.003208252988927
3.8635069728231954
8.632935047595396
3.961871614560934
-4.26668748662
-1.818779271739544
-9.214011882385819
-4.573618800611115
-11.60064773516483
-17.806589326783154
