# max_attributes; 15
# description; Austrailan macroeconomic dataset
# number_predictions; 75
# predict; HCE-DTA
# lag_parameter; 4
# horizon; 1
# name_prefix; aus_macrodata
# predict_model; lstm
# method; Hits_te_(n_components=13)
# prediction_type; rolling
0
-5.403854966304181
-9.707827376655963
-2.723065377256958
3.2782521009574026
18.566812567426318
-2.1467795927959727
3.9527650695960332
6.693183461350152
-9.128068015748724
0.9477046144161605
6.7937726775112495
0.4509053744899987
8.046294324528198
-6.810892409094961
-0.5268313658781594
-1.5420660586988717
-2.609832342831524
-8.586017800741978
-2.674652058179703
3.100138216238328
-12.00386696534958
-13.078794374683817
11.504931613198245
6.329224900173223
1.535689404348119
10.671862384663505
2.477928972296759
-5.161299291354268
-3.311594823975689
-5.302537688519955
6.73527209243408
-0.07445500040780217
2.127403425952771
0.15346719168934442
-4.139450908979896
-1.351386163827847
-2.4009675805490858
-3.367661126679323
3.611309726068491
1.2139528595906484
-1.9488301971382285
-2.0063137190319367
-1.018862080058902
3.7028898743585827
4.098105065829451
-5.297796951386111
0.6489492514270836
0.23989533139435792
-0.6875051179759026
-5.2094458397604555
1.0217112447493832
-6.746645139145123
-2.1010784422079496
-7.472328057128749
3.154270431576691
8.222568603161342
3.0066851155284127
4.106525015135155
-2.1734733330701133
2.1379464251824274
-8.944068503099125
-2.0894572448493776
5.829730164924783
4.8222540524544115
-1.6327514136964183
-7.932301829002341
-0.675711631225596
0.9063996221785118
1.3910997006270875
3.5203853890114445
2.3062731609065494
-0.026892012844591306
-4.577271599709881
0.1808556472527343
0.39712329565742266
