# max_attributes; 15
# description; Austrailan macroeconomic dataset
# number_predictions; 75
# predict; Hstarts-PDA
# lag_parameter; 4
# horizon; 1
# name_prefix; aus_macrodata
# predict_model; lstm
# method; Part-GFS_granger_graph(n_components=9)
# prediction_type; rolling
0
2.8421187647920476
-9.886382181488187
-7.20890438010332
9.443527684912937
11.112058624640753
24.96279275991037
11.83592940320844
6.066109449574469
12.308094970578594
26.49389189503259
-13.980900844062475
-14.38370511115238
8.69609355273792
9.466445640542844
14.93872447171944
27.300905118928
23.354929230060947
-49.19642139425733
-38.789872547834364
-60.706626091809554
-21.554063985533247
72.67172487939112
38.732776218827496
34.516644329525775
7.824363363027317
7.764088253880317
-20.54712924698231
-28.78074965202272
5.802913623406226
3.661090833563321
40.038846592485896
23.340401448137612
-30.6805608551918
-37.73816490645703
-7.347133441033975
-9.983748692043946
6.779868993162438
8.236393024735776
6.587287298642366
-21.021433486081563
-10.330631122618911
10.78624653979952
-20.87804124133146
-2.7744128417712517
-6.520758277815702
25.47049318062605
25.685423361972425
-12.153159081706377
3.781438574060502
-19.307117254543144
-48.32274235575214
-23.12894894422226
-4.348032314230011
37.872890980232086
32.766122536939776
-40.21406340622471
-29.28948144401606
-23.337051827356404
12.039748615453192
53.3527108494325
16.63943672628264
6.946660078309947
-5.568391305513316
-15.100463857106035
-17.691673462174478
-22.74544334214373
-6.1312922355926815
-5.504053985567197
8.401956588239926
19.257386055396353
11.636957003225575
23.854935494496658
26.194085552223072
20.02222062323736
16.944874482816772
