# max_attributes; 15
# description; Austrailan macroeconomic dataset
# number_predictions; 75
# predict; Credit-Per
# lag_parameter; 4
# horizon; 1
# name_prefix; aus_macrodata
# predict_model; lstm
# method; dm_PCA(copy=True, iterated_power='auto', n_components=12, random_state=None, svd_solver='auto', tol=0.0, whiten=False)
# prediction_type; rolling
0
-3.1855913078809053
-2.9195516172646094
9.044127046539423
-8.681122619389438
-6.692272915679453
9.044978832542888
2.3652994737544617
2.0875113150489
6.002597831115629
3.0756978274432782
-2.7138232304326024
-3.955321190780076
0.9206968922695893
3.895239537949294
2.2815817084707746
-4.624443230492631
-4.021025668119989
0.6158722514022017
-3.1858759721152268
-2.444751534715884
-13.924251643135094
0.27736896290552693
4.131885991347531
11.615373293272256
7.316391680182171
-3.5635062492840746
-5.094300306181864
-3.638750288522914
-4.275932559804971
-1.6135540374992203
9.656521462440821
7.876531452140355
-4.772062599632214
-0.3370732701233763
1.9970763565150875
-1.991133560579776
0.08857258126677436
-0.08231864070325656
4.209628014410008
-2.11176499494632
2.2717530689385512
-1.5062267943629806
-4.445296745727347
-0.3215027985159722
-2.497906512051358
-2.8444377732957307
-2.492147026380252
8.084490812157611
5.408104161483969
-3.663919902915495
-9.0328859651266
-4.905854789762152
-5.182325548871681
-1.4186561317682802
-2.788025707511764
-1.3658586397503143
-6.616854547180836
-0.7930038653258862
1.8630590830370721
-0.5935535385453292
6.982628382191834
5.665798114625886
2.794520178319779
3.2519954631658763
-2.047605207249994
-5.9425379368668345
-5.895939063718657
1.4966895933700073
0.924307052636614
-0.5767649688189778
2.193883057305605
3.365569872560698
-0.10381630714307022
2.196067689801545
6.793659877992795
