# max_attributes; 15
# description; Austrailan macroeconomic dataset
# number_predictions; 75
# predict; Cons-RenDwe
# lag_parameter; 4
# horizon; 1
# name_prefix; aus_macrodata
# predict_model; lstm
# method; dm_FactorAnalysis(copy=True, iterated_power=3, max_iter=1000, n_components=15, noise_variance_init=None, random_state=0, svd_method='randomized', tol=0.01)
# prediction_type; rolling
0
3.204165028962602
2.4638658642943585
2.779402716847076
2.661281278373715
2.6724797455021023
3.0941809521861527
2.818106713553022
2.5985195755988446
3.6463516391052737
3.2137320620297456
3.6018431946440153
3.1061824183175952
3.8064295128741383
3.9561561877581672
3.2245357825915963
3.405345091750592
3.9089276610824855
2.990826081625265
2.324617249682233
3.3033670696017827
2.709215261658136
2.388465781069466
2.3528587553830596
2.7504726931494465
3.048974779475089
3.343380910598173
3.2016043910465797
2.9809749000602173
3.4503790646193817
3.534801856834828
3.493069018720142
3.3867156949579744
3.5456902892145115
3.456157776189117
3.6609885506659183
3.620279307430665
3.452738089909613
3.2436582937037874
2.8749439914275703
3.0429331536363664
3.0346190901405197
2.8132213402500006
2.8585282067250426
2.897050099284061
2.948764450609123
2.9561954553059637
2.8344308084048926
2.802925515432093
2.6305823608714665
2.536865279129907
2.5765358459309153
2.6133315382409807
2.669039575319792
2.712731965103679
2.59610922800268
2.680082649910773
2.798178427231168
2.9334582481582476
2.836957456548126
2.9012622049684675
2.9848943035290643
2.707480882854583
2.561901522995351
2.552784160366005
2.397167312968581
2.151771010843844
2.297523048878245
2.3253997460243294
2.5602976634186536
2.3773069311596933
2.2488888612678557
2.1630995001080398
2.141247940384409
2.1740848183466936
2.2548413858810017
