# max_attributes; 15
# description; Austrailan macroeconomic dataset
# number_predictions; 75
# predict; HStartsWA
# lag_parameter; 4
# horizon; 1
# name_prefix; aus_macrodata
# predict_model; lstm
# method; Part-GFS_granger_graph(n_components=3)
# prediction_type; rolling
0
9.963410921096553
4.232673228357825
13.31752224851445
7.651010565574111
0.36402781490613734
-1.524369408106267
2.6538265990425742
-7.855830761343327
-8.828087001701846
1.5882380423214073
6.236109663028969
7.060407011666527
3.082200444254127
12.348793378641545
14.85808847463862
15.617815143180863
14.46113829373239
12.68670960443508
1.5494076333373386
-5.298604493841083
3.6858134685182193
-5.657472273641687
-5.89704013024064
-3.4929281420921825
-5.364561188534694
-0.6897319505607697
6.837339328856842
6.0717605986773435
4.972350352393477
5.779010848602951
6.504255820630917
7.802276825463494
12.13572846785344
13.173391397112596
8.275758479109612
9.993551238551603
0.5710499953820829
-2.4109127456874972
6.111317015308131
8.487628043974325
13.440950881868716
17.075675164862673
17.724777334911124
16.264937292374597
8.491192081512793
3.081225100647913
0.3770592854943686
-8.206697790208779
-16.923999939151642
-13.637205654088646
-13.228984021131708
-8.331153101043256
-10.410145664848073
-39.095228459204726
-46.23107695137364
-29.01360760714403
-11.303553074725642
-8.346281927055372
-5.336166222796024
-3.013535759524231
-4.266478289564546
-4.875518037652668
-2.6462565577963915
2.1107215454163395
0.6176684863946775
9.821597427435776
12.263183143612281
6.797812245868343
12.045358849362287
17.010459144636926
18.938647453418454
13.848600508800956
11.763323212135063
8.497667483048758
2.390813828841729
