# max_attributes; 15
# description; Austrailan macroeconomic dataset
# number_predictions; 75
# predict; ExrateGBP
# lag_parameter; 4
# horizon; 1
# name_prefix; aus_macrodata
# predict_model; lstm
# method; dm_FactorAnalysis(copy=True, iterated_power=3, max_iter=1000, n_components=5, noise_variance_init=None, random_state=0, svd_method='randomized', tol=0.01)
# prediction_type; rolling
0
13.226222943026109
12.464500643251569
16.48946962203729
-1.2227721311686253
-5.758144628670216
-7.331494300782275
-10.527479511963232
-13.454820610644656
-24.790090592332604
-12.236335807571546
-29.591698720327308
-10.16147722570113
-8.262653206162447
-8.761161350291147
0.22208512944695258
9.050548845950381
2.7575270652624084
7.34497496133104
8.453468967907988
-13.905560873466293
-11.974045283030485
1.6149829631140307
-10.889033458285702
-11.371794313354357
-0.027001197954866996
-6.494224775217326
-2.680746610209546
-2.5347839027490338
4.385068617979819
3.446170677983993
7.17090570374917
13.293395361220668
5.80213825042501
7.228742406651428
5.721401294705032
11.958856102739276
2.4521282333734007
-3.3579421674440297
1.7087543003889607
0.29740869568731654
3.987426789074469
8.18274564996181
0.7556912555574371
-3.9065997529033325
-9.144163833277851
0.9463734474948637
-6.69034106585196
-3.316308356388923
8.303285721901403
2.7121117510742607
19.7206832832709
17.270571607638225
16.167673231655726
17.209703075279897
6.616582076355584
5.2211328670806765
0.9570511200873923
6.073362731437015
16.806304083882843
22.398546650337934
12.362474611842849
11.698168471640145
9.740729082617591
8.984387037574507
3.67502409979447
5.128003515551221
-0.8753750059948189
1.216657730028004
1.72967061016098
3.2340254529300196
-5.715769427625176
-8.343721509363967
-9.761720985679219
-16.38642573722911
-17.44013143773394
