# max_attributes; 15
# description; Austrailan macroeconomic dataset
# number_predictions; 75
# predict; CPI-ALL
# lag_parameter; 4
# horizon; 1
# name_prefix; aus_macrodata
# predict_model; lstm
# method; dm_PCA(copy=True, iterated_power='auto', n_components=7, random_state=None, svd_solver='auto', tol=0.0, whiten=False)
# prediction_type; rolling
0
-2.527518442577378
-1.5224726205931294
0.6338279646717115
-0.5758783160499892
-0.6934835229207827
1.2385966567310387
-1.0502861980651836
0.295307564878005
3.276787691102111
2.813415169081118
-0.00343299332674718
0.13306673908077116
-0.831866139680745
-1.955225595954106
-2.3581487726600354
-0.7677057606710385
0.7706623625704463
2.239008769133651
4.131210584178081
1.261741746777684
-0.11888476850874241
-0.3357261128119582
-3.677601876638718
-2.314118366561166
0.6122701899221852
-1.1642898412618266
-0.33242011819313255
-0.8247443329190958
-1.1192867158380242
1.048659915749612
0.6999541124779469
0.575505465469039
1.042890845669742
0.6524910393079715
-0.25814470929006816
-1.3335570785171385
-0.30656486321062104
0.3121596926038599
0.751300243660479
1.2485678117403225
0.15102607787101974
0.39103127851010555
-0.37608770936694746
-0.5857118516049411
-2.0606202039678596
-0.40505973221857694
-1.0367541396750735
-0.4341255865163429
1.4538631965966218
1.9884318922300164
1.6979047132769516
0.9054277770819024
-0.14444914600823466
-2.2825651970121044
-1.597481478633485
-1.388570455386116
-1.80290197208463
0.5811322245222694
1.0176752083783853
0.7842991994087392
0.8329304740830956
1.6929472852061505
-0.15131448015044846
-0.11276383050586603
-0.9802809018899801
-0.4444673757378599
-0.23087416332835176
0.1697610899493167
0.034559359213330865
0.704423617028846
0.44523457722745086
1.1706423595826045
-0.46342289171457374
0.13440852876050258
-0.23257407636083194
