# max_attributes; 15
# description; Austrailan macroeconomic dataset
# number_predictions; 75
# predict; HCE-Post
# lag_parameter; 4
# horizon; 1
# name_prefix; aus_macrodata
# predict_model; lstm
# method; FCBF(n_components=1)
# prediction_type; rolling
0
4.888723270526675
-1.818223287174277
-1.4951715837813566
-0.5269983827413682
-0.5889449801665663
5.268161016295188
0.05282076207217301
2.8377956250991687
0.7999636982587361
-2.0252046981960348
-0.35457801536233546
-2.9056606828390166
-0.9429034426417999
-0.8391339900310868
0.04661998787714339
1.3580010051806752
2.6874268508696417
-0.3202255824523874
2.439252013597475
-3.2452789558040465
0.6377041122607707
-2.1982401075630875
-0.7237219004892097
-0.21330538842934743
1.813675183569778
-1.6756126741620818
1.6640617240623854
-1.4395480496014414
-2.2125551199158906
4.171577119019098
-3.083227980538865
2.1725288047917886
-1.5322647301116135
-0.11907448173813862
-0.41510030502579554
-1.1715048384004163
-1.1356489695197425
-1.32490925846556
-0.9039184127694355
0.25004782296810646
0.5697437709526909
-0.3872255950423309
1.0650216179389531
-1.1538628445334567
0.30394492349743274
2.5326412838840184
-0.5947752904740753
1.7214476592606047
-0.6178087927623466
0.5638415259097442
-0.7744286955017188
3.2624011912512145
-0.4140104937838629
-0.8730692014754737
0.44354147109464037
-1.76947311696577
0.16979383537312032
-1.8243161592661465
-1.2511509774809184
1.7701654588381643
-1.7044908737049553
3.679604673126363
-1.5098174959171828
1.4014999397019778
-1.2736557594637006
0.7787213708829483
-1.5321244573775061
-0.5868336956813636
-0.09308805855999935
-1.5553953442927337
0.814879365652466
-1.2820325594058275
1.3586232406422454
2.5927715292393287
-4.493323236919984
