# max_attributes; 15
# description; Austrailan macroeconomic dataset
# number_predictions; 75
# predict; Imports
# lag_parameter; 4
# horizon; 1
# name_prefix; aus_macrodata
# predict_model; lstm
# method; dm_FactorAnalysis(copy=True, iterated_power=3, max_iter=1000, n_components=3, noise_variance_init=None, random_state=0, svd_method='randomized', tol=0.01)
# prediction_type; rolling
0
-2.0977211737638157
1.3459308315907563
6.1926250078929
6.165819150276718
15.329927207779967
9.121784302588658
15.616879323648647
9.214454445403625
8.138586620007594
9.831803447952943
4.08316264395048
7.160482011964291
0.5164433676573594
3.824679508831359
0.15684388240158853
1.5657242685055763
5.060983023098011
14.105419192687883
10.510265504024417
19.596302797534754
14.384727855818895
-1.205042712624305
0.379921315341889
-7.76746157267219
-11.654287881432776
-6.366921768286719
-1.5744749813014067
3.2452212908333635
9.967019583720273
15.193355223361188
17.081760484081904
10.209916220744184
17.5292443120968
14.551001759845917
12.059973626121732
18.339573212082705
12.226381962734592
10.278745704693463
5.589894588820755
5.722329890526737
7.3749557594109305
6.698629260988781
6.813803418673103
8.470412333029138
5.895651902982721
7.702279901272405
10.388876719943333
11.600736549173533
9.85792946077789
21.347283387149368
22.266360567216523
18.334172863063024
18.47404420723138
3.570786286285866
-3.902632275885793
-10.353187860791998
-10.435641127083247
-5.345752641602832
-3.2426412571085237
5.439387706647068
5.874980012211793
5.876159178036147
7.139399141573797
11.835705504563997
11.666589311579244
11.44828615590172
12.066207457173611
11.11039945372437
9.832821294674297
6.731261810968306
2.7944880351722006
-0.156007631361625
-2.7111178582894837
-4.8068834622004815
-2.6373911872846634
