# max_attributes; 15
# description; Austrailan macroeconomic dataset
# number_predictions; 75
# predict; HCE-MaiRep
# lag_parameter; 4
# horizon; 1
# name_prefix; aus_macrodata
# predict_model; lstm
# method; Hits_granger__graph(n_components=3)
# prediction_type; rolling
0
0.20162112995599557
-1.4721708936365516
-2.4062546136486684
-1.8052221109778444
-1.9765002864236436
-0.14763148879749366
-0.04977553381261757
0.6244084936462109
0.8934853002873275
0.6279317836008111
1.6731631469140211
0.5855153639816812
1.2122459092017444
0.3433616305037219
1.0709937224169295
0.9430449010165809
-1.6475264890026935
-1.3663331317313308
1.419303683297663
-0.11369474382654943
-4.933443938793218
-4.443552710113536
-3.5867297813595194
-0.24168071953494774
1.4290933126924514
3.733078663015128
3.0565093289796224
3.5526212503781807
1.7089331915992148
2.484974162243848
-0.7661551781456062
-0.9898920519000534
-1.8598198358783904
-0.19173471400199915
-0.4083146064747609
-0.8780607693308795
0.9278965588496249
1.099426322038493
2.115862035062932
-0.2802904149066592
-2.0688319265776283
-2.8774922565849934
0.5288115205906472
-0.0673749987590746
2.1038771168383406
0.12815963208370462
1.8017701303426499
-0.9943771076572645
2.6088848411352217
-0.34286357741759943
1.5086693481177669
0.2756696658954425
-2.2715946626632117
-2.540702254302424
-6.402938222601975
-4.792994285062241
-1.7091463781242915
0.043983893322064205
4.453867992937571
2.81946484363408
3.072024968020422
0.41231153382733865
-1.068026500173108
0.1287710858390092
-1.142226837999722
-1.2254811499217766
-2.129335063354471
-1.9089994011138955
-0.9164432926476671
-1.4140466941264318
0.33965787676717696
1.464296488791998
0.15647439947117547
-0.5864111282231796
-0.02083975870491983
