# max_attributes; 15
# description; Austrailan macroeconomic dataset
# number_predictions; 75
# predict; HStartsACT
# lag_parameter; 4
# horizon; 1
# name_prefix; aus_macrodata
# predict_model; lstm
# method; Hits_granger__graph(n_components=5)
# prediction_type; rolling
0
-40.62649743544933
-7.983206631578923
11.916914700126398
-20.321070054218794
30.61573433786515
-18.02861958339716
15.5001408497441
-16.49703308260304
-13.778485077646039
-30.899239219097737
-9.50180357050661
15.709232379275875
8.158055758513953
5.537070157965346
15.17919277013445
19.28207301861832
18.312526800252158
1.371211765891175
-3.8336887911398065
-1.6158758618973081
-20.85177474529901
-17.522395023680033
-32.32832124507662
-22.49477781888841
-16.612701063791775
10.851218097468092
16.9192619946856
37.27408449990999
12.835177984995468
8.263271721233565
14.819884810700259
-1.5287296638536532
-3.6944206331531575
-7.670004198548952
-20.09221024305964
-24.125374556311556
-26.23600185709259
-38.092581292720666
-14.814467865684321
-5.676190866297375
1.5532498085581494
14.21809820840609
29.660768762003656
29.1777350978913
26.203846788580734
26.229764520134623
17.626152007371275
17.206249967296657
9.64293815915893
-0.08002772067989383
-24.8391251449968
-28.089201519435164
-25.920492101336436
-27.631430736967744
-18.781722558800254
8.429695686383269
22.059915636427604
26.18576679187494
24.518662172026083
4.984315442606146
-19.99921132395447
-28.305174089026153
-30.205471784666244
-21.57500530961974
-15.862028195472803
-2.8229893488060895
-2.476021217344268
-4.367166362303365
-5.378049981173973
-1.964327637684164
5.085520449633236
3.8119601610224976
17.30099856350239
8.014786876864633
13.281355877667963
