# max_attributes; 15
# description; Austrailan macroeconomic dataset
# number_predictions; 75
# predict; RHDI
# lag_parameter; 4
# horizon; 1
# name_prefix; aus_macrodata
# predict_model; lstm
# method; Part-GFS_te(n_components=15)
# prediction_type; rolling
0
6.205968767732617
3.1603192640575344
0.9359210296142031
3.1926389805694697
6.255926729533044
5.29602125830624
3.2780293588519314
-1.0776432723125495
2.2375241582312224
-0.223282184408232
3.3648568154383405
4.711721510685955
4.010274863331279
8.427367173943086
4.775108881964844
6.56801591935724
5.501161568036398
-1.3226726867062215
5.5916812104191145
-3.8543269897304597
1.8432876162242522
13.258086692842866
6.660530016973134
6.540296017044106
3.895148018605525
0.38022088568177637
0.13099892624427056
-0.1258587480357658
1.5476986453069603
0.30706254556217694
4.930330793183909
6.39146241342722
4.366579519870886
3.352339688867005
6.44361730141215
8.275735049418504
7.442162142809803
6.888369182148772
6.826215254596352
3.583945511913001
0.9569733540474683
1.0816442605133076
-0.7905860083787157
2.8979506562977324
5.381440727242627
11.967066744124175
11.114384768764474
7.563546969008147
2.8672541982748747
3.6309885901900287
0.8503735618005415
2.001181213099894
6.552952778754289
8.610980399767904
4.219489028237252
4.039865876504944
2.355230762147146
2.076692405309039
1.4600973773261146
4.96563404716251
5.326352337715786
5.5669308820587595
4.632331952495377
3.85373456367628
2.5808264560920016
0.09023128383218726
0.16850957904278552
-0.16186017770859173
1.6373444044457361
2.860136297072229
1.341504090278523
0.34793724158070916
1.5293121883994871
2.4347157376826
2.997715308498174
