# max_attributes; 15
# description; Austrailan macroeconomic dataset
# number_predictions; 75
# predict; Cons-CloFoo
# lag_parameter; 4
# horizon; 1
# name_prefix; aus_macrodata
# predict_model; lstm
# method; dm_PCA(copy=True, iterated_power='auto', n_components=2, random_state=None, svd_solver='auto', tol=0.0, whiten=False)
# prediction_type; rolling
0
11.84464845177282
5.536941548226629
8.86927427348202
1.683349875397937
1.4136284704997166
2.2926530157881473
-1.6214624192639775
-1.1716980800542842
-4.549361837154166
2.2059707211127844
5.117819917201572
8.67827058116476
12.683875306925167
8.351838728839411
10.248988060339329
8.217212575514672
2.975488567687087
-0.3481834942015496
-3.437185374101432
-1.4894339605425486
-1.6024109774840056
7.948711834876647
10.003634544040274
5.687865082645118
5.560870602980195
1.732519442374695
0.09482179497235421
0.3850927296062494
1.1235996510909914
3.6345766512513364
5.928724335077092
5.281550338217713
2.614837763538773
8.999502000216303
7.53471497611752
4.587078123309404
13.098437101209669
12.736116710821172
12.426557263249336
11.660368501021011
9.219418285671722
7.617155210285354
6.660769806490315
4.4622828569397015
4.4194940349594205
3.9864457344203217
2.50566901732644
4.314501776381135
4.196092299075097
-2.105475974699779
0.1802884694547231
9.534576647825439
8.552738880985189
4.739953711730763
9.016207950752516
3.699720779021625
-4.816223255955151
-3.5485785539449424
-2.25762521744565
-1.8014700451051127
1.481319852201402
3.885307143175879
5.8147536368990345
7.362500434086307
4.5908510855681826
5.8711664843619005
4.49927100165047
1.8571936511318086
2.16134585867502
4.392725170377389
6.540014837940511
4.82332709832891
6.292356182935222
3.71630062787807
1.4226825711073587
