# max_attributes; 15
# description; Austrailan macroeconomic dataset
# number_predictions; 75
# predict; IP-Min
# lag_parameter; 4
# horizon; 1
# name_prefix; aus_macrodata
# predict_model; lstm
# method; Part-GFS_te(n_components=13)
# prediction_type; rolling
0
1.8878529638858979
13.468797735825905
2.8335385745887507
2.5243089107833043
9.834557262870277
-4.673995200761334
0.37856998072050274
5.450309849121027
7.019746274549288
-6.440211462093895
2.3543579289967305
-3.135625400516542
7.679154905813558
2.639327580604604
-2.0081590455540343
3.493626230946564
8.112101305457863
9.40000738228218
-0.16958325232524274
6.216903000452639
7.435510885019337
12.439690210919697
2.3071272341768
0.8743891954119434
2.6220181674368632
-2.4081800910841054
0.7876294229174263
-2.2689815831124207
-3.9975782180575443
-2.2460681676666283
-0.13715039592946
-0.01743581762990587
3.5186421698747807
-2.279042607932201
-3.7139813424821604
-0.5978386521064287
-0.2357857446383136
6.364464152407717
9.15456680834889
8.555686310302718
7.944049957728172
-0.9564718910311498
-1.558896409204113
1.6455244519476047
0.7915366805641391
10.300551732007165
10.502014386749359
11.315659886551032
5.595940279123376
1.555709884634659
0.799774972964137
-0.7798828253782837
-0.9477574629631462
1.7811233088209804
4.877958779669406
8.316849459929788
8.770408770727055
8.77097162526243
8.360778292969538
8.064095049446752
5.205029623282119
1.8975229356999996
-0.32821005899753786
0.40569826036141166
2.2351702087215664
4.64964927255399
10.669460338612517
13.061781913729792
10.85140633958169
6.590304626110701
5.273740417928696
8.295428263484748
8.493854121664004
12.987213505023238
14.193044264395976
