# max_attributes; 15
# description; Austrailan macroeconomic dataset
# number_predictions; 75
# predict; ExrateHKD
# lag_parameter; 4
# horizon; 1
# name_prefix; aus_macrodata
# predict_model; lstm
# method; dm_KernelPCA_fit_inverse_transform_True_kernel_rbf(alpha=1.0, coef0=1, copy_X=True, degree=3, eigen_solver='auto', fit_inverse_transform=True, gamma=None, kernel='rbf', kernel_params=None, max_iter=None, n_components=14, n_jobs=1, random_state=None, remove_zero_eig=False, tol=0)
# prediction_type; rolling
0
-0.8714632616167819
2.8496140958472154
8.763345885225746
-0.05951773183295472
3.0643160081209118
-0.0063694779540952595
-3.3552671132919727
-17.974271247602715
-22.27860050369992
-18.60514568505107
-32.89449275590947
-19.741354369270923
10.475283384450776
1.5843774301579998
-3.292192850151878
20.399285138196518
28.119702697020983
-1.3414633487606977
-24.622730500847226
-30.960360677562875
-43.91060393209597
-18.31042736308413
-3.459191112196649
17.606436661095643
-10.066607990068846
4.046098699431781
4.468060551764921
-1.2126077290456294
5.291868625813962
19.863625361598295
18.971673561047965
29.697299417174122
30.25609622455289
16.92211994089348
3.0670839351161305
1.9767031996815518
6.419783667974897
2.452806920712348
-10.646848627465488
-3.2003747297537473
3.8972592551468352
6.0393204427165585
6.770783172177914
9.506265601883413
11.366657266177938
8.51850094380633
4.943312602951053
6.687309388472329
12.240997751011463
11.264274384135064
6.945253823217101
-11.902838591983866
-38.325114825892015
-36.61039926074504
-18.545569351630206
12.13186234377146
31.478718981227814
32.46562183053351
27.761768166939845
12.005734095344721
2.28317253771975
3.146633954180132
16.273015713198248
25.058699885965865
13.607431044317025
-1.0542072768614617
-17.995887439374897
-10.17405019654619
-6.5489479194365
-1.7055420684356193
0.3111614291382523
-0.9914980150833657
-10.011117644117107
-19.660293650125283
-8.525339044362084
