# max_attributes; 15
# description; Austrailan macroeconomic dataset
# number_predictions; 75
# predict; IP-MP
# lag_parameter; 4
# horizon; 1
# name_prefix; aus_macrodata
# predict_model; lstm
# method; dm_PCA(copy=True, iterated_power='auto', n_components=11, random_state=None, svd_solver='auto', tol=0.0, whiten=False)
# prediction_type; rolling
0
0.37617937488246866
-4.504719438581361
2.0764733619121145
15.436000037556113
-1.7121967702270666
-22.81747272016593
7.923111712228042
9.665313910682777
0.5125605354444573
3.095518838435609
11.234648233244691
-0.5799944612083081
4.903660041407335
-3.4492198782598535
3.8283811105545027
-10.068477361777973
-1.4364090398467155
-0.9748779630556257
-16.24460096053939
0.08571677803202249
9.807116567339015
0.16854493160275297
-0.7392130330908131
0.7868891701433824
0.3562927864576224
9.660829405744963
5.989642115022349
0.8405587183232441
6.328501936679828
12.37230000824298
10.849083364838833
6.444949892341519
2.6156768100897168
-3.0180734201638444
-7.09909178558523
-9.57927707598649
-5.987848243926557
0.8344659449825826
-2.20304961007308
-4.302478521510636
-1.9024199599280678
-1.855626341876345
4.275144087924602
4.503448276416648
11.986077847533345
13.966858505668206
11.8273161171102
5.846156603602537
9.05634424535414
11.219185548339574
14.223291075443782
28.17347180321405
12.779303793706006
-2.2557308889735097
-16.591075583460817
-24.01711508421102
-26.39123623885597
-18.45128738950465
-5.758735259585535
2.7515545127168934
10.740760660847208
19.818358954373046
13.100691760366693
3.1270502224266252
2.5286065572534824
3.6970298676930327
-0.12628096734935212
-4.9575099262265
-8.970018388510098
-10.277584885681755
-16.528036123716504
-13.057222760223041
-1.5425687393776855
-1.180983385940749
3.086810880822476
