# max_attributes; 15
# description; Austrailan macroeconomic dataset
# number_predictions; 75
# predict; InvtoSales
# lag_parameter; 4
# horizon; 1
# name_prefix; aus_macrodata
# predict_model; lstm
# method; Part-GFS_granger_graph(n_components=8)
# prediction_type; rolling
0
0.007031393051147458
0.010658499240875245
-0.00922197186946869
0.012814734220504762
-0.004306522130966189
0.00924760007858276
0.007900165557861327
-0.014815272450447083
-0.00916194772720337
-0.03569266532361507
-0.006456066370010373
0.002632061243057253
0.006091731309890748
-0.0041238540410995506
0.004097333431243896
0.006547557830810548
0.011162447452545167
0.0016383798122406035
-0.004174582719802859
-0.008415538311004639
-0.021748575031757353
-0.012392809867858887
0.00548821020126343
0.007055379152297973
0.0013851463794708266
-0.009597292065620423
-0.012882524967193602
-0.016124528527259825
-0.020506383776664732
-0.017096853494644165
-0.016593654990196226
-0.004689065337181088
0.0026721150875091554
0.0036287913322448698
0.0003398869037628191
-0.012037638902664183
-0.008144205451011657
-0.014748297095298766
0.004151045083999633
-0.009943396329879759
-0.0004658263921737682
-0.018328665494918822
-0.012682088136672973
-0.00989704132080078
-0.015660584330558776
-0.014545484304428102
-0.01189784002304077
-0.008793569684028626
-0.005093868732452392
-0.001497681736946109
-0.002582290649414065
-0.0007224391698837304
-5.3111433982851175e-05
-0.011818633794784546
-0.01090537714958191
0.006890583992004394
0.009743403434753418
0.00572562503814697
0.0014363665580749488
-0.018162477374076842
-0.017214414834976197
-0.01243790102005005
-0.01222335112094879
0.0012234225273132296
-0.0011288076639175415
-0.005859983444213866
0.0015057518482208265
-0.009466002702713014
-0.003162550449371339
-0.003889465212821963
-0.0011215869188308733
0.0012658681869506805
-0.0019238891601562474
0.0019488084316253637
-0.0036446892023086555
