# max_attributes; 15
# description; Austrailan macroeconomic dataset
# number_predictions; 75
# predict; Cons-CigTob
# lag_parameter; 4
# horizon; 1
# name_prefix; aus_macrodata
# predict_model; lstm
# method; dm_PCA(copy=True, iterated_power='auto', n_components=8, random_state=None, svd_solver='auto', tol=0.0, whiten=False)
# prediction_type; rolling
0
-6.040149502910264
-6.150751888761249
-5.041930595801961
-0.9995560935372936
3.046850067065016
7.575596790448621
4.455881128765782
3.111394318684546
8.587819633456327
-0.9198994095211646
-5.209979922051275
-4.264260582505976
0.5566388793133825
2.731177924688687
3.7160215328525226
-1.2650252886926339
-4.184134516230166
-4.204177557809956
-4.36081921878375
2.5563162693044106
5.225927871254939
0.29142952076608
-9.693248952658486
-5.793294247990499
-5.443457782570057
-6.925320626412894
-7.133669772386472
-1.2022475069164713
0.9912658972152428
7.980547953164596
3.8727616802825864
3.0484719504087394
-6.682356634244165
-9.553217975490554
2.020734347353283
3.6909305365246183
3.254275116714844
6.701858477699716
3.354735493026233
0.20012209851851992
-4.834298095957006
-5.441251266858242
-10.446777211428511
-6.540739396493283
-6.001779598637647
-3.3861092383334395
0.7796792709237579
2.919639092864692
-0.5459610032485784
-0.7032711148511126
-5.941776201289251
4.323339313187624
2.945677235538035
4.32237959410309
-1.5343794602294665
-3.4530381194686797
-10.267479474598922
-9.938023419257423
-3.319375234654224
-0.17069407754456734
-1.9123683839483405
-3.0575772793156943
-4.2667667484996485
-5.609099429281979
-6.239873749862156
-7.032255963360097
-0.9128041937564859
-4.054212021297566
-6.143633622974885
-4.3839153405080005
-4.145770898327093
-1.7415907733146199
0.42496877364606434
-2.767830124960817
-6.6997237778524585
