# max_attributes; 15
# description; Austrailan macroeconomic dataset
# number_predictions; 75
# predict; FedFunds
# lag_parameter; 4
# horizon; 1
# name_prefix; aus_macrodata
# predict_model; lstm
# method; Hits_te_(n_components=6)
# prediction_type; rolling
0
0.052723558218368494
0.0004962029765929188
-0.12754805776368716
-0.09274479123841872
-0.41445544215928654
-0.3375244966436539
-0.5165378395010147
-0.44905401858579275
-0.2797626397300874
-0.2647215161014711
-0.21332827541123978
0.05614887860525508
0.04482633975256323
0.03419684913862597
-0.03595245334397901
0.004601328642257485
0.1516100838493193
0.2325598838638152
0.15363145855177285
0.1660475972007598
0.019035195381530645
-0.05504227611314416
-0.22257877084504707
-0.32778314801942465
-0.3630404177595292
-0.441347287623993
0.09617179063070669
0.31945845988500965
0.03654449966658002
0.013291973144897273
0.17279997137297043
0.2549721541713561
0.264249135525116
-0.052631289689651695
0.11426954296339398
0.1839589884589996
-0.06063867422830205
-0.009833113877883992
-0.00816910716783159
0.040849613220580894
0.07315974858511343
0.08465962794531245
-0.03638390514146428
-0.06851804348718282
0.1615847196887814
0.25070811298597695
0.21928909447897338
0.1357571091960752
0.3163559606384121
0.10316081073988337
-0.019626378743759387
-0.4195976451326524
-0.8759272066045913
-0.9144007882763062
-0.8482658300090944
-0.5415678015638505
-0.28198822471391316
0.03297081974256888
0.3006887712787476
0.6915267136405792
0.3298864271949613
0.19758964088667286
-0.03201545569192521
-0.028740222184768793
-0.08629335853349307
-0.10195267888795478
-0.24085367175828565
-0.39126327666532146
-0.364812287418953
-0.4234971210647738
-0.4056399491716538
-0.22583500358354192
-0.1671303054977571
0.07468595174063086
-0.14580011936914072
