# max_attributes; 15
# description; Austrailan macroeconomic dataset
# number_predictions; 75
# predict; ExrateUSD
# lag_parameter; 4
# horizon; 1
# name_prefix; aus_macrodata
# predict_model; lstm
# method; Hits_te_(n_components=12)
# prediction_type; rolling
0
17.06602669720469
3.214164897337227
19.175496199021822
-3.609361214735671
5.149962531271228
-10.040429981519523
-11.474447661434112
-1.662092320996294
-5.5965741371597915
-28.35322427407708
-17.191302768597524
-17.573030228077357
-2.6930029183527324
22.33742623692146
-17.58781763373041
5.451391172113432
-5.1806533067491785
3.368080150079578
-24.23656983549347
-17.12211454133471
-2.70052686255697
-11.309451873019512
-30.20288727379561
-10.794066704313892
8.067730060247897
3.5654058558670556
15.504823302679412
11.00216848557055
0.09142749555866203
22.70133066479103
20.68855035806706
11.768879438972803
13.819830487931242
29.749202559241013
8.915431113446346
0.18074302496033567
11.34714783940312
5.755124083484233
0.02323110647988358
9.308379368543669
-0.6750430122232132
-11.893754767665001
-4.203291952763678
6.813355314455748
7.279128536824047
16.083425632408535
-0.6704044154634801
14.529696089249896
18.29216911973785
6.7788613864995
-8.232298953436967
-5.2867799924420495
-19.869265865520518
-33.310466582923056
-38.06984719261946
9.53490919863917
14.928044352238132
30.84901084540232
28.313050924445605
17.089359940948555
4.465433887199552
17.017516793294106
20.103195513832432
6.8069734869483085
-4.266428965247059
4.592709768917885
0.4811397533484296
-13.229189743225973
1.409440182209977
15.041554722190014
6.723578930948349
-16.17996845216659
-18.664698428132226
-22.02553710548682
-5.169322306889015
