# max_attributes; 15
# description; Austrailan macroeconomic dataset
# number_predictions; 75
# predict; Credit-Nar
# lag_parameter; 4
# horizon; 1
# name_prefix; aus_macrodata
# predict_model; lstm
# method; Part-GFS_te(n_components=12)
# prediction_type; rolling
0
1.0619515922121598
1.245160126128427
-1.0078664682124474
0.6849499359373112
-1.9813933265279164
-0.9027050777156189
0.8133360314174292
0.3727378295834658
-0.3137717216142919
-0.30565039046292597
0.5004338037581855
0.02025108283765409
-0.35272034686645704
0.3255716961559054
-0.4483637930438418
-0.09064972272608252
0.7116298516668262
-0.001793918861538124
0.6598615453235066
0.4663636045759061
-1.074054677621188
1.830640317803189
-1.232763649405869
-0.8983285115423945
-1.1226220284360613
0.9919613208747924
1.8254928006979885
1.5331652940620923
-1.0078813040299837
-0.08429436544145741
-2.0016426827252944
-1.6123058115388398
0.20093445829324974
1.9612374616761379
1.1484418505495295
-0.4133036867259463
-0.3243419858189869
-0.5246418931170487
1.1808683434647644
0.10161224094676502
0.43814792594142027
1.1083288694107178
-0.6240321505922344
0.3181005830765642
0.46334988729636617
-0.09751359044626451
0.5763517515711998
1.4933592608723103
2.8361578029462713
-0.26719697456852654
-0.4184834333657941
-2.2201394876015668
-3.5184968266654653
-3.6254530952942345
-3.1901031918087353
-3.3125270791689414
-0.7420367548563096
0.060476611557775506
1.2224270494434961
0.7198023408096974
0.5306988715323477
-0.4549473149705774
0.3568174626272125
-0.47155729165231364
0.5354238236277187
0.3615992000931536
-0.28968398131431883
-0.18167820648983124
-0.9730048549015908
-0.5307813636775238
0.21508833980284692
-0.18775935693999113
0.35963422163945946
0.9146667115103879
0.8507263842483619
