# max_attributes; 15
# description; Austrailan macroeconomic dataset
# number_predictions; 75
# predict; Credit-Nar
# lag_parameter; 4
# horizon; 1
# name_prefix; aus_macrodata
# predict_model; lstm
# method; Hits_granger__graph(n_components=12)
# prediction_type; rolling
0
3.2411009310211405
-0.26955535797689123
0.3486951083160159
1.313435581590559
-3.332401191498633
-0.5078339350081889
-0.718939433271867
1.7836527257659807
1.2797296273077912
-0.785493422319866
-0.0799464477434757
-0.9876994763813913
-0.1714962314406563
-0.13711396851019853
0.7893444681414845
1.2744664931417908
0.5717188838605365
-0.9782224584551518
0.02748789231590454
-0.06705207598472374
-0.8304198588793517
-1.0212683272469256
-0.8510968958857088
-0.46031174195975666
-0.23581768573939232
2.123032795088296
2.3731636555913944
1.1308015519188892
-0.5747721205723888
-0.4726034725785837
-1.4037372380738784
-0.8203657788089389
0.2148279456260882
0.792709640822661
1.2681950349632345
1.0161380760799839
-0.10778662672031647
-0.24793138654778257
0.18810147612430406
0.2927891436197987
0.3306030846203898
0.8533763682083038
0.3207464743971853
0.014457951879665032
-0.6575416581876228
-0.0028539124455146947
0.4823867990950834
1.5504950636843002
2.275115272233375
-0.07006323536468884
-1.1749182852517093
-2.9836170043879715
-2.555616202172075
-3.3845104658553313
-2.8526832409309213
-1.422141325517683
-0.6077403766176577
0.20496621960373318
0.35081253758439424
0.5311526429169939
-0.24845729070045053
0.11096187547415859
0.04756893872123236
-0.051798809237691756
0.5566375079649601
0.11693661730198901
-0.08031325054256477
-0.1766381211667909
-0.7994104423287967
-0.3093127910747455
-0.14063721938512508
0.5594445469588214
0.3463321206884151
0.30426234637455085
0.21228283554873073
