# max_attributes; 15
# description; Austrailan macroeconomic dataset
# number_predictions; 75
# predict; ExrateSGD
# lag_parameter; 4
# horizon; 1
# name_prefix; aus_macrodata
# predict_model; lstm
# method; Part-GFS_te(n_components=14)
# prediction_type; rolling
0
3.418365447513821
-18.512382889706807
19.728641416178235
11.541997614704783
15.754180243111065
8.749550747683259
-4.995669521558526
4.545958486952188
-4.545849469595467
-13.17382438567445
-7.542772054749861
-9.346967731844032
-0.1367827922188809
8.974484180661179
5.461226662134834
-2.112270868896715
6.892439654082921
10.088204673572264
-25.221358613729713
-25.52499026973762
-14.45923519710783
-13.259665643769537
-14.154600941421208
-2.4766553840354533
13.599207318113017
12.929018197468139
3.706154468131615
-4.790944128797491
10.829036109322843
20.405649775104806
9.013675294950545
27.80647389376567
23.141966664782586
22.191580192682466
-11.67300678879397
-10.17710466115544
12.282852457451753
4.1165259288450216
-2.484059797226891
-3.137544124781286
3.8543831739387713
-8.597803405378542
-8.008165561644546
-7.620178991812338
-2.318533321087358
10.141611637002626
10.556500648019338
16.214291571153694
2.8661085770150123
-3.3026648796500524
-7.484808529355547
-16.472135456349363
-27.255145716083447
-36.941233903982486
-15.120022507535978
11.446411243779252
22.938232168202077
28.06029936262125
14.20270210371001
-0.7016326267756341
-6.312055591548301
-0.16483997855863208
9.45212734900008
14.40340149309192
-2.5218855033934915
-0.16686858491245005
-9.678278161083384
-5.298899357461735
6.393581944682353
0.8810704458099821
-7.335175403764978
-6.642226880296661
-16.85217925207317
-11.46229700728918
-1.973085066028304
