# max_attributes; 15
# description; Austrailan macroeconomic dataset
# number_predictions; 75
# predict; HStartsVIC
# lag_parameter; 4
# horizon; 1
# name_prefix; aus_macrodata
# predict_model; lstm
# method; Hits_granger__graph(n_components=12)
# prediction_type; rolling
0
65.4772579298397
-32.56089563304654
8.249621253411007
35.35427389607719
1.7263644551191675
-29.649909074018836
-5.109215200609626
5.044478989735765
3.7992430484612925
14.412650185290588
1.5234464743381722
-0.15019978469058515
-4.195481347215932
-2.4111238417929
13.364453560974695
24.794930368418136
14.60533972169192
2.8956658608902046
-20.024863956348376
-17.942051210710495
-14.042663154317587
3.810856818992022
12.700674176797008
23.41466460562077
27.271025005989912
15.712322984231946
4.2707994568584695
-2.7428053760663005
-1.3137732616090148
-5.916759856703223
8.23957225542398
8.278210652684123
3.070640449411542
-3.604291617783133
-9.25818088879403
-8.168194788563497
-13.840427069828571
-2.3128518193354353
13.223458941360931
14.196912554220418
21.27320160101715
13.599549868881297
2.3957569224581903
1.5275450299457418
6.9473931378386595
6.35547126712396
6.236936158011204
9.089358592341625
-0.6107238288691406
-3.230088466313177
-10.807154972082245
-27.804349581926935
-23.66308573291402
-20.83650716804953
-29.351159541720087
-13.61246555049275
11.730874092491376
9.286103617216313
13.872157650702363
7.816968822935053
-2.3252264425708944
-3.684827158793496
-1.3816901322899326
1.8342332706542521
0.21472239935278026
-1.2384488438405015
-0.024694977688255904
-1.8149957476350522
-8.769002844641022
9.561790699134818
5.7616113753688865
10.101988941639135
7.605566616710732
8.554766255142937
5.292201145827519
