# max_attributes; 15
# description; Austrailan macroeconomic dataset
# number_predictions; 75
# predict; ExrateUSD
# lag_parameter; 4
# horizon; 1
# name_prefix; aus_macrodata
# predict_model; lstm
# method; Part-GFS_te(n_components=14)
# prediction_type; rolling
0
25.61145402675328
-2.248829727548099
8.042002378867807
0.29841110043119556
1.2950281411816889
-2.492541400932865
-4.48346119333776
-4.469164697492985
-29.275077754742327
-20.353583456360212
-15.720657205845868
-16.209122483637017
1.9295541147829596
-0.47107499617287374
0.7995198104270571
11.080513683542634
-12.802979843976829
0.10965126986955909
-28.916913966059212
0.5202221852268423
-12.540032520962086
-15.354769101608213
-15.650867864532117
-8.86591323739431
2.0594949354604353
10.957265265965589
2.7744599876445477
-3.0811021867724975
18.80024073415707
18.67117152885345
7.689018189590271
30.1072060508439
27.34073892848798
8.284892529716302
-4.756246749652831
10.196565453072708
29.935808397786815
-0.3634455253526596
-15.084578354279671
2.398653501566443
2.179296965812128
-4.055608249016046
1.1499693021231536
-1.4720100395226012
10.932228865744065
12.239992557826923
1.9325396479026153
19.62681262846509
17.090091296377196
4.7950447584631775
-9.057207765537399
-22.136537824276047
-20.082631297900505
-20.332970253696843
4.7289723056977095
3.112346195676068
11.891336389716116
44.205975447133596
19.500438417823162
-0.11074719690638801
2.151164828228289
11.08596378427113
27.185340927753344
0.27837396539997883
1.0041991447710075
8.378265578961802
-10.094981081642032
10.558917002977353
9.370153855844933
-7.488941280913608
-2.0317474066198287
-13.276287029116872
-21.49757863454913
-17.728237876029212
4.518402053654583
