# max_attributes; 15
# description; Austrailan macroeconomic dataset
# number_predictions; 75
# predict; HStartsNT
# lag_parameter; 4
# horizon; 1
# name_prefix; aus_macrodata
# predict_model; lstm
# method; Hits_granger__graph(n_components=7)
# prediction_type; rolling
0
-4.009159935198056
-18.43529546906794
10.859117797560728
31.208384917012864
-56.21317126797173
-7.397079986245586
15.2460028984203
16.277514449972074
10.888949019238368
0.8445014664712147
-11.46340846058935
25.15317522886282
47.2305276696417
14.433654992785208
16.631569769199615
29.95622307299459
12.527614393542933
-15.127592900035765
21.139278689654688
-13.092453634492927
-58.27905094399128
-55.16022006163105
-55.230706766229325
-22.707426199882562
15.396535076342218
17.60072817000426
12.711479398652429
-4.113986946463953
-2.2037751364475753
-5.307807128152646
-2.972795281272866
1.4435770238809056
5.563289624332299
44.518736926725154
45.2329661600713
24.12170053631641
31.003743719211087
14.819089611915828
27.686101505064755
24.863266865310294
13.680650085792195
20.201364439066765
8.785565305257137
-3.3790920974416423
-6.48994300513975
-22.166077988046325
-46.36931656558347
-29.91645176256216
-21.46740325496539
-25.249898958474745
9.603626356724234
3.7497036968874795
-10.193517434989175
-54.63212880539209
-54.70132544480249
-9.956808902517452
13.335969240263196
29.71498088286262
27.074057720933155
-10.698203222819615
-40.66533019641519
-31.558354586171532
-39.01016427404099
-23.55417584386089
-7.211255310684052
3.2350536912726255
28.186499361937422
21.976911872972067
18.92098088327191
11.128483408788298
-7.26941882115436
-1.8641992631619928
-12.849620363962586
-5.181036722357803
8.902604933634876
