# max_attributes; 15
# description; Austrailan macroeconomic dataset
# number_predictions; 75
# predict; ExrateJPY
# lag_parameter; 4
# horizon; 1
# name_prefix; aus_macrodata
# predict_model; lstm
# method; Part-GFS_granger_graph(n_components=4)
# prediction_type; rolling
0
32.25898551627304
43.32407736035066
29.645794571185462
36.886898261014295
7.931324767096243
16.12933779601383
1.9479615149946028
4.223802508012255
-1.5099123882286563
-5.2434754608726735
-2.401256835061872
-22.236213144009696
-7.185575455374078
-13.492282163225838
-5.610555677161614
-5.381487747885728
-11.236619111266549
-5.784563586421768
-7.684670924332238
-14.585969500379917
-19.61101471405027
-16.610901016220737
-12.765460383413227
-3.9666840415610807
11.22941191632654
4.530161074547038
7.599059548843542
10.78149919014615
3.287943161955809
3.5596745570333326
21.900993661212937
6.08539198104333
4.764031997771639
18.256366473725876
5.528284931542288
-2.0223837928485295
8.38400023867274
11.16827436486173
2.0865506979288853
10.004688707950862
9.327359231705003
4.639073657999148
1.52497605908448
3.5805367234866594
5.027338029162536
10.620692806152903
11.245229597515277
20.68092586875963
14.565372953593993
4.044334211776857
-2.7309595621296126
-33.19465973976739
-44.560327774983364
-43.179547511826314
-30.185248626277314
-38.4508255588984
-22.60148217542968
9.721929209449144
7.620579108323369
14.533522932269108
29.1983916600052
15.6504739328509
6.642270955412727
6.404106853239512
-3.2709207282047146
-5.613708480451976
-11.025233712785194
-0.4073972018614995
9.122105029409624
2.249450006659572
19.65543299596709
18.93844527918361
4.817736983181703
3.1389832686238606
-0.14815627428754397
