# max_attributes; 15
# description; Austrailan macroeconomic dataset
# number_predictions; 75
# predict; HStartsTAS
# lag_parameter; 4
# horizon; 1
# name_prefix; aus_macrodata
# predict_model; lstm
# method; Hits_te_(n_components=2)
# prediction_type; rolling
0
8.538285085068736
2.703007531391421
5.916757803365073
3.6405317850604746
-0.6367904673309823
-10.199529981693104
-10.445321361768407
-10.943703073540277
-14.816400538419487
-12.501304087024536
-13.372992669369964
-7.284804237889858
-2.7472716542593787
4.134082810775553
6.248719849852932
6.323378974521276
5.580758000662087
0.9558344259690728
7.368449258633063
8.875387116487815
13.351605415977076
19.97043262002279
15.361182062838864
11.898744248602185
10.479231123505357
7.0629744430270875
1.1774217632172679
-0.21253926033300274
2.9222160791145626
1.6848293785062225
4.708951322382788
9.232722917909669
7.466266433571391
3.099674902407301
-0.4041527248422483
-4.5341137462296786
-9.75538242164626
-11.372520656647836
-6.421421736226492
-4.248569025367942
-2.1008426303438483
6.265511966925814
10.493976244391192
9.199104942068502
9.419258257262584
7.928291468559536
4.0410682038145325
7.87938850470627
5.831458797416772
0.8278802934307237
-0.21948442596763584
-6.419802134847728
-11.405300713720138
-13.962212648750153
-14.657898924320548
-12.471037786258862
-11.482580443397183
-13.75665824042855
-22.673188051895195
-28.105702234922653
-35.87155587931978
-32.526617895666156
-25.032131836450674
-18.63616290684621
-12.130966485645374
-7.141964394068211
-1.5319295279731193
-0.16033523394732185
1.0440127232573957
-0.13773954526718057
-0.690248560062031
5.023300203876573
11.704515802700143
16.1907778801841
15.881107847117846
