# max_attributes; 15
# description; Austrailan macroeconomic dataset
# number_predictions; 75
# predict; Emp-JobVac
# lag_parameter; 4
# horizon; 1
# name_prefix; aus_macrodata
# predict_model; lstm
# method; FCBF(n_components=5)
# prediction_type; rolling
0
-1.4080350518226616
0.8015363395214088
3.6104408532381065
-7.423893545567989
1.0427095621824272
-0.09832904934883047
1.6284300565719612
7.522599297761918
2.8077880322933204
6.9644287705421455
0.19184917509555888
4.571155744791032
-7.540239979326724
1.2938478618860252
-4.199423518776893
6.230021524429322
4.544364202022553
10.822108018398286
7.237277972698212
2.5737332135438926
0.6753579258918769
-5.708282475173473
-7.647915591299533
-6.067650002241134
-9.85602234005928
-4.7488440543413155
-1.833164629340171
1.1408572524786003
4.934696900844575
6.153084474802018
4.884597289562226
4.429815727472306
-0.07604559957981039
1.5023090124130256
3.471122536063195
3.3972077101469047
3.4306196898221977
6.612944382429124
7.219683903455735
5.203094232082368
3.603815826773644
1.60286392569542
-0.7698318183422082
1.280061978101731
4.92399634718895
4.950948524475098
4.134216088056565
5.267299848794938
6.121884661912919
3.9961564570665367
4.603548842668534
5.190190690755845
-3.5324460536241524
-4.19094545841217
-5.7047984272241585
-8.039396253228187
-8.790364344418048
-4.754745078086852
-0.5136197626590722
3.330226558446885
7.8657146275043495
8.086222219467164
7.034323143959046
4.909534651041032
0.7224731773138053
1.0276856452226646
-2.8612909436225884
-5.0471044898033135
-5.883747574687003
-4.91507553756237
-7.186627183854579
-5.814535897970199
-7.266166512668132
-6.986144979298114
-5.169597488641738
