# max_attributes; 15
# description; Austrailan macroeconomic dataset
# number_predictions; 75
# predict; FedFunds
# lag_parameter; 4
# horizon; 1
# name_prefix; aus_macrodata
# predict_model; lstm
# method; dm_PCA(copy=True, iterated_power='auto', n_components=6, random_state=None, svd_solver='auto', tol=0.0, whiten=False)
# prediction_type; rolling
0
-0.10020384046327213
-0.19189483258020035
-0.067138280599228
-0.22453277918588266
-0.385032463996521
-0.3925305703569566
-0.39482611271630863
-0.266937504737488
-0.012181148259750474
-0.004471826284042413
0.04040242341268896
-0.21955054733049018
-0.3223684087682879
-0.35586465272199264
-0.2130998823333894
-0.15368159982453933
0.06413803008306873
0.3130701711486661
0.47832791712988243
0.43552954939115907
0.26993247655142216
-0.014151278464904937
-0.2116362473655855
-0.40971503826867695
-0.5254321185041582
-0.5488623693872605
-0.33695927175771345
-0.07277133676301584
0.18934541848410014
0.45130037930715927
0.26834715989340197
0.10339208272207623
0.052192304403671175
-0.009615276782623416
0.10699819830168145
0.14392955091703774
0.11409815219152808
0.15189624694097903
0.0530110647987212
0.00582467106092821
0.00910969284284957
0.030338733465560708
-0.020487938850036747
-0.0009457442451630271
0.059818905861267035
0.10515435603369117
0.15631920364607232
0.2141732814620818
0.21098748591650374
0.21953284171331777
0.17506010320890786
0.11063886073339835
-0.37786917421113597
-0.680130811064354
-0.8938314965654527
-1.0845731118608628
-1.0928424766946945
-0.6165489611316834
-0.020274708001724484
0.5769397952865445
0.9045823326419677
0.6563637759994352
0.24396687057722444
0.1137098839591828
-0.06705460044633504
-0.1582740280319368
-0.20894754263650528
-0.3253897229124223
-0.42410015556108105
-0.3679186252046738
-0.28388283166181205
-0.26501708361398335
-0.26769062611352545
-0.07857616755258201
-0.02546537253152481
