# max_attributes; 15
# description; Austrailan macroeconomic dataset
# number_predictions; 75
# predict; 10yrT-bond
# lag_parameter; 4
# horizon; 1
# name_prefix; aus_macrodata
# predict_model; lstm
# method; dm_KernelPCA_fit_inverse_transform_True_kernel_rbf(alpha=1.0, coef0=1, copy_X=True, degree=3, eigen_solver='auto', fit_inverse_transform=True, gamma=None, kernel='rbf', kernel_params=None, max_iter=None, n_components=12, n_jobs=1, random_state=None, remove_zero_eig=False, tol=0)
# prediction_type; rolling
0
-0.27984897328967295
0.11579223440533437
-0.44553541673773966
-0.2314741714155122
-0.06743214561099253
0.041886378988082784
-0.38055528236979685
-0.3354092343007966
-0.4058375163232728
-0.49040233625525675
-0.4347819937621995
-0.4851088626539155
-0.19820306731814585
-0.1999521358167573
-0.3926146729146882
0.1598406331384734
0.7822344498479918
0.47642650173550405
0.06827770636921682
-0.24075747562998973
-0.33268214298838816
-0.4225776298200532
-0.12166864706629954
0.12152912186032094
0.10895626710301198
-0.192452321783249
0.012651999458129781
-0.11215127541178904
-0.1068265540754243
-0.02582017614001475
-0.14888126684779368
0.15392779277210988
0.13266976641064443
0.20213021801358022
0.0012237326944426474
-0.06272540523165904
-0.014027039543335063
-0.23045064045542918
-0.40800268484706126
-0.1307966513788148
0.1537916259611205
-0.08651168181056224
0.27063383625393667
0.4493660526121215
0.11441098616963186
0.09862091110592641
-0.08299235536212168
-0.06781015826815806
-0.07905245854014598
0.09279121921902456
-0.06089417173022471
0.07673909233456411
-0.20186249448413096
-0.5581490798150941
-0.19084013535136424
-0.07865173651332102
0.13666554258709707
0.10966651605015554
0.2862887279832915
0.2410133080328063
-0.1011376781618043
0.15813009904270925
-0.0788637204324647
-0.18189478947276316
-0.22458849383944712
-0.7913562460100099
-0.5875261081611558
-0.23803512288684092
-0.012045334116165263
-0.1654975516950532
-0.0050225956594391885
-0.026769231096450907
0.3108556167924956
0.2816234724367217
0.02746905849819936
