# max_attributes; 15
# description; Austrailan macroeconomic dataset
# number_predictions; 75
# predict; Cap-MacEqu
# lag_parameter; 4
# horizon; 1
# name_prefix; aus_macrodata
# predict_model; lstm
# method; FCBF(n_components=10)
# prediction_type; rolling
0
-20.835117976836937
24.579875171455008
-9.170115027743464
-10.792343913987573
-15.182214731756254
14.635592146471495
37.196771506447384
9.342932590651955
24.81906186982112
0.830605029354679
-4.151025346778333
-28.849146413737042
-8.210448038708392
4.5661305438834106
4.210993652944218
5.053895346273627
19.283994186298443
8.258565454111874
-5.483024358923402
12.62884721724862
7.597509725734781
1.2905216560239126
8.205257709241032
12.591915957489341
-11.50976933987269
0.5858472782737039
7.751440180359502
8.68726363080323
3.8384383624544256
22.841040466205094
16.39195156907192
11.911450142776815
11.764759930325411
-1.4966455394526506
5.8891279823034495
0.6741690185789295
9.381026258356833
8.218515538888802
15.219684419499558
22.285565400983963
13.072553923359472
7.270561227476264
7.526237816607171
11.556462096757485
-2.8467185775810577
-4.874337234851353
-5.285361849272334
17.705593041100585
11.596756542920332
26.1362543563665
-2.892701026038658
4.7450137861451225
-8.580834446080182
-8.72932142934993
-0.8897268347856411
-3.2169632278863176
-8.890417703688044
-5.8600024698891175
-14.945335129648019
-11.284496097587084
-4.116238162650411
-16.604130251205078
0.08742943233330891
22.15299419235955
21.542786723748897
21.306924228593054
6.111569627184998
-0.21495611022119476
-6.804441206051564
-5.124914113513626
-15.193732493412302
-14.377594534244878
-17.822980544804487
-15.574568168551124
-2.667321465953151
