# max_attributes; 15
# description; Austrailan macroeconomic dataset
# number_predictions; 75
# predict; Emp-HoursFt
# lag_parameter; 4
# horizon; 1
# name_prefix; aus_macrodata
# predict_model; lstm
# method; dm_FactorAnalysis(copy=True, iterated_power=3, max_iter=1000, n_components=2, noise_variance_init=None, random_state=0, svd_method='randomized', tol=0.01)
# prediction_type; rolling
0
1.2636167487644245
0.7141468634973771
0.24763552575111802
-0.07775411920287478
0.03505727378577195
-0.19474210747293963
0.20148911699504435
0.23543446522187406
0.3814785435451178
0.6224936588074597
1.2125997690619092
0.8375114433431188
0.49528375725356444
0.813996116157683
0.9751530647772446
1.0943206632755222
2.5541515633653793
4.131290682846125
3.2670013278705516
3.2237794701728317
2.252423345736827
-0.4478512564177777
-0.9400902342253019
-1.267479837200466
-1.8390019247043554
-1.4820508271219257
-0.9763502503679069
-1.0280259548295723
-0.4455548510195042
0.33653406326640933
0.7532923574050772
0.8223747893030788
2.229330180002452
2.010426301626546
2.0711954656743865
2.645600907394825
2.0581101595303446
2.49037970167267
2.3633269427112227
1.9853370002583821
2.240654639691667
1.749754771597618
1.918916648818377
2.810814683157777
2.263718925165807
1.9795176278213278
2.608498267188936
2.6556860641522535
2.8422457499054543
4.203070021398287
3.5564163616066002
2.6224117572661436
2.067494545267402
1.2012311395629256
0.4104930120467829
-1.066690677346327
-0.6554187832326086
-0.6828902813603275
-0.5247415516118545
0.29346764932229785
0.9661041997105491
0.628218745689046
1.027012668543045
1.318808624909523
1.902706328633184
1.8178102554184923
0.6311781229435622
0.6720182085914361
0.16703666537529038
-0.23929925249675144
-0.19430975298885578
-0.26485913222283664
0.029253190898252512
-0.13310313794041928
0.03100979025598516
