# max_attributes; 15
# description; Austrailan macroeconomic dataset
# number_predictions; 75
# predict; BM
# lag_parameter; 4
# horizon; 1
# name_prefix; aus_macrodata
# predict_model; lstm
# method; Hits_granger__graph(n_components=4)
# prediction_type; rolling
0
2.915661208061511
3.3372371783263084
-0.035598831439976664
0.29111203073595604
-0.6775248245362917
-1.7023490698983998
-1.7302888901245161
-1.75058754330637
-0.7619597844898962
-1.608234101551254
-0.20481625197966835
0.48209760897717757
1.1415896949312447
1.5567798602152685
-0.011866205218261427
0.6058283507853552
-0.2498964447314833
-1.6352314385121325
-0.8670934721542665
-1.4993458683078238
-0.4090055719652703
0.6275682981034301
-0.4908977505379717
0.5143549001611767
1.2176884865756108
-1.2574456771014297
-1.0173765962389218
-0.05126841715584618
0.4192782141964422
1.4640241194343098
1.8736414516969617
3.083851514185625
1.9682513840446276
0.013700095927653422
0.28465954666703297
-0.4470036761811791
-0.9820084691345699
-0.406561526926442
0.22932359724127593
-0.1485301255477367
-0.42334029362793046
-0.1782728457342877
-0.7869080217802384
0.8638123074282582
1.8525682952604114
3.3105450264227407
2.39923167031926
2.2563922405947245
0.973899481968278
-0.5005777589315166
-2.329301760833978
-7.68278109882743
-5.683189368953499
-5.08022704456115
-3.753651714924864
1.2082251852185628
2.4552703147509334
2.2869440858702035
2.569037662040916
2.8416269035695656
2.2782886273119267
2.3581368353747223
-0.3178629522015406
-1.360419988141782
-1.248427330428786
-2.7462268647001267
-1.5550767631018694
-1.9295388284261925
-1.1577835215360466
-1.1660889148815201
-1.5928914998253596
0.1893956463394062
-0.9337276801514278
0.3445835302737521
0.8378292619813905
