# max_attributes; 15
# description; Austrailan macroeconomic dataset
# number_predictions; 75
# predict; Emp-TotalPer
# lag_parameter; 4
# horizon; 1
# name_prefix; aus_macrodata
# predict_model; lstm
# method; Part-GFS_granger_graph(n_components=10)
# prediction_type; rolling
0
1.8530627135784017
0.3494896875405673
1.5907850366630107
0.09359074261314015
0.5400323667431883
1.5565949878557181
0.32257520275154006
1.1673399545104708
2.817174153081553
1.9367322666860693
1.6192968121780678
1.051685811085198
1.873492796663632
1.8239935643261806
2.8065178384337623
1.9384365876822138
2.933311520035668
2.773022352586979
3.2032423147823335
2.2470125662296847
0.368363296528202
0.17186365716476315
1.840807294132207
2.5759977660300764
1.5654179556097056
1.667877216857673
1.5269974900243306
2.6358539910734726
3.0963861956158945
2.284595157136939
2.196595413270574
1.198026122525797
1.216079317281919
1.136294146646836
1.4392433262057072
1.7716172132022634
2.9342675361771984
3.943257312161039
3.945016962364615
3.583835606055906
1.973636394525141
2.411926257679886
2.2676099974914927
2.099494921817827
2.8811224718844515
2.0512981934454966
3.4169853923455835
3.449465904698655
3.486796339545809
3.2824710187164405
3.14633758549277
1.8432213709449994
1.2206426163407809
0.45197910774176586
1.074524755525144
0.9332482003598099
1.029825785450515
1.2291145610902405
1.3387149182416893
1.6197040714262152
2.503272965077795
2.7293394898012964
2.4353799458958494
1.6477369318343196
1.0392886672347204
0.5544150128079077
0.5729661704309179
0.8201791100686568
1.1291986293117717
1.2780507507143568
1.7468601139849915
1.1862852193569107
1.3104804690409328
0.5981513907286473
0.8154192109161742
