# max_attributes; 15
# description; Austrailan macroeconomic dataset
# number_predictions; 75
# predict; IP-NMM
# lag_parameter; 4
# horizon; 1
# name_prefix; aus_macrodata
# predict_model; lstm
# method; Hits_granger__graph(n_components=14)
# prediction_type; rolling
0
14.165840708884716
2.0388467808623147
-28.392343080959954
33.66203270254846
-8.166845027383644
-20.32027917072196
32.30114088694447
6.550981596670383
-14.316549429521828
-9.943686974706068
-2.414944431309678
11.91007895229292
-0.880415134202778
11.544145491163775
26.043032152734142
-10.999423128853167
7.517577712262309
19.503206531568992
-0.9336535348399195
-4.0423091188727795
-3.227789676001862
9.235536347325251
-6.233388449118948
4.510530537431393
-2.564168358449834
16.678261452059033
27.361804666789283
17.995238608856738
-4.169702382919368
-20.664558200144754
-3.8074477519987227
16.172268095925887
8.805366545549418
-1.5365080671814297
2.772602683302523
-2.6803268715602684
-2.415737472552223
12.490981662462104
15.310276323118885
19.338132794039495
17.38866118845992
12.275957341113553
4.771859655775614
-4.9558430652148076
4.860151580779728
2.893833356026775
-0.005486876126653328
-2.022686406712481
3.8365225824942826
-1.241750057571295
4.843475685762726
-3.140329342856276
-0.3935869414312947
0.2836757869388009
-0.6248080287128062
8.370284293854425
4.914783310822173
-10.654626419730363
-8.509053338006453
-4.542602491075101
-0.680287872306323
2.750909700980216
4.942187291537024
-2.3395229048044826
-2.3052458999875256
-10.684453582019671
-14.816655555875201
-5.178335191597384
-5.19254935442396
5.280573583949192
1.3420333829709818
1.5492374365110493
4.179160457123473
-2.649657102950755
4.920731120141312
