# max_attributes; 15
# description; Austrailan macroeconomic dataset
# number_predictions; 75
# predict; IP-PCCR
# lag_parameter; 4
# horizon; 1
# name_prefix; aus_macrodata
# predict_model; lstm
# method; dm_FactorAnalysis(copy=True, iterated_power=3, max_iter=1000, n_components=6, noise_variance_init=None, random_state=0, svd_method='randomized', tol=0.01)
# prediction_type; rolling
0
-2.0745303933501944
12.269422197594025
-1.9043108568813807
-21.333825571394108
-6.004630590148373
-4.072975763739443
-13.53194252953542
-7.622012165818276
5.531323094643554
9.8737097447557
14.636210553835923
0.26200510853743
2.1982948435235343
12.714020764915446
13.14116915334101
12.763052555923437
19.95428324402424
22.783894930389664
-40.95642736554258
-29.05727726967341
30.961145741413276
-16.304175181252845
31.67475792911482
24.949776373129367
-18.87997839229194
-15.20971331145644
-2.7030265153871937
6.175676145753016
10.123472121222193
18.560063699943143
11.952478836479017
-21.719111793016992
-16.86643178444607
-7.500052985166285
-14.177699907564325
1.9997809534715074
11.516230661512665
10.855907327588383
2.3659261362080812
7.020413423663712
0.5307605342821375
-14.04837903108799
-5.122713284738161
-15.57873012233322
-6.673776623687637
5.582666042510006
9.386376816558311
13.691079644760393
4.405040310389992
3.361398701759086
-3.138638649910206
-11.300485946830875
-9.085339708168284
-11.66683579604674
-2.497780672524023
-17.000626871844595
-20.072541628685123
-2.700639789367152
6.0917062123725
-4.3561774942070315
10.11293022318118
4.789529907101176
6.1629049574452495
12.205887424991957
9.269994010288244
2.1450311794668124
-8.706690977904564
-15.846758194897674
-9.3515005926986
-15.649100755343603
-1.901250305837216
-0.040063722605722774
-4.373810298576721
-1.7805852470773615
-3.6076271641329853
