# max_attributes; 15
# description; Austrailan macroeconomic dataset
# number_predictions; 75
# predict; HCE-OthMot
# lag_parameter; 4
# horizon; 1
# name_prefix; aus_macrodata
# predict_model; lstm
# method; dm_PCA(copy=True, iterated_power='auto', n_components=10, random_state=None, svd_solver='auto', tol=0.0, whiten=False)
# prediction_type; rolling
0
-0.13069806043095333
-0.6975986924433819
-1.0546539372092383
1.8273696879711263
-2.594461841790423
3.0036148674262275
0.33301606161817965
-0.08106740799209255
0.9008672862681006
0.07277368109866522
5.751801099306919
-1.8115704290485404
-2.3686076311868955
-2.321575754184188
-0.9272085231392975
0.46498435329023025
-0.01085280408275402
-1.133232289647486
1.7236056723553528
1.1896329459662152
-1.1672125389041828
-2.6008794879380446
-1.2762217725254832
0.6301124695222011
0.7535813446707937
0.23838946877050837
0.8377853355046891
0.20708866240618207
-0.6819253723702481
-0.8434894537183535
1.347940995445109
2.383665299517647
0.6644548056562467
0.28568259833028975
-2.028255133236607
-2.2222869490373007
-1.5786165656220845
-0.6262327439316433
0.756718208706955
1.3446556299554562
-1.1186488969089492
0.14334303848023922
-0.227848261312392
-0.1779462728844301
1.4182445168914182
0.12518369407453278
0.6441486069043432
-0.1968517912601655
0.16150788293978025
-0.6444525889295143
-0.6353169995126908
1.1263676600750312
1.7383898170587972
0.12741304922822572
-0.2649122074181953
-2.402423795504239
-4.092078833417691
-2.2039186025859347
0.13156558987223654
1.7591836872505713
3.8482856348487093
1.3325610115764075
0.39203897265274357
-1.112095582766779
-0.354613502058303
-2.5174510046946175
1.6500864527679422
0.496297993113501
-0.041970275319309636
0.3316007144317883
-1.2466718166313697
-1.674397253099075
-0.5143167318595356
-0.2846794008944542
1.7583036786372706
