# max_attributes; 15
# description; Austrailan macroeconomic dataset
# number_predictions; 75
# predict; HStartsNSW
# lag_parameter; 4
# horizon; 1
# name_prefix; aus_macrodata
# predict_model; lstm
# method; Hits_granger__graph(n_components=15)
# prediction_type; rolling
0
12.675755668094183
9.215841903144465
20.326177381286882
10.545902085452084
6.38386300399128
10.91995267087114
10.78281617134013
-3.6439209775099357
-9.371060260183384
4.092265198066315
-5.890512923576452
-12.138181373848994
19.148104973044028
12.178449863209238
6.822856131696156
34.78976490252157
17.914978315641832
-6.772977163159169
-19.961445742181276
-8.068230553661635
-2.0114909175280786
-8.28032031509126
31.453897420487834
32.40434132095949
14.060465150414046
3.053156269227358
-0.6760110088449522
-3.976290053045446
-4.963005154447174
-0.6295737008386766
7.266341369707035
9.191714467915887
1.4970308712047284
-20.24686426021014
-31.0877720029225
-18.22585253262433
-5.036428085266678
6.51676166361095
4.073185501043241
9.168839549816667
5.297798808934658
6.8971784263190585
8.299206547743282
3.4404760022799366
4.4682604811335835
10.7526521685934
3.2330196124867285
-6.5533534641094064
-7.14879351520797
-18.26489716434083
-26.775920571884754
-30.69815441889577
-24.809007225122734
-6.633194368039071
-12.78970217310765
-4.729321244313766
-7.098598655813632
-2.5343650232114356
14.538587666633646
-5.87447034515651
-4.583930374377658
-12.558287861682317
13.956685159696306
27.956718916584393
17.48630668247658
2.4240489343886935
-7.676183274752418
-1.901655524448131
-17.968832250712474
5.76607070171589
8.155185912711843
9.042325902330077
18.44798556742431
-3.53900147872713
9.719645729226784
