# max_attributes; 15
# description; Austrailan macroeconomic dataset
# number_predictions; 75
# predict; HStartsTotal
# lag_parameter; 4
# horizon; 1
# name_prefix; aus_macrodata
# predict_model; lstm
# method; Hits_te_(n_components=11)
# prediction_type; rolling
0
15.791946808893329
-5.464523384788805
18.73501941395682
3.371053659001589
-4.365804576436702
-9.362425674865982
28.142263325840773
-1.0695941288073243
-11.718917322916873
-2.7044869747542606
-4.24638381993806
-0.8805845807003152
-7.197872370132863
-1.6007286320869412
14.21356929187489
29.297281372829133
20.844716654505362
20.644586173858954
-24.323467927427714
-8.016322069463108
-14.907742471573762
7.1553271841629424
15.957356210084683
23.621824197626054
24.498379033034766
11.233190241360035
3.377698435487659
-2.328381821128545
-2.8064044175822858
3.0233720963145174
12.134688070500388
6.054987698619115
11.594122769467049
-2.5899745548934163
-10.41124306073391
-6.1867820340351045
-13.212054937161149
-4.854948105429827
14.95137100714085
10.130234519778142
15.822083687148933
4.374013597854216
-0.5455597351295438
-6.391543020943573
-6.488721912363417
7.394230437243706
0.12030706535526292
13.93233549404843
-2.936336423295799
-13.581661946999098
-12.18221105070203
-26.67679539619953
-16.08542684671493
-18.714443082064378
-16.1635550636216
-8.1828698034439
1.3154407315939665
6.248033504684571
-2.0568026288584917
-5.9821136572518725
-31.019569716649286
-3.3801472959833205
2.5614250741005833
7.175346406235931
1.5024437269874227
-1.5426389310293445
6.3531691493647315
7.068188773821333
6.562136179461234
-2.211106532531332
0.02533538192032836
6.583166395401449
4.093698183769732
12.180885087974914
11.265572915152731
