# max_attributes; 15
# description; Austrailan macroeconomic dataset
# number_predictions; 75
# predict; HStartsQLD
# lag_parameter; 4
# horizon; 1
# name_prefix; aus_macrodata
# predict_model; lstm
# method; Hits_granger__graph(n_components=2)
# prediction_type; rolling
0
34.510280601294156
7.498148374444128
20.075049682587704
-23.748704233975353
3.061350583817088
10.674707987167736
11.80065112730631
7.227433486765591
-2.4431221243628585
-6.230910727788142
-2.6305547407442162
-12.08954470645125
-15.873083685578848
-6.402640464142706
1.5755109078830571
17.52175966274251
20.576410337788417
1.4507170626536663
23.770668080971262
-6.9288251442042395
-11.284107021600903
2.106515283794394
-5.103412847052866
8.083836432120918
29.579083938360583
37.74906438767728
40.916900178163786
34.740857269234255
16.532530045741453
15.899258288357515
11.122861964169871
9.590924229543333
16.664242486626208
11.585293642318462
-0.180309472669947
-6.408319586044584
-13.402026487128055
-16.56362172160832
-4.251527286875756
-8.15527362647245
-3.2857656154372847
10.705293189684156
11.471348431475022
17.320524404841464
20.89360333186086
26.541690883938173
15.50672947492663
16.787257017617137
4.587069356056773
-15.549477386544957
-24.779423831289208
-36.273569238091774
-49.94220291516045
-53.04095423910447
-38.00646583229104
-22.12386211124754
-4.630313920921267
-2.88609363270929
-3.332537395055027
-8.122904790993687
-18.88503081890174
-10.245186167639389
-18.464482124939003
-17.17330460916103
-8.070233634556203
-9.49529159060657
-6.782221743382081
-3.654766021171284
-5.9072310104482995
0.8513559251735785
-3.7517559220627987
11.887206991304353
6.075871676572319
10.656033825111678
8.0150218858209
