# max_attributes; 15
# description; Austrailan macroeconomic dataset
# number_predictions; 75
# predict; Cons-EGF
# lag_parameter; 4
# horizon; 1
# name_prefix; aus_macrodata
# predict_model; lstm
# method; dm_PCA(copy=True, iterated_power='auto', n_components=1, random_state=None, svd_solver='auto', tol=0.0, whiten=False)
# prediction_type; rolling
0
-0.5740644853694263
0.8394810480844122
-0.6468276367260692
-0.0831269464366926
0.5073673826829008
1.9423453895160705
1.457136409964118
4.216339695200915
4.699492313467548
6.172019372898436
6.230724047525474
6.160863482335323
2.441788707347012
4.084164940612798
2.579350745437903
4.198878906912025
3.9821077822585167
6.389770795099476
8.076660894799794
4.54800238890649
5.501805784602681
-1.890377735254436
2.0559223499564396
0.33266895721412126
2.879551633839135
1.225986427144509
3.333493822874175
3.393081287655029
3.1372480045977547
-0.1875051290020906
1.460977504795121
1.4914642361623116
7.49420396084788
7.64072623193983
6.238002277984943
4.808260069953597
2.1760514590137916
2.6251844440945113
-0.909709311386198
0.5817846773257891
-1.475845945315001
0.8498464322770474
0.6898489876143223
-0.565591789336942
2.2009541508873163
1.0017124567852953
4.753239781846236
2.0964175188071295
6.8585967913037855
5.0647741635634205
9.175739859911143
3.6111078200026228
-1.1521614458594946
-1.3065417681628304
0.050987508804976045
4.357425929093235
5.805623152588677
4.0389215099288585
4.319088111328497
0.727246555511087
3.1347946489237373
-0.22710357807129
0.09116926103300926
-3.8523588282708126
-3.8502867961543608
-2.7722676868820706
-3.2393159143545347
-2.9852917416913733
-4.481608863985354
-6.858020757140533
-4.749451227300753
-4.733383401779225
-1.8097791683313744
-1.5998927621555588
-1.4219069445558006
