# max_attributes; 15
# description; Austrailan macroeconomic dataset
# number_predictions; 75
# predict; InvtoSales
# lag_parameter; 4
# horizon; 1
# name_prefix; aus_macrodata
# predict_model; lstm
# method; dm_FactorAnalysis(copy=True, iterated_power=3, max_iter=1000, n_components=2, noise_variance_init=None, random_state=0, svd_method='randomized', tol=0.01)
# prediction_type; rolling
0
-0.011460409641265868
-0.010850061893463134
-0.00701684284210205
-0.00728945767879486
-0.005324948430061344
-0.00216008770465851
-0.001713860154151918
-0.007036208391189576
-0.0053862681388855
-0.006629226088523864
-0.0088137868642807
-0.0060268759727478
-0.004246516108512878
-0.007460182547569274
-0.006332058906555173
-0.0013025653362274195
-0.0003513929843902558
0.0003410918712615993
0.006005014419555664
0.005119979381561279
-0.0018862022161483735
-0.001538847684860227
-0.0014355375766754164
-0.006051480412483212
-0.006101373314857481
-0.007556097507476805
-0.008099728107452391
-0.010729370355606078
-0.01276545286178589
-0.014475725293159485
-0.016272422432899475
-0.015511662125587463
-0.011382754921913148
-0.004502678155899047
-0.0033946199417114256
-0.008110627174377442
-0.0025278202295303323
-0.006088263630867001
-0.004453011751174928
-0.004991643548011779
-0.007377341032028199
-0.009026837348937989
-0.010647937655448914
-0.011444264888763427
-0.011612067937850953
-0.011446885466575622
-0.012007297277450563
-0.011123997211456297
-0.008108470916748045
-0.006005952119827268
0.0006200735569000249
0.003977384805679322
-0.0020331063270568814
-0.00913609528541565
-0.007813077211380005
-0.0051651747226715075
0.002965307235717772
0.0019165551662445046
0.0007424592971801772
-0.004995410203933716
-0.008342005848884584
-0.006377763867378233
-0.010612642526626588
-0.006974349617958068
-0.008528014779090883
-0.009168509364128111
-0.003463169455528256
-0.003992374420166013
-0.0025312924385070823
-0.0021223599910736093
-0.00019823074340820368
-0.0010826950073242192
-0.0013924463987350436
0.0008461272716522236
0.00032668209075927684
