# max_attributes; 15
# description; Austrailan macroeconomic dataset
# number_predictions; 75
# predict; RetSales
# lag_parameter; 4
# horizon; 1
# name_prefix; aus_macrodata
# predict_model; lstm
# method; Part-GFS_granger_graph(n_components=6)
# prediction_type; rolling
0
8.486326870559306
8.8549670233444
2.1027075991663917
3.86862284807186
1.6837802119457566
2.3542117314395448
4.882040555178115
1.1363124529582187
4.879276844629949
8.484899061315922
4.279042925820576
4.127794820828413
4.543985034300055
6.9096474782836985
5.484750810417767
6.529271587873465
8.232512095040967
2.7916262063386963
6.002786670164847
4.261352589356296
3.5033800528200967
7.07248504488604
4.619563780065839
7.089534614736108
8.427057900461728
9.421747746979886
10.195430068627346
9.64042909486929
5.158718401282735
5.476897212340145
7.714111192495487
4.448624075608242
6.914829273751758
9.710939311992759
9.179105611152984
5.733966305571874
2.2142139348193304
3.7370016186447046
2.043414033986652
1.4349388209361074
4.04435082668293
2.5634576291249296
3.5625817100612327
5.73764262311604
9.18269390419257
8.602876492533396
6.84287830260482
9.0269112427366
5.650469885067048
7.213246583531273
5.064776837727251
1.8896112766446969
0.9342198407478515
0.35958098836171537
2.3492687671640535
7.404895347168992
11.503740869134951
8.190283633447397
3.003670118239473
4.0384706603292795
-0.07408597270280382
0.7169099923084605
0.4605030245780819
1.0364719531179611
3.642956496848541
2.7650945850763016
4.420352028663409
2.6480219939867773
2.7539057644097564
3.932462620017482
3.6645199115142795
2.303152340871927
4.329207184845309
4.811069503883619
4.014823783308847
