# max_attributes; 15
# description; Austrailan macroeconomic dataset
# number_predictions; 75
# predict; UrateLabForce
# lag_parameter; 4
# horizon; 1
# name_prefix; aus_macrodata
# predict_model; lstm
# method; Hits_granger__graph(n_components=7)
# prediction_type; rolling
0
-19.886472085687984
-6.748813328873624
-2.1450515995602473
-5.239682832499966
-6.563695048740556
1.8857855882620385
16.008688631272975
8.2760768009813
0.16619371121527138
-4.890561734477515
5.221096723998613
9.688221638158211
-10.522207800761578
-18.88631741926335
5.735516206485158
7.341518715864794
13.876981572664093
4.917331820709478
4.131752527063554
-18.402855159140515
-12.562497863521088
-29.02850692688783
6.897230297697789
19.823518504312943
-2.389345451223363
4.2438417650126325
-1.6310412433604426
2.675774354109535
21.055784150750952
-2.385413293022978
11.970078044002548
-16.420865592242166
0.9608306062649632
7.269955709541634
-10.925140370110086
3.95214608718247
9.45729257852878
13.98225203916742
8.395825792187765
3.701806258170791
-18.64060299021571
-18.582382046688068
-13.470337729189325
3.837681643846466
13.647689018181637
15.811967075063052
30.23048658948548
4.4030714428899955
-14.113222865713823
-7.303020342746123
-24.615153707887515
-19.81955152625747
-25.77415733745046
-13.472121974384294
19.292938533499978
9.113206006757096
10.461708977106994
8.351946997934348
-5.110398925888532
-1.3832584536409342
6.82791748595173
14.448724193771255
-19.252553633614653
-24.765791733743242
12.793910645459121
-19.378189497502618
6.870193868915393
-5.414732060131485
5.241928070765383
0.01636257331395541
-4.117915377340367
-1.995981891137049
-16.328380322199635
-17.9005560428988
3.7655504065694885
