# max_attributes; 15
# description; Austrailan macroeconomic dataset
# number_predictions; 75
# predict; Cons-EGF
# lag_parameter; 4
# horizon; 1
# name_prefix; aus_macrodata
# predict_model; lstm
# method; dm_PCA(copy=True, iterated_power='auto', n_components=5, random_state=None, svd_solver='auto', tol=0.0, whiten=False)
# prediction_type; rolling
0
6.56740663080393
9.546630126349111
7.887266712135336
7.170799795149303
4.095735237599204
10.72466222111457
-1.6429858065673777
3.642014181403482
-0.2271122840885873
0.6547498082837002
10.127655791057556
8.025382452926255
-4.517768436222628
3.8810326626552296
13.769605700023916
6.1176050235948765
-0.2654501018533253
-1.4044165558081048
12.26408805865151
-9.623353078553725
-3.607630940876337
5.489044504450177
15.046983899357684
3.5764422003333465
6.015842128625202
2.0795678929324204
-4.491885446801572
-3.302791486459789
-0.12081703651460529
1.655250539552263
5.61192645617653
8.232805056207301
9.03905887077061
5.520262541270235
7.555445568914976
0.0635241737112402
-1.8023059230844751
1.185249231012989
1.1062995837657965
2.7979901814031365
-3.337558095929701
0.33180532029835774
0.7338248221799581
-4.133100026811988
-1.3439132180077102
2.4605536570268463
7.695950240851921
4.303624483407315
6.755756091392865
2.826728744497288
2.525451792358268
7.165948802311963
2.3511120548020834
1.490675470995292
2.889883935166047
6.181613403958647
3.5526329842322006
-4.437770584492995
-2.945902237037277
-8.630992473456939
-0.523184779088048
0.19097852572145868
5.978148556140368
4.0692410857639665
2.235261082643998
-4.138114692774494
2.040197541516374
-4.398407197890787
-3.81906005331701
-8.478003372717504
-6.96613382112592
-5.538792732664817
0.27174076576968176
2.5719784899916363
2.483220643658754
