# max_attributes; 15
# description; Austrailan macroeconomic dataset
# number_predictions; 75
# predict; IP-PRM
# lag_parameter; 4
# horizon; 1
# name_prefix; aus_macrodata
# predict_model; lstm
# method; dm_FactorAnalysis(copy=True, iterated_power=3, max_iter=1000, n_components=8, noise_variance_init=None, random_state=0, svd_method='randomized', tol=0.01)
# prediction_type; rolling
0
-10.912024546370596
2.9165321283947776
16.52188399576066
21.1612998251817
10.273182848176845
26.156890766287532
0.12747628903579766
0.2968693043181929
-4.23068126320014
-13.710143377103996
-4.5785662315602735
-17.32146011509773
-18.58791543034225
19.127064905509144
40.99195172011257
31.426779858827842
20.440744831237183
18.446212733470645
-3.4766826178922656
-9.311532621425336
-2.4200735213728564
-17.765600612076113
19.653769838037917
23.834230751758966
5.452147727058033
6.240030367385515
-3.9847043981479118
-7.677704884379494
4.6790210925181555
-6.136627899912199
3.2768770249062698
4.522546322253845
12.605458530301476
12.538499334732947
17.39119426607695
-7.131728176935042
-19.029643023816377
-4.316723514974527
-15.776042600304365
-4.160985646339071
-0.8027991111606241
-4.019460093874827
1.6602631301784356
-2.0408792203915027
1.067848140208099
-7.133795096137945
3.2549676813555806
11.718148089709558
2.928061942904833
14.137917360353214
6.137124750897087
-15.626092105437024
-18.135179245461394
-36.858535343724505
-23.30338939312717
-17.99645302052629
-14.674437571398492
-3.944669071848381
-6.991006925638885
-9.605956275272348
-4.046716467537337
-0.5212981956343157
6.528284716742164
-2.514172264735919
-0.30276192965180826
-17.68688244356415
-20.20634461932653
-18.36827830521907
-4.8836255326969535
6.560834200885125
8.573573160847587
8.944657050608896
3.1375936304469008
-9.051568105332649
-14.208315838027595
