# max_attributes; 15
# description; Austrailan macroeconomic dataset
# number_predictions; 75
# predict; IP-ME
# lag_parameter; 4
# horizon; 1
# name_prefix; aus_macrodata
# predict_model; lstm
# method; Part-GFS_granger_graph(n_components=6)
# prediction_type; rolling
0
21.53757719905741
24.51690122163572
-29.19699630068632
16.810120210793123
0.41161767498821433
-21.50159778323392
17.98684596590784
5.512516138069877
12.722090403351267
0.6673633912730779
-2.009853805492398
1.6286202297465877
-0.39690251527443365
1.685645528954268
-3.9861644226529407
-14.755173419090294
4.115176808665517
-9.807250833266426
5.075649370469705
21.05618916593967
11.78585149737333
8.352056408875306
-4.602613283575799
-3.934500813631125
2.0220163666126325
-2.3576213176442593
0.12874782408324847
10.375376766897261
6.197835835441758
19.940193060841814
22.373300444862863
7.564060591072057
1.9119488085147438
0.07936552298320265
-5.079897428713185
-4.644816246989073
-11.108977464820981
-0.7736192083838205
9.793492803837715
5.52301262078884
10.520324906549263
3.397104928373558
-0.2649344011275758
-1.0371830285735442
-2.9126450379189706
-1.0166561898353095
-3.197428721199387
5.006507243348899
2.3713844937279873
7.16851879162013
8.194012328612935
-2.1827892773565267
-0.7962473166889126
-5.521006195908427
-7.82294454012494
-6.647747877887518
-4.30685712576139
2.23118147455326
1.9165015592429384
3.622505549880664
3.3711843378246087
0.875122720278128
-0.5636525598220317
-7.215347153938541
1.982560837820813
-1.1188933126341638
3.526197361399568
6.655182582482318
4.500523011416263
-1.3573479480114443
-5.077485408013196
-3.8851209788099084
-9.010477529091748
-6.392890021983018
-6.742620692087023
