# max_attributes; 15
# description; Austrailan macroeconomic dataset
# number_predictions; 75
# predict; 90daysBkbills
# lag_parameter; 4
# horizon; 1
# name_prefix; aus_macrodata
# predict_model; lstm
# method; dm_PCA(copy=True, iterated_power='auto', n_components=2, random_state=None, svd_solver='auto', tol=0.0, whiten=False)
# prediction_type; rolling
0
-0.1943568933523383
-0.14593964999497855
-0.2022289485245894
-0.1482697203314407
-0.288034186207907
-0.272134332502898
-0.45992376022433823
-0.44596625539675316
-0.4485774120985728
-0.44324624203680174
-0.3751459376376931
-0.09308372086319316
0.206068406615739
0.26886431665094124
0.22390546452259974
0.24365540634678817
0.20280761769847455
0.06731136175588004
0.09636053852584725
0.18683667393101233
0.14634386789718556
0.1508753916808021
-0.051349644923110116
-0.31135406518147635
-0.37407654666532864
-0.45451530310453814
-0.45428928815269254
-0.2767806760913323
6.998432845195524e-05
0.11329096428753926
0.1901776730174265
0.1921347543748979
0.03947492532763164
-0.08225955730801404
-0.011649586625193109
0.10982438834738373
0.24786071092934492
0.21684463114854013
0.19768188388625996
0.2173015718789144
0.06945014370060898
0.06635491979721575
0.06626699261470792
0.021116384396854038
0.030977558224459134
0.1117594879092283
0.11325261306963652
0.15700363568294184
0.19171710025798516
0.04062101873580115
-0.03873700505989586
-0.3545515674729822
-0.19902217870083394
-0.08933652625545907
-0.5463780455008764
-0.8233860862233944
-0.9120657944582762
-0.8137695183343621
-0.4177609223450838
0.01025667581044809
0.3276296072241549
0.47116558799287933
0.531186179405728
0.38576514273754414
0.32197794725912
-0.0043291809836234485
-0.19539331163126228
-0.2919541951450917
-0.400544733240241
-0.3760156216582975
-0.38105997605691444
-0.24269228959832034
-0.1625983433468985
-0.15753925646823363
-0.11417197988284267
