# max_attributes; 15
# description; Austrailan macroeconomic dataset
# number_predictions; 75
# predict; FedFunds
# lag_parameter; 4
# horizon; 1
# name_prefix; aus_macrodata
# predict_model; lstm
# method; Part-GFS_granger_graph(n_components=1)
# prediction_type; rolling
0
-0.036477949349990935
-0.2684328076530611
-0.2000524959255372
-0.16009023281823742
-0.11786726209413168
-0.09299525591622948
-0.29941500040780644
-0.3392677691866075
-0.4106094178844606
-0.48739545854817967
-0.3944156769205247
-0.3326838109184418
-0.16720458122979753
-0.07473666879426588
0.025316964657195795
0.07761897948492424
0.08879757312048331
0.13509093073118583
0.13798538115728753
0.21727558878172282
0.37397300866354355
0.13388927605856304
0.12606441405523672
-0.07921298119317632
-0.2706518671203768
-0.3964609465290223
-0.4286221465755615
-0.4149122283149873
-0.24887698623429877
-0.08506694528352376
0.03300498274076835
0.15163772133100872
0.2303634717773284
0.26144796159971584
0.18780616429556263
0.11357265618551615
0.04042411115873712
0.02818704035986319
0.03315526154745463
0.05211591747511268
0.019114077360519177
0.009968757898696667
0.048775428802856347
0.06336283710707069
0.18054652717817676
0.23576199320066804
0.15704161670912153
0.21474464801061988
0.16643068340528844
0.25683518913496384
0.20049196031797756
0.030462718279250955
-0.38545278403054817
-0.5259104964424286
-0.6697456434656297
-0.6975171861339722
-0.6671602914024506
-0.6456923976827775
-0.4311514559675371
-0.241734616487137
0.0295034673522796
0.172385601074585
0.23877409485090606
0.21184194472540252
0.1276165273498382
0.057310612470993005
-0.09720882031213396
-0.16912097188722242
-0.26521899077188116
-0.2993781504322206
-0.32221841785203553
-0.32788458141576404
-0.3039494666744387
-0.26894333335649123
-0.21914116713296528
