# max_attributes; 15
# description; Austrailan macroeconomic dataset
# number_predictions; 75
# predict; IP-MP
# lag_parameter; 4
# horizon; 1
# name_prefix; aus_macrodata
# predict_model; lstm
# method; dm_FactorAnalysis(copy=True, iterated_power=3, max_iter=1000, n_components=12, noise_variance_init=None, random_state=0, svd_method='randomized', tol=0.01)
# prediction_type; rolling
0
11.308027227242718
0.7272713596967293
6.752669908401721
4.233137981901081
0.3122961569325966
-4.453282819575314
-2.0040718462835017
-7.021559263625051
5.076080399135876
3.5079487816404367
6.490303061301994
-0.9994868004430586
1.139636039835942
-2.706311755682556
-3.691387806549251
-3.000126077117507
0.9527412664817163
1.6678146915707899
1.0467993289871558
-8.849901716230882
-5.613357119262659
1.6921578150481835
-1.3844736245534008
10.426253285962211
14.496724673814157
5.25407608732764
-14.94081972117387
-2.761211978814174
15.88851548799613
-0.20841453543595634
7.558524257772447
5.392545665989566
-5.333767815309763
4.294951428341193
-6.641278372710886
-6.202291023445021
6.071840946174575
-4.910166233764528
-5.579392355253411
4.079914288760804
-0.9620211391278914
-2.3351187466563985
2.870543066290338
10.378793052311622
20.195668044977587
23.46390252195335
2.100769868914064
-3.2904721327793425
2.801560005926781
8.145943126502843
17.92735696629778
17.904426322026367
3.012574143676261
1.7823933265671315
-16.142415315540106
-28.866397438616147
-20.429054292501988
-11.188853070976329
-3.4037734763484906
9.241462930993912
11.72860573035534
10.135720764398592
8.598915418402221
6.9841766487568435
4.9768059530281334
-1.431402430383919
0.36479096993124926
-6.158748904555587
-8.251306547512542
-10.43013730157562
-11.587827168543953
-8.610954986394738
-4.5670270196611895
-1.2706175449264592
3.282614062634245
