# max_attributes; 15
# description; Austrailan macroeconomic dataset
# number_predictions; 75
# predict; Cap-IntPro
# lag_parameter; 4
# horizon; 1
# name_prefix; aus_macrodata
# predict_model; lstm
# method; Hits_te_(n_components=9)
# prediction_type; rolling
0
12.46499128676923
10.213881289660812
12.27065021478084
10.886420476351564
13.787859845530715
8.516197251883753
2.2908259855791506
2.719119540209231
3.4407485610450657
7.303689181832127
8.23019728705891
-0.015710602885864233
3.576930964387305
0.3198006572194423
-3.161883846074776
4.834600672720114
8.7283791892578
7.110315689633413
12.93194351244377
14.056010040861405
17.963450427864938
16.858631613974996
11.692087957171136
9.096101061839882
8.57124838666552
5.336816136066755
4.812678757608072
8.445804338166955
7.0994526772708255
6.931286716218409
10.223904347788807
10.165968281855005
9.696754412623015
5.152115245541122
2.9467174574224266
6.369289068443564
3.3184387587363595
8.389833112174145
9.728108746666287
8.229740209489556
8.857752917638354
9.196471140819558
12.111605028862368
15.470579044965657
18.47085401842737
18.971917883742126
21.6193171015173
22.053861340310117
22.659895740659746
18.612809252109837
7.884180662948854
2.269493225645789
-2.9864892329433737
-5.666855912417301
-3.339356084521423
-2.312342854669474
-0.7067198786291797
2.973269508951308
8.340489510936983
7.113206556857772
11.216231623002674
8.97146728721426
5.6051889341097905
4.938784678171356
5.2048216317528215
4.115092313723917
6.350640897221123
7.592953986438076
6.2222911413173705
3.2986924141330007
-0.12813090869398636
0.4484487007577407
-1.5558512810437612
0.7488896455416487
2.047743823695022
