# max_attributes; 15
# description; Austrailan macroeconomic dataset
# number_predictions; 75
# predict; IP-FBT
# lag_parameter; 4
# horizon; 1
# name_prefix; aus_macrodata
# predict_model; lstm
# method; dm_FactorAnalysis(copy=True, iterated_power=3, max_iter=1000, n_components=5, noise_variance_init=None, random_state=0, svd_method='randomized', tol=0.01)
# prediction_type; rolling
0
11.42674604171295
8.656215143500589
12.039808376692196
4.390337621697125
-1.834837024457606
-4.755659444194059
2.1144210799951715
0.4489382222123801
-1.7349675182066946
2.7550185348287606
3.216943050869446
12.277861581230706
0.6724216473995952
4.8278958246796755
0.9233360081003532
2.9870001965528914
-1.7991691146771345
11.169625499972785
4.985214179281446
3.087881092327528
10.769467872499941
6.706672879119843
4.154550827279927
5.126863209027519
1.2304554164064676
-6.478674497800345
-1.3869517490481655
-2.78536045345475
-2.0953331388395604
-1.805982770565187
-2.4539260228428894
-2.0763202980623205
-1.1186225750743723
-0.11495230958323432
0.4206353439081738
4.7255996247062235
0.719865593362023
3.626817070248517
5.418079278420148
3.0409789049372407
3.5844284690687047
0.5458841555769602
-1.6282779447236813
0.7795952773583039
-1.0778945120032475
1.0828758934150962
-3.9830620324081103
1.801829589543253
1.3735309702034364
-2.49794470824715
8.307287360651095
-1.0152011842203272
-1.7216190998967242
0.05787829194503402
1.4654007219172414
4.2972064380416874
-2.285916752039448
-3.269418531988517
-1.1134133580345775
-3.856006824553525
-4.787408419924596
0.2034045820047261
1.5737396136568513
3.574780999111006
-1.1059569649056193
5.536669909294073
-0.0025630512406813466
1.4909916016887301
2.180592561924662
5.351805214985873
0.47191006793986645
2.832693570818126
3.6135487937391595
0.7241740165629338
-0.7561748704615994
