# max_attributes; 15
# description; Austrailan macroeconomic dataset
# number_predictions; 75
# predict; Cap-BioRes
# lag_parameter; 4
# horizon; 1
# name_prefix; aus_macrodata
# predict_model; lstm
# method; Hits_te_(n_components=5)
# prediction_type; rolling
0
-63.19618932584004
8.77856243671765
19.442616045295964
26.695986921861888
2.4916570022082993
0.4349845677529345
6.45394664523387
-19.4571913254685
-19.71980128234209
-8.676676257759297
-46.36617513138841
19.2664138376808
38.89912648011999
38.856752615889874
45.654144446218694
14.708190061605208
34.14333356205894
-8.781770907810198
-5.963602265998546
-1.1179882225799957
-35.250599199077364
29.541329237462406
58.899083723720324
57.56936039711836
51.96535685193369
-15.665270483638736
-23.147510894348763
-41.72902036639644
-52.93310740765197
-61.01047360795104
-55.716272277572465
-17.29734426501797
45.74375890232021
84.88624931362979
46.68943741727334
34.803168495714004
7.2048493865326435
-8.613295463669346
-19.627100120900963
-9.909071698285828
-8.594541895374931
-6.927987681994736
4.580049834084505
-2.373463952276552
1.3908565437519655
-11.619486461189311
-11.801182070963947
-10.178815077866503
5.643456490705276
7.853897518374552
5.912359859761565
-18.507806097407766
-31.068626803674377
10.519324246502109
0.6632474276294147
2.493803695770609
-7.174864108411569
-19.522778813872506
-14.400227967414452
4.578256478282441
35.57385815158719
45.91374769875499
44.41976898088468
30.433980421376134
9.44765081964134
-4.260160923797514
-20.06815898020494
-32.29273880708545
-32.70043724842097
-22.36880780474295
-20.547058313607423
-17.24585695327329
-11.50083830799494
-9.825357316105595
-5.988869249232053
