# max_attributes; 15
# description; Austrailan macroeconomic dataset
# number_predictions; 75
# predict; ResInv
# lag_parameter; 4
# horizon; 1
# name_prefix; aus_macrodata
# predict_model; lstm
# method; Hits_granger__graph(n_components=15)
# prediction_type; rolling
0
13.886738572677373
-16.90861546954207
7.709109015359601
-15.434093213359994
21.044936347685677
-2.281883271881213
15.822790043209011
21.526835094025287
7.597289957417118
14.993428616757313
10.97558110532401
8.440584314444393
1.5092607366951682
8.554537052413764
20.35264963842809
25.56593405852641
24.967842210189204
30.316359270391743
-3.6136978955982073
-41.452699544449054
-28.496482337973518
-7.7511381725386315
9.340428304450981
9.51940138510642
22.569400941030466
43.157656470619045
25.30826374621256
11.617484516879998
9.566036518227449
23.656909201668697
16.226396957095304
11.642405899594067
6.7613354596823285
0.42599138704369466
-1.1391269230800845
3.536946652114935
14.743283082671624
14.250196740724363
7.4048035699247094
1.5080374268130754
-2.1577244311165487
-7.156097486639865
3.865867652793355
-1.251458064229027
-3.4229469011943365
6.110392357079078
15.246490180213087
2.402212940214909
3.098098456451183
-3.313716708351137
-7.192249138562133
-6.537650330846134
-5.827049534691085
13.178563059486208
20.744571098033788
14.111130588838506
2.4973110590133416
-13.428874948623367
-1.8773233142495656
12.115577894623698
17.25105411640814
16.770207985548467
6.65239686977614
5.386192906885981
-1.5568445742108707
-9.75682584688117
-14.590030731523036
-12.735066214279925
-0.22820913373394092
4.281977931637215
6.000073987422169
8.547737725394754
2.8464166727461304
9.063953158833485
12.372672113330282
