# max_attributes; 15
# description; Austrailan macroeconomic dataset
# number_predictions; 75
# predict; Cons-CloFoo
# lag_parameter; 4
# horizon; 1
# name_prefix; aus_macrodata
# predict_model; lstm
# method; dm_KernelPCA_fit_inverse_transform_True_kernel_rbf(alpha=1.0, coef0=1, copy_X=True, degree=3, eigen_solver='auto', fit_inverse_transform=True, gamma=None, kernel='rbf', kernel_params=None, max_iter=None, n_components=12, n_jobs=1, random_state=None, remove_zero_eig=False, tol=0)
# prediction_type; rolling
0
5.262347574422016
8.287037597638104
8.0640696515322
-3.2009969278882124
-4.152197030611028
3.3334054874179486
-1.1313858950647315
-1.458680282879719
5.6968485663120845
4.116113569696417
8.573313631056813
4.445329747111138
2.975443171082368
4.3638377975751865
7.10811299344838
7.068976076114296
-3.8504609312522504
2.390992149741656
0.904515636722067
-1.808531739172352
-6.657963509363192
10.041712207264268
6.45233886202854
4.826590609801414
13.420919448924558
5.3417210157377895
-0.6034687787994599
0.6300225442612657
6.40728525387955
11.426651647731326
8.590337357826051
5.440973125852842
8.285902682520152
7.252413667645236
12.976567393810683
6.2838468415842
4.410646741106611
3.877060093318782
6.501261269712941
6.041191901232267
3.2414319662593414
15.609676392863939
9.758987197147938
6.265118220104441
5.066799177565763
1.7901277337617927
10.281007798867066
3.1930795381675097
5.279335992720917
7.6457399390561065
3.1525353260871753
-3.58248981766927
-1.9213271696949334
3.080420297459078
8.172749123227021
9.939186497542323
10.026731327707338
7.003635229723564
4.875048963304252
1.9353867807249188
1.0725688233208004
0.11455418582310273
-1.326248298783021
-4.143011784256423
0.12789574354299305
0.7659450228540621
2.2142682116417873
-2.338320204365438
1.9530057074226832
3.0369959230127463
2.5342436579628043
7.803301465897796
4.932102407300356
6.399678800555698
8.81709339839231
