# max_attributes; 15
# description; Austrailan macroeconomic dataset
# number_predictions; 75
# predict; Emp-HoursPt
# lag_parameter; 4
# horizon; 1
# name_prefix; aus_macrodata
# predict_model; lstm
# method; FCBF(n_components=10)
# prediction_type; rolling
0
2.5648584994315833
1.3693902557226636
1.5589346550607184
4.495795327020764
2.811476728890332
3.387890297518844
5.728138623638474
5.094366383432995
4.8805854941283915
2.5031131559453748
2.8708423411661705
3.821197702793812
1.9729500095124735
4.406743220420818
2.730636226981961
5.530771865104866
5.89689300114822
7.270383750547662
1.5857670606895082
1.0982081388466316
1.7334403333688204
4.471996880090554
6.529025417033726
9.300848268333791
6.937373447849533
6.158168649926534
8.794704292589048
3.749587879791088
5.450697371096828
4.986497718321305
4.580439767420865
4.628385053022621
1.7341847795652923
0.8372184663511106
0.6079080435470807
2.0446296243461166
1.6582081441174088
4.520665050184922
3.3582639490002464
5.239364302593735
2.832178234250156
3.3208663084794505
3.447246263769271
3.4276103605107995
3.6401452102975274
1.5519072418417341
2.8832709612023937
2.4693350446069697
1.368459697977074
1.7447199415545445
3.4773168968700645
2.199395562769256
2.797463323620306
4.250064531899884
1.2659962115754393
4.533142467761463
4.105716868334538
5.3432304345728685
5.591376140526208
5.794746131345391
4.178371866561271
2.1007082116096356
-0.7068548660802065
-0.4756776536524008
0.5773982325834313
1.1904979055053193
0.9061784694319401
1.1003370733962994
0.8129615495072189
-0.16082230560543476
1.5512047842264653
1.2817345531543634
3.4675301529701006
3.6900162965020478
5.087289605260434
