# max_attributes; 15
# description; Austrailan macroeconomic dataset
# number_predictions; 75
# predict; HStartsWA
# lag_parameter; 4
# horizon; 1
# name_prefix; aus_macrodata
# predict_model; lstm
# method; dm_PCA(copy=True, iterated_power='auto', n_components=14, random_state=None, svd_solver='auto', tol=0.0, whiten=False)
# prediction_type; rolling
0
18.283333884614677
-16.49865112580145
11.313887811757837
-11.301206383342276
18.53544920670403
-10.194521393769989
18.12383953806237
2.3857244419040597
-5.377247988825999
-0.2613361051174934
5.09968036017257
10.768949405488357
10.563965913151705
-2.7880113841725915
5.373839914444389
2.702615779584775
21.6525960382764
5.465793549619306
-7.476356097832564
-6.2854175541870205
-4.454396935497812
-10.352343722711637
10.797593707186522
14.040515863496509
27.357593459903867
0.6323279741301207
-19.036106518398867
-12.561313655512407
-3.361498757802778
3.707073025769361
14.607960506814536
31.80777833179492
25.590798851013048
2.821483031562636
-10.95068402477375
-2.989130169137269
1.7689332788402652
7.191799728903064
23.940290133578387
22.499876295649756
18.81826951886258
14.063696774317776
3.1986990046168984
-0.6851485689526413
-8.346487262551406
-10.171883155331116
-9.81506873049095
-0.8328727915352658
-10.593033591128261
-12.405002009148802
-21.050847405468296
-32.92114209686437
-16.286873228568908
-17.963386219895455
-3.3826409804847515
-3.4830867051032186
-13.818091559282408
-15.47183431077977
-26.567445842769963
-25.15176026529351
-22.70588450393179
2.113038903157417
16.90453536232043
24.938359979153887
26.307984404821298
9.034502470635076
2.066420412144822
6.8345306326073825
9.233318564679834
7.173348867901382
8.24837552403001
4.8976742325285585
13.809960768491777
11.277118091144786
6.031661509664147
