# max_attributes; 15
# description; Austrailan macroeconomic dataset
# number_predictions; 75
# predict; Gov-Nat
# lag_parameter; 4
# horizon; 1
# name_prefix; aus_macrodata
# predict_model; lstm
# method; Part-GFS_granger_graph(n_components=6)
# prediction_type; rolling
0
-1.6946762572580596
19.68767908969963
-4.879942688740433
-6.4091047513682255
6.959828858134031
5.906170936285019
2.2579436691350914
3.6815162147021887
8.511459797743676
0.9078731159255504
-9.940705914897503
13.972350652104137
-3.7473925776963846
0.29605279954919084
4.565221864406109
14.199778910197736
1.2436303793548937
6.694519564948202
6.072681092143775
-5.5925508080064965
2.376837460272313
-1.7635414120537654
2.291644448044657
4.719942074429273
3.8417788153558945
5.960874458636642
2.9683538563730707
4.74366401364064
1.713741786732971
2.7618256109112203
3.4083765508635047
10.411170624893963
4.034823959034384
4.078465529193878
6.656925161499558
0.5325974658469832
7.758818369495213
1.710724544785588
4.736931974861026
2.6938190827646835
5.796768964708207
4.287706629016995
0.589989745209305
0.3473180104593041
-0.5834916181961916
6.842931342249095
9.89275290759915
10.248424728850186
6.577388685247243
2.7361517863038785
-0.35308036175865
-1.9135296633944225
9.585564955690085
-3.229238662976206
6.505888041268406
4.129209476362764
5.272266032254279
0.6056073649403153
-2.596183507623376
1.2221558351543536
-1.2934008341986853
8.406509494613825
9.633379172342597
12.13528025361347
3.2263679937449687
5.544675165886282
1.3201978083609625
-0.13616996304699924
-2.953157854086669
1.606267603201566
1.7348117491002952
-1.2882021478841317
0.9376650509167312
4.346014607700884
2.9414028721856447
