# max_attributes; 15
# description; Austrailan macroeconomic dataset
# number_predictions; 75
# predict; Cap-BioRes
# lag_parameter; 4
# horizon; 1
# name_prefix; aus_macrodata
# predict_model; lstm
# method; Part-GFS_te(n_components=8)
# prediction_type; rolling
0
-36.9110300024048
-18.478285727550784
13.629303211035037
-28.668000059858997
6.441839826882415
20.72160540292512
-4.326621756476868
-10.275129617912526
-7.686177181255033
-14.940448069097087
15.123541932162908
7.995892630746681
10.57671163216807
18.50429095580631
28.673731700775974
22.718763758402787
15.92987870132093
13.291598979981458
17.426117447506854
-15.2346984223892
-5.297107248900147
11.214726292439678
28.01071006052841
47.877345633758395
35.26546762113459
-2.220222032327925
-11.840962569368784
-25.86457160272525
-56.70199462756306
-58.65575077259325
-26.658814887032193
24.870030711354232
55.10231615449986
85.62580524609915
59.27223506555292
12.830573203847848
-18.430431794661587
-23.396554014578506
-24.37271291141647
-11.555352324327487
-1.1873690918441184
10.279894580051447
11.777833347536728
4.114737337576443
-3.647526581512693
-15.52434205129758
-19.419190849365336
-3.010971939533462
10.074118668577754
12.130604434027688
-0.16667630371333075
-10.48874562761381
-32.67077021005973
2.604018409970152
-20.47496407701452
10.012897901550502
-19.23775524284825
-3.621959594520476
12.037509934325158
24.740309086088416
40.936978678779
45.23655254759596
42.583599309080526
6.8533116488274715
-2.834536395661516
-21.942335794862437
-35.145837886536135
-36.02849894528486
-24.6741700216678
-6.511529130904904
-13.553990698348116
-3.064739279844332
-8.724263520640761
-10.714048450404377
-8.839091625974234
