# max_attributes; 15
# description; Austrailan macroeconomic dataset
# number_predictions; 75
# predict; Credit-Per
# lag_parameter; 4
# horizon; 1
# name_prefix; aus_macrodata
# predict_model; lstm
# method; dm_PCA(copy=True, iterated_power='auto', n_components=13, random_state=None, svd_solver='auto', tol=0.0, whiten=False)
# prediction_type; rolling
0
-1.0171471594089923
1.9109091547965633
4.145439539620305
-2.989263460879897
-2.907494211246629
-6.463914825568828
6.965045400648783
-0.7294641601864882
9.104683293967199
-3.490923489631193
-2.0170357992033203
3.8265317426023344
-0.5993659850042192
-4.369792315948587
4.179135840845511
-0.9624695594248323
-7.333398558951657
0.4335282590746772
-7.304673951679323
-0.0018756174639875667
5.027651515666328
-2.592922578728171
-5.688725568129307
6.119623518514132
1.1656449491523944
1.826648541438125
-1.793892139989559
-9.55996937871192
-5.230908244862128
4.025470115101015
10.898160651555713
0.16451835094370182
0.10649539453142154
-6.047821776274546
5.546843771872389
3.0887967956209295
1.2104232952206218
-3.2025497934680516
-1.1109009939770402
5.1683815689954855
-0.06553889777487143
-1.7457618173947367
-3.4851948977529617
-1.7254469418820122
-5.050488494490622
-1.4945312870614984
1.495343506680591
6.071468922224909
1.4482569529449378
-3.0727429026185717
-11.651633625099365
-3.539656241187018
-1.3907193162141809
-0.20112292789138309
-1.9632916331037862
-0.7423954192028432
-6.464292171181764
-1.340591930580139
1.006082922368357
2.4599050943259755
2.801294745756671
6.022961254017147
5.120650659008504
-3.7071314923452263
1.8421925326516444
-7.1307595514068325
1.002715498945328
-3.7558510037041017
-3.953443289513366
3.4740997669194513
3.4936422976103714
2.3747662145701867
4.424233953293687
-5.367138837929453
7.238022954464299
