# max_attributes; 15
# description; Austrailan macroeconomic dataset
# number_predictions; 75
# predict; ExrateUSD
# lag_parameter; 4
# horizon; 1
# name_prefix; aus_macrodata
# predict_model; lstm
# method; dm_PCA(copy=True, iterated_power='auto', n_components=8, random_state=None, svd_solver='auto', tol=0.0, whiten=False)
# prediction_type; rolling
0
1.9067117808473597
0.13125130143320973
9.371326028244255
-7.088328821666849
8.738362951175432
-1.1192763144329518
-5.501347652923897
-13.396519857871724
-7.695393901707817
-7.838789658558767
-14.861064113006378
-24.465028239835718
-14.4221306330124
1.102511347801709
3.3078986150133005
1.5704886550234392
-7.227196186000739
-3.3034041813764077
-15.363415125374175
3.70713853051042
-17.41341441041864
-14.563733066278061
-17.665541680516526
-26.338825968699354
-14.455783001297348
1.723812812282361
5.973729226674877
6.538105190531837
7.180275331147513
34.17326171418992
32.89476225782016
24.814296646671096
32.648926648122085
18.790192110938904
1.9491404142759734
1.4515482214780917
4.55098243521536
2.560533515483698
3.4726739949425536
5.765172706702401
2.2623408719490357
-2.3233778884317644
-8.839664590503403
-9.712392025355854
-6.074720290409871
11.85062093133267
17.39539712284794
16.203247699895243
13.242650794789341
10.280410844610856
-0.5314669211569765
-5.85833926920769
-9.391707697748643
-12.034635864069543
-10.81401367223748
-13.29884884316202
-12.749110006445378
-0.4511280282492862
27.0601789637808
33.12056073248701
23.217787820220806
21.978140368676605
18.35515585370851
23.156444131322715
8.167164342840351
-3.949261154837828
-1.7184668004066452
-11.856064916671272
-5.389380142369433
-6.808179618227797
-8.438831722771297
-11.31293833451494
-11.232399070256932
-13.021043984521626
-10.027746475044765
