# max_attributes; 15
# description; Austrailan macroeconomic dataset
# number_predictions; 75
# predict; HCE-MV
# lag_parameter; 4
# horizon; 1
# name_prefix; aus_macrodata
# predict_model; lstm
# method; dm_KernelPCA_fit_inverse_transform_True_kernel_rbf(alpha=1.0, coef0=1, copy_X=True, degree=3, eigen_solver='auto', fit_inverse_transform=True, gamma=None, kernel='rbf', kernel_params=None, max_iter=None, n_components=11, n_jobs=1, random_state=None, remove_zero_eig=False, tol=0)
# prediction_type; rolling
0
5.952296153844305
-1.314397354714071
-4.077547784400721
0.8140318992001561
-8.36268352388206
4.026636149365768
2.631545092254619
-6.334899696094341
-2.5486141082138634
-0.3587515799246255
-0.7762487362512509
-6.460123851756856
5.550113907640181
2.878109223608874
0.06878522814558607
8.67971513879203
1.6237198258629206
-1.1511152609864652
-4.493194184172793
-7.3535344245752565
-4.725135933616391
9.776595518570563
6.7093619730476775
2.6073086121682323
2.7967963748976423
-0.060053121851495916
-1.9788530823764798
-6.823225426203326
-2.3588021619881836
-0.5041242918955007
-0.330638949180063
-0.44378601502646475
-2.3625137117380373
-0.478244813718117
-1.458423149496113
1.7802813849434145
-0.38634431267827196
2.4566646564747394
1.3736508995582888
2.3772166156151116
-1.4745771227854299
-2.0164593716077572
1.130709995515275
1.982194508923012
1.4166398392245227
0.10484888569337869
0.5988001529435003
0.21440484147894523
-4.284152034267505
0.8161094838356888
1.465753137077236
2.861087080894567
-2.387834149025572
0.6307608317521378
1.0277481127033532
-0.047348741988422205
2.3615875586370905
1.5852694551444522
-0.7686108526394655
-2.9123479910276675
-3.3619623977586492
-2.0064819470368285
-0.4112452183823976
-0.6137605408070783
1.6766350032322492
-0.6806888759934608
0.32917784312706644
-0.3660502250790181
-1.286516570370864
0.4192747598238924
0.6914564130319221
-0.4988389968758362
2.150041266864335
-0.18938326724539678
4.241586869681381
