# max_attributes; 15
# description; Austrailan macroeconomic dataset
# number_predictions; 75
# predict; ExrateHKD
# lag_parameter; 4
# horizon; 1
# name_prefix; aus_macrodata
# predict_model; lstm
# method; Hits_te_(n_components=5)
# prediction_type; rolling
0
19.413021041274348
15.296292346321849
37.59845348375221
-2.0978070043988453
-8.640192806273518
-0.21296024884988185
-21.971852345176842
-10.468454211784731
-19.972238008593592
-11.621138651928504
-15.635646687665684
-9.441837186507385
3.4724990590382987
-3.4935519348588855
2.6230192225281286
10.8653380343885
-5.619583479280479
4.0153473346827155
-7.319090654343839
-18.391893639298672
-25.485319969609463
-9.386843647965037
-26.481611465060098
-14.202651340427522
15.853750815373246
3.400370734335098
1.7157475037002285
4.7140917476108655
4.692769584713631
15.561384724405912
19.27658150437091
31.11628276768191
15.090806718438813
17.212397412955994
9.77237187263971
-8.275231999973741
12.994188200438927
16.059824501006176
6.706715294219023
9.10204687131447
-5.537975258091819
-10.6220589516292
2.5794928101088317
0.29954221911437173
0.4784233032778076
19.04427841530712
-0.767366900957839
15.067862327266013
20.622960000619543
-11.560203702326831
-8.374421120099058
-2.5470121528351086
-1.6364351438956959
-17.980506687537
-35.887884134116206
-11.996136995683457
-8.922460526225336
14.136530935325837
34.15068103501743
32.80241669839843
21.52557795208186
30.36952039779645
27.48348504518991
-6.034336554714002
-4.966474375529884
1.4314824151840924
-7.439966938728389
-0.27055949155987946
0.7966436573872784
6.492327688673711
3.1821404755619938
-5.458536767221759
-18.008784154165795
-22.53815195833019
-26.748741767415368
