# max_attributes; 15
# description; Austrailan macroeconomic dataset
# number_predictions; 75
# predict; HCE-DTA
# lag_parameter; 4
# horizon; 1
# name_prefix; aus_macrodata
# predict_model; lstm
# method; Hits_te_(n_components=8)
# prediction_type; rolling
0
3.914400112462488
2.7374857198051927
0.7888371220704684
-3.452961048754595
15.275668356133288
0.5163253238481005
-3.6487818367660765
-11.552468759006487
-4.494644942067644
4.392814406973933
13.62454130703393
-6.3355348618562175
1.0443478477343078
-4.5084336511286764
-2.237637237185247
8.284548322407069
2.4935128256652135
-4.435038370249991
-0.17140946617553254
-8.226099703687332
-2.707475966166193
-9.224588979175962
2.835190478085316
4.767866181889602
4.454488451492395
8.299242940205282
8.422763318633933
-4.562043440569525
-4.406360523109747
-9.646942528706091
0.09741756215264985
0.7379561742857916
0.714024622001709
6.335560703611186
3.4326400691180154
-3.292242834878344
-5.404377392201695
-1.8236536174600033
-0.3034998524123793
1.3490221849877955
-0.865157711742917
-0.03900784748910979
2.685576593392433
-3.077664734057109
-2.1724896162205383
-4.227679750714643
3.162123493206373
0.8255625511213793
2.440503270234281
-3.644591314141323
1.8651456253997338
-5.881435602468521
-5.730298901861602
-10.335855555860292
-6.1691366557750555
10.639805442356355
14.867242458722039
8.89255202811406
-3.235854184280498
-1.9180848772971828
-11.300615014625258
-3.1603025071439816
2.4109250720791735
7.707751227493198
4.048669125846416
-2.453677018975057
1.480567914437863
-5.646399525809457
0.35352852182640504
2.460044221890307
4.7055029798042085
0.17729870497177558
-1.0938746581309644
-4.115519356695806
-4.644892407104322
