# max_attributes; 15
# description; Austrailan macroeconomic dataset
# number_predictions; 75
# predict; IP-TCO
# lag_parameter; 4
# horizon; 1
# name_prefix; aus_macrodata
# predict_model; lstm
# method; FCBF(n_components=3)
# prediction_type; rolling
0
-0.1063186088357213
-18.819114639336817
-6.821742134429172
-14.49668020983556
-4.235597047618526
-6.246627905922743
-0.2874030176133857
39.603105686845794
14.506091038037866
13.520834934401861
-2.5373522334449916
-0.8517023048233767
-7.285809200723399
-10.757690147956474
4.282874409912353
-16.089096658354023
-7.863671663160325
10.052172126382743
-1.2267721583425555
3.959501257349956
-9.616752999957335
6.420345388350341
-14.236185368042982
-3.0180795779707097
-9.609113479212724
-15.64178242739257
7.104328127300235
21.417564743709207
-0.04197006411085624
-0.390839138189051
-23.448639291351164
-21.561004848503806
1.6278668397448826
1.8602990804052268
7.5936134438064045
7.556555004406874
-6.88119939233993
-8.867973170330181
-31.24416147029072
-29.591906855790825
-10.218384837982214
-22.329492220927868
-23.917526446689287
-10.795859272571434
-10.390462728827032
4.743958289634364
25.097613731511643
18.685286233521936
5.685968867638707
12.52438654128727
-1.4001244892743188
-13.57306001587905
-9.831446316167359
-18.765022133412145
-13.96556976321363
-16.415292802505654
-24.602413397320973
-18.026334587713684
-27.247350042890822
-16.56302817571224
-12.887194095906843
-7.292110203387878
-13.120751261336665
-3.8966671822630445
0.5507727323020504
0.8131721144480224
13.541076460475423
-1.3829587068742626
-13.774460708388993
0.09278595558461689
4.780781776392175
4.935736603499066
9.174068666927909
6.28801721261938
-15.538923008755681
