# max_attributes; 15
# description; Austrailan macroeconomic dataset
# number_predictions; 75
# predict; IP-MP
# lag_parameter; 4
# horizon; 1
# name_prefix; aus_macrodata
# predict_model; lstm
# method; FCBF(n_components=8)
# prediction_type; rolling
0
5.687791113220676
8.047423867297312
7.45414996925102
12.75991600156842
2.013778864086092
3.2845579696602982
0.7693007739579727
-5.96785676843195
-2.1250788932437175
-2.162875531534553
8.03887906734824
4.365598696878138
8.527778676873098
7.686617009000308
-3.7505720837742658
-5.77582019783614
-11.360359745786148
-2.176440925889054
-8.192229488181056
-6.314585451144559
2.30068928550763
0.1471759392587515
-7.351303233509256
4.651441601011989
12.787951149901062
11.118950802837666
15.27132733804654
4.63683665925506
2.7368143831811764
-0.7044231574661879
-1.7656938374477846
8.399741865415777
4.984539626304468
2.427411512357409
-1.7376167342872435
-5.409575527678477
-10.868490666775436
-3.5445645554875824
-6.192135624269319
2.7662200558918997
-3.0680602667835473
-5.462419964242962
5.533341406776195
4.559751655459152
31.73013639871086
21.913475841831932
4.420321777403068
-0.661400812277968
5.9554535919309615
-0.6570608184140312
11.560394840359486
10.917926575776058
0.9696537237731704
-0.7302393615676479
-11.056473934831303
-12.942490290857727
-17.532695755917658
-6.179099326911114
-1.058405363758041
3.408217494073341
8.662313825007466
9.32893874716651
5.081627759713832
-2.7009974774818204
-1.4428980532286602
1.3902601967710666
0.817394991674611
-1.3659202673262811
-2.5786525376763336
-12.002613574582533
-7.7125646024418515
-2.4206693023931223
2.0493752047359166
-4.333520432509481
-2.245195565522934
