# max_attributes; 15
# description; Austrailan macroeconomic dataset
# number_predictions; 75
# predict; FedFunds
# lag_parameter; 4
# horizon; 1
# name_prefix; aus_macrodata
# predict_model; lstm
# method; Part-GFS_te(n_components=14)
# prediction_type; rolling
0
-0.14072806569825747
-0.08875520560037242
-0.1694864008117829
-0.3497398796964799
-0.5446468857217943
-0.3006419894386445
-0.544555432527176
-0.4588515058447038
-0.07235619875680555
-0.14852893683206192
-0.2271585318733369
-0.001815749137512368
0.041321177751907134
0.10208525207746866
-0.0797810849834597
0.1329678347419585
0.15834019449461367
0.15363664057958948
0.2254639604400479
0.2792015888999786
-0.17656831356774916
-0.08317128273736585
-0.05251306268464684
-0.4685184827734148
-0.35360701593648547
-0.24910998555909747
0.10664620426405325
-0.02792683574449173
-0.06946788999330145
0.15872059372175595
0.2000877621482693
0.024670938522704855
0.15960883167494178
0.30451713827360516
0.10895681288946513
-0.08018163654100041
0.009706009895690704
0.04234434035528545
-0.12328785511743168
0.018351551563629
0.12634731438864133
0.1601742484878388
0.15163541820753457
0.15718364265669216
0.1920003440688931
0.15256722357977281
0.027766144544967508
0.244688132078537
0.2186444118331754
0.19731403377760293
0.08784734276045203
-0.5530697921205674
-0.7022603729654466
-0.8389067998815689
-0.7822046676565324
-0.7944402990032349
-0.38859213325273134
0.38698450473059065
0.5230603328059997
0.32474451211203004
-0.002104023425689938
0.20301464822996484
0.03812924054373146
-0.06257061096917749
-0.04116403791200263
-0.25986000630151374
-0.32856275531541446
-0.32325472745191197
-0.2523882898975527
-0.3118260529924546
-0.15628451320420855
-0.07139809939157127
-0.09216421219598403
-0.08265173646699542
-0.14380695792924514
