# max_attributes; 15
# description; Austrailan macroeconomic dataset
# number_predictions; 75
# predict; HCE-MaiRep
# lag_parameter; 4
# horizon; 1
# name_prefix; aus_macrodata
# predict_model; lstm
# method; dm_PCA(copy=True, iterated_power='auto', n_components=7, random_state=None, svd_solver='auto', tol=0.0, whiten=False)
# prediction_type; rolling
0
-1.6330331242090406
-0.057984512787882636
2.524211234645737
-0.48896705528180817
-1.8351599908511762
2.5217293268681367
-0.6892457604864717
0.7056352419005094
1.5077118285217885
2.399194418926193
0.06554082285144958
2.612555686770353
-0.3642188121318668
-0.2016559758024421
-4.324373366964146
-2.5812641431741365
-3.020515111536202
1.6329855397426911
1.5021684057610436
1.2864738473714787
3.642895603417969
3.739721853294089
-0.48779828690578597
-0.6408347586517316
0.17158346422676374
-4.112646888674094
-1.32444430328648
-1.7208839548124484
-3.2276801023496304
-0.8565622251427101
0.975411611084585
3.436419559630913
3.4987602423286397
3.147250764749156
0.9308009641873127
-3.9567718277932915
-1.5705703630705852
-0.09075461248612271
-1.2204377179921906
1.2504235530484387
-0.9165717403983464
1.7075892671995376
-0.43025050994623726
0.014240277402240764
-1.3764762578284042
0.04386287643299269
-1.9731372907694809
1.1493404810216887
-0.19682379265289995
0.8768953709681178
0.9205676061992669
2.7455872175116554
1.4192208822682986
-2.831938951814962
-2.2124014806329697
0.895258091557043
-3.5264984018072543
-0.6226854099461647
-0.09496791101875601
-0.15989559510827434
-0.4187432899679777
1.890726036222567
0.6828309891723734
1.8958002531502487
-1.076529528957785
-0.6976766037583673
-0.8686596678431044
1.4694535067490477
0.7369892316862945
2.4820485258729903
0.8872688537750868
-0.09115269435806539
-2.2072954171555317
-4.7146114337010925
-2.5384050565134064
