# max_attributes; 15
# description; Austrailan macroeconomic dataset
# number_predictions; 75
# predict; Cons-OpeVeh
# lag_parameter; 4
# horizon; 1
# name_prefix; aus_macrodata
# predict_model; lstm
# method; Hits_te_(n_components=14)
# prediction_type; rolling
0
6.457592823699898
1.4894562076360032
-1.4581475875724053
2.2674551779576575
-0.7776244008525843
-3.1267316181465556
5.990849381698354
0.88421560933309
-1.118759521817445
5.726374914251316
8.790249321615885
6.817225859895238
5.186336912175168
7.3910065551449335
5.306414684668674
0.11797914003673426
-3.3899624921067417
0.11477226098456583
2.4269320575986484
-1.172367437593259
-5.15443876855552
-2.8306444878927266
2.8426924697308813
3.2532568986957315
3.1915312005221743
1.0120088251550605
4.506766860255823
3.5460241937415766
5.939124068519419
2.7967978457377107
1.7582703430120752
3.139470246194538
2.572163552332281
2.5476488392021786
6.76880532110351
3.443500883634286
5.149360445626641
2.804797293115076
1.2538877583479007
1.3423571711262632
-3.141108247349237
-6.868335429977179
-2.1415301786936602
3.6261800334521226
5.486410856842731
4.416240569668755
8.412061354225706
5.236870268967049
3.3931740752416033
-0.3987124382922893
-2.1302808213476236
-3.6633830870941484
-7.031260161802738
-11.61371551425442
-5.77605800945128
0.12747929062704344
4.652716971295007
8.030996770067496
4.629934252554033
3.897218867211251
1.9755786228833614
2.2483107232067674
8.860458564977435
3.4084478990533107
1.039512035436097
-4.213041726326805
-4.192873135763211
-2.4256826842561896
-0.5370460771109578
2.470718166683316
1.0549020427223539
0.09918431148240714
-0.32561151734193317
-2.336181605254737
-1.0359379168297203
