# max_attributes; 15
# description; Austrailan macroeconomic dataset
# number_predictions; 75
# predict; Cons-InsFin
# lag_parameter; 4
# horizon; 1
# name_prefix; aus_macrodata
# predict_model; lstm
# method; Part-GFS_te(n_components=11)
# prediction_type; rolling
0
-0.5291644176992332
0.6460144270518544
5.232027742898534
3.829887244915522
7.26566867207514
10.05719367472085
9.451581917218952
5.248752647966029
6.987793483356469
8.116931753290558
7.154672695835838
6.968652644520521
8.463321179957209
12.710005383023994
9.198576634940228
9.017366192381527
9.876933510859164
6.855889663568927
0.7276245327730475
-0.6618755463257724
-0.7839512585081305
2.4468062556097046
2.163189157683023
0.8655253816350061
-0.4977196100042516
-2.2730054446700105
-0.04562580405889527
0.30233372272516945
1.2454784806589032
2.1058787911835655
5.668286138881079
7.855788318494859
7.368175491954428
6.690378509970493
6.736332617987131
7.001926096627059
5.757148326442298
4.2081221373223805
4.950447323368433
8.602382053715075
8.198443406714315
6.687654377705709
2.702533957939343
4.836321420177512
6.214807683567212
9.477474015338391
10.539344539020767
10.873609779284578
9.724209170430676
3.1273265137514876
-2.002021060665113
-6.901469250904913
-7.192787458758635
-4.511146777498109
-4.530430586192076
-5.916392375331642
-4.499915938681158
-1.5320868423169323
-0.4714131561286372
2.199786016908316
2.246834229586927
2.233318013308997
1.7981785490895152
1.5672599696074894
1.5214291409893814
-0.24326065815117204
-0.6107265814321075
0.21892750465592137
2.829062282286733
5.953364611344526
6.041490546942288
9.081485177329068
6.390266799741628
4.42843440799599
5.437085900217689
