# max_attributes; 15
# description; Austrailan macroeconomic dataset
# number_predictions; 75
# predict; HStartsWA
# lag_parameter; 4
# horizon; 1
# name_prefix; aus_macrodata
# predict_model; lstm
# method; Part-GFS_te(n_components=2)
# prediction_type; rolling
0
38.04484402413625
24.70386684267146
35.94605125178431
13.371796820165272
14.813626006334488
11.151342766407168
3.2240359381466277
-4.740957287048587
-7.035258785276852
-2.1113942576542257
-7.555527598378745
0.08032016006826836
-0.8746438981591069
6.4411518226502125
9.392805577821562
15.993975105112611
11.160172192737065
4.3144700898891415
5.620909850059519
-5.246155941422941
-2.2864941019058733
2.0012410589719423
2.9867341054147403
2.6686620886317627
4.457332261261854
1.8496081285539105
-0.7735968338736683
-2.8783590024320205
-1.0327742303448275
-2.0243613409737975
6.099444223590439
5.683485842478987
0.5260008542321088
5.289843029741178
-5.278261612911564
-3.193204318562877
8.638102295521819
3.9250953221048235
12.924722777992542
15.965624139837374
14.176587296678633
21.155874806524437
20.085358197898216
12.663074022158284
6.514111924441039
0.9291331002513772
-5.8454349200384
-7.0291720545012595
-13.601015272910871
-23.43590352624279
-21.420022293829255
-22.484987510651713
-16.635789570221945
-19.394867963746165
-12.339910656902802
-8.98590199723293
-14.75914413765279
-13.361557417470507
-18.547862709269296
-16.54272492334522
-17.731745780125927
-11.016457384203036
-8.381599632374957
-2.1223063725868485
3.2375000799586644
9.134889527968951
16.62131904599096
12.627360312667747
15.069694036722694
17.392676503701992
14.715328971013918
16.332903341565213
11.146730051156752
6.415147548758327
3.364470750619688
