# max_attributes; 15
# description; Austrailan macroeconomic dataset
# number_predictions; 75
# predict; HStartsWA
# lag_parameter; 4
# horizon; 1
# name_prefix; aus_macrodata
# predict_model; lstm
# method; Part-GFS_granger_graph(n_components=4)
# prediction_type; rolling
0
10.70921877637123
-0.19760143382750073
-6.351330248417199
-15.927649778355509
6.389729947712297
0.6939359563539398
-4.436041408833589
-0.017492870154484308
4.191862798519054
12.79825811266106
14.63267410044557
11.365273019642885
9.129844141494715
20.487412432563247
3.1561358896511678
8.51592767537555
4.677605914643237
0.261719404002136
0.442062636813489
-8.897871736714563
-1.6709789522818
-13.878665530615436
-3.8324503848012057
-13.509024970683086
-0.01765420518708538
12.650511889846726
8.3746201870443
6.253423845391836
17.250261670374215
6.530729432799475
8.064255584773548
15.830726052346932
6.103514266458461
9.808932627376194
1.7444030204735697
-1.6454806837194553
-3.762973653032546
-4.21339906383713
2.55542689597398
12.859763427136869
22.434044268935878
22.295061471756284
26.948374483109006
14.534340398072132
8.349488589010605
0.1646617150684051
-8.387143690768156
-11.459923388373838
-21.721649137402267
-17.492555594171485
-14.748026687224112
-33.97779855950762
-13.844007832247406
-29.18901545463975
-31.285278200343996
-17.072336501517114
-1.780092768197548
4.107770579478398
-0.3557024323709328
2.9440023220058293
-7.357136842147213
-15.159079016662226
-22.194683453003428
-2.034884785146062
5.312004596492812
3.1401270543702964
16.425436316175407
9.957448858300694
14.604418469507777
13.076825046687262
14.240402635484926
19.00091544259385
6.398999378676578
13.713357751013575
7.70307044723188
