# max_attributes; 15
# description; Austrailan macroeconomic dataset
# number_predictions; 75
# predict; Cons-Alc
# lag_parameter; 4
# horizon; 1
# name_prefix; aus_macrodata
# predict_model; lstm
# method; dm_PCA(copy=True, iterated_power='auto', n_components=3, random_state=None, svd_solver='auto', tol=0.0, whiten=False)
# prediction_type; rolling
0
1.4539609944580985
-1.0018273462438518
-4.945156448217796
-6.481379618899737
-3.987493442994075
7.321971119645973
9.447173231524225
13.820096775557989
7.347474903209562
8.399539134901278
4.767164396735186
4.63806619324202
4.652410634576482
2.2833247237404777
3.987926628858716
7.450034740697927
5.249242675482531
8.452663616869707
8.233726518622582
2.2250352878924673
-0.10176449736991344
2.845579604647668
4.43839885615632
1.569529158692319
5.5186054987659645
0.5453429446279952
0.8684492308275882
1.8958567985956147
1.4282370305288143
3.931958371564704
0.5882400928228808
3.668234464715118
0.8134925652538723
1.3941727404580782
2.9132961203296492
2.310482070693011
7.382627715489811
9.279696440754623
7.861328126779526
6.992896088593238
6.526598286979098
3.907895929350836
1.9704616879673669
1.9740022589883992
3.0926865258261156
4.039835255394095
0.632842091399521
2.1537852752574267
2.9345766853127078
2.1600785429788782
2.053592597764892
0.33387252512752497
-4.72908965305116
-0.659529997889047
5.965591094810836
7.7099961276437945
2.0737598813005285
0.27718006012466745
-0.48158977632726874
-1.5379948329795887
-1.2443679565450232
0.4316387973049469
1.8712381577872819
1.623668769415028
3.4198789705392425
3.7524211791577766
3.827772382700795
1.3972764877817099
0.7639183811499421
-0.4086322605349828
-1.121749599316125
-1.9188617684461278
-1.4498466404714385
-0.3137265645945835
-1.8484668337774561
