# max_attributes; 15
# description; Austrailan macroeconomic dataset
# number_predictions; 75
# predict; Urate
# lag_parameter; 4
# horizon; 1
# name_prefix; aus_macrodata
# predict_model; lstm
# method; dm_PCA(copy=True, iterated_power='auto', n_components=2, random_state=None, svd_solver='auto', tol=0.0, whiten=False)
# prediction_type; rolling
0
0.16118729867936876
0.059379958756832885
0.13790105144050468
0.061200840917153165
0.061558850255308384
0.051742553366098454
-0.017850876155835305
-0.0334779742295645
-0.1078644754953288
-0.07199974086808603
-0.020741621952775346
-0.01160233846035913
-0.01298268666506286
-0.03709456154826768
0.052728207560632234
0.07294114394936624
0.004070281667377995
0.0212400433143618
0.004301388743242707
-0.05715090461434574
0.029561233189532077
0.0730532324706179
0.08153788212351809
0.038128280303318385
0.03630568152922964
-0.042650731690465626
-0.0771799725949916
-0.03502054243538749
-0.10208295211230489
-0.10327606225967118
-0.05707384772962826
-0.057449309307762764
-0.08972098058275896
0.000915717765541002
-0.018678824407677874
-0.03218231230410473
0.011502806025932566
0.0426293687607916
0.06635017359622652
0.04046821560459024
0.06634286209313867
0.06204579636096108
0.004657586100197841
-0.013727442727422878
-0.00795510640697461
-0.02151625981036409
-0.07706845627832953
-0.0222548805679591
-0.009241676637290308
-0.09169203465867548
0.004515965464299998
0.08716208103357714
0.08324540419683235
0.09716758690704375
0.11867516796863409
-0.009439532268677053
-0.08794854507768185
-0.05119829205906545
-0.10683838550980473
-0.16649119080089086
-0.12330732369124342
-0.05291681317615543
-0.06734771755556385
0.05657297735396494
-0.009974797872997432
0.03573900825077514
0.07355321212525323
0.033206748629148186
0.046407127038866736
0.04184201524565867
0.08371601068254086
0.013524023370860672
0.02425854968047647
0.02749751375926268
-0.0433361692103823
