# max_attributes; 15
# description; Austrailan macroeconomic dataset
# number_predictions; 75
# predict; Gov-NatLoc
# lag_parameter; 4
# horizon; 1
# name_prefix; aus_macrodata
# predict_model; lstm
# method; FCBF(n_components=2)
# prediction_type; rolling
0
2.763566466904349
10.077880095335116
5.067354430972987
6.967871882332105
-1.6397005631403712
10.491867871445217
-1.082057123731417
1.6374927222410776
11.123101521798505
-0.05256358014495888
5.834824275320498
-1.493427999227186
1.1747779389418707
5.769798947826532
3.0713363729795695
3.6995687961755728
8.236391569541903
0.43749815502073197
-3.2268560815694496
3.1077323992166797
6.525008170215145
-4.186095413997316
2.9963775661371947
2.79952747786154
-3.6035161421950974
6.331728233428079
5.084588601540906
-1.1044532234382682
1.531131108026747
-0.4298572499826623
1.6640793430530945
5.221206095884829
2.331118155411117
4.137818320132141
8.038841674076812
2.7349749930631386
1.5221357485863365
-1.7418784651843504
3.1089557378386434
5.274807543853969
-1.1263900983191872
0.9503940313664447
4.570949794751922
2.8755469654386054
1.3724783875212268
6.319469124565808
2.8290593412556877
-0.6684340039081373
7.05925232685434
0.08521672895589738
-0.4513538137454729
2.1803093278137684
2.3064403059925525
2.474216999151677
2.822971396981762
2.444642769052008
3.121467533837423
-1.1071624229467716
2.7942036473836467
5.921568591781266
0.7670074768672048
2.1927848094935296
2.7803716745788503
2.5096680965459726
5.167985948265395
5.677468278623291
4.00039131909341
0.10825059889052469
1.8891222042090572
3.9372641713165173
0.8024684093895686
2.2714098494602304
-0.04321188644917129
0.45289391318829786
0.7216440834772602
