# max_attributes; 15
# description; Austrailan macroeconomic dataset
# number_predictions; 75
# predict; ExrateGBP
# lag_parameter; 4
# horizon; 1
# name_prefix; aus_macrodata
# predict_model; lstm
# method; Hits_te_(n_components=7)
# prediction_type; rolling
0
16.112744102903953
-0.9891224545629029
26.5734089460839
-11.865299110511845
-6.065647517066985
-7.548468915379651
-3.830725321474908
-20.725313320022863
-14.592614018276503
-25.376316769432904
-20.082919602958544
-24.46906458484561
-13.36501508853937
6.65814961791439
3.4976703603018606
27.906544119612292
1.4527676616841347
9.208274389005446
-9.69799458129264
-7.877385134770741
-19.191041941514563
-12.394388556264634
-5.994068177367986
0.3222349057414675
-0.7456193322249831
-5.73922882931798
4.811566670683511
1.6512240939071248
-6.385517950212119
8.098127786864332
8.924280604423721
0.8124427954576632
11.532954475502343
8.356135645206535
-1.8109553293317546
6.394160937530451
0.7795109976364216
-0.7867519802142624
-1.2958052579428738
1.440930272906236
9.746680911754702
2.6369952770098593
3.3340302647013615
-2.3715621333439785
-8.899003973532238
-6.247536575213132
-5.420725204534193
6.211016900797986
6.361535636129624
10.210488690879444
12.984732756638522
-0.820387891433775
7.076024352411089
12.732486202631549
7.922099437297874
8.02494141187988
4.270289850375448
11.962057747779625
15.225084909084288
24.21778514665499
20.331977968271225
20.345165598036388
6.0690676397075904
14.588011390020398
-1.6465821274283527
0.8875841205831847
1.0465812095986493
-9.566134851015043
5.825510673403919
-1.7660370363659155
-0.21651124817636003
-2.6791395749240934
-14.165165412485148
-8.587587043009819
-19.804772030504182
