# max_attributes; 15
# description; Austrailan macroeconomic dataset
# number_predictions; 75
# predict; HStartsNT
# lag_parameter; 4
# horizon; 1
# name_prefix; aus_macrodata
# predict_model; lstm
# method; dm_FactorAnalysis(copy=True, iterated_power=3, max_iter=1000, n_components=12, noise_variance_init=None, random_state=0, svd_method='randomized', tol=0.01)
# prediction_type; rolling
0
-35.28431471861431
-12.924327424675468
-0.028209203621145207
31.813167477087006
6.055222196305493
17.082637990555085
-16.55964511975138
-11.283413651043475
-18.24255972999994
13.171369208625919
28.542864512167995
12.994028247466517
29.930298905885934
24.53776498890764
33.9087370819303
33.381776168522606
16.542923861290163
-28.88822680565569
-5.1197770554366
-41.801711761405784
-33.8290106096792
-60.363661137905204
-25.85318258566393
14.920034141282997
22.389020125653815
-6.677536912958942
-4.352034689464048
-12.901868004071389
-18.18107890904652
-7.764619558270169
7.0098458626601285
-0.39640609457478604
16.466023689757904
56.46048949446242
26.79100513237904
37.77407954317124
38.56071214939476
9.730949647599587
21.459853745673186
25.83285528784424
22.017849941600517
18.60856395377482
28.46259788481214
-10.776012583150944
-19.358902282405595
-29.753811401376936
-38.37582079166191
-26.37160449616141
-31.220670808494845
-3.4025528543582197
-3.891966727631285
14.372223317172285
-5.609461228082353
-24.747209700101735
-45.34540411230501
10.230843764732214
11.430076077042386
-10.615313462915083
-6.265889397844276
-40.09271940485954
-31.18961095330495
-39.65042362678159
-13.914212872831925
-13.698262103549808
-3.292356714643745
14.14888231731392
18.407215493785884
21.261527724124406
20.595522356134424
1.0879429105901153
5.467628219067848
5.371327924377027
6.674613208840384
-9.070681554471221
-4.365905961817447
