# max_attributes; 15
# description; Austrailan macroeconomic dataset
# number_predictions; 75
# predict; HCE-MV
# lag_parameter; 4
# horizon; 1
# name_prefix; aus_macrodata
# predict_model; lstm
# method; dm_KernelPCA_fit_inverse_transform_True_kernel_rbf(alpha=1.0, coef0=1, copy_X=True, degree=3, eigen_solver='auto', fit_inverse_transform=True, gamma=None, kernel='rbf', kernel_params=None, max_iter=None, n_components=9, n_jobs=1, random_state=None, remove_zero_eig=False, tol=0)
# prediction_type; rolling
0
-3.97370066987453
-3.6128041454011353
-3.6236105964981267
5.644054857744781
-5.3955885541277375
-0.9109274075015499
2.5553268423887765
-3.169657349970331
2.2133764846617296
0.6636830207447559
2.1974523504456194
-8.270485938275975
-7.264810520333217
5.8249954172103315
1.0286453883865256
5.966327377614707
1.8350152016168906
-1.8847595753324615
1.1204124021043782
-3.269026115393265
-3.90397612657482
-1.2568442456535358
13.562055090917205
1.2822572488763875
-4.573819522992558
5.422863354209966
-2.8608560093168816
-7.056321389333329
-3.9642130333722676
-0.14209864533757965
-1.5530646571251552
5.152273512225101
7.509902505329652
-3.3057622278713996
-3.1999519464142416
-2.8249599636696345
-2.890966935235042
1.461156355613113
1.5873932083274411
5.180177380842036
1.7937927107228973
0.5315406086123247
-1.192811481323922
-4.302955680715181
-3.0504993399779377
-3.5213362235776753
-3.363251102431125
-0.6805172494366118
1.590474457038109
-3.90313405241578
-10.48295700352173
3.1631357696504985
3.900690359233227
1.9271736443240464
5.37160422256461
4.627863047622746
2.850897883203782
-1.622896592480906
-1.5058071341473678
2.1298515603288948
-1.2223723993289077
3.215384514073939
-0.5747701988161893
-0.1811993903767366
-1.658650117829481
-2.051629768128679
-0.27335783308388883
-1.28773702588623
-0.04644945897710073
-2.749245553169512
-4.508739937032578
3.0001005772853766
3.9679559255488535
-1.5753319482961263
2.137571744394844
