# max_attributes; 15
# description; Austrailan macroeconomic dataset
# number_predictions; 75
# predict; ExrateUSD
# lag_parameter; 4
# horizon; 1
# name_prefix; aus_macrodata
# predict_model; lstm
# method; dm_FactorAnalysis(copy=True, iterated_power=3, max_iter=1000, n_components=14, noise_variance_init=None, random_state=0, svd_method='randomized', tol=0.01)
# prediction_type; rolling
0
-4.7546237417153066
-8.186203524297639
-0.8295493604489792
-5.595131463437539
13.780217071974505
-3.916019547821037
2.1674450004411625
-13.04906591786279
-6.017915012596362
-5.305364435183506
-21.87465747870172
-20.43778450704518
3.4534082896100387
1.178001254031841
-12.044223633181986
7.165017052821227
-10.31232388532571
-12.29716240724862
-21.778689620469663
-27.72990907752579
-2.217231165603863
-10.275585798245956
-8.732445880951332
-8.517888239036992
-1.9551855136655263
6.453768889185412
3.377036749438531
14.801630067326144
13.719133865831822
30.91325991887993
18.661293221283046
15.436336375142687
29.128031336138065
26.848025778070195
-5.431979091445811
8.061338214172949
8.072589065492977
5.761926690827337
-10.282208071373788
-1.2169373105751333
-0.8431245194326209
-3.236029314833928
-8.36142827014568
2.828039286718038
11.983487173724711
18.170042781722543
11.917224368176463
21.694113979609014
10.623206150725025
14.381260992938593
-0.6530823122289888
-25.889964088297404
-35.04120918623127
-18.476008727543203
1.7921795170088899
-7.106181908979664
-7.626686565685759
10.339259910197569
24.646876364917716
28.8202108492209
17.29854763067452
28.93738801488348
12.957522363295027
-2.9850241242977944
7.105897485911612
1.837433386476917
-4.687128652362631
-9.469341577427116
-6.954911558061454
-8.166787540452376
-3.371590551887664
-15.51478566196755
-18.480286655872362
-5.008734688181278
-7.4248124302461775
