# max_attributes; 15
# description; Austrailan macroeconomic dataset
# number_predictions; 75
# predict; BM
# lag_parameter; 4
# horizon; 1
# name_prefix; aus_macrodata
# predict_model; lstm
# method; Part-GFS_granger_graph(n_components=3)
# prediction_type; rolling
0
1.9280874917539101
3.362300821730763
0.006476955474500556
-1.6950207816523921
-3.4312672997379146
-1.8035333038798846
-0.8087877387254032
2.1229212227556324
3.9461736925591033
1.1784298911355826
-2.324752195357714
-2.0469607026630037
-1.5328559569749984
0.8707020524406452
2.272341365564774
-0.38913135682530964
-1.1010088425543785
-3.6336883415973134
0.5263699589302213
1.7548449624120792
1.3710042268810554
-0.18683085024064994
-1.6239703663552767
-1.378054042377844
-1.3991451508765884
-0.22770513127822056
1.7959757014810087
-1.2173253826760444
-2.200756019487084
-1.372165765977904
0.686038164672361
-0.7421702005002828
1.294197611070146
3.6546039921297755
2.0055429463841534
0.4267655064218907
1.2116232541340324
0.6867357305176505
0.5609430661373693
0.14838416025505907
-2.2239359786512267
0.24718589912524536
2.6142435192281006
1.3535702099094493
-1.2878628819104492
-1.1687329971848044
0.8404707797043613
2.711905302148903
2.8251033126092757
1.5397305302907007
-1.5810867366420283
-2.988180912093103
-1.4405041375934253
-2.225401636300429
-6.103661287393308
-5.803474597110403
-2.512351245294873
-0.28496195135883795
1.3203460719472382
2.45335200867639
2.5406887912547873
3.225706145069754
2.328913442701669
0.4301853742700281
-0.8862649922883108
-1.2829299116773107
-1.4568866766364685
-0.18638717784640235
-0.3852498645207305
-1.681197693762286
-0.5525079457008637
0.49603738527154917
0.7972640128716044
0.9870326977540351
1.6039758317257764
