# max_attributes; 15
# description; Austrailan macroeconomic dataset
# number_predictions; 75
# predict; PIMP
# lag_parameter; 4
# horizon; 1
# name_prefix; aus_macrodata
# predict_model; lstm
# method; FCBF(n_components=9)
# prediction_type; rolling
0
-9.382419582113073
21.626619211269343
7.705700854260499
-6.734710897569244
23.973474706269414
-8.753040855459915
17.725884975101394
-6.221387258031243
-14.247164149530022
-17.474726337997993
-14.393359486324002
-14.556503737953221
-2.388623822644547
9.63692978950563
3.3292665443184575
9.210882314053464
4.55473916299529
0.14987621290451614
-4.792065924807105
1.0256471021460811
-29.645611521202547
2.394266004360958
-6.697931195108552
-8.28090729828807
12.327890448826281
5.441790753186396
6.336755552088732
12.605680695073787
-10.195633133273219
11.001106467916799
25.45798947610828
7.7735761233470555
29.098049561329688
31.038943119688938
7.258564757202635
-9.757094888738635
-11.207218248484367
-8.959946584237713
13.750230007362532
1.651825517026694
-0.6295509622289757
0.8432930189069765
-6.530774612301798
6.543995641797991
7.718231428215731
9.0837933162001
4.62782887041773
20.067032451342953
8.281685324549187
-1.1024487729584536
-1.6097300328064819
-16.792239950064484
-18.750910364613063
-20.416505461761645
-15.520203591194445
-4.305236408600095
17.086371927835145
35.487567546928304
33.058483145712515
13.216008809608226
-4.512468537334797
-2.025093880401016
-4.0897328272990165
5.741370186800765
10.171835631071971
6.230683527070042
-4.9298703944163265
-2.1187786290065134
-0.8756963346060758
1.6995993253527928
-0.41834630718953747
-2.1201956824779415
-10.477937252095444
-13.995358524241766
-9.604674069839831
