# max_attributes; 15
# description; Austrailan macroeconomic dataset
# number_predictions; 75
# predict; Cons-Com
# lag_parameter; 4
# horizon; 1
# name_prefix; aus_macrodata
# predict_model; lstm
# method; Hits_granger__graph(n_components=9)
# prediction_type; rolling
0
14.704837959591359
10.18079094940478
11.036974917829415
13.335745614639304
10.884292675426806
3.010521174104481
5.966153755035631
2.4134224984189263
20.83060906820031
9.93748093439724
6.702798696454774
13.673838441430473
14.203189171782153
22.989791885834155
14.124784402138992
19.836015007122512
10.122484211455081
7.885151348886453
15.755451280297113
8.992394259709538
14.594791841519765
9.491157848841702
3.788326854167515
8.896281078780685
8.559294160748156
1.9825316949480047
5.058254365743851
11.64865595256273
7.474769667479933
8.547854247112625
7.732950813605623
6.250571546123936
0.3008145804953486
4.470087448025719
6.447295942807248
11.11195603607041
10.442437360375095
8.937011811852518
11.330903272039322
5.553866682369934
5.803175338158365
6.767033458434529
3.186680964133446
1.7442405133034935
2.608404174572664
5.535459669656326
2.8678185918111776
6.3495535325555235
4.792360861616078
2.5188684395788794
5.379979238501818
0.07869022124549296
4.578527035015782
-2.422328110973858
-1.4196799572604633
3.120410926513511
-0.12067347650033788
2.3385977458404987
4.0056360337197
8.003443233631629
11.751438633405417
9.861624672851235
5.387256546878213
5.289531790814198
0.6040788474698768
-1.6937650044852823
0.2381787835166822
-0.15826050314653095
1.404068275402869
1.7556161152552274
3.3863422610435165
0.7766579899274024
-0.8245326998234734
2.1597810005613063
1.3283620744523912
