# max_attributes; 15
# description; Austrailan macroeconomic dataset
# number_predictions; 75
# predict; Emp-HoursFt
# lag_parameter; 4
# horizon; 1
# name_prefix; aus_macrodata
# predict_model; lstm
# method; Part-GFS_te(n_components=10)
# prediction_type; rolling
0
1.042498433964142
-0.28802195034954003
1.0044750231084558
-2.17139333392614
-1.2740314091763825
2.030823410126179
0.690572926372055
0.6831642902027388
2.0845033197061094
4.20460916938485
-1.0238973517453065
-1.2001442363368833
-0.5188567738795653
1.606841653251455
2.212301868917115
5.316405752239377
5.017311584228005
4.647603481106835
2.165334921002642
1.3007355279392678
-1.8075513213100507
-5.947482050587705
-2.8382895078832684
-2.394923150455922
-0.87837056984801
0.7698322523246999
3.280056054915522
1.9412529818507496
1.983956693703104
1.7971200972194294
0.6573555305869947
1.618251054882534
1.1448840530084885
1.9419427104186786
3.375050026178923
1.876318264973933
2.788156420165742
2.771664092733565
2.038263474813985
3.0604913282319197
1.1999068946892768
0.6995045715589816
2.2924641277117663
3.782034900486802
1.2458621840761586
2.11057539934163
2.7147292079414322
2.7612366199504264
3.494108049572197
3.3971740043566383
3.9392123191300668
2.1668265015017623
0.1822599601960304
-0.7095200048441805
-1.028491861380692
-1.3805864034370874
-2.1103413132118947
-0.9977297124251896
-0.8306714223946754
1.9827641088393433
2.8173314289375293
3.03588449709354
2.8216388348094172
2.0222094478018215
2.0867041654197864
1.070276997211697
-0.7512961506913882
-1.035100344457657
-0.857827361208372
-1.016721456496695
-0.9366386184176863
0.02726385061981418
0.20614393540915277
0.3443130463022497
0.7623590602795653
