# max_attributes; 15
# description; Austrailan macroeconomic dataset
# number_predictions; 75
# predict; Unum-LFT
# lag_parameter; 4
# horizon; 1
# name_prefix; aus_macrodata
# predict_model; lstm
# method; FCBF(n_components=11)
# prediction_type; rolling
0
1.7153038740141646
-12.31728365279075
-0.1645084181146963
-9.790916259802273
9.674433627384534
-1.9221160043923362
-3.20345420873576
-0.14744199250312562
4.354390475905642
-12.750292854029624
-5.070837580203403
-5.941026681679329
-14.81231393784057
-14.05501209541043
-16.155470830061677
-9.767536920241088
-8.762157420062483
-9.208892413771537
-11.116225887364532
-10.64809250880771
-5.525311367861448
2.630257120089528
9.527527248020316
12.940608673191765
11.900799263456815
2.8911897650228404
-10.381478411067366
-11.296906950475854
-10.926397125066742
-12.656763613451552
-5.375537951212774
-3.8270305744149624
-3.4105921357402558
-7.306731150128652
-13.830276432746977
-12.745838676507766
-8.440461917441507
-5.22553537527849
-7.584560473054559
-5.936553831919383
-4.902429269943848
-4.730171083685978
-3.2010590698320485
-3.3904244211300423
-5.478048538310723
-0.5709962513651909
-11.224271944317199
-9.00811153509759
-8.846545751358846
-12.48090677767145
-1.0048643755560747
3.6312758039367132
14.793787563903724
23.730266393131647
37.60108443905506
41.1490880616912
22.105204537653083
5.4400079780967125
-2.361207262819022
-12.669413206017438
-17.14803947743637
-16.084582526902256
-2.034804658723921
2.4473336909315684
1.5770003039795135
6.62216774110264
6.834800398533293
4.4226833379709625
6.465202117838071
8.25856194762385
13.112148827021375
10.988711357189718
12.54629853412641
11.698365042974071
7.429341433987123
