# max_attributes; 15
# description; Austrailan macroeconomic dataset
# number_predictions; 75
# predict; UrateLabForce
# lag_parameter; 4
# horizon; 1
# name_prefix; aus_macrodata
# predict_model; lstm
# method; FCBF(n_components=2)
# prediction_type; rolling
0
-26.647119187173686
-24.221363974585856
-21.774743321374018
-16.428457157785104
3.4754344107909247
15.665806709123387
19.233944795875146
20.584118365229273
10.925521810847002
3.0090872669969286
-4.686475905106178
9.458849531342224
-2.9779077085633787
-14.602162872231418
7.560526290083246
-2.1727812701062987
1.8620789928689732
13.246858903362224
4.7270312742776355
-0.07729325249343333
-17.69889087739071
-21.910715306311843
19.597283032361986
-19.105381816577193
-5.101409512199211
-3.732416133654823
2.9306259368944865
1.8830012565883436
7.1242271991268495
9.809345748272904
-5.590872291194316
-12.49742405469047
8.14955449680538
-15.472624505757864
0.3295032873410122
15.251770906937367
-7.539438513389399
16.761787843598967
16.964339449395
-2.534642106113239
-7.91724390996032
0.9449201395582065
-14.87357270501046
-2.1138898140531666
8.500414381546506
-5.817266867812322
-1.2499969303527934
7.5655494517149435
9.335009277268298
-18.245705206554106
3.771096340678696
-5.857656724009331
-8.431720215542242
1.6640277762271296
4.581291399243781
-9.840273833091075
-10.81061910367869
-3.05265280822789
-12.065920832984261
-5.033744570219213
0.48986942712599557
10.045354792629425
-16.740700066905134
-7.314225857155307
18.387882999505422
-18.09377729643323
-17.246948388275854
-15.493194466285871
-12.702578158254966
-7.550746309370268
4.727815432993893
-11.306707455595244
9.314655244502731
9.398844342619611
19.616716530982387
