# max_attributes; 15
# description; Austrailan macroeconomic dataset
# number_predictions; 75
# predict; IP-NMM
# lag_parameter; 4
# horizon; 1
# name_prefix; aus_macrodata
# predict_model; lstm
# method; FCBF(n_components=14)
# prediction_type; rolling
0
-15.646424520972687
12.004583033697003
-0.13314448725408567
-14.650744719256338
3.0137863511935876
0.42687480352790885
8.847177442170619
6.4048857766536145
13.290521437418164
-21.328614588934016
-5.751637923192135
23.686631259570177
16.58433012266346
28.15987951833894
-25.010793193795664
22.75086462228245
-17.852026418973082
43.866512920007196
12.018582414520381
-16.408151648905402
-3.8157251199678655
53.760660679009035
-20.089950254838314
-38.49848067711142
-0.21801091466883804
15.037393034449138
25.5418631308265
34.57340230716602
10.54669786834424
-10.582916766818784
-12.111266950910789
-9.081579550051202
0.36093122131738653
13.179682909309847
14.7033574544093
11.606024737006209
1.7111665452246
-7.259027586665027
-3.447968765427021
3.004534203363818
18.00534988469927
25.29100876556099
13.654725628060078
9.904830112653869
6.785138037995495
1.608219878925837
1.9951634257517554
-0.47079281073222035
-2.1161991865633922
3.2805786425420536
5.7472342973441215
0.20278007296765566
-10.826947673059848
-9.2184782945467
-16.65528863334646
-4.188498561814015
2.0369798296038084
2.8293161466066863
8.273676450265242
5.7340940445335065
2.4872234878317414
3.6677920436796825
-6.235139748529576
-7.026484763979269
-9.964553872400714
-10.647296295467612
-8.158567659414516
-5.595711696106235
-3.916287155308112
-5.3408370523194435
-0.19447851724228826
6.431507730587612
-2.8146647537100336
-4.3482633288031
2.000791815681538
