# max_attributes; 15
# description; Austrailan macroeconomic dataset
# number_predictions; 75
# predict; EXrateIDR
# lag_parameter; 4
# horizon; 1
# name_prefix; aus_macrodata
# predict_model; lstm
# method; dm_KernelPCA_fit_inverse_transform_True_kernel_rbf(alpha=1.0, coef0=1, copy_X=True, degree=3, eigen_solver='auto', fit_inverse_transform=True, gamma=None, kernel='rbf', kernel_params=None, max_iter=None, n_components=12, n_jobs=1, random_state=None, remove_zero_eig=False, tol=0)
# prediction_type; rolling
0
6.303772511083167
-1.9095564410160648
5.887499604133978
23.397512890879483
15.898111239385912
0.5071237567185563
14.33248881793682
11.9013090315093
119.5662739006527
148.55241469319358
127.89764196190109
72.42783584311329
-11.802983588230575
-19.932603126687255
-41.119037100121304
-38.01491561369407
-15.884147039411232
3.1617072958037795
-1.3582678835110187
0.5049220209729981
-13.374226229872335
-2.6842052958680256
21.651159831946728
15.799221437181785
19.173381467272463
-4.789252974982531
-18.60484059127799
-14.879518194871991
-4.1584122285650835
5.246330978857372
17.113034817834546
19.686675598062777
16.478413459380306
24.853656899400676
4.515629928295311
17.175451129200837
22.205113648512196
1.9197834842646841
-13.630293891123898
9.143475674039593
13.0840901650933
-1.6465793853523678
22.763050868564704
2.6544969085209686
-8.380675073809073
-8.976563265265554
-19.46167792389565
14.020392776001842
26.098347365725317
11.1095242991112
18.568077958482945
14.714171297514781
-25.789256422670533
-10.806640222944424
-5.281210548185783
4.426763817774969
20.821221336694407
28.347492855346133
26.573154576278853
7.202993256803097
-2.268062754851144
-3.6390922946816318
5.847506233123937
0.7003550385997812
9.032925363446083
-8.36200377528246
15.940538107798943
16.746576182128933
10.230408877173204
-10.91115024534119
2.7571093823475508
-6.180011225901637
13.083409365224611
-3.0557047476227126
10.2834822967244
