# max_attributes; 15
# description; Austrailan macroeconomic dataset
# number_predictions; 75
# predict; 10yrT-bond
# lag_parameter; 4
# horizon; 1
# name_prefix; aus_macrodata
# predict_model; lstm
# method; FCBF(n_components=4)
# prediction_type; rolling
0
-0.2508956892644807
-0.20819170309657298
-0.1968023283636018
-0.3266792698060914
-0.30341021253222666
-0.23618153764361582
-0.3358660144960328
-0.4409804446851655
-0.39537788464183055
-0.430008913413231
-0.3822423918401643
-0.37488920523280345
-0.25633932186717234
-0.11459512545222483
0.10456093119030752
0.20968573258763112
0.3524138526762084
0.2836209134901122
0.12648307250386037
0.00904925630932607
-0.06255633665675364
-0.11520756317729197
-0.1480967207109376
-0.23984820677394114
-0.2257317407285615
-0.03525529338473521
-0.13456899954432688
-0.09783212377185069
0.03169791863804616
0.03710230158215322
-0.036979327932540995
-0.06749625040644847
-0.09640518857592784
-0.04918892218226634
0.08019905255680837
0.15042375491505422
0.01602291034107961
-0.026190499798004252
-0.10192320777529917
-0.12052593661898814
-0.07224644257182322
-0.052030186191742045
0.0082661406839446
0.08651350901966848
0.10856752560978689
0.21453069613819875
0.15841074751263418
0.04090406463986196
0.0021384553754881797
0.045684118732269186
0.11739092038517751
0.11065187023525991
0.005519648059661764
-0.12390963269824229
-0.4740235163127824
-0.6445701224958345
-0.6434031380569383
-0.25459669067019663
0.12540920542126455
0.2594647602880553
0.37463827894573964
0.22091417477970876
-0.10454748107547007
-0.2822125358735963
-0.20817829205149851
-0.21320224835032664
-0.3908718629037782
-0.3964170618211671
-0.3191474480783387
-0.2808052702104493
-0.18541885449046336
-0.007520268694107157
0.17367162273770131
0.1524343387926177
0.16450070308094777
