# max_attributes; 15
# description; Austrailan macroeconomic dataset
# number_predictions; 75
# predict; ExrateCNY
# lag_parameter; 4
# horizon; 1
# name_prefix; aus_macrodata
# predict_model; lstm
# method; FCBF(n_components=4)
# prediction_type; rolling
0
2.0623574146197825
-2.4308100248763935
-6.501662993629978
2.5981241202122334
11.904724577550866
10.73252510460108
19.662163927703958
-2.9691018994480203
-17.72926571084878
-24.235293442098353
-29.40478530651565
-21.186803233018622
-8.241504420278318
-5.611140107999546
2.5083503547979973
21.958033534849065
4.3446492282459275
-4.279153553534485
-15.18274302098554
-16.274778399358482
-35.1918763863206
-19.219962141808224
-12.557900010720743
-16.15468256517056
3.824384254442265
10.550171830462418
9.20826496929348
15.200551079935593
1.1698404471367638
10.964820609661103
13.630437082530051
24.110249084512475
38.1668426993478
35.81288418516996
18.8241184624859
9.215990783908325
-5.669108768890425
-3.5585084048242095
-6.00438507394621
-14.526219127424909
-6.72358726895412
-7.792314936828845
-12.379835515641957
1.460635700214226
11.079695757189711
6.738208805144737
9.37876397794659
17.391395702673222
3.249056568176144
0.9804026711398706
-4.000372894131729
-27.279239349066756
-29.65048324613774
-22.197336778486488
-23.962434905182448
-12.717356415345904
-3.675087039362566
4.270828117652485
15.321939560148564
21.85627523729559
19.355536265947563
14.86969382059334
11.631274830437448
6.710331741255644
5.2853448165696335
-0.10155207234004138
-5.984534440026621
-10.73844561764578
-10.316602110958826
-8.988864253506335
-5.561047569400841
-4.383016158570598
-16.166647056286166
-6.800895517661658
-14.880634610060923
