# max_attributes; 15
# description; Austrailan macroeconomic dataset
# number_predictions; 75
# predict; IP-PCCR
# lag_parameter; 4
# horizon; 1
# name_prefix; aus_macrodata
# predict_model; lstm
# method; dm_FactorAnalysis(copy=True, iterated_power=3, max_iter=1000, n_components=1, noise_variance_init=None, random_state=0, svd_method='randomized', tol=0.01)
# prediction_type; rolling
0
3.8314892662549624
11.201554375245195
2.248800233182429
12.887319744718823
-6.209596197370665
9.341073104188482
-0.2578288565713649
2.914734577354359
2.081320078821051
2.129035706931454
3.912096371944969
0.32143395669341146
2.6664961789798127
-2.604666954154993
3.1659327678909577
-2.6260152423025787
7.552073962560456
0.6022237714204337
10.296242116894476
-3.144570829094576
6.977282324689426
-4.4066639915755275
-3.4355183986245663
0.5022016886333773
0.10388293535225301
5.49205861777034
6.991886065165602
7.134491370505458
8.683073521982905
-3.505237247616286
5.086592281289363
-1.97457128486446
5.637459982088814
0.929268210467221
4.536247267190866
-5.620921874773565
-3.998729062482795
-2.120407171862041
-6.339203606918005
-4.70441278564811
-1.5770082231991793
-6.121718708593235
-6.994914073270586
4.920680187030861
-7.883131957527894
4.276818335471702
-0.5476491861077193
0.23943511894422898
4.234436630683128
9.050138129518757
2.801443809279114
-2.4417209494886833
-13.706743446425286
-7.809521296714578
-15.506341162965512
-0.7066404046511181
-1.7775687780441203
-4.843063304865041
-0.45994487665891626
-1.1451997364759166
-3.024082098378422
1.4083200180409818
-0.5550108819320627
-2.8231436977255626
4.293128679513664
-6.52877199746748
3.4362436588782757
-4.841747141967446
-2.6142642376762097
-5.186871502923296
-6.661972090905145
-7.670625177722492
-4.792948355874337
-6.410147306070407
-3.6772326593823266
