# max_attributes; 15
# description; Austrailan macroeconomic dataset
# number_predictions; 75
# predict; Cons-Final
# lag_parameter; 4
# horizon; 1
# name_prefix; aus_macrodata
# predict_model; lstm
# method; FCBF(n_components=15)
# prediction_type; rolling
0
3.259190645951933
3.6170182607393633
2.2680042104308127
2.3549913908632716
2.1435524011910143
4.042650408738478
5.160736664567618
6.897491800286917
2.2375587128997365
3.625720009117903
5.296902437949074
7.136161008021882
5.007262990573401
4.93872430396581
5.369106893044988
4.7005005867595955
3.9163616539804122
2.7874705345977366
2.5561000612408797
2.917483477710099
3.4543104990531495
3.738164817669082
3.115581806758791
2.5356262412604114
2.4452738266233984
2.8550591954704547
4.487950994822467
5.275686342024488
4.426403947789505
3.418099554321458
3.3718778813266113
4.322394093148737
4.106389294165344
6.096427976283647
6.92670298289577
6.312104749281635
3.8520279481000115
2.841992514646128
2.2802961251181832
2.4797468584438453
2.4240127442779578
2.9266354027028942
3.438201611518468
3.7221484022217144
4.77515992584914
5.79353003098361
6.413904645997875
5.396599844301719
5.3246590596169305
4.233462187231377
3.030693992632923
1.0251090656463338
0.17247658888326622
-0.5253799507235273
-0.7680640403169976
0.03414678121523984
0.5149027588445376
2.1174249752506675
2.6224331636037483
3.887429762067705
4.129409845415356
4.196159696982539
3.6547793625563676
3.0483102376719646
2.417368812247858
2.3076900437678924
2.1265897088771792
1.9199445846773378
1.9847665806674408
1.9600384198591216
1.926873118300489
1.7207437759119846
1.6681021657742146
1.775929618073695
2.3070577346303125
