# max_attributes; 15
# description; Austrailan macroeconomic dataset
# number_predictions; 75
# predict; Unum-LPT
# lag_parameter; 4
# horizon; 1
# name_prefix; aus_macrodata
# predict_model; lstm
# method; Hits_granger__graph(n_components=3)
# prediction_type; rolling
0
-13.996311902016437
23.433980919002614
9.635807885424626
-6.742713592326233
29.13335065569914
-10.398525404610076
15.52691589550517
-10.27384086048134
-8.257982472065436
-16.532050849305776
-13.68303381310718
-11.809381404712997
-16.413568408811717
-0.601689829696916
-5.286380195330942
29.260559999853633
-14.414383281280145
34.19773318591975
-20.629922458955118
-0.8850817254442376
-16.139658602446815
2.427171304764393
-3.0411482331471973
-11.222661273729322
21.360635426429006
8.483969316534726
18.821898279109092
11.419866525047944
8.13345042724567
-8.770091380859611
0.29693327589627216
-10.60124204953463
-5.666314695634277
-9.26700640378455
-11.418285372152969
6.013362319909639
-7.342742462731351
-2.5127915599016006
7.803738595311671
-7.6586975159536195
4.121314939899278
-1.7319915162243191
4.129024597120761
-11.852798948012936
3.882509998178108
3.5727429593046622
-14.593148140246136
7.367517398005717
-0.8429294000143486
-0.9486948510929949
6.406971881066724
-2.1655470206459384
-4.231236395284327
-0.8269296069940282
-5.984481766736252
1.4407944911333814
11.261981987723466
6.019984284262883
16.190853766562064
7.850351588644195
12.93010834759302
6.277451894031529
4.233220501754836
7.396293355442047
-6.716544152773629
4.6488854309939995
-2.106380473613953
-5.094365771944105
3.6899770890717036
-3.495293819921663
0.08258169871020726
0.6565510259924068
2.172313030736646
4.011133906632743
6.192651300309542
