# max_attributes; 15
# description; Austrailan macroeconomic dataset
# number_predictions; 75
# predict; COMMP
# lag_parameter; 4
# horizon; 1
# name_prefix; aus_macrodata
# predict_model; lstm
# method; FCBF(n_components=9)
# prediction_type; rolling
0
-4.477203716866981
-22.158809425833965
-15.034287905466897
12.142059629908687
-7.918278789702811
9.965750181045038
22.44967017492226
11.292699350561307
1.212808526259849
-10.99450704222238
-6.558414989055066
-7.303138612764343
-6.4018096733964285
5.155307222152885
16.012148430216087
8.503233086370386
-14.60567543612477
13.416856707116679
30.0814966160722
-19.311263913537132
-6.192330000796545
-1.9516850502169518
6.6404208817735935
-14.833962650477076
-19.489135910055708
5.531618560452941
24.623377178203583
-12.769254551926664
1.5854741478410546
-7.262313464224064
-16.270294786076732
7.9409672663731925
20.144270253561075
5.867448685752237
29.11227480120425
10.778905512599593
-28.319078999879054
-20.94823657837118
5.771009160472559
-1.6631116680468665
8.999325708565138
4.903202471689255
1.1717770163958505
-16.31502933524949
-13.557033172924093
12.201950271856035
-8.256940650944088
0.5605347755718668
10.480564361107312
10.453817640651124
0.6622021210521609
12.61458120312875
-7.33956138639887
-16.09955371974408
-19.880505892727484
-36.57751013595126
-23.75044565430109
1.5134311168309011
38.479909516726536
34.036113307474125
13.686364595879724
-0.07391164965129349
-14.845106161957318
-19.125647635120515
-18.675372959048005
-7.695282450400029
-7.477697363585605
-15.596089412485767
-10.768965579927197
3.848260455856476
5.3039676268487455
10.378369647799772
15.680456995908955
-0.31037879758503095
-6.691586829954815
