# max_attributes; 15
# description; Austrailan macroeconomic dataset
# number_predictions; 75
# predict; Cons-Alc
# lag_parameter; 4
# horizon; 1
# name_prefix; aus_macrodata
# predict_model; lstm
# method; FCBF(n_components=15)
# prediction_type; rolling
0
0.3607035806947536
-1.3139873965120366
-3.9478472711625328
2.1265235858022766
-2.208256583715194
6.133591366610521
4.038289571541757
9.169912211347718
8.277435416117495
6.492612695914573
4.666843501760621
6.661930512874431
6.729012130955738
6.0395858458198255
7.2984180103262375
5.659595210523577
5.713202497631233
7.226476507546728
-0.44781375452647687
3.4500021204899145
3.906347592723007
1.1419804486647553
1.1013160531741928
5.258315167659301
2.5901456212052167
-2.631405223462872
3.544308289169509
7.17155344379589
2.577751854114611
5.386493742315835
0.8697243315799188
-2.6877802396653934
2.9180843800896117
7.1189860446804225
8.481172110805293
6.758742670133849
4.300686206387706
3.8231645116741717
4.942491634439033
3.829263242526336
1.8445680372664643
1.534098689244086
1.4918497025273272
3.918546822944325
4.572993610465355
5.411440443026464
4.329498885246176
3.721969085046309
0.804466054518933
1.8808553531980579
-0.7631040798731963
0.04562989867974032
0.13490994206374474
-1.1888807358732514
1.5703665514887515
3.362106825911839
3.3714366373111666
3.6972867776262106
1.1214249756490418
-1.764613484788077
-0.2656016801668457
2.857516210095449
5.55604500351884
5.939286173049183
3.4347619252982327
2.3751523158536507
-0.7909759076911147
-1.4735085135862764
-4.398238146678434
-4.083849764998411
-4.437762732966672
-2.652979362266855
-1.510335227200894
-0.626467572695141
3.4014244957118347
