# max_attributes; 15
# description; Austrailan macroeconomic dataset
# number_predictions; 75
# predict; IP-PCCR
# lag_parameter; 4
# horizon; 1
# name_prefix; aus_macrodata
# predict_model; lstm
# method; Hits_granger__graph(n_components=10)
# prediction_type; rolling
0
3.1319014554574593
22.505378487940305
6.235375783404663
-3.0469354723275615
-0.3495131418636106
-1.0802669343845395
-17.148937648884065
-14.1200910167165
17.616935373649582
6.464816352835101
-18.503927351957678
6.205381123685797
16.877812296483185
6.501379232181677
9.004960365751572
-3.2848964647266357
2.5303457395252877
-6.171367647754174
-11.046233502680238
-8.31239943119288
11.965344486238749
7.570695463460879
5.110182454563947
11.141476891785615
4.195776707102588
7.52413856249477
0.4737561967269883
8.337300525723464
10.973984142563964
-0.22294739107004347
4.95296081388765
-7.416382179717047
-0.889845242052175
-6.489668105062634
-15.502493433154847
0.9403264977790684
9.501821305738716
2.006015409302222
-8.219524931605683
-5.29531954722701
-3.2128286742956647
-7.176787004198715
-10.643824568528359
4.413988958607611
-0.3161493570241092
6.357904881483606
9.457651130792641
1.1532803951238435
5.683424924622507
-1.944809630060476
-8.98448951331887
-33.588194808720786
-23.70157113701608
0.328392616989305
3.073461303832211
5.691296712287546
8.197447197351309
9.401484351445063
6.672826767526232
-5.555466385981234
-4.316232894879555
-1.124254483856781
-3.0658655473044476
-0.499158974091074
12.881192345200347
-0.2254348759721978
-10.383394345418203
-14.499788269097202
-6.586481647197417
-6.253083101147411
-16.64076022694966
-6.839455713031256
-3.8089686003142944
-3.0742663191005803
2.018559890125225
