# max_attributes; 15
# description; Austrailan macroeconomic dataset
# number_predictions; 75
# predict; Cons-OpeVeh
# lag_parameter; 4
# horizon; 1
# name_prefix; aus_macrodata
# predict_model; lstm
# method; dm_FactorAnalysis(copy=True, iterated_power=3, max_iter=1000, n_components=12, noise_variance_init=None, random_state=0, svd_method='randomized', tol=0.01)
# prediction_type; rolling
0
11.855156470976457
7.275705214382938
0.424968152985862
-2.9494754395806417
-2.761616443189105
1.905152073393488
2.5654636386332186
3.8186895961444094
7.075934184531263
4.434371646336068
8.05882271222228
6.043458980211366
5.5460947380283585
2.800786811697268
1.8824339010272624
1.077265210027452
0.23815695941110349
-0.6721900492440582
-0.8339841437385793
0.41553254877030454
-3.8337295762430603
0.7585782424277738
4.557797224133282
1.0085577456517534
4.257777068111341
3.2731845161269213
3.5524250425709667
3.352466828232515
0.5339181304724434
4.068090333541463
6.272602913666002
1.3111059680180723
2.4339288846215617
3.9229040212701562
2.9593406781793306
5.8838207346335025
8.1148747840553
6.254514867915191
0.46632516683409975
-2.0723171010490873
-5.193347323254903
-3.398067365229533
-1.2078765498891357
1.9330124402814697
9.39837514287013
3.2870017434151038
5.096987517154378
3.6403673266222043
2.7149401332795833
2.611962847003216
3.302796241316461
-4.617800208882878
-7.126296092439015
-9.006558883233328
-4.179167788857933
-5.046426865048641
-4.372102281850655
2.706282312879768
3.8827819947254696
6.646560941964225
5.478136011599762
5.527111649214344
5.25485719206409
2.8712133611871415
2.533939189205249
0.02772071690488076
-2.5137927888817764
-2.3563200741767787
-1.7848985489242004
-0.1730862822615329
-0.1530349509454041
-0.43103618699424473
-0.27559775886679105
-0.6014332374700473
-1.4384243669945889
