# max_attributes; 15
# description; Austrailan macroeconomic dataset
# number_predictions; 75
# predict; HStartsNSW
# lag_parameter; 4
# horizon; 1
# name_prefix; aus_macrodata
# predict_model; lstm
# method; Hits_granger__graph(n_components=2)
# prediction_type; rolling
0
8.778798181798805
12.505149650685581
14.76863645186532
16.425236325474856
16.896484123616048
12.123753476086861
9.548436996808576
2.6790774315422112
2.6951529709392332
-4.373808854151321
-7.968241075309038
-8.253617214938785
-8.518519879085744
-1.442782218848052
11.545495511473277
21.931763079785895
28.372394507354855
15.981101285344224
4.308154889283088
-4.4289572775309125
-9.506774728988603
-9.310685167579805
-5.689512176581516
3.0243248316972
11.827227108779269
17.029081425730922
15.946106145098568
14.198515139881508
5.473574991035093
2.4399832124553313
1.593832552201789
-0.4448132981262063
-0.08217662820167959
-8.113674323644261
-10.422256450191682
-11.059679368678609
-16.120682013110297
-13.697584034736394
-10.653731974860179
-5.600145550273339
-1.2351092283482643
4.516670739054135
7.843092546796598
12.167817593742782
10.12922824794694
8.042308692317746
7.871335395450174
3.3116409602641426
0.07082822744179396
-4.426471078116251
-14.951739795520872
-27.461386468833254
-25.39148890351462
-19.104813491213683
-15.96129685404474
-3.184529713698467
1.0752810432280029
-0.884917681630057
-4.856625955250479
-9.690475671723235
-15.034707283562916
-13.493108259014164
-8.968517264427064
-2.099609735417914
5.818064288717039
2.2571957596571366
4.139615996009027
3.300749711691992
-0.9195737946828046
0.48836846777325604
-1.8553406429281836
3.3163873409648374
4.344454342479239
6.602102342003349
7.973589763799836
