# max_attributes; 15
# description; Austrailan macroeconomic dataset
# number_predictions; 75
# predict; IP-ME
# lag_parameter; 4
# horizon; 1
# name_prefix; aus_macrodata
# predict_model; lstm
# method; Hits_granger__graph(n_components=8)
# prediction_type; rolling
0
0.7439018886180762
13.73364946493004
-8.776883929296957
6.270482544786169
5.239319032753208
-1.2939103238344742
15.018556074834372
-9.41893029824146
14.231852587140324
-5.547407710830068
-8.358457528541166
25.425261311670248
11.727997528477317
-6.2025154924812504
-12.456433838521924
-6.0989120512081705
3.427294647584745
-8.917513614710025
-3.208586166645958
7.582335717234535
5.633418059087035
8.170518556436988
7.428987431872756
5.06281485541578
1.411876246948026
-0.591491915304097
-1.1201017892629892
9.194078530823667
5.151440585327897
13.51408652542382
12.812444994726256
9.332752457121103
6.150749639936485
3.4124081885406525
1.7825061638942543
0.5587780667546269
-5.436328978410096
1.4833218785001065
4.671949120633776
5.521111119807564
6.142961131377632
1.3726106216264498
-0.034268274309148694
2.7063396873354435
-1.3335878177213871
-2.8536491819226555
-1.618980671873885
-0.7823005098807059
4.877256968477489
9.900371463402806
6.591666037382652
-8.57010864554681
-9.434815600213462
-1.4708633639197473
-13.063498508480105
-10.74490291701644
0.27949171899596337
4.62793590855609
3.409497979516132
19.386355620686423
3.4428593333082844
-2.010561627517852
-7.2168170561238085
-7.256975474383417
1.9142843745708618
-6.7173339351985035
6.010699530049486
3.155759814202426
1.2795801177162005
-0.9833564930140142
-3.8317605699500668
-1.1575867612661668
-7.026930849831242
-4.665954722878226
-6.770045712724915
