# max_attributes; 15
# description; Austrailan macroeconomic dataset
# number_predictions; 75
# predict; ExrateJPY
# lag_parameter; 4
# horizon; 1
# name_prefix; aus_macrodata
# predict_model; lstm
# method; Part-GFS_te(n_components=6)
# prediction_type; rolling
0
68.13390235400712
33.79492394986909
26.436079827375096
14.614825008608108
23.79209873951558
16.598810330226712
-9.733161259653457
6.176058553963941
-0.47461228477541795
-30.073491811771746
-50.12663552459759
-31.1225435040447
9.853300485276094
24.006569860366227
6.599768483821634
28.857285176355276
-30.84549930001829
-36.074188773878305
-63.05738194552319
-73.06882034614232
27.834609702247747
43.31946219298089
13.004735324859325
28.124640772593636
10.196674304058263
-24.33606063250346
12.917543543650226
-1.4236194913619329
-15.509995771959325
10.57727803403526
20.97102402002659
33.01706700530508
-17.01798829383688
0.05861395682407533
-1.4546913740023797
-7.0190671930897395
28.14699213549474
20.73618713153857
11.426267587303755
-8.635247824471833
4.163335765758177
14.854585636702808
16.905235977682537
-3.4872432824769533
-11.30045331575846
25.256032512433194
3.36192000171377
16.73762758829261
7.288085814939052
-22.887085904984843
-42.99661113197149
-54.66338529760232
-4.000613571439175
-22.729861642176814
-10.743923162178646
8.019817918174112
-5.319317150236429
-1.4988037876991598
-0.5432360670318417
25.252168651379463
15.014613882011616
9.015634191484509
12.385175937840472
6.0173182623397
-16.61465754780076
10.862747601748282
7.309538293497809
-11.016915678572303
1.83222009377738
29.44326385428559
43.099490436602366
19.841488638651754
-9.160612182121696
-1.857431807933068
-36.19651754154478
