# max_attributes; 15
# description; Austrailan macroeconomic dataset
# number_predictions; 75
# predict; Emp-JobVac
# lag_parameter; 4
# horizon; 1
# name_prefix; aus_macrodata
# predict_model; lstm
# method; dm_PCA(copy=True, iterated_power='auto', n_components=5, random_state=None, svd_solver='auto', tol=0.0, whiten=False)
# prediction_type; rolling
0
2.261940467357636
-1.4160071134567254
-2.3010447889566414
-4.813461583852767
-1.4163455933332436
1.3921286493539817
6.352849560976029
8.285739469528199
11.026962924003602
12.11634032726288
2.444735664129258
-5.685747173428535
-2.9673739790916436
-2.6562157392501824
-2.81880999803543
-0.9706249654293053
6.220787334442139
5.304390358924866
4.783409017324448
3.3307015776634223
-3.3774016171693795
-1.2674328058958046
-11.213663690537214
-7.226864983141422
-4.07329788506031
-4.817182567715644
-1.520605427026748
2.7318744540214546
2.8829190909862525
2.776985216140748
0.09577596485614848
9.120492804050446
2.508864405751229
0.03855680227279734
8.015166687965394
5.1601451516151435
8.362857806682587
11.214042472839356
5.278335440158845
-0.2147569477558129
1.3423812866210945
1.3040263533592231
-1.3020805239677422
-2.472481977939605
0.6277573287487037
2.0207408547401435
2.27299212217331
5.521391528844834
6.269611048698426
7.40856255888939
3.281315642595292
4.400830376148225
4.16348369717598
-0.49766875505447317
-0.42255605459213186
-3.443391424417495
-6.04722589701414
-5.685072508454322
-4.646189418435096
-2.828863424062728
1.5061998099088676
4.051133620738984
3.7759609550237663
7.378810751438142
4.554105538129807
3.5921904772520072
3.556663858890534
-1.2645402371883385
-3.9345303148031228
-5.591626819968223
-6.535053421556949
-8.729214799404144
-8.667596545815467
-6.84393925666809
-6.055660930275916
