# max_attributes; 15
# description; Austrailan macroeconomic dataset
# number_predictions; 75
# predict; Cap-BioRes
# lag_parameter; 4
# horizon; 1
# name_prefix; aus_macrodata
# predict_model; lstm
# method; dm_FactorAnalysis(copy=True, iterated_power=3, max_iter=1000, n_components=9, noise_variance_init=None, random_state=0, svd_method='randomized', tol=0.01)
# prediction_type; rolling
0
-13.962395815204147
-19.583632909639107
50.69463426454452
-31.506862294271393
-36.14197036695394
16.932917934939226
33.17021470330923
-21.925295581367756
-50.83152441051785
-6.318140041290803
31.97495972811089
29.36747372591536
1.828062021444083
9.092773040089213
24.42138509033002
17.357576588767103
13.865979509655773
25.181167942886574
13.320186004811347
9.206921136902935
20.194118794112143
6.07174185663844
20.30730021214781
18.154659908656498
18.211360619052527
-2.2009017902670536
-15.021722420706482
-32.21312447627424
-42.378021830987
-34.69286554463631
-15.736324707201447
-2.737248510087241
11.287700540058125
51.67232651392699
61.78782658308076
41.1847151159708
14.23603081264838
-0.027607894676165756
-11.073846291599338
-6.58186334544672
1.2320345538913529
0.5819730760200201
5.791951684516107
-4.239207327939226
-17.464879697381534
-21.48182335849372
-16.41177983655996
-7.252058408902528
-3.240994821461044
14.10985589848552
28.047883859607566
6.097802183144978
12.433881567081855
13.525241907264132
-14.78391277455286
-38.98986604787858
-46.47517649705273
-25.743836756720306
-3.154013731685964
18.347015651990603
35.00307766701739
49.81720993807282
43.48577061227063
29.32636654422201
12.477515447098554
-13.254373611150214
-26.815650185335137
-28.884756108901442
-28.215801060981626
-23.841266252988532
-18.374157756277953
-10.388784375211927
-12.078125540753632
-13.029704129628044
-11.00877880971042
