# max_attributes; 15
# description; Austrailan macroeconomic dataset
# number_predictions; 75
# predict; HCE-ParAcc
# lag_parameter; 4
# horizon; 1
# name_prefix; aus_macrodata
# predict_model; lstm
# method; FCBF(n_components=5)
# prediction_type; rolling
0
-4.218215030194184
0.23159194557583795
-1.6443559393046847
-0.5000928271076326
-2.549734486053799
2.545592922742168
4.672323346480516
1.6190173210148977
-1.639962980206418
0.04034938737796523
-0.5493414767109996
0.24390987104188966
-0.08751649213847124
-0.12141033147821645
2.562260709601441
0.3888203917687161
-1.225162603202337
0.17059165430530676
-6.32587271490436
0.9957673765044674
-0.5190888923117072
-0.004448171338930607
1.0708205264372879
1.8508068014852785
2.6714853282762885
1.003259361277351
-1.6227369277259438
-1.2323258426902015
-3.433851832403292
-1.8596059237587284
-0.19173175430564626
-0.8588170762109701
2.064292786848986
2.115444751379938
1.473223798470693
1.3270133306869543
-0.35026014755543855
0.15822962886199576
-0.9758754544824573
-1.0654254696667795
-0.4839833058695646
-0.2342571619215228
-0.6539967363785486
-0.7213714789073471
1.707377639085454
0.6242601476294443
0.9875888352674469
2.1978766293258634
-0.2768116354314998
-1.5747260843024442
0.0761114621179324
-1.136495589835393
-0.7238420799060297
1.2802082207325896
0.6249857927097864
0.08431305561579272
-1.3359196960869184
-2.378789944661335
-2.569851091589122
-2.857575379578577
-1.5802696518982717
0.4648938548117414
-0.3715504138491621
0.7622509810155353
1.59028117446997
0.28928173173535576
-0.07853312631648457
0.19805892423184446
-0.65591007402824
-1.3995619769041152
0.5027987875375857
-0.29314666791691124
0.9441222940459895
0.1155809417642395
0.5453221906090402
