# max_attributes; 15
# description; Austrailan macroeconomic dataset
# number_predictions; 75
# predict; IP-WPP
# lag_parameter; 4
# horizon; 1
# name_prefix; aus_macrodata
# predict_model; lstm
# method; dm_KernelPCA_fit_inverse_transform_True_kernel_rbf(alpha=1.0, coef0=1, copy_X=True, degree=3, eigen_solver='auto', fit_inverse_transform=True, gamma=None, kernel='rbf', kernel_params=None, max_iter=None, n_components=14, n_jobs=1, random_state=None, remove_zero_eig=False, tol=0)
# prediction_type; rolling
0
10.668993597003855
0.6074162275158841
-4.379523644938999
-4.3816655932781075
2.6850083105917903
-4.285683812338156
0.6284151457079759
-2.340476851381041
-6.376342758341231
-1.7051348735984888
1.637815635952812
0.2797910471993674
-5.05972917081057
-1.1485315035967645
-3.670509402935714
-5.420133985184279
7.679254280806106
26.919295456270454
16.37426860994227
-12.431833660163548
-3.849860899138541
-5.752742374079688
-3.2591330645014125
0.2484687204596483
15.171246748486567
-4.824594102223678
1.6374879863210268
-2.619414274473421
1.3974186120853673
-2.247399904490017
-1.5640597007979693
-3.258419081721705
5.053333203504216
3.3240424595981466
3.3656686337134474
1.4820451326522317
1.4053702285223366
-1.4787191974513973
-5.89049214763228
-7.263974952595596
-2.0021370390759614
1.9228414738447128
-0.7423682175128974
-1.1881819993353488
-3.1020226209156405
-8.940787962193475
0.5694333216942837
-4.221449813629931
-4.154707094606721
-3.0982864370547247
-3.776266879605984
-10.375959368352447
-9.654528672392537
-11.96230440238103
-10.685823004450597
-2.7805494292077952
3.625343192632876
8.19030457140417
8.637477854683866
4.247134168480102
-3.599707740712823
-8.689896369522998
-13.62072991025505
-10.075411740441517
-6.7448996911653865
-0.2277626838953566
-7.442142997889597
-11.82238822902427
-7.373830494809646
-0.9801538249121151
2.628368936930684
-0.08538669315372971
9.175004191647083
11.9297600383413
6.988563966717528
