# max_attributes; 15
# description; Austrailan macroeconomic dataset
# number_predictions; 75
# predict; Cons-FurEqu
# lag_parameter; 4
# horizon; 1
# name_prefix; aus_macrodata
# predict_model; lstm
# method; Part-GFS_granger_graph(n_components=4)
# prediction_type; rolling
0
-0.7903640963376652
-0.07875781406093552
2.752814377173351
-1.9687861499418347
-3.3505774193855586
5.540518258012142
-2.4140005601503844
-1.686889989023122
1.5083923171056028
-1.209987175775943
6.213022125846287
4.517797562481071
1.3282670770094782
4.341740596525476
0.3292762009840189
6.1937983737614175
6.90902445901358
4.649680118674517
12.333233370743855
9.300771012610412
8.972404696679646
7.59463721018944
3.915550617883973
0.23586606402504628
0.7654357648115422
4.238634940092474
8.693936136808468
4.142427197294083
6.581327290535498
7.633739624632028
5.075923486740429
4.37027902352353
6.023290348650164
6.229893183961877
8.051942545380832
8.126495537635925
4.172318156377358
2.497360218520612
0.07722116901912557
0.559651567340886
-3.9006984892774206
-0.21121697603808087
0.5199547506397906
5.050040293783347
9.047014637654115
9.927374212626283
14.430451825605047
6.0988648585590965
7.091029006849169
4.997950012027729
-0.8558907165714231
-4.467099774321326
-4.93400274837531
-8.635532475057957
-1.1594985767528136
-2.31980737829997
3.03024362291589
9.86878821756666
9.020768396611004
8.641746194793939
6.452487931533788
4.100858191443457
2.6774285098973607
-0.7255279793263618
2.1629715755156766
-0.45050125768256066
-2.684149268050003
-1.1588543443648547
-2.527495798574815
-2.792907084881218
1.3167990286448301
2.5798753536036756
4.8212203393244835
5.711428483453993
8.637200975128614
