# max_attributes; 15
# description; Austrailan macroeconomic dataset
# number_predictions; 75
# predict; HCE-DTA
# lag_parameter; 4
# horizon; 1
# name_prefix; aus_macrodata
# predict_model; lstm
# method; dm_FactorAnalysis(copy=True, iterated_power=3, max_iter=1000, n_components=11, noise_variance_init=None, random_state=0, svd_method='randomized', tol=0.01)
# prediction_type; rolling
0
-10.371502786782287
-10.855452572718477
-8.97961013729715
-1.3586223182806734
10.191363944284312
-0.7840538700147093
2.5978868507221335
-0.6024497356824412
4.457489621541953
10.063514100173059
3.577179753338214
-2.6553167422492976
-5.68434765376945
-10.566773360284685
-7.010575814114674
2.5518966985737848
8.954787402586227
-5.111235328749757
16.447202873590633
-8.668316552767692
-1.6213525252303995
-4.210339657094963
4.124465342764751
1.96171105060548
3.0496074049594384
2.5633733951521975
1.0249680700253876
-4.076031739654837
-11.846650116531144
-11.120416984038435
-0.12166229374292215
2.867981039737913
-2.0830436332990203
5.572602142067566
8.125919812120877
3.28659424215072
0.06432688349509164
2.182213683413437
-0.46957571059932945
-1.2594725521989076
-9.615291300127858
-3.19649995257506
3.942299878478771
6.84614865259838
3.3857773545663647
-3.4969559785922257
-5.6515404189499066
-3.160358084367118
-0.9029002039772891
-2.975135872808437
5.256879052853847
5.643724314519822
12.265178006252633
0.6537900275625788
-1.535318983809681
6.760448574516495
-1.4217413706007704
-8.784623007632774
-9.147903526687394
-3.355600869257941
-4.572758729190916
1.3856586904816837
8.02905426991017
7.484097366133206
0.8941281713091982
-6.938153134640942
-6.046800072199282
-5.541725383747583
2.0542082230773886
13.694607512246527
8.203844636685467
5.271868229934704
0.41654197742253984
-1.2374139523346415
-8.053593560783078
