# max_attributes; 15
# description; Austrailan macroeconomic dataset
# number_predictions; 75
# predict; HStartsTotal
# lag_parameter; 4
# horizon; 1
# name_prefix; aus_macrodata
# predict_model; lstm
# method; dm_KernelPCA_fit_inverse_transform_True_kernel_rbf(alpha=1.0, coef0=1, copy_X=True, degree=3, eigen_solver='auto', fit_inverse_transform=True, gamma=None, kernel='rbf', kernel_params=None, max_iter=None, n_components=7, n_jobs=1, random_state=None, remove_zero_eig=False, tol=0)
# prediction_type; rolling
0
9.418842125226803
4.776227089287531
9.414419991746541
-2.2287101738376123
10.7771008095676
-15.886334371222269
7.162774581734439
9.399239648717412
5.3455246816769915
-9.280901753367125
-1.611363361468804
-8.726846244090297
-12.238764967182703
18.87931370659318
18.718920687185715
13.991737171880274
28.966964208624802
9.475226256477882
-14.42059006027332
-14.952828167545391
-0.9705861874139572
10.813890181819701
15.161271856000212
29.82891751428714
0.9075239999478839
20.365104250901652
8.053606811451175
-3.4838011786596184
-9.360002376588838
2.2233440943968503
3.9777811770094047
6.175195641182299
11.245082924943091
-0.8994693287390874
-16.672331939165886
-11.351201103135935
-10.100080757433652
-8.468529593505842
4.185883845936999
12.064751990922346
24.871019024474364
19.208689334524223
7.58376477606042
9.4124597440956
1.7720781066274043
3.1960668273581945
0.583018121102441
1.276783721816173
0.6318005045732775
-2.423415244646975
-10.967401591604762
-25.817219083751716
-20.576168994768942
-14.664000339449146
0.7127571890550257
6.622834399046468
8.509078842408655
2.069842811809437
-17.954098518812593
-26.238263300650758
-34.10103657762022
-33.73405352133078
-14.35966417413021
0.6796876568334653
11.246479794332146
16.925294086575235
4.979614359338257
5.937264794416578
2.043418056073918
0.40243609439237105
0.423821315812674
13.529149596300087
14.54024379115306
11.364063783346836
12.976336606203574
