# max_attributes; 15
# description; Austrailan macroeconomic dataset
# number_predictions; 75
# predict; IP-Man
# lag_parameter; 4
# horizon; 1
# name_prefix; aus_macrodata
# predict_model; lstm
# method; FCBF(n_components=5)
# prediction_type; rolling
0
7.796058158779438
8.087327090619802
3.4508050913283164
5.417551150745751
-0.01701678532735329
-3.1679574962546795
-1.183390696484313
-1.0610434483542726
1.5724478958212984
1.689071659593285
4.254658189139889
3.754623133191828
2.9983629355956865
3.236143347994659
-0.44744480406376397
1.430728302765072
0.49861321150106264
3.7799986816364246
0.8627262723746298
3.1890501170485805
4.727223389083761
2.2517829335575037
0.9932666620648369
1.193889850615502
1.6726040905630981
0.2617269441104071
1.6191872939833338
4.204894476979131
4.994512977519257
4.517467489485579
4.0661442103943735
0.6649552629547735
1.2952246910500875
0.9242620968908817
-1.321713016661345
1.0902001095574114
-0.17468993357208618
1.2196909547057686
-0.7607422174726715
-0.14990490335490492
-1.6314434130852007
-0.5050191358559992
1.2612878236889564
0.3458650330882378
1.6407854383820997
3.088006949584628
0.9198320148042178
4.240978248665044
4.714817724783874
4.489046110183775
4.9403550447026525
1.1758969753946609
-3.890320274063587
-5.132665431020804
-6.999852986210021
-8.915524000479904
-7.489516916366421
-3.0939920998179993
-3.2853283731686425
0.2253754070744094
0.34650814808085073
2.084345913082913
2.9623437144852396
1.6923493943697636
1.300152051644048
-0.708924840707251
0.895986554074387
-0.36633341984670764
-1.607638595310295
-4.51962981119409
-2.8374202976720397
-0.097757601425986
-2.5535770727724056
-3.958568163047353
-1.7491478013057424
