# max_attributes; 15
# description; Austrailan macroeconomic dataset
# number_predictions; 75
# predict; IP-Min
# lag_parameter; 4
# horizon; 1
# name_prefix; aus_macrodata
# predict_model; lstm
# method; Part-GFS_granger_graph(n_components=5)
# prediction_type; rolling
0
15.68124801797067
8.644895481749135
10.491185981763621
3.223793112207087
4.472710059021562
0.2928410174041396
-0.1835400813564192
1.6020063063740722
-1.0831534304109809
2.9103207687207657
0.629863260098638
4.111341085262126
0.32918767626681245
-2.0410925806934905
5.8165645311438965
0.44101738245602107
7.785550775049362
6.292754193914231
11.57764576589619
9.070688392938067
6.5189628137522675
8.71924791138979
2.1500450050666906
2.551949322603196
-0.7725788060587995
-0.0009952293408943547
-2.305660391599165
-0.4713649107672744
-1.9437891028910101
0.4195896411908038
-1.7790314359162736
-3.0692756497494464
-1.9528274995578592
-4.750178543846996
-4.4003579052929584
-1.5235036578824932
3.5286230206473697
5.86476385935028
8.930108927908666
6.433057140291076
3.3051452270289126
3.187889864911522
3.41025013048446
5.435801618989789
5.255313476715433
2.212096445181391
6.688434387460749
6.118141663955345
6.33618725682544
1.91631311443318
-0.9034228510723139
-5.09658769488286
-2.9599656993290573
2.122512582779745
6.589617419991935
12.402829783672988
7.623864264943499
9.644764022506788
5.8359486523083035
7.227280886212316
1.8659409059274523
3.080186667845016
1.9321221275749458
3.5368564044322355
5.110956014237853
2.804564655657437
10.165348836754603
7.004583562400175
10.875713801725556
9.37945664692091
10.404598010798797
8.923312132153036
11.404077134755816
10.18244717947158
14.71353745116129
