# max_attributes; 15
# description; Austrailan macroeconomic dataset
# number_predictions; 75
# predict; Cons-FurEqu
# lag_parameter; 4
# horizon; 1
# name_prefix; aus_macrodata
# predict_model; lstm
# method; dm_PCA(copy=True, iterated_power='auto', n_components=1, random_state=None, svd_solver='auto', tol=0.0, whiten=False)
# prediction_type; rolling
0
3.3401692316532277
5.32035806819362
-0.7061404996732783
3.2256738313447286
-1.3197202394264984
3.9515955979549844
0.7570749809479338
3.084512193187706
2.2995737568275345
1.3841159742440112
2.856692400612907
-1.516677385393642
-0.1382193956809843
-0.027749557973479
3.4335188605978573
7.053147430578235
9.339357329283644
11.85928833160935
8.443860072841943
1.6581638897735118
4.129998139289938
-1.4722075541497261
6.028828611609633
3.284843550777964
6.044179850776835
6.5902931545425005
7.8803774096661385
5.917917421326955
6.433342483938063
3.506171189343732
5.8723335307602085
5.820175622400328
7.0404265103872845
3.3077476138526123
3.7944598440125645
2.799462496933458
4.067304717845218
6.983915584289981
3.2261436582795895
3.1823963639127726
-0.2593030509624725
-0.7345187583980888
0.9168161388018703
2.6763251284594247
3.8964727968925104
5.690727623960271
5.732705948731422
8.393371473818817
8.639980784493233
7.186222350583648
2.2672019691563747
-0.10961334207866713
-3.0817848028661174
0.7427452594345638
3.388903098260535
2.966841901773911
3.6039948520544627
-2.516444187720616
-0.4204964011605341
-2.193559186029937
0.7021621782881624
1.8512912343625203
4.117042305631557
3.740387034963611
5.524163297665915
4.858813612703571
4.152820338580483
2.7069920138442143
1.368013723840022
2.6229677376976497
2.2291210723676187
3.856622930508088
3.914917063380898
4.1194483890252585
3.999585571915425
