# max_attributes; 15
# description; Austrailan macroeconomic dataset
# number_predictions; 75
# predict; Urate
# lag_parameter; 4
# horizon; 1
# name_prefix; aus_macrodata
# predict_model; lstm
# method; Part-GFS_granger_graph(n_components=13)
# prediction_type; rolling
0
-0.051731586736466495
0.03573532071008734
-0.039502080569386644
0.04100799526733878
-0.08993355458775304
-0.11996507668405498
0.06756814285409163
-0.06674652126687713
-0.05198040036546142
0.0014125185057903833
-0.029569626148511108
-0.029413159982430492
0.0030606266692297934
8.522638218966261e-05
0.032776418988710754
0.020061810486322162
-0.04628292747880425
-0.05944395092842364
0.2315902069605622
0.055395761778528785
-0.029325676258526834
0.006774329822426317
0.057609176287236497
0.10090802473022686
0.11436824760185982
-0.2803350926818462
-0.1704168321762043
0.0805857972649009
0.11276982587027418
-0.05541114834915706
-0.03918193210156917
-0.02958097487286926
-0.167462412724112
-0.012847392068793206
0.03201522793897493
0.19397131558596203
0.11360142987366062
0.07458610498756346
-0.022954877515763805
-0.1298875493137584
-0.035493628474317085
-0.03289407123513777
0.04793650274998773
-0.004535516412773943
-0.09796778386129612
0.1998108541565311
-0.06984303819202514
-0.058154233572865754
0.15263671834210213
-0.06250047711059536
-0.009183279980018833
0.12756659150637129
-0.17852681497956652
0.11055361391690666
0.09181779188678718
-0.12023022993299409
0.10668036105067513
-0.24746678686030715
0.015447361941842819
0.035141435924488484
0.007432905515780908
0.056115277260663676
-0.05764767356545125
-0.08745603587185358
-0.05065803555915899
0.10930906893477432
0.05769608780655067
-0.042864036845768505
0.017586389853917472
-0.17246831278608749
-0.052942371647819175
0.085685093831538
-0.07271852519991218
0.11525910656940197
0.061296844131611405
