# max_attributes; 15
# description; Austrailan macroeconomic dataset
# number_predictions; 75
# predict; IP-MP
# lag_parameter; 4
# horizon; 1
# name_prefix; aus_macrodata
# predict_model; lstm
# method; Hits_granger__graph(n_components=12)
# prediction_type; rolling
0
6.738018350169341
0.2539975927410367
7.870985169385406
6.709377187655917
-8.863513727060841
-8.849111566972098
-5.056835650457238
4.336682497159579
3.977600448454041
7.634415879796954
1.9645099111882303
2.8890731152797287
1.8681256865580806
1.9403485919650691
-7.20675253562554
-4.191246949451248
-0.410958459597083
-2.4481450530204327
2.2554666426783996
-20.554105318707066
5.45571565186512
2.803723010387422
-3.986898967690408
14.177877305065223
12.119932395126199
10.893993677282566
1.1286671831637136
-0.9294268994967325
10.284748974748808
-1.8682966999023094
4.94058028995979
8.385397975921329
5.477261786815816
-5.217324521295623
-1.0604098722021789
-5.160704150220091
0.1399550472123039
0.15279788619741197
3.653946921086728
-5.773144412145605
-3.15739141867887
0.6694715917924299
3.772222242585862
13.430941519009473
20.511746395085083
17.441692540168788
-5.275930754225122
2.7041875120171923
1.9655681051808358
7.327008194122236
18.754072188430143
9.825273684524852
-5.1434583851292
-9.317777295330046
-7.2697337247755485
-14.851546839872867
-16.052398901455756
-4.711985611705067
1.8231734192864408
8.171213917841591
11.32937291134899
1.234435304300952
7.708508105869285
0.8593824511079404
-4.309060767843484
1.783628663166418
-1.9600985249962122
-5.895316870991941
-7.755241985711784
-6.556438718224705
-7.636118244359551
-7.054642976248395
5.432840947364241
2.9049180552834954
-1.202137942497714
