# max_attributes; 15
# description; Austrailan macroeconomic dataset
# number_predictions; 75
# predict; HSexfinVal
# lag_parameter; 4
# horizon; 1
# name_prefix; aus_macrodata
# predict_model; lstm
# method; Part-GFS_te(n_components=11)
# prediction_type; rolling
0
12.408001303266914
1.2251508935015636
-3.5410603487734136
18.32493346445203
14.858283772972314
17.921076174217887
21.643703788483705
15.72495590558404
14.95878931023131
5.899760431738159
6.119292838718863
17.948379968128833
5.269195235341144
35.99209023223601
26.10986458999183
28.460835820678284
16.97369666785515
-8.164577225715746
-24.925198515972852
-12.42523619712842
-19.04734806548889
13.875861808492715
33.76135473412401
59.991911465647306
29.262909041167106
9.442432546555636
-2.366832144991875
-9.962899082991854
0.47205846546788166
9.895848358881366
33.44712807034507
32.439353970054114
5.402791572617417
-0.1683863931995404
-3.3528758431588273
1.2505709975054344
4.356523201003554
1.5285900341528134
20.731570644815406
22.702687066970384
21.01880422642064
2.971545051689546
-1.395071476996705
-3.350453262582434
7.754495888808947
34.785897558484734
22.24361047518161
6.133323415604124
-4.073979526868314
-13.165997253089948
-16.331858563426835
-26.128390879511286
-10.570058946806228
4.216620386435281
12.017601715152466
28.770829037037174
18.31957368698444
9.2264830342951
-2.2969268589812373
-9.46644969505683
-27.910774195640577
-18.32491414715429
-20.567092575964743
-0.5391043347074742
9.215078942563807
-0.4404776324846722
-2.4612351095364318
5.007270095709217
4.28187956099984
9.887808692679982
9.691438874737173
12.771038839019681
14.308896872803103
19.67302430470923
10.108481994320911
