# max_attributes; 15
# description; Austrailan macroeconomic dataset
# number_predictions; 75
# predict; ResInv
# lag_parameter; 4
# horizon; 1
# name_prefix; aus_macrodata
# predict_model; lstm
# method; dm_KernelPCA_fit_inverse_transform_True_kernel_rbf(alpha=1.0, coef0=1, copy_X=True, degree=3, eigen_solver='auto', fit_inverse_transform=True, gamma=None, kernel='rbf', kernel_params=None, max_iter=None, n_components=1, n_jobs=1, random_state=None, remove_zero_eig=False, tol=0)
# prediction_type; rolling
0
-14.285511918085462
-13.466641085099305
-11.637899495386655
-7.63088396622318
-1.0080549590283
6.0417163092802895
13.72335558075173
21.22730909185063
24.682562078327408
21.622267489361263
18.003617286425353
12.462926778467676
7.779790722383666
4.642114671109027
4.690406962384287
5.859869872855299
12.95776273803699
17.760797387098634
5.234296225771757
1.206882715551231
-6.580387941784721
-2.881923881309646
-19.884138951039915
-0.607093808375339
-10.370152170610368
7.1439042885035065
12.417344260826582
22.10038962205327
23.209369816028754
19.348781634843903
22.017090753803544
16.329745305331045
14.860073615076772
11.43577321352339
10.01894566526839
7.1373396662874455
5.268563127003603
7.065726252318299
3.205422561803701
3.421727930662925
1.805571994295974
2.3044334968493416
-0.5967596847784478
2.7118881470508
1.026160017273753
2.3862459013470243
3.769354192910413
3.9246292007338752
6.096708355839965
6.742914688783529
8.536649701521682
6.884896870039469
5.2834704381247946
1.7803092227776176
0.41259187647483486
-1.044939174426446
-0.5235531230558905
1.7612767969377643
3.5079997264167986
2.5626941273039705
8.589138230183153
5.6478887621838965
7.698227247222462
3.5622094236332913
0.8767526295242334
-0.566397417995816
-2.3572804117647053
-1.1753639222034025
-2.8433469464234946
0.2380141766747954
-1.471660955270707
1.6746138265122994
2.8409900132110835
5.487535595896446
7.054858708714676
