# max_attributes; 15
# description; Austrailan macroeconomic dataset
# number_predictions; 75
# predict; HCE-MV
# lag_parameter; 4
# horizon; 1
# name_prefix; aus_macrodata
# predict_model; lstm
# method; dm_PCA(copy=True, iterated_power='auto', n_components=14, random_state=None, svd_solver='auto', tol=0.0, whiten=False)
# prediction_type; rolling
0
-5.69913169869155
1.130627695061115
-1.6076870670862924
-0.6910416709284881
-1.9342070933221969
-1.4210978862058745
-0.7571550308858583
-1.693603722910174
1.5656959983511456
0.2947461433654439
3.2760700587129747
1.8099396583636889
-1.2979382675459128
-0.548794368887588
-0.5394020804724633
3.8718129364634066
-1.759072730531308
1.653394157908398
-1.4298347819799346
1.8962648054661528
-6.745712449680557
3.8182975679771474
7.082981947001574
1.4852563373852838
0.23007203769181928
-0.9117544266994635
-3.4000534567382186
-3.7188553062363265
-1.5238349482649642
0.3160499170242872
1.0053282645929613
1.931579729613894
0.37475824343530206
-2.505836941667484
-0.9779199771887406
-0.9022276472982682
0.39259134672231966
1.7110245491027172
-2.2271154133458655
4.827676506357157
-1.9793428704451461
0.19137878026716848
1.2820565160613597
0.6249616607260009
-0.8653289412399623
1.3919878422110266
1.2490239240204772
-2.9586199158836717
2.904144269717907
0.26596507234684097
-1.2504519091589934
-0.829871496793551
0.2000845624549008
-1.197180431042991
1.721817952566731
-1.1793694083656234
-1.8786251805052299
-4.8103249329858
1.8392004808102094
1.7631528538371377
1.7124256641516062
-0.16752346368893
-2.6038236616589554
0.11022852513610815
-1.863015193144637
-0.21841726161093433
-0.018017663056642874
-0.17457922213713672
-0.029206510166261523
-0.8065503583436886
-2.1568900416726624
-0.15061774600733457
1.0812574592051654
5.037245579901892
2.728063451704166
