# max_attributes; 15
# description; Austrailan macroeconomic dataset
# number_predictions; 75
# predict; Cons-PurVeh
# lag_parameter; 4
# horizon; 1
# name_prefix; aus_macrodata
# predict_model; lstm
# method; Hits_granger__graph(n_components=3)
# prediction_type; rolling
0
22.50299238906109
15.77407950914747
-20.017884612662094
19.390229805671368
-4.6432585232235155
18.04419368337159
3.8120738325308423
15.618703770934019
38.80465457078972
-5.125114454160695
12.900682338342122
8.568229300300146
44.425039366804796
27.41957978032015
-2.2717110811097
-15.850344781853288
-4.967724103738021
-41.44231009050945
24.43001319036796
-41.30377601899618
10.062978199458044
7.420563688971413
6.849229493815301
16.78224550920902
14.52099071501712
17.318093047353088
-10.409000046977447
23.53539761358128
7.067397255008089
20.922150756933405
4.1387210906572705
16.577614959324464
4.145187504480006
-23.391635294067015
-2.1655754135023884
6.990896041629469
2.3177769926979295
2.613821799997595
-0.9022907161181024
3.4275924629350527
-2.7898251181243907
6.53353484694334
-0.47267711934762957
10.742939302197243
7.378826820422503
12.449212655945857
6.5629580125744695
14.952731938828052
3.4328206273023767
12.094616338682826
-23.182425186672738
-61.807190814849946
-4.419985439871276
2.5581595387635474
3.083142912042817
4.493518869141212
-10.951726748762745
-1.959303691720578
2.9791348714759636
21.27451134601303
13.424938485750758
11.007954167786721
-0.14777422057307632
-3.134923275874222
1.6300129529142708
-8.404431416680843
8.846280180989723
2.7052999353607987
11.506904820372313
8.704510445720928
-1.239674383213142
8.858716726115375
0.4868089705756873
19.091143425304637
-3.0536852669597963
