# max_attributes; 15
# description; Austrailan macroeconomic dataset
# number_predictions; 75
# predict; LoaAdv
# lag_parameter; 4
# horizon; 1
# name_prefix; aus_macrodata
# predict_model; lstm
# method; Hits_te_(n_components=1)
# prediction_type; rolling
0
-0.3296898269684281
0.548454030924578
-0.26168039792922393
0.06636493272375787
-0.27084901961938357
-0.12088863393932492
-0.5728204423124712
-0.6333338574903244
0.34539688039328453
-1.0368078276231518
0.42038176677568906
0.6739124186552843
-0.22377193620917346
0.34290674281957934
-0.7460300768129589
0.24277300301116966
1.0068125788685158
0.7557080617120349
0.556619941288794
-0.9664823487638543
0.8862252347535424
0.06420078300240384
-1.5591043699372928
-0.8011459182575411
-0.9663714104894936
0.9609080276811532
2.1496790537813286
0.21663509220068278
2.8634251896433742
-0.4666943289459553
-1.052854622323613
-0.9115286478741051
0.8353079803078032
-1.325562234983293
1.6404390929879842
-0.8066757645487019
-0.5061832343899635
-1.2396004330386656
-0.22930519598569887
-0.26974731721785794
-0.08041749808156418
-0.7500852974264767
-0.1501404967739557
1.799713173486209
1.2899867910283636
0.045711639523347
-0.5533610156184388
0.5505976997337445
1.3815356151440152
0.3334351743032844
0.05605023332232939
-0.4541676910280632
-0.6267347369086043
-2.7797684431732
-1.6957666700069876
-1.4192845959050526
-1.5004274098857646
-0.9412822930573768
-0.8983295533393232
-0.5512011327537891
-0.7738883842473623
0.22547857940983285
0.8639249348645599
0.44033956233299953
-0.21830438602592217
-0.38212096217350755
1.0072358510537658
-0.8350452414165019
0.20303320639284195
-0.13656506547769354
0.13978473606635156
-0.1681124972202266
-0.1566184386252214
-0.7953361661664573
-0.30994793436044965
