# max_attributes; 15
# description; Austrailan macroeconomic dataset
# number_predictions; 75
# predict; Cons-Other
# lag_parameter; 4
# horizon; 1
# name_prefix; aus_macrodata
# predict_model; lstm
# method; Part-GFS_te(n_components=9)
# prediction_type; rolling
0
4.973189509517192
7.229304957245591
5.4329616761910335
0.17666292241153947
4.547455114823122
3.599480184959215
3.687419296693956
4.994550847401748
-0.6431401951664153
2.9148332466356424
5.224495868262827
5.992712430864928
6.055049947243066
12.754831943516066
6.44633022230964
5.942257584495169
0.2556002735756806
-5.206345898430302
-0.891144971136697
1.2580475342542963
2.697692808431481
4.008256794032483
7.856381830113118
6.55203494224402
5.252563106831944
3.4269127363560115
2.6124994283268164
2.1644201420193383
2.46052442623795
4.252882124810175
1.8047525490623313
3.4201873700671426
4.626313522147563
3.0695848008947406
4.479711567559302
6.796788962294644
7.887943144655757
7.79971313027884
7.136610830947068
4.876244311522007
4.864896945632135
5.795559383307823
6.727466538236846
8.131058809677015
7.519479802107091
8.804132905527467
6.586495550406286
6.094378037905124
6.128527196398442
5.9125346881373
4.821481078065118
1.8911246796501713
0.16725400628413656
-0.16518174695536114
0.0647957165795674
-0.14085893365963376
2.2730447026001155
5.239212946543135
6.12028026870606
7.931649914864951
8.025105362576461
5.714737112793062
2.8156322013854984
4.81452536879192
2.3608718871100773
1.0819151765063335
1.1885499197577145
1.8190067785290625
2.5457767438667736
-0.2290013528171606
1.2406074342156064
1.3658961742188556
-0.6158775349087504
1.992798397358829
1.8836298812798518
