# max_attributes; 15
# description; Austrailan macroeconomic dataset
# number_predictions; 75
# predict; M3
# lag_parameter; 4
# horizon; 1
# name_prefix; aus_macrodata
# predict_model; lstm
# method; Part-GFS_te(n_components=9)
# prediction_type; rolling
0
1.927924601203074
2.86948007224818
-1.8675092667950182
-0.8434648934955042
1.1818768078753834
-0.6631831116238089
-2.117159090571743
1.0527721847222793
1.8276236166360071
-1.9712743273192217
2.5660975027994155
-2.1307357781564207
1.031795690653464
2.5058375643552537
-0.49040770695561164
-0.8613624434147802
-2.7403656646091257
3.205599900498708
2.6409206993490955
0.5470023228011307
-3.437088097361624
-2.99050085997899
0.7894960810459253
1.1613076038825554
-0.0729100553367168
0.8526640284263891
-2.4237514434690652
-5.421576282768914
2.8727046278756596
2.1042178947659096
0.7344971486091652
5.770763446516536
-0.25614838330402634
-4.144827410122797
-0.6696026785209241
-1.0985572100492362
-0.14269593887409826
2.0260097589318846
-1.0466456630071086
-1.5619562422003987
-0.5097782541445071
-0.13457546108971385
2.362072608778
5.389632789091589
2.5312330502329274
3.350694352178916
0.6402801914465641
0.33733445643162696
-1.5137968286043844
-2.8019793677358997
-3.4361690568015675
-2.3274252301875755
-0.9752559429010823
-0.4625009506612443
-1.1658212716135559
-5.077558614573464
-0.7894029392646331
-3.097495751908859
2.8593442471966206
2.2237395944213816
2.9480807259792705
1.0366620684525287
-0.6847336103592951
-2.731791469900717
-2.2062785908507188
2.1081768387169255
0.06513806699783942
-0.5605565640322112
-1.7501991733552558
0.9040627698288048
-1.3503827647499946
1.9749001301740776
0.390995451520336
0.9075595556106997
-0.9895997286340545
