# max_attributes; 15
# description; Austrailan macroeconomic dataset
# number_predictions; 75
# predict; PEXP
# lag_parameter; 4
# horizon; 1
# name_prefix; aus_macrodata
# predict_model; lstm
# method; Part-GFS_granger_graph(n_components=15)
# prediction_type; rolling
0
31.56953222429955
-11.66846688897003
17.882999840744333
2.206262540029428
27.597909486983184
-16.16827477173345
6.457347208267635
1.3826293963606702
-6.579294705571044
-5.715055499880322
-9.81447809847009
4.0055214208476
-2.5107720545155416
15.638235141875825
10.311077737720368
3.0944687543346703
-10.762847711796539
-25.559734601915906
-4.937058829728798
-24.973284554093695
-3.0472847882231946
11.99816811606216
-12.365710943820005
6.280637881382319
0.44366761991720693
3.8804947351421077
-5.33479992324466
3.7332584602227
13.881371988707741
23.070337602313145
19.174235529880974
9.28613945711487
7.054918173810563
8.446004306505685
-3.723730026313845
8.462248343625845
16.163405265048453
9.918286440130942
10.098833068092787
-3.398921837922586
-7.727929514996262
-2.809646214412723
-2.531667609957452
4.482241587150682
1.5480847898366932
13.857429164763886
14.052502718229704
6.493624214243184
-2.0339551495298736
-13.398364134362964
-11.490701498132978
-5.340434951506197
5.947889059460849
-6.954028115741522
-13.541489015271807
-1.3339701653395366
-10.69950805936324
-2.591935809218157
14.157536742864238
30.083174612355776
25.06033291899385
26.549624937643202
9.352848840325464
-1.0172396569454918
-8.060823444941619
-3.938554394144134
8.700386733963086
-1.9976942666680912
1.8581080829036978
5.310897080757826
5.079506213532042
0.602036904892671
-18.71567837756372
-15.1606124075292
-7.9501705151593285
