# max_attributes; 15
# description; Austrailan macroeconomic dataset
# number_predictions; 75
# predict; Unum-Total
# lag_parameter; 4
# horizon; 1
# name_prefix; aus_macrodata
# predict_model; lstm
# method; dm_PCA(copy=True, iterated_power='auto', n_components=5, random_state=None, svd_solver='auto', tol=0.0, whiten=False)
# prediction_type; rolling
0
3.057516481028731
-0.11907340440675895
3.918665269736781
2.910203546195529
3.1539607127725233
2.031739946905194
-1.9073485149463245
-11.861149777608068
-9.275070086674516
-2.9850149575834024
-6.082746564423104
6.260075635135852
-13.495667159775568
-16.816442998933145
-18.430428699752305
-0.6318835706207935
-14.273463187140933
-6.334857574505712
-12.56347901885042
-2.977145928774089
-6.316797121867712
2.1259059916566265
25.98598611661467
19.745896373260884
11.739377652719227
0.25512838749403954
-9.786496541642869
-14.225163707221755
-12.820597324793338
-9.33716468142485
-2.874751296593594
-15.472966952241292
-3.118191638976956
-7.5508244088678005
-9.303013980552977
-4.044727046847324
-5.38557418953247
-9.322067640197996
-6.295310547135767
0.28476544880731325
-2.1616227711510447
0.558775641874039
1.98770285759106
-1.8161046207808198
-10.150767737074387
-8.039588355585515
-9.589073808184077
-9.015899054677034
-7.20919067047161
-7.822009709008039
-0.3011264804720817
1.2326592281312685
19.210478222029536
37.5701160508839
39.257730957503
21.501323446124722
7.738374375427256
6.543811594146675
-2.7994886041953144
-4.604589289818161
-10.67414214814497
-9.35379426758835
-10.247033663109205
-2.7717082800168242
2.197001340707949
0.35933554878229756
3.780806958281957
5.2295098980853005
8.3381712028049
8.015449658367274
6.749977201748848
10.064751064438198
9.376950791275512
10.767885628572742
10.685820794417197
