# max_attributes; 15
# description; Austrailan macroeconomic dataset
# number_predictions; 75
# predict; Cons-RenDwe
# lag_parameter; 4
# horizon; 1
# name_prefix; aus_macrodata
# predict_model; lstm
# method; FCBF(n_components=8)
# prediction_type; rolling
0
3.242858446070395
3.524216406138412
3.1769162609799286
3.628344562788394
2.4076542833630428
2.220126535455839
3.1354755998525254
2.139040293386895
3.9853752370734172
3.5299817619033873
3.3908094742148145
3.7720429676384604
3.5114284481783367
3.916461085293358
3.3527491822787447
3.363096629533029
3.406445970219367
3.8024928519047583
3.270405168551399
2.3549178002944635
2.7421754369584668
2.6191090868052456
2.1174896238125003
2.5938745692652017
2.684597061984948
2.9246951895181024
3.519381304684769
3.3768966273504404
3.5486710347195927
3.495560701666644
3.2833459679401065
3.528401274985021
3.5138114839040924
3.391685554980996
3.4368850497896792
3.4941209759265366
3.291045514351761
3.2887877830863963
3.124204876319733
3.142597545224606
2.985670065694322
2.96009925199172
3.034309130424427
2.7801327841522276
3.1809028186356314
2.8232901163869846
2.795998504783423
2.810026001477424
2.933915797020201
2.625854931214626
2.7313323993084455
2.453187148062454
2.4517583395672493
2.4719096978416433
2.4566569936424196
2.7032745546812245
2.727824849841446
3.137419619771247
2.941797147448339
2.831207107305353
3.090516134366471
2.597379380041899
2.661360287713111
2.548258043204511
2.48862662592847
2.480690726792126
2.32919789679378
2.414039033331926
2.3663679643164923
2.3389204349472466
2.336013615322166
2.2889306519118477
2.2245383404344548
2.028620068456014
2.332877721135664
