# max_attributes; 15
# description; Austrailan macroeconomic dataset
# number_predictions; 75
# predict; Mbase
# lag_parameter; 4
# horizon; 1
# name_prefix; aus_macrodata
# predict_model; lstm
# method; dm_KernelPCA_fit_inverse_transform_True_kernel_rbf(alpha=1.0, coef0=1, copy_X=True, degree=3, eigen_solver='auto', fit_inverse_transform=True, gamma=None, kernel='rbf', kernel_params=None, max_iter=None, n_components=10, n_jobs=1, random_state=None, remove_zero_eig=False, tol=0)
# prediction_type; rolling
0
-2.5542881844540233
-0.4516215059820752
14.522523777492296
24.32288824397972
-6.4983899187279235
-14.703045942737845
-1.4424384559663679
-14.87509924566885
-8.81835009605686
-9.162881645955721
1.1270129030137213
0.5406228201260888
15.822732674325977
-6.14548479210238
-7.858831908788716
-11.169794268118011
-2.8399486412439785
3.1370526774474
5.6932218112748245
6.749926878976964
4.8945122539618495
4.680623755400347
4.29401184984971
1.942360653770578
17.70065843729465
3.231706237661541
-4.036231481058849
-7.303811412623361
-2.169964439101946
-16.536216381822584
-4.168955668576814
2.4746956759672543
17.29651486622258
4.653144041015622
-4.11163180760218
-6.289262972579635
-2.8648677954064965
-9.904888414347965
3.4959669485944005
2.491050573386559
-0.8364464673776411
29.229629869792674
-8.205270258853048
-5.97948966569713
-10.234312658935792
-19.497662270820427
-1.9543543723910375
-13.993253201141187
21.234830823994386
3.295752931219596
12.44989737362728
-14.538783280482946
5.262993213939069
7.406683335971081
-2.5335639906555514
-2.222014635618919
-6.86281211835292
13.063614626886391
-12.362361571610435
4.56837315365911
2.2171577976178156
-5.946164246805111
7.507133568688275
20.369644764912493
9.877406030383383
-2.877202068476876
5.8225900305015585
-19.229549823553313
2.6574978838310557
12.36390613416485
-16.177056950654304
-2.201170585810047
11.719647390255304
36.56164697007394
4.109705993855414
