# max_attributes; 15
# description; Austrailan macroeconomic dataset
# number_predictions; 75
# predict; HCE-Post
# lag_parameter; 4
# horizon; 1
# name_prefix; aus_macrodata
# predict_model; lstm
# method; dm_PCA(copy=True, iterated_power='auto', n_components=9, random_state=None, svd_solver='auto', tol=0.0, whiten=False)
# prediction_type; rolling
0
-3.180487339592151
-4.005301806371357
1.2426033025858914
-1.870563000681301
0.18404770320079678
1.5653133159854633
3.1319655322124476
2.250660717691261
1.440783498726418
1.8653207268797942
-0.14783398896753397
-3.961051153864698
1.1564506666847265
-0.5796761895049656
-0.9428674752740775
0.8752182217405533
0.9519042464576515
-0.6915095259586366
-1.5146946709800986
-2.4613737730702567
5.107566719422692
-1.3892944434222159
-2.6622946826310923
1.8108841158346607
-4.918362209853065
-3.784631215195134
0.14034735142026022
-0.464418759644289
4.925485517073902
3.946525702454508
2.015980836787861
-1.117704849763932
-2.3907266693934446
1.1135991447823983
-3.7063878034557334
-3.9647665829502365
0.8405600662049793
2.3004107807223946
0.2114728210877601
0.09000023008496072
0.4126598891697242
0.02726594730668097
-2.8019919388579204
-2.500430737678059
-0.6212868372209286
-0.9537763779037363
2.3146214877088056
2.8769281211791835
0.10916364360650022
-1.9495221630383384
1.1360931365548694
4.418687322206736
5.554468456824736
2.866332134648694
-0.8193231638905729
-10.526108244276251
-11.135587878880589
-4.1128370423824165
-2.060283671933938
4.478360781991988
10.487410923389426
3.7828346152212617
-0.5821255672467345
0.04222117880490828
-2.212008415926533
-2.510886451474441
0.4591728891060143
-3.3007622172498507
-0.03276358941900526
-2.0873994704585073
0.44154887892291583
1.635604342721841
-2.1538563757958613
2.488448179165715
5.856288623052187
