# max_attributes; 15
# description; Austrailan macroeconomic dataset
# number_predictions; 75
# predict; ResInv
# lag_parameter; 4
# horizon; 1
# name_prefix; aus_macrodata
# predict_model; lstm
# method; dm_KernelPCA_fit_inverse_transform_True_kernel_rbf(alpha=1.0, coef0=1, copy_X=True, degree=3, eigen_solver='auto', fit_inverse_transform=True, gamma=None, kernel='rbf', kernel_params=None, max_iter=None, n_components=13, n_jobs=1, random_state=None, remove_zero_eig=False, tol=0)
# prediction_type; rolling
0
-14.654652787270741
-13.96430772683761
-4.36885704298146
-4.406537832256319
10.924422570545971
13.68100203221799
9.972865288954353
22.017538826609183
24.18159534481417
5.7642810076506805
12.2742454536899
17.236872256496085
-1.1696669965316175
0.37123404528696824
9.862774511833635
20.51369980685766
18.847373940791783
25.10679456580695
-10.924297322660436
-28.02272002480312
-26.05437530706451
2.335350520438965
-7.088274910851837
10.313393508979047
12.433666913032283
22.482382357267184
11.238080646765383
23.2261903269074
16.32418351272763
30.05585116364213
15.003378677949371
8.571812748364806
17.600764272815226
18.7582074524681
-1.3133205604752902
-8.012229485162266
0.28832635170883236
9.734967078222994
-7.843441170501848
5.869542555643861
14.438991861770248
13.689650548593647
7.392321541767416
-2.118663862090969
3.725706211827031
-0.5970655122489745
-7.173209600455522
6.45354500353686
2.96800798521177
14.270096863108492
13.087120645800496
3.1393709404379706
2.305692368065209
-1.1625902911090975
-10.500463122119228
-10.51803753327404
4.335931587250485
21.611570640159798
18.502087614307115
-2.08564160754149
14.240836997673085
3.648580791121759
-2.4105015039020685
4.933319321178828
-0.8972387306984473
-1.0816811444894796
-25.969621980263106
0.9541981022335477
-3.210809320654292
4.811208813239972
-6.732490878634877
7.2436324929602875
26.363446754443416
10.485325445545755
5.963708967497226
