# max_attributes; 15
# description; Austrailan macroeconomic dataset
# number_predictions; 75
# predict; HStartsNSW
# lag_parameter; 4
# horizon; 1
# name_prefix; aus_macrodata
# predict_model; lstm
# method; Part-GFS_granger_graph(n_components=4)
# prediction_type; rolling
0
3.170459677973298
4.832267385962766
11.543734453554563
2.6940605499843144
8.271321561126655
10.680853743073257
3.733202439800351
1.7747318118839246
2.292059055994443
-0.4250131683182161
-0.16481921518385434
-3.725405221583003
1.8973136856749875
8.01681573089553
19.415456166917537
29.769440812527748
23.847313806822456
23.16921233389766
2.9489995816285983
-5.73777646446068
-10.416398813692012
-12.078479626920213
-3.763456315275846
-2.4300152784611697
10.496046253250654
18.90381704571024
15.232265555588128
6.290555186565555
1.8092513723173198
4.879693523281688
-9.722881020911956
-2.1420210955084116
-1.748627125249584
0.3399075182569362
-6.475758615332737
-12.531518839575675
-10.510370559370507
-15.879897366769889
-11.592135701272618
1.2698685258237674
2.9793330979717894
7.778602040767993
13.145675609729821
12.271597584460537
5.466201149589352
7.136079588254418
6.935375490053289
-2.7497085039507567
-0.176383809430817
-7.7196776383758134
-16.67726107222186
-22.75510044240289
-25.04528092631307
-21.952641911635283
-20.16121280689091
-6.406606485401667
1.05169040105487
5.851957590585741
3.701559901795676
-3.644057530129288
-10.739326923647255
-10.777792383909201
-4.235010179632852
4.6529879228689595
5.756851045553219
1.87596438994386
6.268113469879495
0.265439253592632
-2.0055202719641017
-1.7041674758686014
-1.9423340788859917
7.679078724805649
10.410743244546353
10.957669446082093
13.90244080883113
