# max_attributes; 15
# description; Austrailan macroeconomic dataset
# number_predictions; 75
# predict; HStartsNT
# lag_parameter; 4
# horizon; 1
# name_prefix; aus_macrodata
# predict_model; lstm
# method; dm_FactorAnalysis(copy=True, iterated_power=3, max_iter=1000, n_components=2, noise_variance_init=None, random_state=0, svd_method='randomized', tol=0.01)
# prediction_type; rolling
0
-35.250754594226976
-22.93738339120442
-5.649459392073936
13.384635413683753
-51.39406825541852
-0.6233347042889363
-0.7798257547453034
-0.11554047367248188
25.175008046375652
-7.920711302835045
22.026327512835095
18.99753703742074
21.466660375331102
4.519418019647205
7.776574605985061
1.2899302600054199
27.237269396701578
10.314255693879446
5.753961259099697
16.24636859043632
-33.442973960127574
-32.34981572209823
-42.830409742214485
-50.46751272165143
-24.286324696983314
-11.906889870006623
-15.600285071206983
13.853997988036753
20.642407010962216
8.939390220991896
-20.87432342909551
4.634811279118523
42.1812493833182
15.704934374254236
70.40993979824626
43.516159694387085
-0.2052491495700366
20.238592034488207
16.25467415297919
5.738099600456451
5.901102408527777
9.193950798396742
6.823523590526122
-3.7462262204071664
0.887380776049028
2.9104855763392976
-12.724723624273949
-18.71260419595224
-17.657269440597787
1.4908118392596919
-2.5966614178300347
6.258929632637958
10.652817944517409
-41.58683604644689
-53.52186184570455
-27.429666817913088
7.389518190618261
13.487926633059331
16.741286741844306
-3.2380265407316813
-22.460077701194678
-20.94870490192764
-25.497093877973597
-18.622840231546633
-17.01704694686255
-26.49438184304141
-2.521364613031281
4.16252455700635
-5.931449212639947
-1.0229354678158984
3.0452666726340567
0.8710890956764814
0.5898917437258717
6.62238399823427
3.9162326831390004
