# max_attributes; 15
# description; Austrailan macroeconomic dataset
# number_predictions; 75
# predict; HSexfinNum
# lag_parameter; 4
# horizon; 1
# name_prefix; aus_macrodata
# predict_model; lstm
# method; FCBF(n_components=6)
# prediction_type; rolling
0
13.933490126915203
17.09179536922659
-11.05901750737786
-5.422863876450933
8.21598520289642
5.467173242793891
22.935259360196042
1.215395090197518
7.985409561322712
-5.858158089213688
-0.2580836561891289
-3.6272828510732893
-0.8364970108384853
3.8236984105438268
15.334291184062565
35.34265786020566
2.6935568341334886
0.5485661804188879
-13.525530328498903
-16.168420462913197
-13.314205970556984
16.824756907573644
11.201482689487122
32.34945986016224
34.85552319205439
12.223555091682627
-8.258079714413782
-11.630310460159038
-26.984404467065083
-8.622544174033138
-6.507331022217997
0.371140923618114
19.643257110927422
4.554264741513066
-11.876151457380487
-12.006863696668916
-18.383272457690573
-6.34605064508024
8.154830213920818
2.473844249812032
18.748163649274744
18.36972505011515
3.78954668016425
9.455159687282986
4.307296269357167
-0.7841512969731355
9.347614484821918
13.497938606594786
-12.434602423875091
-3.9720375517763102
-25.43352760733599
-26.78377006856389
-26.103388067975715
-12.417694978177593
-10.323721395667008
9.586901156802028
4.276419362438645
8.104482142366692
-6.373044547037793
-22.155658560461454
-28.95946920970473
-45.566576169279934
-18.8165082099921
-18.482499608560566
9.40901274639748
7.971842435555473
6.491407028473688
17.757295636343883
9.226960631878171
2.918452996161875
12.470523563838526
6.5106162072324025
6.2590910521464025
12.802796508835712
1.2504731277846588
