# max_attributes; 15
# description; Austrailan macroeconomic dataset
# number_predictions; 75
# predict; Cons-Hea
# lag_parameter; 4
# horizon; 1
# name_prefix; aus_macrodata
# predict_model; lstm
# method; Hits_te_(n_components=14)
# prediction_type; rolling
0
4.9089264942346595
-0.36689745654004824
-5.030975586854332
6.44699208200857
-1.266077967914967
-8.96825682746018
6.365206482338017
-0.5588797811206483
-8.097216748163968
-0.5763336616698567
2.647548057912701
-0.2933414470304996
7.315440500947187
14.917100239876184
14.041761449572043
5.843040670359748
-2.4886202399991717
-10.662435305645051
-5.436129423147104
1.6116506629659924
2.637492260303315
13.042064407946086
15.792141138185194
17.021657968503114
13.590688209821892
8.545553115255352
3.589288269113016
7.611133276039613
-2.5582375992601207
4.429286707334509
5.7736758717033645
6.296748311492884
5.847247423403964
7.796582699648841
5.517685623648298
4.978208401205446
10.291746773745693
-0.5975785416526911
2.1646314590661646
-1.5931102760772369
-1.5575847128845801
5.19651660705966
5.511813265796551
11.810006429391485
8.7371572465204
5.0486197073925325
3.227512688040939
1.8881669646678283
6.175628016639827
8.301548486865052
6.350195316148842
4.3001077864219965
2.888462380649216
3.6975318586811063
-2.900016856363713
7.874858354507257
2.8885349108741174
2.343783704934946
5.45039311713192
5.464723017280068
1.6680584550169826
7.78840491679134
7.874042389477129
4.886493931819086
7.503208301388046
3.425779238536112
6.049213015369048
5.293499879211989
7.525275622313945
7.036885581852619
9.799339076897922
4.206463494980255
3.868231742983834
1.7834695850243243
2.835326219814263
