# max_attributes; 15
# description; Austrailan macroeconomic dataset
# number_predictions; 75
# predict; 90daysBkbills
# lag_parameter; 4
# horizon; 1
# name_prefix; aus_macrodata
# predict_model; lstm
# method; Hits_te_(n_components=4)
# prediction_type; rolling
0
-0.06898652818043116
-0.16934044068436638
-0.15623812124622738
-0.08178905334204023
-0.12022071526250144
-0.49573046835849044
-0.41754671676216537
-0.5830950104379868
-0.4126169483194766
-0.31332377437898895
-0.12678391819938772
0.10688841553784156
0.14877893638509976
0.29315116078320846
0.24839201560662705
0.22081842533034424
-0.12472932185493235
0.0439051925420304
-0.326150385976232
-0.14307593649233796
-0.16033562149065572
0.034952053952931994
0.10425364009816729
-0.060774456722630266
-0.3343365002072818
-0.3123434798335807
-0.29539130612515185
-0.15757176146389495
0.312399029041321
0.4665929068046841
0.45163219024050516
0.007660953135345316
0.04916866335024839
-0.03770386066542697
0.013272157242470772
0.24105898212501664
0.19028033267998223
0.09365747921039569
0.16773706586893722
0.05296613546925677
-0.0060213115491229985
-0.0461327100439326
-0.15097628738023694
-0.14792806710366335
0.007598749330698595
0.07829968723159286
0.2609249129984712
0.3612498282400898
0.24466820588785776
0.17051612607352507
-0.01005333410444953
-0.5466827506040888
-0.568212048629616
-0.7470519624197474
-0.9172907971241469
-0.9961349379848403
-0.8632082136417079
-0.4374965993870039
0.09339486690731968
0.8120059570295233
0.9029893106763369
0.7203561340472104
0.3952694631595448
0.18336355022194661
-0.010632343955220502
-0.1900999081651693
-0.4383840559232215
-0.49833121878472064
-0.5668502296207456
-0.47501964144673425
-0.39075348023064094
-0.2836387624780663
-0.16943421408911563
-0.00440845575721438
0.04896334402513647
