# max_attributes; 15
# description; Austrailan macroeconomic dataset
# number_predictions; 75
# predict; Cons-EGF
# lag_parameter; 4
# horizon; 1
# name_prefix; aus_macrodata
# predict_model; lstm
# method; Part-GFS_te(n_components=14)
# prediction_type; rolling
0
3.7168336940454445
6.45245934324117
1.8933757834294376
0.8671888187307104
2.9796412322845143
7.162873837003012
12.3290175356452
0.8626286068710591
0.16181336777980349
11.452610633710592
7.696448225041255
-0.8835442470047496
0.19772743032932993
6.17917746031922
6.15087942170025
5.838295094297166
-0.47481762939829864
1.8332694400177445
7.449636117106113
-3.117607533759685
-3.9021833652559117
11.659253177841912
10.203286704511513
-1.3257838075904864
3.205248964493478
2.5743308558650213
-1.5716452184369025
0.7628750606933039
-4.20556543237711
4.025011035493286
11.576051511747345
6.073872957513526
6.640763532540163
2.8392096908928544
4.705788505176027
7.5643222241499934
-1.8371874519826932
-2.1718554628588542
-9.832826819509712
-3.8866692424344116
3.3958794016139677
8.104147532606774
2.056051199012419
0.5203463132678046
3.9004958349222036
4.956866561586217
4.735444682493178
4.632105998392923
5.913347928202661
2.276231600039047
-3.448857562245429
-4.957255154139364
-0.4109903341942882
6.499142749185868
8.077165843802963
5.880190190729053
2.670337332198571
-3.9630070844928014
1.43278916199408
-4.797121895606818
6.525018773793086
9.788821080303528
-6.048143498178625
-4.5747876259011555
-3.5037141772276286
-11.530405296644348
0.28815334957613103
-4.514263393659252
-3.151242360981115
-7.5571870765559215
-0.12136725680771576
-3.0418146883840294
0.5469815025832361
5.751570973604629
5.426951447891533
