# max_attributes; 15
# description; Austrailan macroeconomic dataset
# number_predictions; 75
# predict; Emp-HoursFt
# lag_parameter; 4
# horizon; 1
# name_prefix; aus_macrodata
# predict_model; lstm
# method; Part-GFS_te(n_components=15)
# prediction_type; rolling
0
3.0790120692357936
1.6667231740068251
-0.10911383471938585
-1.7390019000972403
-0.9322339540223652
-0.2582727340507569
-0.30046594483251265
1.9479362138365532
2.736189789553195
1.432349669178774
-0.641718072719768
0.5353440758751331
0.2858186274575081
1.8442407900486755
1.7376182669441897
3.473475651893602
4.443851546320505
4.0177326501885
3.529096484845108
1.2738497045006971
-1.0639385584299559
-4.584165582520602
-3.2650565110316894
-1.966146845672724
-1.6834167427613167
-0.2694663831495019
1.8134348959931144
1.7801886199478192
3.0044296466021434
3.3479399560138328
1.6559516863591393
0.6491892122962559
1.1157752989513545
1.9307312235121428
2.78990367590987
1.5110042085053523
2.762646656185356
2.223206715413526
3.4557491180461506
3.5081234699796413
1.3180339543997297
-0.3541556227357576
0.5455192710909378
2.72665505657904
2.680680230545529
3.9574884273413735
3.6336965403138306
2.3674134995342664
2.540136992377353
3.1203821926008937
3.8809370504953327
1.9301357804996817
-0.9195623151351979
-1.1664218607074437
-1.3097749783124586
-1.9391896710029881
-0.890183445702939
-0.33300635334092377
0.998901132883387
3.0403609374297362
4.017219600859646
2.5733441951293914
1.49784415345247
1.178535502116472
1.5559435922675489
1.3988349765971924
0.05720418628778923
-0.7122568342110158
-1.1431774983165521
-1.1983991041413011
-1.2337939866060283
-0.1792036780478865
-0.12816970995699872
0.2691844469824183
1.486891739468617
