# max_attributes; 15
# description; Austrailan macroeconomic dataset
# number_predictions; 75
# predict; PIMP
# lag_parameter; 4
# horizon; 1
# name_prefix; aus_macrodata
# predict_model; lstm
# method; Part-GFS_granger_graph(n_components=7)
# prediction_type; rolling
0
22.839282621881395
8.026273377785884
34.02469070593969
-5.712450115475022
7.145502996521515
-4.929066335985908
-1.500975159361559
-0.8952246051983082
2.3052702697704603
-8.65177725907462
-19.949602264874798
-5.143765858856568
-1.2505228997482618
2.249487721038406
3.1225996447774094
5.036545304255824
-10.256661964239385
-5.1745907523474415
-4.448462301883723
-20.413838535284526
-11.52650905510582
-5.333746555722811
-10.896342191971357
11.640332920098942
12.55344078002031
8.030070762650325
0.043987290300691484
1.6531072339306263
2.71554705462205
18.447921484641995
21.603826941108082
21.13187648635109
2.7142971816163595
6.732089587693835
-0.05443423816718962
5.373031815923838
14.419946992104073
9.6561396211155
4.849534050899948
-0.09161198935581183
1.693214623756802
-4.5862349275947025
-0.8464556750523684
-1.2294103952188777
3.3963297940000388
14.223748774107577
7.415873614480404
12.297105360208207
-3.0790711851366552
-21.847689663032497
-20.17095716247644
-24.685924371199825
3.362901661828502
10.496149812639885
-4.348146061470899
-3.4465258878375806
4.1624223367478805
13.909385810737902
17.825978308226567
34.92588894792141
15.876709804631673
15.930804626757308
-0.58630694842671
-8.14115238991198
5.021865267169787
-1.8921774491707595
7.840137831631438
-2.102402904339499
-0.7953860232589989
-1.898458658097482
0.8733297759165453
1.9701610067011046
-17.386415247219546
-3.5657494428270553
-15.42665417915643
