# max_attributes; 15
# description; Austrailan macroeconomic dataset
# number_predictions; 75
# predict; Cons-HCR
# lag_parameter; 4
# horizon; 1
# name_prefix; aus_macrodata
# predict_model; lstm
# method; Hits_granger__graph(n_components=1)
# prediction_type; rolling
0
7.262860442065094
6.137652013867477
3.4187022026721614
0.21040934290982882
-0.006312094453557293
-0.4009009200098266
0.7430605910387165
0.8308164659461905
0.8005080340548201
-0.36813941238134085
2.962513117763656
2.571596237132013
5.69505002737786
6.817696213908167
5.861794219262215
6.862270196941598
5.717096132089935
4.826801959291352
2.3814995581643608
3.944706959828146
2.24913451451042
5.04339618676914
4.0071372411289445
3.5393910027844555
0.7069329835296951
0.46672192502194854
0.3409266855304445
0.7204235467871722
1.0015555895568973
3.0022657559132533
1.012309786977422
3.183300760477234
3.4871339035401867
2.5569048486424286
3.1834667648669495
2.6940623668515578
0.6606908368192048
1.2229098124701476
2.29670018534976
-0.010169892118838675
3.8759504677628556
1.2832181246154875
3.1445694102034807
2.759119848059118
2.908090743870961
3.438891584373213
2.562853940738986
3.704756636475981
2.6947336019925707
1.465559511550687
3.1082469279761007
0.35160509833827547
2.072428254847754
5.220311756314487
2.852757150230385
4.058631081059644
2.9064325043693735
-0.9513904224506806
0.6498265712707187
0.2536110831348175
0.5081075411355673
0.8148791423359913
2.479499888752212
1.2942592209269286
3.568557252298781
2.4937852882452134
2.056154411469276
2.3724649496937964
0.26288116522339955
1.8318951117360527
0.49691848438981623
0.5795020594808591
1.4723007332894582
2.1549143925796166
3.0203638431830306
