# max_attributes; 15
# description; Austrailan macroeconomic dataset
# number_predictions; 75
# predict; Cons-OpeVeh
# lag_parameter; 4
# horizon; 1
# name_prefix; aus_macrodata
# predict_model; lstm
# method; dm_KernelPCA_fit_inverse_transform_True_kernel_rbf(alpha=1.0, coef0=1, copy_X=True, degree=3, eigen_solver='auto', fit_inverse_transform=True, gamma=None, kernel='rbf', kernel_params=None, max_iter=None, n_components=1, n_jobs=1, random_state=None, remove_zero_eig=False, tol=0)
# prediction_type; rolling
0
3.5706314233421566
2.27145490164634
2.164217554636462
1.4991166483902738
0.6606678465692895
1.0599431145903395
1.558987714062674
1.1950860109505257
3.0457919409738388
3.315752850274638
4.246634212283645
5.234299171706169
5.36631802352845
5.447392573306274
4.0972287186495
3.4608875254461466
2.0583873185961394
1.5677552632995706
0.740677381163735
-1.3139058039182743
-0.8627234170960776
-0.8886398623311678
-0.8096318723182634
-0.9146649606304251
-0.42659647218435026
0.3919204091137942
3.0242054817115687
3.5439823767536502
4.225759914689448
4.433405602260642
3.89785572477545
4.217822862141009
3.3814051195788295
3.0968610326761485
4.170329639599856
3.7673494096681495
4.321671524476503
4.098648738894003
2.1971469634881586
1.6864237732776957
1.001591040270391
0.022724827499221334
0.2782800617287009
-0.0005559741002407748
1.089815176824704
1.549561791803331
2.5227984849233778
2.7765431933411158
2.9784399504678944
3.843701316360086
1.9025185813036813
0.4006599882549615
-1.3502464886755128
-2.6159341996051317
-2.14253602636685
-2.6987999112822703
-2.330509054687113
-1.7085756881009004
-0.8555706030008494
0.9857126320818566
2.1786243054806924
3.0093038753275856
3.465689775727558
3.2036228880586997
2.3920210750421234
1.4604361575483402
1.273948771620244
0.659344645886911
0.26920914453048184
0.060752324183262374
-0.5119848713413049
-0.5884572645994446
-0.7682232213702243
-0.8499905689036993
-0.8488717650746977
