# max_attributes; 15
# description; Austrailan macroeconomic dataset
# number_predictions; 75
# predict; HSexfinVal
# lag_parameter; 4
# horizon; 1
# name_prefix; aus_macrodata
# predict_model; lstm
# method; FCBF(n_components=11)
# prediction_type; rolling
0
2.5777082149817687
-9.37243026531295
-2.542015306350862
14.176154992804285
32.03538987266029
3.9032287604502045
34.753903959289644
21.07116886388927
11.996308251408976
5.340095769885181
10.821701367697656
8.070533419431555
0.5748409371764183
36.176186936557386
28.206693039090325
21.702467145791346
12.740521120576531
-0.06710893146831154
-29.795706949675484
-16.595948975477747
-14.728401514116229
1.4517908314718966
24.14818603685586
53.812486144935605
48.343600308866854
24.466684987022006
6.0979411165246376
-4.898302620666854
-2.864587493197533
2.6198630589591545
8.277132450349185
26.82982252417021
19.964200041480836
13.129794378643439
1.5925286838340469
-7.06373525037624
-13.205180916079875
-0.6667680197505916
5.931093768491593
16.54196270894448
17.79336394046581
18.217339815686984
11.2069353731803
9.730394358795053
16.737041131229347
14.708967363739504
18.161334025047438
13.083983816882451
4.381763674784338
-5.612983310182855
-20.342880073441684
-29.93716332293002
-27.084742187287155
-21.283234581620007
1.9958082444317427
30.16642964386847
32.707653555170594
29.34000439097258
0.3576728523213575
-12.613750833963849
-25.79252605615533
-31.76118443928643
-21.12122268499793
-17.051437817675442
-8.324987014942614
-1.674590668750497
3.1614967303097643
9.650211311100648
5.851036947440434
9.12528810536908
8.957037699647515
10.07462412470231
14.027557104463853
16.29389822571649
12.582698977536452
