# max_attributes; 15
# description; Austrailan macroeconomic dataset
# number_predictions; 75
# predict; IP-Min
# lag_parameter; 4
# horizon; 1
# name_prefix; aus_macrodata
# predict_model; lstm
# method; dm_PCA(copy=True, iterated_power='auto', n_components=8, random_state=None, svd_solver='auto', tol=0.0, whiten=False)
# prediction_type; rolling
0
5.1115352308236695
11.448545915460311
7.823621994029132
-8.206147932363818
5.687391051481008
-6.850033375841642
10.173065179745347
-6.223568096947096
4.153020136365431
7.267924219522335
6.1341257510368905
-0.7700034193184635
-0.506147357607226
10.748691931696431
-0.9129848333534625
1.3895532623467162
-1.04762814648074
7.0488625433194905
3.3127437632564387
18.4308382370054
12.465169195875557
16.639697664227125
-1.5483788831768663
-5.512728632513186
-2.0065195680992574
-4.771442664607745
-5.142779399499414
-2.5084041948913516
-1.0401948669627288
0.45877675201105106
0.7834865517442786
-0.27907645771063727
6.467772502724198
-3.3173341517542347
-3.607650921448144
4.526541204991755
0.8805151470992527
4.644966453716098
8.384647252161429
6.594679838400193
8.636724273755966
2.325390554885594
1.9521394600916437
0.5841378739198184
0.13792512377319355
2.7691800853610395
3.6706799788321227
5.388261681416413
7.1575638254632565
4.881990388899517
3.1284448994330063
3.5227457721268536
8.019001238415182
5.525473836463849
4.704462141550998
-0.4410673019548099
-0.8752146761019155
3.28134171603881
2.4946330598878177
10.541829800306768
9.181096236943443
8.33623194488915
3.9313716199869333
3.730849783145434
3.902374794184997
4.955099302706213
4.885094269869288
11.568623731279786
9.353323179947175
12.053215306954584
10.330288122489304
9.341136724774348
6.680632961807682
10.923458264929515
11.034062453540255
