# max_attributes; 15
# description; Austrailan macroeconomic dataset
# number_predictions; 75
# predict; IP-TCO
# lag_parameter; 4
# horizon; 1
# name_prefix; aus_macrodata
# predict_model; lstm
# method; dm_KernelPCA_fit_inverse_transform_True_kernel_rbf(alpha=1.0, coef0=1, copy_X=True, degree=3, eigen_solver='auto', fit_inverse_transform=True, gamma=None, kernel='rbf', kernel_params=None, max_iter=None, n_components=12, n_jobs=1, random_state=None, remove_zero_eig=False, tol=0)
# prediction_type; rolling
0
-38.32996291634585
-5.3461825861728585
12.054730450030775
19.97281959040413
-1.8669967477152198
7.93920742045448
-9.452129515654555
2.082464602599842
1.4667391659599076
-5.657587393561279
3.0911732517463264
-5.971505482238463
-2.2798868567752777
-5.240639011598674
0.7364493972589088
6.384839060341605
-4.220745192750627
2.5920056847336213
3.843876078512608
2.486490589267518
-5.045884630938772
-8.387559095993431
-30.15001193699168
5.634079932702349
-16.67406821814742
9.362714278902928
13.867859986231366
0.6601609864681279
0.6554690534106271
-3.475062466128051
-17.52221877567068
5.414498889566715
2.483955948647676
-3.10595186597628
-1.428162171186969
-6.901626032616058
-14.529609178562332
-23.336769794892923
-31.82401391040529
-23.118359955077416
-1.8445053721027023
-2.1355547369852133
11.48354633844049
3.0292454312089347
-1.4002028068215537
-5.8694648379591
-6.4345188215334375
14.215696692641373
6.649644927121017
2.049144046136874
-12.260137534136383
-3.3929714370643325
-10.705804772908614
-9.34959048698365
-13.153779906941743
-25.66873528212951
-5.228371635789756
-18.67494271452975
-8.054709520214736
-4.0361151350160185
6.59459481118688
-10.73274244927137
-26.060910399944056
3.315424868608389
-13.348306454736935
5.586106875128081
-3.812390381653586
-11.973783662199885
-10.349438573626244
19.41808216373468
-5.6586553601145795
13.465051481434458
28.50119465777263
-17.854363493524197
-30.470871808265322
