# max_attributes; 15
# description; Austrailan macroeconomic dataset
# number_predictions; 75
# predict; Cons-Hea
# lag_parameter; 4
# horizon; 1
# name_prefix; aus_macrodata
# predict_model; lstm
# method; Hits_granger__graph(n_components=12)
# prediction_type; rolling
0
8.685368075576452
-5.235701212913389
-2.1586724758324287
-5.207152798319617
2.011711841324697
-11.841121400133767
4.001153741574235
3.746546748522622
-2.0754997356106593
-4.899830578773987
0.44064370603858904
8.253644863683615
8.256180831189948
14.043468500222374
14.065232748422801
6.021244842574479
-3.3227644529251457
-8.972681171179095
-0.49247317949412306
6.5219572501733225
4.816968530521848
10.275795304997988
3.2630369560510104
5.0127353786231374
8.50682715588897
7.74457075729984
9.258113357961943
12.801655206418694
8.170981130218735
6.0753964265580365
11.842963645513123
2.376204715465356
-4.9114302340276765
4.345361466029402
7.079023052154486
8.547293840652959
12.988814271043424
6.300817775182825
1.253561171537953
-1.412126642029726
-4.799095162665658
0.7925072547684913
7.562711579823173
8.602779462701648
11.18197757344096
6.007591027737007
6.03824540921806
-1.8547837853262727
3.699834693321691
2.7627182839587654
7.70380359017555
6.449432206003429
7.955001662656851
2.2059322414165052
2.9760322657555633
0.6073324098678157
-1.3683404042939635
-1.4117367920708865
4.387180321414743
8.607361818696237
8.693258327899528
10.570016752671009
7.0565101884184855
7.5278219512809805
4.358460942719422
4.002412659049291
5.4386898472712275
2.7344573998994193
8.321989058461046
9.438550424957526
6.8819402985442935
3.5341134908853284
2.8915708188592255
1.1396628147928176
2.731693480257686
