# max_attributes; 15
# description; Austrailan macroeconomic dataset
# number_predictions; 75
# predict; Cons-InsFin
# lag_parameter; 4
# horizon; 1
# name_prefix; aus_macrodata
# predict_model; lstm
# method; FCBF(n_components=14)
# prediction_type; rolling
0
-3.876619580238473
2.5042270599036804
3.6861520272966537
5.132837481282529
6.218441001396169
6.95626991382354
8.979185535327872
6.301188873232977
6.679533347327421
6.925260008451158
9.119379894666686
10.430502527828036
11.297519688847512
12.03360899198449
7.197996843350463
8.812571715998121
7.0862766006447835
5.5305607919406405
3.106438360662736
5.315296127751367
-0.6496263683105319
-0.9605567018675067
-2.11495183857582
-0.6578467070931939
-1.107355926204054
0.4477349244380875
2.067080024923383
-0.6479552475748775
0.82845851970281
3.0202249679560857
4.422136885387651
4.291102870245307
9.736679224034951
10.185332336211562
7.096678299895917
4.309586218955753
5.798373299754147
4.656152003650858
5.651331797155205
3.6504403826413743
6.371595107505648
7.692980750594781
4.012881814325199
5.83193611600446
9.095403763866095
9.240488206013342
12.244901319998846
9.176293883655585
7.4235673228142325
1.8407921278487134
-0.2703127811665187
-2.565360826074576
-6.811456027570595
-9.197389882805705
-7.315256552077281
-5.439820759922226
-1.0742605443398396
1.0724806719204558
2.8107347450383227
3.3270340027315832
4.074959840341492
1.766701209331032
1.1414280999771655
-0.5011226350678939
-1.6268279161956425
-1.1631595444992318
-0.7501127758249897
1.6609009460756887
4.300595383932265
4.540420043851286
6.092504246940344
4.956234606243957
4.917613910226098
6.980076535451147
8.193652632310254
