# max_attributes; 15
# description; Austrailan macroeconomic dataset
# number_predictions; 75
# predict; TotComp
# lag_parameter; 4
# horizon; 1
# name_prefix; aus_macrodata
# predict_model; lstm
# method; Hits_granger__graph(n_components=15)
# prediction_type; rolling
0
6.410923147123636
6.996583629715714
7.213770797777578
7.8782541102705075
4.21838229526945
6.162824829170573
2.665895591430331
5.998031618471709
4.858224626818323
3.585156467647989
3.204588533285055
7.152163326069898
6.763399801043423
4.7215528126478485
5.547308263540234
5.290270989552935
5.384174951072893
6.86192658164785
7.193245681816437
5.077306598576591
5.208062609736258
5.555996252197463
5.527203768902957
6.019697130193968
5.490377317935703
5.222745205160676
6.230866100555206
6.804990114761024
6.447617589250585
5.292715411804984
7.504889943497183
6.149598848402304
5.743983867879317
8.032646228996695
8.260700284482963
6.846134710417061
6.892355874175195
6.887612590749763
7.0477759552776025
7.488226713533425
6.8271455148032025
5.883312422702788
6.6252583219131935
8.226763471894568
10.661202241685482
10.908924108573036
9.288693780658415
10.312997052522356
8.047460331326665
7.29816309570897
6.644562732552572
4.30393456441737
3.3399176719885433
2.35397677143914
1.2261333946476798
1.308953130994746
3.354393470294308
7.059135742630449
9.145044069537636
8.515319738760176
7.495369245083046
7.09801259706785
7.552878921458955
7.095336280959447
6.649351190105866
5.362668552667655
4.100748364383971
3.5910737764630603
3.8087914895599178
2.6247976757064175
1.600034882575177
1.768067580176449
2.1144525029541437
3.2879453398189162
3.725035644896615
