# max_attributes; 15
# description; Austrailan macroeconomic dataset
# number_predictions; 75
# predict; 10yrNSWT-bond
# lag_parameter; 4
# horizon; 1
# name_prefix; aus_macrodata
# predict_model; lstm
# method; dm_PCA(copy=True, iterated_power='auto', n_components=1, random_state=None, svd_solver='auto', tol=0.0, whiten=False)
# prediction_type; rolling
0
-0.11286777085744615
-0.268295685067798
-0.1877200371443063
-0.21555895927807056
-0.15832703297503814
-0.1962636632114998
-0.28128320993055533
-0.3339645838669304
-0.3683361047324336
-0.3288420623489656
-0.432827134092831
-0.4233923881881716
-0.23625641229322025
-0.09154299683763667
0.02561086583833805
0.09463624702294804
0.10677261338626964
-0.1434713155593793
-0.07531059332624235
-0.043200578182989835
0.026293628699363802
0.19529705746019776
0.11574186370468786
0.0363538055453978
-0.06476467021591126
-0.15409059112577872
-0.23160631659354236
-0.21166254881412028
-0.12270339018459553
0.03310730684251628
0.07724730478703745
-0.022721652484814836
-0.2678242492826606
-0.26500976504496787
-0.211913297209957
-0.00396610449068957
0.1817091224938414
0.17085313900172383
0.17829692824295718
0.1113141654515688
0.05721191393978975
0.0747636716272686
0.005672948254798804
-0.05603761800703966
-0.06905709393961823
0.02308079112356154
0.06622076558418377
0.07417001174968818
-0.03276427874320054
-0.2298508978166578
-0.30289356351245744
-0.18695240144147363
0.2545216504839143
0.4718935987733337
0.2852980909749365
-0.06974903710802915
-0.4737676149075597
-0.4906451600203031
-0.3639507078956975
-0.07401463993368895
-0.03740645417768329
0.08485669957325981
0.057401640292418676
0.1187434642076155
0.11039541468893344
-0.020893241263916007
-0.07565791495565155
-0.18480114941085968
-0.16769850676115017
-0.17441525165867577
-0.10970110482761108
-0.13500779217427283
-0.08607891388313194
-0.08357187993983217
-0.052511839953016004
