# max_attributes; 15
# description; Austrailan macroeconomic dataset
# number_predictions; 75
# predict; Cons-Food
# lag_parameter; 4
# horizon; 1
# name_prefix; aus_macrodata
# predict_model; lstm
# method; FCBF(n_components=8)
# prediction_type; rolling
0
3.0636169095212127
3.5724018722853303
-0.5281154465277318
-0.26766084727401385
-3.096336237525176
-0.6487828381844194
-0.5774361479644137
4.580046536803141
10.106406008640008
6.430322646985199
1.7318399411293148
-0.17793729092876642
-3.7339317773864025
-0.6826612518030961
0.7741786089643563
3.342058044641349
6.618930032148751
3.5122567299697183
0.5425555559301038
2.2413374892467424
0.37308512793532334
1.8140012772405765
4.432491903980348
3.748759645863333
4.1049514341449695
4.7239525367172375
5.6372646134396325
4.084128269848057
5.716441416806519
0.14293866929298016
0.5100077913869878
0.11624389963467596
-0.19359702747314245
3.8029396406852642
5.913963220252502
6.7683359176419975
4.286398683318567
3.9950271849695147
1.3967837772514038
1.7765212466540383
-0.46741737715790155
0.25999709774105195
1.2846350863751024
1.0713409040264885
3.4400363268491594
2.8468087753444236
4.180074092113439
3.6423243712974847
4.034854584352211
2.687926239276238
2.773973246997916
1.5980781202001646
1.645532386735499
2.014078592970799
2.1548972127699386
3.142853462312911
2.6700195325593645
2.334411910875387
1.6793260737107927
2.7119984009847338
1.9490051026068347
2.5461521184294638
2.177313531812085
2.116445029656721
3.3249510986680866
2.6200548106830928
3.566400483337252
2.984632087912744
2.9691609048810994
3.5348841309962458
3.787628115952711
3.4137935958720265
3.409408379890217
2.9871856411994484
2.9500234579629447
