# max_attributes; 15
# description; Austrailan macroeconomic dataset
# number_predictions; 75
# predict; Urate
# lag_parameter; 4
# horizon; 1
# name_prefix; aus_macrodata
# predict_model; lstm
# method; Part-GFS_te(n_components=11)
# prediction_type; rolling
0
0.08111095392147372
-0.03453737923785416
-0.06878312455743368
0.01977647113103176
-0.022001711826255377
-0.05733296104123392
-0.019789982142172202
-0.039834912905604425
-0.1057279589256192
0.02023347186316793
0.09345792097511751
-0.009322325695263978
-0.1000252090410812
0.11171061159684759
0.014326222416176426
0.10874430300495153
-0.03962710727218938
0.33642978615936037
-0.39182773437902935
-0.12512874626700932
0.22451368922409964
0.174289385056271
-0.11786836012245855
-0.12898766222935987
0.029443263676666387
-0.13092568738480553
-0.15099763892051898
0.004074573201799159
-0.04466581373062872
-0.01379960408398584
0.030056476261732357
0.04418271348638325
0.047174453393367566
8.541711705278843e-05
0.025793107022046735
-0.02729485859215286
0.08564592960630213
-0.036190382929447984
0.07049268051095514
-0.009023825634415394
-0.014922619169140117
0.04332268998838562
-0.03313083677860956
-0.020749601027884312
-0.09031184539969112
0.022364965748147614
0.007735506376187473
0.06216945613057778
0.07715307835428586
0.053006807617424156
0.1065815603915572
-0.08131392823002181
-0.06733296739281269
0.03905067410156993
-0.16518112839326238
-0.006797059685286266
0.010651397385921024
-0.04398717908749816
0.08152917189810038
-0.07046496100250882
0.058928171444289745
-0.04158379265508105
0.03202206260490492
0.04093913998173737
-0.030868625934076188
-0.02329638828825542
-0.06265392330800923
-0.0429268839831804
-0.008822759299498717
-0.028303528126841504
0.07334232294488374
0.05610160792880381
0.002215544068846498
0.035408782624353985
-0.027025827067662822
