# max_attributes; 15
# description; Austrailan macroeconomic dataset
# number_predictions; 75
# predict; ExrateNZD
# lag_parameter; 4
# horizon; 1
# name_prefix; aus_macrodata
# predict_model; lstm
# method; dm_PCA(copy=True, iterated_power='auto', n_components=6, random_state=None, svd_solver='auto', tol=0.0, whiten=False)
# prediction_type; rolling
0
7.11075107271936
4.32715660354323
-0.9376980875022092
-7.713827472423311
15.613901356369972
-11.858675266992329
-1.6558250300726414
-4.218423744563093
15.658246637495289
7.241235543756602
8.13308529387703
7.237502980520333
-8.65084090021951
-0.8332301896913812
-7.146671913300413
12.27372298660405
-11.254855542409345
19.883066118075426
2.628998948103245
8.146436125850528
2.0666035882974896
10.590930937325673
-10.204528784395212
-9.690984105281157
-5.411637478038788
-11.748913946544892
-4.721622878830143
-7.352285187668802
-13.886489802615134
-0.6955944514772341
-6.800677475588849
-6.209477932038446
-7.138327643316977
4.28627727399445
-4.1080785783291525
4.678064795388622
2.4573145385593165
-8.486248698307609
0.1573603698023014
-2.8931123707672164
-1.3417699942309405
1.1127953133536401
5.5276920331681865
9.33070149456946
3.944926603925836
5.2499704293352565
-4.364469561967827
0.26186539075562365
-2.56264046886508
-5.914132960014005
5.40368386308068
1.4545138400160589
18.238666147798696
10.155685715394917
3.9551590919297936
4.415108077775109
-9.044930056448344
-2.260770260839436
-4.803963696298641
2.200483139457411
-0.03126231721255479
8.427724926194074
3.5239839163488966
12.137869159229638
-2.460556889251748
6.995719953453268
-6.066172477516041
-4.848199295412044
-1.2941173785924711
-5.3812994335428925
-8.304951082273156
-5.116118702210848
-12.328529382221422
-7.199037480620124
-13.610555171868643
