# max_attributes; 15
# description; Austrailan macroeconomic dataset
# number_predictions; 75
# predict; Credit-Nar
# lag_parameter; 4
# horizon; 1
# name_prefix; aus_macrodata
# predict_model; lstm
# method; Hits_te_(n_components=6)
# prediction_type; rolling
0
2.632161219182084
0.6134325985535289
1.1269299151218153
-0.7326139644010645
-1.7031158506788628
-1.3568325219829074
-1.8612099034056566
0.9746975450616269
1.2181978182858053
0.9921802770784325
-0.6116058744557504
-0.5390137076704553
-1.3499292626092672
-1.120833545053058
-0.3891514873566768
1.3012599796124462
1.5966047845872886
0.391219677174357
1.7227562989984815
-0.3667872597904962
-0.9063920341633604
-0.3530544085509826
-1.5891343108667142
-1.1540836816315174
-0.46166845189446093
0.7297817302125127
1.9483190456613784
0.5723082239226702
2.0748839166439303
0.7217130917923962
-1.033202463505135
-1.7038837321313478
-1.9763041295330313
-0.7840042131871652
-0.0017514577285888677
0.3708490765371133
1.4516716367549858
1.2357071524581933
0.832699842781861
0.8082238133263671
0.002088972693666591
0.4349045092800248
0.4357419656009558
-0.3491930033522097
0.047801707582578956
-0.01278470175640134
-0.1458205470843783
0.9821635423418176
1.2904820139622437
0.4015305703621239
0.2885143818496685
-1.1777560190404728
-2.645210215854033
-3.4108606683295988
-3.330937049781769
-2.5841337129564383
-1.8602870132389127
-1.580918337431065
-0.9187267374950512
-0.3444204743247399
0.33993941806999217
1.2503040621742212
1.330908593588978
0.9147557264156054
0.6906115908571326
0.06502455700254028
-0.1604333157777722
-0.39225728902092527
-0.9735322937940039
-0.9326764986185445
-0.6240301042725749
-0.42664262143087406
-0.1289813826007009
0.43099910820855847
0.3919855123071825
