# max_attributes; 15
# description; Austrailan macroeconomic dataset
# number_predictions; 75
# predict; Cap-IntPro
# lag_parameter; 4
# horizon; 1
# name_prefix; aus_macrodata
# predict_model; lstm
# method; Part-GFS_te(n_components=6)
# prediction_type; rolling
0
12.693031441370959
11.084640771607138
14.623652893421404
12.147162102114773
12.983145104319991
10.303242922505834
6.946230778307378
4.496327654963608
1.0782986232924543
5.132027576778828
4.404389766727675
4.371115113285882
-0.7392762673191307
4.3484155726987055
-0.6402670329209386
3.9427800061494978
5.231364779173209
7.354288262366932
11.042150365874132
14.19798605079703
12.882496029940842
14.380419361692876
13.562223800222352
12.504386030782516
12.508728267691385
9.208476847105533
6.553233109747211
6.8874310138496675
10.171328555168348
6.329855739960138
9.427808783600202
7.1220691128453915
4.1868772364019335
5.702736410696897
2.991665397099755
7.157896277388776
6.3862217147628435
8.954798796113632
9.48484850261228
8.23353632774413
7.333054931645087
8.279831755840206
13.802317149688687
16.50524238803197
18.5841469268679
18.596600806614735
19.496675581759217
22.899478587905765
18.953753502414525
14.698435532625705
10.000351863868016
5.1186921902910925
-0.6068617858879009
-2.738067573999057
-2.986572337955984
-3.8416012282297096
-1.0510328499807322
3.5672329062193384
6.01600965983863
6.217343425030911
7.884269704033791
8.072416484546572
7.004306341940914
5.804290736106264
5.628295095651524
7.378792368942211
7.043193551770045
6.151381789307923
6.058977919394142
3.764365416220574
1.0087961204250462
0.6787193345371954
2.5044785848727784
0.7972523108263978
2.9520569544826145
