# max_attributes; 15
# description; Austrailan macroeconomic dataset
# number_predictions; 75
# predict; IP-EGWWS
# lag_parameter; 4
# horizon; 1
# name_prefix; aus_macrodata
# predict_model; VARLasso1
# method; Lasso1(n_components=all)
# prediction_type; rolling
0
-5.567897264874558
3.5736886402976284
5.5669248880147695
-4.527628940236295
3.0428417358698807
-2.5192636806008046
-1.5053096184479073
-1.52259944688609
1.57585184898618
7.0720700970456845
2.4939092186973015
7.901837679752572
0.4815528067625152
-0.47473570033728985
2.453912543859774
2.924901671713284
4.275534799075417
-0.47117796377918664
-1.917058714860945
4.747607562146619
6.138540142802043
3.2623347874594204
2.7844107948686965
-3.222609281719035
3.657932406424437
-4.1418316231432915
-5.102284769331282
17.005565237072062
-8.167313971007744
1.8071625097752104
9.059026809573266
0.8829372483704717
-13.133517650132148
-3.220177156543143
4.184181945265032
3.1790992506000535
6.755832580942374
1.314735597234377
0.019103543791896715
-7.652120308472832
4.556683339026381
7.119083657274198
-10.221441002799084
8.924280290296906
6.13749802196738
4.755513288588649
-2.580897302294845
4.291407068503235
-7.793986941121622
-5.283015217120496
12.26108723531392
-5.200669043773063
0.8894421636024951
-5.252250502874484
16.889312746345574
-8.121898623835634
23.52043112469856
-6.998995873852509
-11.792281146353524
20.427264115502457
-8.62382895728623
1.246621964457807
2.477990018868508
3.688214678477272
7.271204847524909
0.401998794687314
-5.635939850308407
-0.8105261274059047
5.649174023695751
4.781127258504312
1.1874681536580802
-2.7704630671961645
-4.393760040225138
-2.01092504170481
-6.922162267896367
