# max_attributes; 15
# description; Austrailan macroeconomic dataset
# number_predictions; 75
# predict; Emp-PtPer
# lag_parameter; 4
# horizon; 1
# name_prefix; aus_macrodata
# predict_model; VARLasso1
# method; Lasso1(n_components=all)
# prediction_type; rolling
0
5.294226825784874
3.670288871642141
2.5450058806641156
5.613994867724606
0.1047961401346198
3.29814336128694
0.9221948910119746
2.0928084330329204
7.6866789004286105
1.7377840844094825
2.2400114509610187
6.190326850322548
1.243977009659333
6.597698946058459
1.7319231539105218
5.801921855964589
-0.5336636242178177
2.968594590546585
0.8701428693294759
5.294179967854951
3.562595433059037
5.294578102958848
5.803255658480654
-1.448921454504375
6.377435707523342
11.00566813588842
9.763388252503905
0.8843622893615795
5.228356467540857
2.2427153714110597
4.903650032929487
6.836589632636345
5.636117030211388
1.6347751850936585
-2.6870184047000008
-1.0674407010424556
-0.54412543533304
4.140942083710127
0.5679088961525616
6.224291173096437
4.584515834491705
2.8446236357588455
5.541676741019735
2.258056616424728
0.3572278164620215
4.653165303752531
3.404286728279047
2.1094629568334344
-1.3461006289761581
3.6119533334711376
5.242210013651951
-0.9176378144395594
6.907780560631544
4.128629929567863
-3.918994129624104
8.178406361383768
3.152378912575249
3.994377256661752
8.433354061941785
4.058226214567869
5.315789055392115
-3.6215077425338897
2.707936620009335
2.9118075978642803
-1.26823435813131
1.660478227811709
2.7340833099951447
0.43844936081326624
0.561884523079184
3.8391456534577983
-0.2406800059191776
-0.5639351249476039
7.438808874762351
2.4814673000562184
1.4069509294388913
