# max_attributes; 15
# description; Austrailan macroeconomic dataset
# number_predictions; 75
# predict; Gov-Nat
# lag_parameter; 4
# horizon; 1
# name_prefix; aus_macrodata
# predict_model; VARLasso1
# method; Lasso1(n_components=all)
# prediction_type; rolling
0
1.0969439282447675
11.65592905957204
-8.239102717453925
16.76349689966393
3.733781545516608
-11.913601909507381
9.11097353515366
-11.259678631249844
3.57732909754344
10.710871865623798
12.899898836038963
3.91628577988056
-14.033590517418336
15.358463904248232
-4.711411072164623
15.116051840355256
-7.917239294000623
4.580499029274837
-4.9857041664482775
17.87885904306362
15.811107882824807
0.7097638530164974
-1.8180225801344905
-10.355558019008585
7.91619388871146
15.247164701852778
0.6702207452080888
4.995619320672825
0.9817531385070414
6.056706269598925
2.891132613261951
3.4859429945541027
6.004619985120511
3.0714586887752855
4.9410194292902165
0.4702084249361913
9.084707578601703
2.173420981224132
11.461380478404205
2.505761536675635
5.8517026292627765
-2.378302055896341
-2.893803649555607
2.6745624143654605
-0.523965393587236
11.188713622874305
8.381276169132269
9.782386408059985
5.332051837182167
3.2134178640153954
-1.812768259400045
2.290526953487877
5.357014598897884
4.702154063991854
24.622527176351433
-0.8623637289326949
-9.102557669043776
-4.473887624923202
2.8859867731125517
2.5209319065453335
6.875747122791333
11.58970489722994
-0.39304588944483015
10.745799022675815
3.346955889885807
3.419289987598498
-1.385391361130943
5.360222833128166
2.0071877273116647
9.296614614508321
-17.8256636491666
1.4808424390083526
4.985561318515008
-2.2350125905510736
11.642920788341005
