# max_attributes; 15
# description; Austrailan macroeconomic dataset
# number_predictions; 75
# predict; BusInv
# lag_parameter; 4
# horizon; 1
# name_prefix; aus_macrodata
# predict_model; VARRidge1
# method; Ridge1(n_components=all)
# prediction_type; rolling
0
5.55777580171965
25.23897277005862
-3.7493752230168016
0.02397238623211173
30.34518916800662
7.709061827574498
-4.298754758104893
-0.022028183559629877
6.756648426827508
44.79369292082389
-15.172178089718546
5.439535828273471
66.0737471002417
-46.97216431947873
0.2839738576788
8.666896791478361
-8.818288245466157
17.95348956547115
3.388317255004287
44.953749299615026
-49.0848332055768
22.613459136637452
13.46292554554584
-47.44262460812891
20.721527138858956
-0.37216623635560175
11.8441653716121
0.8769325976730631
13.559472635189591
15.709354249214647
17.720281776912902
24.953524125640513
1.918067191644178
4.628286717398256
14.171794350047557
9.345038671993496
1.7397673865918368
5.331198726029497
7.987712056385426
30.991341520327037
-0.34415050011308956
20.277390051864206
20.415650366532965
21.095924051351105
1.3000597359476878
0.5775758532194173
3.819194880069606
7.451970477523977
31.023838508025033
15.14974147389544
10.50848472528482
0.5634855496669369
17.28111114108031
12.44432436074936
6.870914792658629
2.2823883506717557
-6.343570056390341
-3.43593571200398
-26.573386970156935
13.109620945446164
-18.701388305015197
11.357155166423642
10.466060093934942
10.0245530419098
19.13632832026846
11.488373480904963
45.78315488638175
-7.140017822810092
34.588024112816775
10.47981809541513
2.3493735818009203
-24.699591034640704
5.805235350960707
28.14469974430745
-24.647316951207934
