# predict_model; Vecm
# max_attributes; 15
# description; Austrailan macroeconomic dataset
# number_predictions; 75
# predict; Cap-IntPro
# lag_parameter; 4
# horizon; 1
# name_prefix; aus_macrodata
# method; dm_FactorAnalysis(copy=True, iterated_power=3, max_iter=1000, n_components=12, noise_variance_init=None, random_state=0, svd_method='randomized', tol=0.01)
# prediction_type; rolling
"V1"
16.2954544181317
-4.8302718054338
23.4470800909124
8.73632547812842
-7.51845260351984
15.2375756509158
-51.8934598711329
38.7514523149664
34.3413953588712
23.0154202432695
-19.0960546280475
-13.1067835528594
16.7204249025092
-12.2134519778807
-2.94170883868399
2.07185170686266
6.22735227546032
18.5468160941399
12.4872190498702
33.8363206478761
13.166293086898
18.8417024910056
10.9744908958292
7.61688207048167
15.3404926196377
-2.18633609931357
0.911420859577676
16.5185589280643
14.5837800667575
6.32586216561254
5.95627906233235
9.16214909663441
6.9618302516624
5.07331033982884
3.66777392673561
10.3561226867043
6.96384285380305
7.12439101619341
10.8421900352818
3.39846552716053
14.788980004558
13.3304435145669
35.6861371521342
20.3188242838541
4.70532562937184
21.4258308520956
27.6572578113743
13.0242238397959
20.9402675262733
9.27292258867105
-5.21410920984594
-21.7083012485126
-13.7213040684611
-8.71129526373942
5.83981327509909
2.24202627956149
7.47348976628905
7.76398129844214
-0.377057864234998
-3.11007421808218
7.65648714182159
12.159821695408
13.128948609918
10.2721179673415
-3.23051614157179
7.97500896639178
-7.65976708399504
7.82747910865306
-5.54865846344681
2.26580908650106
-1.50692996150134
-6.19857054033766
7.4073083240861
9.74727071355101
-9.75677757626703
