# predict_model; Vecm
# max_attributes; 15
# description; Austrailan macroeconomic dataset
# number_predictions; 75
# predict; Emp-JobVac
# lag_parameter; 4
# horizon; 1
# name_prefix; aus_macrodata
# method; Hits_granger__graph(n_components=9)
# prediction_type; rolling
"V1"
0.828110796715547
0.820821209290768
2.82537390623163
0.602857903857622
4.58028216069508
-1.8873464405225
2.68279142826349
5.00627496665869
0.91685392096324
17.9345261319375
-4.29071180575807
-5.80477536231604
4.60660868507322
-5.64417965001959
9.03237031211366
14.7818151082014
1.37865728374906
11.4068534485843
-0.805138976495832
-21.1580905918767
-5.86152355221216
-12.4439902546341
-5.90761312799947
5.50156857173491
0.515229868158973
3.35461736051265
10.6084047666923
-0.704707106834278
1.88716598815432
9.50555633643325
-5.39188221493451
7.93949149469381
-0.518935546613929
5.05733795161184
9.69094303712554
9.49502396859326
10.6586648313498
2.3101426298765
-5.08095343216307
-2.95282096405444
-11.4134226906783
6.78560448932072
11.0767439391158
13.6450644542573
-3.15427473770833
2.79295911897546
-2.29716051864972
15.0990839040355
11.1139566605912
1.69099617808165
-11.3395764120925
-17.2090023922989
-6.54836997127251
7.4884803386381
-7.50563188164094
-4.08235316354745
0.774887293101548
13.2220264297443
5.38978444565776
10.5455134613068
9.82213409434132
-6.95950671853562
-3.13067229292543
-10.7162823173938
2.38958280659207
-1.16868420525968
-8.48747981001565
-1.76426397732008
-13.2551715636323
-15.6628275888239
-4.90210088443959
-4.77895735826164
-5.50209795906255
11.0305070853439
0.0215274812557147
