# predict_model; Vecm
# max_attributes; 15
# description; Austrailan macroeconomic dataset
# number_predictions; 75
# predict; HStartsTotal
# lag_parameter; 4
# horizon; 1
# name_prefix; aus_macrodata
# method; Hits_te_(n_components=3)
# prediction_type; rolling
"V1"
11.6095952000492
6.03875449651747
39.0525948098074
-2.69257081407295
-4.09415664687319
2.96093868319911
-11.2019594458042
-4.82159315318535
0.995448730181713
-2.81683091281763
-4.63821612423821
1.51262046717191
20.90211991808
19.4729826039475
13.2201806039796
16.201416191068
-2.32567884167361
-5.9012511617878
-67.0318472096
18.066401944341
35.2484996103722
33.4773146784077
20.6974822930001
1.01614948987843
9.75979595477392
0.863382505273669
-9.00317817651942
-8.02610276917532
17.8685898053238
13.0642302825999
19.4483171400819
7.53753240463564
-40.3439779670926
-26.3195018985805
-2.00730943163086
8.28280444089234
21.6880528192202
13.8679741348049
3.89450005819467
16.2461796098891
10.2362829109867
9.6263015369747
15.5445532848962
8.22133189616278
-18.5275228522382
-4.95368969463564
-1.93856820295913
-13.1056170357552
-12.9491403555322
-49.1424081950176
-21.1064051767929
18.0768959526224
36.5723385019771
-9.94783971002392
-1.46774468696099
-41.9813660642457
-60.7473581477675
-21.7870197852428
-2.9577986484196
17.7868886048476
-14.7528595591418
17.3074725583863
29.4660322108416
2.33754014463111
10.8444748015248
-18.2875457828328
-10.7334144549216
19.9629250228868
3.16503029037495
18.6386193537817
10.4889932713009
1.66199482680909
0.615140369774523
-1.94562361875228
-16.4377887698707
