# predict_model; Vecm
# max_attributes; 15
# description; Austrailan macroeconomic dataset
# number_predictions; 75
# predict; Gov-Nat
# lag_parameter; 4
# horizon; 1
# name_prefix; aus_macrodata
# method; Hits_granger__graph(n_components=2)
# prediction_type; rolling
"V1"
5.89112790956003
11.7526445923052
3.96670462799302
-1.8636729291819
11.0284630250509
-13.2872757887746
11.6602102524142
-0.431546618029922
2.54799390852167
4.94431575258278
-1.24449866089038
-0.512163696640937
4.63616939001849
4.31650901408432
-13.8099425028033
-15.7768867749649
-9.66959913977047
-5.44758222006216
-14.4039446987397
9.58382387438307
0.810083674371207
12.4797827345764
2.88922715661359
-5.97659756903467
2.97116304492434
6.03979931934345
-2.44991873316278
3.17483606593413
1.35041992663139
6.24119319967591
6.96102083353671
13.3409170239953
10.7932086090245
-4.43511103877648
8.72538798790291
1.73070192366533
4.44140018409374
9.19632459943175
8.45733886254286
7.39027796428939
7.87737689506094
-4.94974723881811
-2.62925500207157
-0.564771551086282
4.90348094675061
11.6039928484869
7.29820991409499
6.90614490698788
4.86270702611601
0.650298970315025
7.16071921622254
4.75778935564423
-9.96101245045464
0.690337601373913
25.8843730215603
-6.4849666104499
10.5925354503084
4.0778498853605
-0.69362175582522
6.72116045837956
7.51402066090159
2.50982776100922
-3.67018019068494
3.70771221373667
8.71230966737044
1.40750617729874
-4.51817498399649
5.5508910891108
-12.2954850065473
-5.51009570152224
4.54801050508412
-8.13373664069588
0.838946872034544
-2.90812464870923
-0.378983740780511
