# predict_model; Vecm
# name_prefix; aus_macrodata
# description; Austrailan macroeconomic dataset
# lag_parameter;4
# number_predictions;75
# horizon;1
# max_attributes;15
# predict;AveComp
# prediction_type;rolling
# method; Part-GFS_te(n_components=8)
"V1"
5.5587597417159
6.72985527593496
4.57857432893567
3.98523491526387
7.55919804338609
6.27460866533396
-1.05436780365531
5.91141405217577
10.1273560870405
-7.55647511245067
1.13328305016512
6.60552765482684
0.732891189524783
10.2208559138892
5.62490389104165
0.0454449119133684
-2.54004215180367
4.80822218968999
14.8332843162345
-8.88075122977056
-3.12328446569416
6.44029744522597
5.43470193045064
5.02594185586734
1.37095953230573
-0.583616204414946
5.10080845198027
8.7418969875894
4.10231310270544
2.75267348018233
6.56239671846015
0.501640051008754
4.74268330502262
5.99234099054114
6.51130626011644
3.55140609893998
7.84724639384179
-0.288260056817987
0.586238954848474
5.95357339863695
7.21282346521769
5.80133671165612
-0.482025677899322
5.64496163662477
5.21358497350108
6.3518730277938
7.60000288871636
4.62064678100224
2.10708525170001
5.14892993557553
5.64200028202409
8.78462994584769
-0.964850895149412
2.39106803967081
-1.69395603158847
11.1034021697593
-4.35067330065679
3.40429508720358
6.39478205242783
4.09130531470898
6.74956019276771
13.6759227643321
3.81611479042859
2.34700151863502
8.03056950223097
-5.97719017718665
2.87713882447527
2.1263648381638
2.64856879546449
-6.5771631006678
3.40203439180328
-1.80291933508386
8.48665802997498
3.28621835795598
-1.53043993064403
