# predict_model; Vecm
# max_attributes; 9
# description; Austrailan macroeconomic dataset
# number_predictions; 75
# predict; Currency
# lag_parameter; 4
# horizon; 1
# name_prefix; aus_macrodata
# method; dm_KernelPCA_fit_inverse_transform_True_kernel_rbf(alpha=1.0, coef0=1, copy_X=True, degree=3, eigen_solver='auto', fit_inverse_transform=True, gamma=None, kernel='rbf', kernel_params=None, max_iter=None, n_components=1, n_jobs=1, random_state=None, remove_zero_eig=False, tol=0)
# prediction_type; rolling
"V1"
0.46776218572
0.408363462066939
-0.97732748403418
-0.0965137810730915
0.239977146753032
0.179902495832429
0.635622866414746
-1.97474306121445
-1.20050442522137
2.54584652679019
-1.19968863829964
0.48160918330885
0.341874760694749
-0.45582282287351
-0.386418331774247
-0.0846767849448663
1.0962295032218
-0.748860054740346
-2.3576009237629
0.189174647537003
1.78253929006315
-3.47812704860787
10.5662613847849
-21.8376870128535
-1.77908249045081
1.54866960913504
-3.4668272070686
5.40527151596018
2.28398043441574
0.819527944808134
1.34087512339287
-0.591630443000998
2.42826358008198
1.16534159120604
-0.845088113662789
2.09686338301774
-3.93699009399791
3.34894503638662
0.207151359219035
-1.55787993937646
-3.91998748116978
0.570546410079085
1.37787926541396
-1.47988347231098
4.08561172792812
-3.65520022465111
0.903007731896947
2.72187377305766
0.0967568856093445
0.908411533658654
-1.76180996223728
-12.4758956878232
3.54004739514902
-2.10246541647961
6.41850802963286
19.0681310558489
8.51966421793647
2.07676804625619
-1.88282618977049
-2.02388482319162
-3.93757981838395
0.569051630770696
0.200954747240948
-10.0770991413615
1.56810706130606
-7.19245866475838
3.85735123798665
4.28771506793628
-1.65898260342246
5.04316532563482
1.47656379059656
3.96192760630256
-1.79625711833351
2.99999059214314
-0.600577678932161
