# predict_model; Vecm
# max_attributes; 15
# description; Austrailan macroeconomic dataset
# number_predictions; 75
# predict; Cons-RecCul
# lag_parameter; 4
# horizon; 1
# name_prefix; aus_macrodata
# method; Hits_te_(n_components=7)
# prediction_type; rolling
"V1"
5.32988411395742
3.52340154909383
7.0145233605725
11.2986164087045
5.92270561240237
2.88455746335618
5.24189089744354
11.1855573253231
2.25861897550174
11.220174041325
-2.75359950419071
11.4203339790238
6.35205683838584
9.69155971002988
5.42949153527547
8.48718806753927
-4.33840153805714
17.6487387103078
4.68227135158264
-14.7599899801229
6.19327731445355
-11.0825754307139
0.407765166014597
7.23655956611513
4.62615093482207
10.8581522979829
11.6038423303905
7.93382493591795
1.46503745392167
-1.78440873385309
5.21588946670977
5.12069812399007
10.5080751557652
9.19318594572467
7.74611817755885
10.0858557347506
-11.8477794699801
12.4806368542759
4.54801703734839
6.53918377033992
6.20954116478628
7.74367210122917
-1.81409462513493
-6.26595427644832
20.0314525364396
-1.00231758894328
9.63827982939808
2.84864949570617
9.57973081769626
-7.70656729784997
6.70633324848043
-1.3621758179888
-19.659507362995
-3.42678185538098
-5.437398592266
3.88121198602403
0.596236785989732
-1.82462613689837
17.5985298570996
11.857474352601
3.54779954553219
12.4090189931497
2.22782400431362
0.951984737030843
-9.03915958555851
5.17480123665878
3.40320039181321
13.3451246341724
-0.476915005287501
-5.25307199537339
-7.5899149766424
4.34166944093992
-0.474041794858793
3.44684263034006
2.66254813111686
