# predict_model; Vecm
# max_attributes; 15
# description; Austrailan macroeconomic dataset
# number_predictions; 75
# predict; Emp.HoursPer
# lag_parameter; 4
# horizon; 1
# name_prefix; aus_macrodata
# method; Hits_granger__graph(n_components=2)
# prediction_type; rolling
"V1"
2.15979599794513
0.829243910392416
-0.475182576513629
-0.0491501347683367
1.98197935215741
0.475240582343817
0.655610562690582
0.251068315928862
0.84142203038089
1.96096047249455
-0.457953161622531
0.898818359759477
2.17235042563634
4.5166423253777
5.50212442474634
5.70463888687669
5.64137076784715
0.968529488400648
-1.8026051200939
-3.62821246395976
-0.604556683245469
-3.66234778047477
0.431796063131345
-0.121117372989743
1.54808673997185
-0.461544172111167
1.98192585847591
1.24323206891522
4.02350332105216
1.69753794235448
5.13498207195243
1.8825765533799
1.1317249578781
-1.33538025743882
3.51584175365199
3.64979511044467
2.12115475808416
6.1695741664821
0.244035733586021
3.77491765646725
1.06247978626719
3.15889302006612
-0.388838095975685
4.57920042378418
1.09842093102509
4.72147028584015
1.23486664338494
2.90204794403608
1.12135011180996
1.39091121042757
-3.17301663823068
-3.90386257457501
-2.25964715004679
6.32529031793743
2.9305385392157
1.59991678054938
0.65568713200509
-0.856947014939393
1.44654332124214
2.46895952061654
5.07396118752379
0.228622351260775
3.55507036575601
-0.275387982296279
1.30734818952272
-1.05182152138286
-3.14176507745438
-1.43943107208097
-3.40604078213041
0.854720690450055
2.16770216043795
-1.90081817750573
-0.488787094753851
1.06100307736711
1.08072098053692
