# predict_model; Vecm
# max_attributes; 9
# description; Austrailan macroeconomic dataset
# number_predictions; 75
# predict; ExrateJPY
# lag_parameter; 4
# horizon; 1
# name_prefix; aus_macrodata
# method; dm_KernelPCA_fit_inverse_transform_True_kernel_rbf(alpha=1.0, coef0=1, copy_X=True, degree=3, eigen_solver='auto', fit_inverse_transform=True, gamma=None, kernel='rbf', kernel_params=None, max_iter=None, n_components=1, n_jobs=1, random_state=None, remove_zero_eig=False, tol=0)
# prediction_type; rolling
"V1"
19.0166382070279
50.7434651650881
31.1550726219882
0.918896410957507
5.24680738916797
12.1005088058666
-3.45840154464757
-19.7430784041089
-4.18048270345954
-24.5936397055881
14.0623256095275
-22.9463699680136
-2.49652311013172
-0.45796154401515
-11.8068288346992
4.28060520970811
-27.099620363601
-36.3613083221203
-10.186377537208
-14.0408182165992
-35.0455928934482
39.6996839093128
-46.7287074339405
82.2387624587144
-11.725995475114
6.29092913940866
3.92248455618131
6.77546435920523
-1.67662414753316
31.3885416921925
6.69862661755064
26.1459042732087
8.07050753266905
-3.64265191742638
9.76312791519072
-6.6281800205537
6.78615107224166
6.5570547737625
7.30737041489519
9.89627794132826
1.66399229724002
3.42755417161797
8.14574192106631
8.42551937231966
13.8451639342585
30.3727070178475
-0.709644438647256
18.3076130797911
-17.900178740891
7.14090166682603
-20.7658529070932
-79.7753279299668
-26.3673026566658
-131.550319421234
-0.675613688872513
56.1637496462092
-0.0818375838452763
-1.1375351682312
-11.8154378032566
8.84549813315442
-1.92172164573098
18.4615815375089
-19.822202985527
12.8516371033175
-4.10851956937693
-23.4351948767147
-2.50041208791515
16.2554862749264
24.9225640969182
8.75834273165858
5.1856409773055
30.8154767536065
-27.2223371409775
16.6849503217328
-6.09189611457953
