# predict_model; Vecm
# max_attributes; 9
# description; Austrailan macroeconomic dataset
# number_predictions; 75
# predict; Cons-FurEqu
# lag_parameter; 4
# horizon; 1
# name_prefix; aus_macrodata
# method; dm_FactorAnalysis(copy=True, iterated_power=3, max_iter=1000, n_components=1, noise_variance_init=None, random_state=0, svd_method='randomized', tol=0.01)
# prediction_type; rolling
"V1"
2.57890557545161
2.79444182429688
0.607887917772854
1.07181263424432
0.170022378723042
1.86786467751238
0.27820260912867
-0.378271331534946
4.2722968984992
-0.191339625559785
3.17646712407937
1.02509237423966
-1.80683547309471
1.28160376754534
0.192059799992597
5.64725490436773
5.3370730134758
16.3606264790243
22.6086043590897
-0.202429835691649
4.89667192633098
9.36070688869028
8.67860561471599
3.47746992888534
0.634904808967909
-1.91579948791092
5.99123384420568
5.92563147495996
10.2428549158789
7.05293112090492
7.69892797744427
5.77989017523963
3.06569164345004
2.3787244482929
4.20655235489848
8.60131548669212
11.039173443913
14.0239230389352
-0.47529098932189
1.67775493895085
2.15879722051626
2.64422433970603
8.38734922452874
4.28820070585687
1.25855198050765
9.81549202505328
2.16276524986135
5.52763410540642
2.12101508009598
-3.79769938445509
-3.44967632654759
4.79838479250331
0.14316985244535
-8.24746576184362
-2.21243638212697
-7.44186834734168
9.30316688475745
7.48918494423783
4.93346066268026
5.0656653671825
-2.03017575085604
4.36613647088422
3.78570129096225
4.0789314123683
-1.69736247903924
0.181282256825106
1.85248277381322
-1.48412570050122
3.38995742296521
8.51355222287121
-0.0487795287915185
0.999631005065647
3.2769770314628
6.25159441887598
5.88767721563701
