# predict_model; Vecm
# name_prefix; aus_macrodata
# description; Austrailan macroeconomic dataset
# lag_parameter;4
# number_predictions;75
# horizon;1
# max_attributes;15
# predict;HCE-MV
# prediction_type;rolling
# method; Part-GFS_granger_graph(n_components=12)
"V1"
-1.34758817608329
-11.1802294179551
-9.6226427215259
-3.97764114968597
-7.90641973026083
4.2348465787469
8.67081377527425
18.4750648905753
-14.8839248432313
-0.163598266265917
-3.01929474959708
1.74176118937315
12.5932261126296
-5.21532536385975
9.4417473219113
5.77385243423644
-13.0324813267943
4.99834358629632
5.83561848641623
4.9095887157911
-2.65898062368289
-9.07038882356219
2.99265243643931
-2.2260542691143
2.39988085242994
9.3176745393116
-7.05667666302757
14.6338802741748
-7.91500237102482
10.5371134542114
-7.28761663208948
-2.53332337922999
6.18502084592732
-16.0170294856374
16.1314957037073
-11.5141912690947
-4.7619431710004
5.9113323724714
-7.08128080019664
8.55742941710722
-6.28569748838521
6.5655267269963
1.8919734108913
0.238897351929744
1.53139837524573
6.59264931111342
1.79671163828476
4.28621287964211
2.05094859548428
-0.941733607356726
-7.00961006345326
11.7132389554352
8.22326462297894
0.134718529417692
-1.45006303759272
-9.82986266515782
0.578662365056151
6.23496833847569
-6.33791400932353
5.36955014658521
-5.31463573354343
3.89734905126212
-7.44086260126234
-1.21849228375964
0.378401696606473
-0.377021153720014
4.69798006112622
-5.47109516397889
-2.95696956188497
1.1967687696378
4.73219657888866
-7.14893871557895
4.24815951998645
-0.679184759375814
0.289436841753283
