# predict_model; Vecm
# max_attributes; 15
# description; Austrailan macroeconomic dataset
# number_predictions; 75
# predict; Gov-Nat
# lag_parameter; 4
# horizon; 1
# name_prefix; aus_macrodata
# method; Hits_te_(n_components=8)
# prediction_type; rolling
"V1"
15.8298229643625
-2.69213018974101
-8.43201105866306
24.6882910175099
-18.4757612169523
-17.4812274242403
16.2984654537277
1.6130591020743
-5.31906433511434
1.77613578417476
10.3204279528951
11.7393023458518
-14.40170239618
3.49214833922686
-10.4386735563907
-3.93967951614206
8.34798713335733
13.910723111534
-2.43019920629736
-3.86011227298359
4.85759791704725
19.3887868702001
10.5488901336472
-1.25658541933935
-0.414566601839271
3.36085844186011
15.4591546457123
-1.07876162680871
10.3108009656366
-0.454597187975101
-6.13414128030012
11.1537794604506
12.7500469787915
9.76442874196041
3.35738602502515
11.4072672649367
-1.36046504267891
-7.07627082211245
7.78978461827572
7.15335323196431
-0.758772719425461
8.03681837237328
2.92420784977143
10.0316653835836
10.7688791564426
8.50113513725683
-0.482451748413247
-5.6611498545283
6.31936120422188
13.5038041571996
14.3662291898109
3.27866701023819
-5.38250920565601
2.44558123463348
-4.53429739191401
2.90132332853826
10.7872980825505
-4.69596413608859
1.93804762877357
6.38404697559298
5.97606909687393
4.15916010677586
-10.5047021278702
11.2590333577346
2.54433394673934
4.3738762894038
-11.1682777878374
-5.29263674915071
-5.92175310752524
-2.36616782606167
4.89569403408867
5.10893311426631
6.94350451878181
9.3066550046733
0.263802400417344
