# predict_model; Vecm
# max_attributes; 9
# description; Austrailan macroeconomic dataset
# number_predictions; 75
# predict; 10yrNSWT-bond
# lag_parameter; 4
# horizon; 1
# name_prefix; aus_macrodata
# method; dm_KernelPCA_fit_inverse_transform_True_kernel_rbf(alpha=1.0, coef0=1, copy_X=True, degree=3, eigen_solver='auto', fit_inverse_transform=True, gamma=None, kernel='rbf', kernel_params=None, max_iter=None, n_components=7, n_jobs=1, random_state=None, remove_zero_eig=False, tol=0)
# prediction_type; rolling
"V1"
0.254179542043314
0.113637081002956
-1.22745838087227
-0.172996657452242
0.216928752266271
-0.688432668835527
-0.679963889419615
-0.249513037259738
0.140936098477389
-0.518600515523654
-1.48161195099825
1.3855116989886
0.343637889159395
0.444050851728658
0.53789030059594
0.547822062347883
0.729041217308435
0.081965962176736
-1.90733124397414
0.558643804528837
-0.935028931116734
-1.27093066772074
0.442455853816439
0.329612399466603
-0.345511648510183
0.587804739902472
-0.494318504440851
-0.402777304950955
-0.644753556496689
-0.160786228545307
-0.0669472006700856
-0.0741247064529608
-0.0878422348072018
-0.0607219291463525
-0.456165325971219
-0.736244745980042
0.883085009930311
0.433814324999948
0.137808453416127
-0.137874626564476
-0.330798761417264
0.0587666234434091
0.472997927524175
0.140069808369789
0.0325097594242154
0.0680179604000822
0.198059859746409
0.169578498241933
-0.407960512728782
0.432683021428988
-0.412333930267942
-1.26482782337614
-0.613955212180198
0.25347699402613
-0.0903508287504684
0.0695921611246094
0.105300611482862
-0.11967112040384
-0.332967610631368
0.210068723263497
0.314116921741841
0.303814024668038
0.0357536124600635
-0.394427495231479
0.124297450264632
-0.625749071596567
-0.00441606206844773
-0.377756945635352
-0.103949132531957
-0.274026779999555
0.985568253012627
0.405101833178667
-0.023046930066778
-0.487404029476129
0.124856675239045
