# predict_model; Vecm
# max_attributes; 9
# description; Austrailan macroeconomic dataset
# number_predictions; 75
# predict; DomSales
# lag_parameter; 4
# horizon; 1
# name_prefix; aus_macrodata
# method; dm_PCA(copy=True, iterated_power='auto', n_components=1, random_state=None, svd_solver='auto', tol=0.0, whiten=False)
# prediction_type; rolling
"V1"
2.59321803644329
3.94322988680523
-1.32265533165075
2.70240209906157
1.92601767551601
8.93557982034312
8.41733654174354
10.6290457082713
11.5732401391075
10.657457208253
7.98361442831804
1.6987067669523
8.31760217851133
8.32444679583313
6.92188067832484
8.8512179673761
12.5365428654005
10.1800555805016
-3.76421460879637
-2.88896692483692
-3.5305607705393
-10.2567243196659
10.9013174049708
6.69221761129735
6.37330461201369
17.0596766229187
10.4781507152455
13.0355506310834
10.5135968200493
7.79866751761026
6.19292816716745
8.09547448255241
5.14798612126816
-1.25960795286884
10.6107446141226
10.912950576542
3.32729902261443
19.4273438511297
3.71108415963403
14.3810018829185
7.00007652921135
6.52059010875791
4.13455714143475
6.21793875219453
3.96001107716498
10.775905683271
12.6968347850506
9.2630370175134
3.84717122071197
4.97576302921192
-2.74151608432713
0.10948095681179
9.79662612787661
15.3527077003828
0.473054405824014
3.08943925039813
-4.8765304610987
-3.64949100735437
-3.40471986914378
3.20838735146201
5.74862941703224
6.15169765818904
7.68611235373959
11.4020041836457
9.13257690294773
10.1540347781025
9.46139035784373
3.96250828220023
4.861160900351
2.75252700273525
2.8864332677986
5.02174814838384
3.43258895494473
2.386665450439
-0.0531431446166554
