# predict_model; Vecm
# max_attributes; 9
# description; Austrailan macroeconomic dataset
# number_predictions; 75
# predict; HCE-Fuel
# lag_parameter; 4
# horizon; 1
# name_prefix; aus_macrodata
# method; dm_FactorAnalysis(copy=True, iterated_power=3, max_iter=1000, n_components=7, noise_variance_init=None, random_state=0, svd_method='randomized', tol=0.01)
# prediction_type; rolling
"V1"
1.13249577905484
6.68776275339065
8.79206753362244
-40.3434514346544
33.3897773272618
11.4441026190314
-23.1874374538635
5.17064283095355
-7.71933293423971
-20.6965357934182
-18.3090840864296
7.53570494441372
2.64030876124374
14.4313806738879
-6.36294767581576
-14.1575094597582
-30.1165249300457
2.21925070092617
16.1495054629758
11.2617134730058
57.8389960859665
-82.348618421876
25.0227397026374
-32.9716433915583
17.5852518636589
28.2987601139409
7.80287417860184
-12.0286497143092
0.0910765744892379
91.8707687845812
-57.6841489128215
-62.6129063691466
26.0973049756129
12.9720400071327
20.6378168648104
23.3719768471714
-35.1937414394066
10.9734683315074
-53.3332188106106
23.6562914698268
31.0922924034843
1.20566554315463
-11.3907193261688
-14.3094593588729
-62.2910124677821
-12.955985652284
33.7349444763758
-15.4739879870629
24.3198554600526
94.2609266066462
-89.0769002262177
3.95900459390436
-8.41092037430453
-112.714132863146
43.0320890125817
60.6004727193445
-2.03221256890233
-20.505691930668
-36.8860679226266
25.039888265821
11.9239019390645
-32.4396464945286
-8.15272533963943
-0.610541778567098
44.0676861112727
1.86466393387701
-17.6357037190855
33.145038933711
5.55707242422968
1.85070857006015
37.5589800768812
-15.3712822604608
6.83286590931251
-7.06483976086796
7.80689438452249
