# predict_model; Vecm
# name_prefix; aus_macrodata
# description; Austrailan macroeconomic dataset
# lag_parameter;4
# number_predictions;75
# horizon;1
# max_attributes;15
# predict;Cons-Food
# prediction_type;rolling
# method; Part-GFS_te(n_components=1)
"V1"
3.88203743560188
4.15967495367226
7.73242094673317
-1.53177699119399
1.23370343263208
-2.31371008359709
1.66169875208977
2.35755330330993
2.01097886844533
3.55083193047215
3.32625389116435
0.650412614416455
-1.60824574112379
-0.183019481338498
-4.10930818895592
2.06440124420736
4.69821235099231
1.37018163110462
0.215886008787698
1.5778486037665
3.7488854779652
-4.04780431912512
-0.937029249651705
3.22451901897501
0.732430631712109
5.66722127750553
9.93236010929544
4.51753902045168
-1.47162776477118
-1.29143051954105
-3.32644032864345
7.16843804490329
10.1057309597661
1.80326433243319
2.07265671636119
4.59115729862084
3.63838211769768
5.54461917694659
5.3857925275728
11.9823618440505
6.2451328008539
-0.112665867639254
3.7549509163675
1.28444956640444
-0.711118529506169
2.23401156726941
3.87454755762141
2.905778548144
-3.66290321316309
5.8796975444908
0.00512684852202766
6.02947617955537
2.53094872356005
3.42835866691803
2.81391434054315
0.869455755083386
0.930824052691019
7.17895521749665
1.82500867826984
4.37241335199055
4.22512099992829
-0.934801575450315
2.26380618661694
3.44042448934551
0.767801042288711
0.214455814379495
3.73976276426083
-0.0933993211100008
-0.528195980344707
5.41834497207581
2.58717396816001
1.14480463334238
5.12621369909483
5.17395471161105
6.64365466914537
