# predict_model; Vecm
# max_attributes; 15
# description; Austrailan macroeconomic dataset
# number_predictions; 75
# predict; HCE-MaiRep
# lag_parameter; 4
# horizon; 1
# name_prefix; aus_macrodata
# method; Hits_granger__graph(n_components=2)
# prediction_type; rolling
"V1"
0.742638240090462
0.0465419310267783
0.949260727791459
2.11314669357621
-2.51635799462964
3.62954359269968
0.872625760301089
0.0803241384164639
0.948263484345196
-1.48509474030695
3.34699064487103
-0.11919667248393
-0.809785081466865
-1.29155265632675
2.27780899040556
-2.41199789452275
-10.4387419152635
-4.81881114901261
-0.763778481315961
-6.38298337505297
-7.01552139656514
-3.51215709290013
-1.498871013997
1.11714567869038
-2.13841394613312
2.17446073076511
-1.02452362525415
4.46042060330044
-2.75518391675937
1.37547510388961
1.55987961234915
1.30815419857403
-1.79449980573603
0.423244061877251
1.84637601222901
-4.36818214016943
-3.16810823187125
-0.294547882148025
3.25348404594559
-1.55313439304443
-4.09266636190327
-3.84872972797461
4.69113558376369
-0.356582160822547
1.14662292284842
-1.77521562238283
-0.243291274938363
-1.68250503726809
2.60229197373095
0.69991412302083
0.400952528830083
2.96295838541173
1.41647494474037
-0.776470737982621
-2.79283472384702
-1.62359997757321
0.563416327155436
-2.33727729963976
-0.34928967765668
1.77269747128239
-2.52614700807897
-6.53355599812177
-17.1260527296181
7.64447264423504
-1.46883019317649
4.54140629332232
-1.33545318563027
3.91856827969226
-1.59470961729677
1.74984011181605
-0.937355250818751
-2.73968420777274
5.39226637889035
-12.4801634780968
-1.62440942809935
