# predict_model; Vecm
# max_attributes; 15
# description; Austrailan macroeconomic dataset
# number_predictions; 75
# predict; InvLevel
# lag_parameter; 4
# horizon; 1
# name_prefix; aus_macrodata
# method; dm_FactorAnalysis(copy=True, iterated_power=3, max_iter=1000, n_components=10, noise_variance_init=None, random_state=0, svd_method='randomized', tol=0.01)
# prediction_type; rolling
"V1"
2.69336740877905
3.9834283453583
4.00538056546818
6.46685889578017
4.32991379336554
7.91170535306223
-4.24951616522367
-11.0753331346382
-19.6492770315492
6.40770666070281
2.51438581931903
3.71213276377394
2.27935003925896
2.77836530452953
10.9323567786326
15.6031283170394
5.36332465462366
4.5711550347885
7.40030009227448
17.6615293875564
-10.9841975854844
6.23168365148339
6.17797859519218
-1.79836303057065
2.35180555950893
-2.51470719679444
0.74562804421758
-0.130374147658724
1.78369025677014
-6.37526238346969
4.12717482485249
-0.143274373410543
4.14600482827827
9.0645558573132
10.5792057058736
11.4427515049468
7.75880228302707
7.59332969508107
5.42796038257167
-4.54445911151969
1.81975635317961
1.48051133281777
-0.566852426170271
-2.51425003095466
2.70236955940878
8.82130000562331
6.30349976997001
3.91690262306388
13.2592807456082
16.333776753314
17.4843164158887
1.68204648552557
-3.00518785318895
-0.90011557927401
4.94957030013964
-15.3661553352212
5.95936087279858
-2.10765057447729
0.305161496658728
4.12861308698566
4.26961363507059
8.7049131739959
2.95625177659774
3.15717643490653
8.7703439353279
-0.649394493009649
0.325742587262712
5.03174152599097
0.245348054042649
-2.97520853579976
9.36563621275626
-2.23208195392058
8.15289072537626
-5.16223204450244
0.218503164653591
