# predict_model; Vecm
# max_attributes; 15
# description; Austrailan macroeconomic dataset
# number_predictions; 75
# predict; BM
# lag_parameter; 4
# horizon; 1
# name_prefix; aus_macrodata
# method; Hits_te_(n_components=7)
# prediction_type; rolling
"V1"
7.71337896100876
-0.638727499806675
-1.29499141442817
-3.49575827482083
0.303786747308616
2.70111302599208
1.2665441408999
-2.18860829085945
1.31762970282401
-0.783304412724026
5.14654786862364
-1.51900402434636
-0.750745715310924
0.423396883592822
-0.0156377029352464
-3.73844747134273
1.58064757183997
-1.46845835907667
1.21611587748023
2.29058803658083
0.448245784848847
2.20580994421628
-9.10756016905259
-1.70065925530063
0.560207838951656
-4.79853235129443
-5.79444626073823
-19.1111492110576
2.17378410813575
-6.37751790700841
7.04729469555225
7.03486112522213
-1.82405372494714
-5.14471894187111
-1.30639400540612
0.22658593639287
4.83473768781869
-8.30128914103923
1.19740886645965
12.149219150617
-1.87634473887718
-4.56489615471306
0.787579064660072
-2.93275480956225
0.95304534905533
1.13915570707758
7.9929043238965
11.4839852872553
0.223832604685869
4.37638258605881
-2.02304104046907
-10.7176975464102
9.44393809060741
3.9417382617458
-3.00711501935395
9.7790575157211
-10.8806586488561
-0.949339754206977
2.78816274693817
2.79923852063061
-1.90724652809063
4.06621285471497
-3.59006680227279
-4.24426879203562
-1.39405832698452
2.9169649850015
0.947853499354247
-7.07038662599541
-0.241982084187923
4.71105441370717
-1.00850133830067
-1.87521522630746
3.91027736633261
-0.365100999827995
2.47168331821241
