# predict_model; Vecm
# max_attributes; 15
# description; Austrailan macroeconomic dataset
# number_predictions; 75
# predict; HStartsNSW
# lag_parameter; 4
# horizon; 1
# name_prefix; aus_macrodata
# method; dm_FactorAnalysis(copy=True, iterated_power=3, max_iter=1000, n_components=10, noise_variance_init=None, random_state=0, svd_method='randomized', tol=0.01)
# prediction_type; rolling
"V1"
-6.56885650917156
-18.6888126446902
-0.337298372661046
45.6809195204305
9.09868312125389
-21.0166061948297
15.8810385761657
17.203031479324
73.9863631373862
-144.948935276625
25.5907960173425
-2.79812206447671
6.62628778512617
2.70172302944125
16.1600806410521
59.2275894392821
-11.9393144431655
-27.2100170713224
-155.469083316794
-20.1898926200295
54.0133229128976
47.4107576566756
6.29718212275585
11.9743195810051
-7.46583585993601
-7.37826886988742
-11.1630519024718
0.550625046065391
6.22705140408439
7.04061772023603
1.08264284090512
15.0466943736272
-36.807838772882
-51.9625201115374
0.431194205693029
26.5231428707574
13.4482578821488
-6.56227551077251
10.6308469362969
0.1521705258201
2.97987600481712
16.5343146341986
27.9119340480719
-10.9374276279292
-13.872777048027
21.8372821821814
-10.8989236396357
-9.30288394516799
4.67722309606088
-66.7505475747872
-51.9283957893037
68.713924749893
29.4588594648456
14.7826016750563
-27.916383144032
-57.8139099382955
-49.8320746307848
-27.8133671892809
28.4173441317579
-13.6750214852815
25.715697892921
-1.81515953974593
71.0842968662491
44.742670311168
-10.1127316130242
-32.2545122058925
-21.0164745324149
-14.2093841015345
12.5434240841422
53.4888633565012
-17.2279025644521
16.7394455196301
27.0689083370373
-12.2866364361137
27.2752037537496
