# predict_model; Vecm
# max_attributes; 9
# description; Austrailan macroeconomic dataset
# number_predictions; 75
# predict; Emp-HoursPt
# lag_parameter; 4
# horizon; 1
# name_prefix; aus_macrodata
# method; dm_PCA(copy=True, iterated_power='auto', n_components=7, random_state=None, svd_solver='auto', tol=0.0, whiten=False)
# prediction_type; rolling
"V1"
8.24553910579898
2.58212235814388
0.743937041696374
0.473688119487545
-0.604822986537009
7.09110268148482
1.97200790038454
-1.45920392813127
-11.5604072648606
-0.0772912380781612
-4.67522148789194
-1.85726785241707
9.04483708914728
2.88063212482836
4.81591552089702
4.40439556771091
1.34829854817624
2.68776985999755
2.8984515886566
8.32328631145238
-2.90454142283131
12.5428929394495
13.4259089190746
4.69911388203946
1.13391607961419
5.81004942405557
6.63390052197518
6.6999068923555
8.959438293701
3.53736590969559
-0.0719907990966011
-4.42627753130126
-0.342035645579458
4.91052082389737
5.01225590857636
4.40357057746624
7.1852375941852
3.37195466418392
0.964652571156655
7.8188335396458
4.19777599909964
1.0899625787328
6.22774489805113
1.09294757205949
1.99685726789102
-0.747998027943438
-6.30501735104721
5.70587970074992
4.10867657998346
1.73493462066484
6.50748422035246
6.7062995995443
22.7058239414481
5.49997102367902
-8.80661547620385
4.23923105829849
5.1389585975716
2.66143456196732
-2.98613622166428
8.88915237438303
-0.7586558487875
-3.93913103786821
8.66026333658883
5.15993000346738
-1.50007026270814
1.29435178605459
-3.49977639977422
-5.22920082817885
4.70207758084498
-0.439293302632398
4.71883194881257
-1.52477996751925
7.35288705435997
10.6830312139959
-2.90197873940676
