# predict_model; Vecm
# max_attributes; 15
# description; Austrailan macroeconomic dataset
# number_predictions; 75
# predict; LabForce
# lag_parameter; 4
# horizon; 1
# name_prefix; aus_macrodata
# method; dm_PCA(copy=True, iterated_power='auto', n_components=13, random_state=None, svd_solver='auto', tol=0.0, whiten=False)
# prediction_type; rolling
"V1"
0.816713447533156
1.54139139857776
-0.390503381961039
2.93273037736739
1.14287805818709
-0.116782465629172
-0.0989446204381846
0.60083382530416
1.73240391452362
-2.21585103741857
1.76177721252919
0.81881547592173
0.939708185117315
1.21678507803152
0.616564580262513
2.27212827237428
3.32307115494377
2.17126639522372
2.13997589957564
3.44479899422862
-1.24443745489489
4.17635608373741
1.96046428789317
1.48898331033246
-0.00298063454828451
-0.422489117475855
3.50966654536927
-0.352002201820832
3.2185571608234
-0.113826389535364
2.98169092591169
-0.0605124625124317
0.519999183801876
3.00952470856784
1.31277698538625
1.73786369129498
3.35625707074301
3.72582323813011
2.23951788783398
3.21811572258095
2.44489043027352
1.87476770865912
3.74824695758464
1.47421304260945
3.27434325099052
2.09216808632498
2.95888056799379
3.00089357854134
1.65273946599641
4.0780073138923
1.48930996039257
-0.852161790031471
3.12176591422937
-2.22542301926893
1.77741803208132
3.50635747869446
0.319671642133779
0.820224041112623
-1.12671276883376
2.95446998263307
1.40659792084535
1.80624709621695
3.03626043757937
0.262795868918533
1.48022753459008
0.132380518481191
0.780432728856233
-0.110035693576418
1.68846029978748
2.49581997213949
1.55107758652661
0.159765941063982
0.41239660980689
1.5101277774685
1.06617985448076
