# predict_model; Vecm
# max_attributes; 15
# description; Austrailan macroeconomic dataset
# number_predictions; 75
# predict; RHDI
# lag_parameter; 4
# horizon; 1
# name_prefix; aus_macrodata
# method; Hits_te_(n_components=10)
# prediction_type; rolling
"V1"
3.35384199122421
-0.983534432686233
0.374732567967975
9.24643817745739
-7.55106010397153
10.5213144619845
18.5821885012641
1.98443176008198
-5.89146783379848
-6.3722078180545
12.6830747781763
3.66944950023598
2.86938862091599
16.2719566566206
0.11799373624668
3.14031786746867
1.26398911546793
-0.79710939778968
30.4321245058384
26.0551827567534
-0.435671266836195
9.7838803377402
6.76072248477389
14.2031623670022
4.18738920199261
-3.6465048203887
-22.9230007450558
10.0133157237774
9.51734765191299
5.53796365679876
-1.95968533201476
3.22073201501383
0.396261352367658
14.4824050781153
11.8271067154211
1.39058770847682
6.19976629142831
6.40753762270952
5.91213608646326
-0.742319197633483
-1.45123460941896
5.33531475644831
0.144000757830554
13.0681403684524
2.2680808560547
12.5361352806787
11.8698089971356
9.64290928189101
5.99941908632711
12.8073973918476
-1.4911217694647
2.50660818075788
-7.31674939298305
-1.52899553352213
23.1955930315414
-11.3924754612938
-3.62433718584637
12.3535747368076
4.16151819534811
4.40077163087778
3.08015509900822
5.04092586679073
0.753023486987406
7.74382822370259
4.79405152813307
-7.09858804154135
3.91672602586415
-4.75075304586236
8.89721136659114
-4.36792948413886
1.37058810653232
1.0470477001338
-9.98507911847711
4.72592311703134
7.29472832384513
