# predict_model; Vecm
# name_prefix; aus_macrodata
# description; Austrailan macroeconomic dataset
# lag_parameter;4
# number_predictions;75
# horizon;1
# max_attributes;15
# predict;IP-Min
# prediction_type;rolling
# method; FCBF(n_components=10)
"V1"
18.8895570770823
5.97647870150757
24.3149090332757
-24.4721953328122
-32.9864066759789
20.3171115061811
-2.31263367902871
1.54397788729619
15.8961135099063
-3.71543411136466
12.9797933510381
-6.03383302535836
-19.1604951232613
5.82772445194042
9.42939953180119
15.8226503214196
-21.1524704246041
50.3912982332143
20.8812293522491
-12.1731384135422
3.65559630288021
1.42913896987606
-5.36488191999081
-2.07592861010325
8.85776612587667
5.25740518603244
-14.1083817920068
0.395897051158646
6.82563068543575
-0.0707320087496921
-10.2119354436724
0.626461395061498
-8.32109255772014
2.14409358828632
3.52235633651348
0.973804447072531
11.5858109834182
13.6698527153139
14.8716733726395
-10.2145474617738
2.49894815553578
-11.7109068298517
15.2229863621758
25.6953946605549
-13.6926894371864
5.56114137832614
14.0116098882276
-10.5315242634503
9.31683745800643
4.85330188651803
0.504662070150108
46.1638135977828
-6.41205912411861
-13.0256259369096
19.3194926813445
8.0321158959454
6.5037163734831
8.25146463111333
5.88226569477899
-3.26096511412261
-8.02370771773482
-3.08524436009254
19.1326812243977
12.8169471304936
8.86374792068443
2.10342980992438
15.7504235296289
9.91977783799787
13.6775996948403
3.49036011869762
13.2820555534206
16.4346180471894
12.9775376341275
17.9007842824669
8.36478838056679
