# predict_model; Vecm
# name_prefix; aus_macrodata
# description; Austrailan macroeconomic dataset
# lag_parameter;4
# number_predictions;75
# horizon;1
# max_attributes;15
# predict;IP-WPP
# prediction_type;rolling
# method; Part-GFS_granger_graph(n_components=2)
"V1"
4.57932171106138
-2.77196436726146
-27.5392415214593
4.79613198893947
-29.8781921296889
6.48769182867491
-3.0427941598072
-8.12958871564349
-8.89963682429432
-11.8708031347318
9.72416500641137
6.63167657809986
0.565996522268621
12.191307279014
-0.264223300009143
-8.64400896705261
12.2771375737366
23.7795879163111
29.0968982198004
48.8734517007275
7.20458781107837
5.77084873227759
-8.48786428373104
-14.0920706071223
-11.5494384074868
9.97135267518611
-9.1350670366715
-4.57890074922375
2.32764048790754
5.8040517244347
15.6831380276191
-7.42696278244941
-10.0331783941071
-6.5986415644247
0.250201687610092
6.49758430047896
12.3780018443639
-0.247403076863096
0.685754818418892
12.1390234826232
6.34294091260768
2.68555903349358
-2.68677066224106
-3.94608447235472
6.68597424174742
-5.78703991349877
-7.6323993656637
4.36696113713316
-7.71675668399021
-13.0138122921036
-5.67441538396444
-21.5966446893642
7.41735916721013
2.55168584935286
-7.04429153015448
-21.8597257622179
13.5346876317414
-1.48828233824821
4.93966394530086
-28.1183688003501
1.23723126862545
0.629270452431108
-4.94930767478267
-26.9620900980174
9.25321156812645
12.2065261796937
-4.58359553135295
8.29770139751545
-31.0927599891733
8.07187352454226
27.1263649250997
27.4927877061647
0.214267154888669
-16.7035531886472
-7.1228792760305
