# predict_model; Vecm
# max_attributes; 15
# description; Austrailan macroeconomic dataset
# number_predictions; 75
# predict; ExrateCNY
# lag_parameter; 4
# horizon; 1
# name_prefix; aus_macrodata
# method; dm_KernelPCA_fit_inverse_transform_True_kernel_rbf(alpha=1.0, coef0=1, copy_X=True, degree=3, eigen_solver='auto', fit_inverse_transform=True, gamma=None, kernel='rbf', kernel_params=None, max_iter=None, n_components=15, n_jobs=1, random_state=None, remove_zero_eig=False, tol=0)
# prediction_type; rolling
"V1"
35.1072124680562
31.0613166038331
-10.6035255132916
-72.4835726057984
25.881418965868
-48.5036084880874
-12.9773501395795
-28.8052113158857
52.7650836140889
-41.7421623545951
-51.0723103946979
-113.129138773638
-13.1318207452541
11.755905634754
-27.4479791211267
-29.907299341579
-26.9920847005605
-7.55154162458148
-30.0646407384983
36.2402496218621
-85.7239153414514
147.679977399283
-130.121631906896
240.043175594704
-75.5100601652116
-22.2365638371969
21.0720947024532
2.91487198279258
7.82285656895296
16.357357462267
17.1363134697001
66.482083383244
-17.4088938811407
53.9776267047211
17.4644448585491
30.3913248354963
17.9617698835129
-9.49388940204946
-33.1619764310658
-18.4436121065279
-2.69020827471902
-4.73049343433465
-2.45479572700214
-26.714131121889
3.96911582822063
-3.04909722011671
12.7342852674341
157.366046446265
36.2938063459273
-54.1030206632551
-63.5042454328984
-32.2250534881139
-58.5707241566196
92.3151170879366
17.3723950858831
42.2127808387267
-15.3798260946921
-21.2016995685546
-3.18181426003868
74.3678057141686
-9.75237535573035
0.561746200891972
77.8193173582314
-63.9561082468824
39.6623439079969
-3.17208547759249
-28.6345406653015
42.2153155797398
15.3685913947021
-98.4688734330616
-27.1497517725894
22.7304384976414
-4.38879377634579
-32.1183907255537
93.9570094496763
