# predict_model; Vecm
# name_prefix; aus_macrodata
# description; Austrailan macroeconomic dataset
# lag_parameter;4
# number_predictions;75
# horizon;1
# max_attributes;15
# predict;HCE-DTA
# prediction_type;rolling
# method; Part-GFS_te(n_components=1)
"V1"
3.3015425105737
8.66339595796927
9.33622916230233
2.30455214412042
-8.52635048515923
2.0554996336371
2.20523801292874
10.5547314053841
-9.47996382776594
1.16218529371105
9.12536698809984
13.8999278755131
-6.60424514283515
12.919523532959
-7.68510173639732
2.67628737483771
4.75374462878073
4.11333933808924
-30.4499613319656
21.4601616654665
39.2034344621252
3.86648616422425
-21.6676721706338
-5.49967086366144
-32.0634586065808
2.75587434395167
-5.49976918189062
13.3119077672727
14.5093344916619
9.77625222764438
14.9220857524324
0.0361754907369098
-7.28576870959495
-4.10380544229544
-24.2037533488418
6.87966722570307
-7.51342488951699
14.9017912894847
1.93668710459428
1.85427256295358
3.84746420539591
-7.75108210386943
3.94195417911401
1.73656538403365
11.2974139736869
10.2910867413245
-8.1370867175043
0.706270849071513
-1.62709609616021
-0.599437988328266
-9.18268712435502
5.81486749999254
7.18168927028696
-12.0742806605738
-6.87446572058113
-0.723786735682672
18.6030416725129
7.80183031589028
-13.9929026389761
-0.432671633802693
-3.16300890251662
-12.7917013397947
-5.15168031097108
1.81576226892692
12.0512143443
-3.31895514922613
-1.95690585368688
-11.7567400663995
-10.6236611413394
4.80636253869845
-16.047421236422
1.59590790826507
13.6094999762579
-2.06807686334295
3.16726764405905
