# predict_model; Vecm
# max_attributes; 9
# description; Austrailan macroeconomic dataset
# number_predictions; 75
# predict; Cons-RecCul
# lag_parameter; 4
# horizon; 1
# name_prefix; aus_macrodata
# method; dm_FactorAnalysis(copy=True, iterated_power=3, max_iter=1000, n_components=1, noise_variance_init=None, random_state=0, svd_method='randomized', tol=0.01)
# prediction_type; rolling
"V1"
6.93568436182793
10.0026971297922
6.82025471479059
6.83335373959861
6.45327660810177
6.74512100023228
7.61245904928901
7.88387562281558
6.79968880869306
3.46060892413035
8.32534632777813
8.06999974896759
5.40417302926186
5.47548576342688
5.81513054760952
5.40744331209173
6.15552238008154
11.4679689547821
7.88728752661334
9.52604229995974
-3.1353707629532
-1.38362273314668
2.33868873859112
3.58595710120955
3.37536880573191
6.25694593663111
8.29796444125409
6.93326658971026
3.1383778492435
3.13239069197726
1.65184067123647
7.44834064909368
12.4426243013264
6.54627015744829
5.80024248225041
4.72327749004104
2.98046794502282
7.69444990967848
4.12725109427801
1.53026696961135
5.52448351308945
3.93638310821807
4.54240820198672
8.59147330459185
6.32774062697574
2.10796830417555
7.97111311737424
7.31666230375142
9.85825246897728
1.95359388299725
-14.9293283493145
-0.220455329603038
-4.5811908134941
-0.302851294425453
2.76946848851673
-0.110462793539986
4.51737100556398
8.74767498409478
8.33452204828595
4.8943893453787
6.18935884013131
6.13906119374796
2.74739968752693
-1.7012135483709
0.1737458856458
2.68829864580982
2.6065519849104
-3.45102352454489
-3.60151917549574
-2.32179765973501
-4.25164735327244
1.47812391615169
1.69099726545521
2.70194471437001
5.90215091318358
