# predict_model; Vecm
# max_attributes; 15
# description; Austrailan macroeconomic dataset
# number_predictions; 75
# predict; Cons-CigTob
# lag_parameter; 4
# horizon; 1
# name_prefix; aus_macrodata
# method; dm_KernelPCA_fit_inverse_transform_True_kernel_rbf(alpha=1.0, coef0=1, copy_X=True, degree=3, eigen_solver='auto', fit_inverse_transform=True, gamma=None, kernel='rbf', kernel_params=None, max_iter=None, n_components=12, n_jobs=1, random_state=None, remove_zero_eig=False, tol=0)
# prediction_type; rolling
"V1"
-4.7116159886337
-4.93847725346042
5.13681556647318
3.03427082019515
6.22728000008124
8.91358212129747
3.20711180569192
-16.7150526886018
-0.573642526116141
2.58413077880933
-0.937383265638017
9.44113192265788
2.7665501474884
5.36710360702957
1.04996048032281
-2.45431243613829
0.260436263962123
4.89491809532054
-4.98291843158668
-53.4699284811498
10.1270927424339
-7.50346394948506
3.11521328009577
-22.3910120841084
63.4673342956127
-0.558580300772731
0.847303343447475
4.01219279705907
-1.04117319582554
-0.791473636630291
-0.391894183463523
-28.7645948775726
-1.48260945700987
1.84431096251111
-14.7917134979611
5.56487339921216
8.14475151891561
-1.0869699477241
0.46620745813473
0.148232901471761
14.6527333805337
13.3267370986021
24.7786960561271
11.0241502575301
11.4679801452095
-11.5785877582556
-8.08318068278662
-27.4623429592289
29.8241819121503
3.60451979195655
-3.10394261318363
-6.3261584766419
1.18859298714661
-4.123313638308
-9.48042418877913
7.31040008598721
2.24852612570377
-6.28553964409474
-10.2466934440807
-5.79992866412884
0.482809730945854
-13.4935681452539
-10.1494117245617
-12.1192608786277
0.148340176863839
-5.45884746862476
-1.69741078380345
-13.3707163395305
-9.5487660824679
-8.19800123121057
18.5441928337995
6.6730225787445
-37.8459361487369
-27.1489838666557
-1.88811204440476
