# predict_model; Vecm
# name_prefix; aus_macrodata
# description; Austrailan macroeconomic dataset
# lag_parameter;4
# number_predictions;75
# horizon;1
# max_attributes;15
# predict;InvtoSales
# prediction_type;rolling
# method; Part-GFS_granger_graph(n_components=8)
"V1"
-0.0217724982410255
-0.0280415351133965
0.00691998763925609
0.0267557391438498
0.0190979251100463
-0.00887859557802772
-0.0325282552244465
-0.00809215056952934
-0.00170561763506076
-0.0442940935104626
-0.0452231212018769
-0.00520082114761495
0.0450969741562379
0.010138789156248
0.0140808975950357
-0.0101312308502657
0.00328794301938538
-0.0283991097238458
-0.0443300263356233
-0.0557861552813624
0.0398962934579604
-0.00212841376364914
-0.0448518952725392
0.0131164303267988
-0.0116611556379699
0.00837184478680203
-0.0363644372749418
-0.00824323849495
-0.00521692388049144
-0.00685386180536016
-0.0108586647510508
0.00381968574207476
0.00562396676116101
-0.0350292400086336
0.0331894376074019
-0.0475104064715135
-0.00021277460898901
-0.0239246739729503
-0.0167357570971608
-0.0240842327760357
-0.0500112544920366
-0.0382788864072744
0.033090477636367
-0.0195205910397798
-0.0156391144102061
-0.0213316104728871
0.00400714401444249
-0.0101205897887385
0.016556333510656
0.0306170805864554
-0.0219721899997425
0.0154263622017561
0.0233786291933621
0.0164156441216838
-0.00983024565509154
-0.0305740652619102
-0.0110769899920866
-0.0181981460692836
0.00709422318942894
-0.0122851117585525
0.00944665475910958
0.0137048349726751
-0.027967980851303
0.0195260768092963
-0.0166848120548658
-0.033832202183037
-0.02943147554706
0.0213195723065764
0.0211594992419882
-0.0146316928718068
-0.0152140183352725
-0.00400849380901773
0.00604725029908436
-0.00567717856645837
0.0103857363026495
