# predict_model; Vecm
# max_attributes; 9
# description; Austrailan macroeconomic dataset
# number_predictions; 75
# predict; Credit-Nar
# lag_parameter; 4
# horizon; 1
# name_prefix; aus_macrodata
# method; dm_FactorAnalysis(copy=True, iterated_power=3, max_iter=1000, n_components=2, noise_variance_init=None, random_state=0, svd_method='randomized', tol=0.01)
# prediction_type; rolling
"V1"
2.9645290553101
1.40205162939606
0.367844920527029
-2.04088269086755
-2.70784696231064
-0.829966505853354
1.14688580957486
2.3563723161021
0.196065748151426
1.53810208931413
-0.762165860923699
-1.0147891732056
2.33613442468074
0.568431688190977
-1.21395874709671
-0.900939050186719
0.387810177076191
0.717204541058954
2.23074835679361
2.36033133835616
-0.967666986330828
-0.857438755525268
-1.3664859240415
-0.311607223129375
-1.1557897072994
-0.271206545958891
6.55537492357986
-1.899317392582
-1.81149700142704
-1.46596426064577
-2.26380596513433
-2.54661178278706
1.46509795722786
1.41599133929018
1.15112436434663
2.15578664217791
-0.970790464793877
-0.317483615859947
-0.121651019237378
0.528649989305044
0.823974100669733
0.744718752764066
1.74520959587922
1.07952396588357
-0.111718366915359
-1.47196160703503
-0.517602251266065
2.2744255501908
4.87239525728567
5.80948194733318
-4.65193472295644
-6.02293904960378
-4.67206126260218
1.09111525571257
-2.96205580959188
-1.11552192737353
-2.80750752215967
-2.56361995610889
1.35530954747619
1.22932978592457
-0.685462251334286
2.69961479338546
0.666705645122786
0.31053647942994
0.65782343845239
0.567932580740506
1.23782531444172
0.319861763167622
-0.557564417328439
0.146845694568936
-0.604392905340334
-0.55409251437943
0.636312170461473
0.992032398239898
0.411581440579427
