# predict_model; Vecm
# name_prefix; aus_macrodata
# description; Austrailan macroeconomic dataset
# lag_parameter;4
# number_predictions;75
# horizon;1
# max_attributes;15
# predict;RGDP
# prediction_type;rolling
# method; Part-GFS_granger_graph(n_components=12)
"V1"
6.73578135831937
0.819295530557704
5.04245095214257
2.33253470898959
6.83085471106288
5.79327968509595
6.90710105283685
4.48607528828366
0.206356547799431
6.3944104458709
4.14363273421801
8.8833191682905
6.09881638236596
1.02701241032725
6.72193563607443
3.7078239936605
1.51583419397027
1.34637377386955
1.61782446674245
5.34782135172029
-2.32331691810345
7.73715049080766
3.98231550986751
0.223893838733156
4.57282113689198
8.49459170059813
2.4339799496458
9.74778406685056
2.18379682579417
4.95227471059093
6.72268817051773
4.09051671222864
1.02424124981012
4.6454073499813
-0.0412377668105924
5.59623457702098
2.16899673496739
-0.0116105700374105
1.57603085582798
1.48171391190556
3.84005373416675
4.10796875304198
2.48896585870376
5.05906379527569
6.39327279199982
2.68806969519324
3.80627790213523
4.27301922416637
5.17928332778269
1.67827301681666
-0.451654192898656
-3.06413334648032
8.83638688271557
1.67845031703866
1.03408088276089
4.40098036241747
0.40127431767541
3.23285180726013
0.806489593396366
2.04158758475972
1.76724912983039
-0.322515199825834
1.54440496322165
6.61698347647554
6.75365318655447
3.06664055384125
2.14386196759035
2.62792051318543
0.815925760796353
-1.39244589875721
3.69728191626006
1.24165381414587
2.57749016864479
5.48275070927162
0.383017432102858
