# predict_model; Vecm
# max_attributes; 15
# description; Austrailan macroeconomic dataset
# number_predictions; 75
# predict; HCE-TelEqu
# lag_parameter; 4
# horizon; 1
# name_prefix; aus_macrodata
# method; Hits_te_(n_components=12)
# prediction_type; rolling
"V1"
-9.3290857601861
-8.17022406328839
-1.27452567311802
5.44704120333054
-8.68810086518092
-3.89073327516611
15.508662168357
3.00361596165872
10.3395244412908
-2.02488390795048
-2.15606315515941
-9.3657656847963
-0.417356017632731
-2.93063093883638
21.1482652800598
-2.85496432157593
-6.94524186905201
-1.80366165056936
19.1940232480181
-14.201320622053
-5.6755003903803
-3.6800704757421
-3.17877318092551
3.80640216777528
8.17942880260871
-4.01466375928365
-2.02605272907474
12.9052383140049
9.99696201591004
-0.376141417437069
-15.1291507698079
-3.19524139924092
-0.978935225495959
-2.12908732584329
4.72751915444879
-0.157119975178258
-4.0783214191914
9.35346049866249
-10.871107576263
-2.14547275377487
-2.64639100892359
8.07938401684153
18.0206212439351
-9.85258652980517
5.43147071762859
7.27185778329548
-9.85485813072452
5.43540575840658
0.329320324785767
-5.30388827786155
5.05916968402883
-7.66912039022021
13.8747557436734
-5.821620101656
8.66924238359035
-5.84237650057868
1.07443039303959
12.0710271409933
-0.346122568819832
2.01947538510691
3.84838046684234
-3.52160422527527
-3.15965318696773
1.63533884722688
0.962291478247335
-0.804967599144915
-5.26543473262431
5.39466694976394
-0.87084473821142
4.77071613427524
-1.32736853511553
-0.848525520823088
10.0837267628072
-8.00989177048131
-5.21477265420577
