# predict_model; Vecm
# max_attributes; 15
# description; Austrailan macroeconomic dataset
# number_predictions; 75
# predict; HCE-Post
# lag_parameter; 4
# horizon; 1
# name_prefix; aus_macrodata
# method; Hits_te_(n_components=9)
# prediction_type; rolling
"V1"
-13.4211275794508
-12.4332600335296
4.21188160767042
-5.86058579450746
4.08080008914344
7.50133559368923
0.044187514156096
3.9751324993442
-2.92357196786489
-3.20992621026283
7.75514086782634
-7.27742032092752
3.08774342754515
-1.69182958361641
3.65326069431459
4.04327262226283
10.3940023882086
9.69163204430645
-8.28122880332756
-21.1681179917406
10.2342106242832
-2.09981064236326
-2.36767855531122
5.19047948949627
6.23543647139269
-6.30746186804806
5.17417628678773
-3.43114546268601
-6.1498410964756
4.8490566324529
5.75859622766049
-4.24334524805699
-6.60856883086953
8.54445539602477
-3.85834030726312
-5.30839855468219
1.37388057339889
11.0614410719425
-11.1067008718842
-0.811858025543287
4.36715363869549
-3.36473063816746
1.13771617869385
3.68466079104715
3.38745659717452
5.50123985553721
-4.73863661987958
-10.6857299621738
11.6300876709044
-5.60012862711556
4.03502464314182
23.0005164277222
-18.2078848786124
-11.5182394452643
11.9651784335981
11.2438446986108
-7.74597547159915
-12.0981080479368
8.49157031605402
25.8699988080878
-18.3852443692414
3.77101618360334
-1.64790792683343
5.22800099989262
-2.08343668266965
-10.4750427517696
-0.236267635589056
4.8447465086828
9.15362267453669
-16.9915215139921
8.19481034752055
10.1972256813476
-13.0009875839982
1.70990618917022
-23.0369867559127
