# predict_model; Vecm
# max_attributes; 15
# description; Austrailan macroeconomic dataset
# number_predictions; 75
# predict; TotComp
# lag_parameter; 4
# horizon; 1
# name_prefix; aus_macrodata
# method; Hits_te_(n_components=3)
# prediction_type; rolling
"V1"
5.5259181297329
4.5266094958406
6.22674153297903
8.07142250037725
3.7407844875066
8.89447692791807
3.26012144864906
3.54886935371074
1.78908575546243
5.72320710249625
9.7435636108981
3.32173343677475
8.66359364359653
4.79548494426335
4.8900764047533
10.5513038866583
5.85374350553968
8.5806470752917
9.48423116378649
8.06045683716043
6.15192145794129
3.98128875525779
7.11066541209686
6.91592840521426
3.69023920205042
3.94608518288534
5.58139784944038
5.65232589551512
6.11259623504938
2.22650197944473
3.85220711997771
7.32994345536327
3.66205789164312
5.64995475362334
9.23599759697334
7.32068555426607
8.24306865040722
7.05706158192252
6.92898817408851
7.37696685271092
10.0723566581787
5.58048097971402
7.95305201278069
8.13195581149587
8.0529443808489
13.5547965102239
11.8769798615553
7.22890726564522
4.98134647020865
10.1630888823684
5.6069015209653
2.14982386563585
1.47501196504723
0.974715788543342
0.496994137479083
5.47214499732115
8.11232372785138
5.3842783884298
7.13192858727637
9.47472792150854
8.78343269176957
9.65158993011822
9.91491538087149
4.22350255580932
5.9286258340581
3.9310718320923
3.78389935843177
4.39406604877996
2.768900325524
0.770764164328377
2.43787649282213
1.72970710039015
4.55170089702066
6.05066849373147
5.13303858649889
