# predict_model; Vecm
# name_prefix; aus_macrodata
# description; Austrailan macroeconomic dataset
# lag_parameter;4
# number_predictions;75
# horizon;1
# max_attributes;15
# predict;ExrateSGD
# prediction_type;rolling
# method; Part-GFS_te(n_components=1)
"V1"
-2.08169736811171
5.08308336714611
-0.968598471825253
-6.89796984439411
-5.22586704059023
-4.94597207130409
4.70641568296245
16.3722425819831
25.3743198077442
-24.168307420834
-0.16300351556359
-0.77024360957498
8.86789209682035
8.68190423082997
12.8019799318335
9.67493477270708
5.68583712610389
-2.90671972996962
-1.97395225639013
-19.7104142921818
-13.1428351084686
0.0734999678880701
-6.16768191661677
10.252057882425
3.55276631798807
16.8974379168549
-2.57926472131036
2.13823502405385
7.54102754487653
28.3531507579201
20.3926241009095
28.920033842496
18.5681502569535
2.20439556791877
1.51463994883593
-1.437823241308
-3.66102979594529
12.8792422296892
0.837852952016702
-3.87358002244665
-15.7849192530623
-8.2550461804811
0.311808398900318
2.07685141871062
0.863280704502449
17.9546793708367
6.97975068683215
3.50923591646078
0.972235206354789
4.57236297942022
-22.3660647006162
-53.9227183794252
-11.6197836953074
-20.4311282227831
5.46723262696109
26.1884687989795
3.97575967491268
-16.4449659019189
-9.15778846385339
-14.0224307439993
-7.43949290084833
28.4009306161658
-18.2266752836755
6.34479386008526
8.41291261325494
-18.6138235385485
-3.13429124415037
-14.4986859234056
8.90001051224092
-7.45917510926049
-22.8628777809418
-14.9344453561304
-15.0383884485446
11.2078650985153
-0.263942863910418
