# predict_model; Vecm
# max_attributes; 15
# description; Austrailan macroeconomic dataset
# number_predictions; 75
# predict; Emp-HoursFt
# lag_parameter; 4
# horizon; 1
# name_prefix; aus_macrodata
# method; Hits_te_(n_components=12)
# prediction_type; rolling
"V1"
2.05223938376449
-5.08500215652242
3.55503178998959
0.443413878217622
2.94751593047475
1.23836547607694
-6.10376469867932
4.28078157580682
0.79440492433238
4.69292107518682
2.10790837054571
-1.52696063253654
4.34243558089816
-2.5072236595415
6.49869664927369
7.97797442774397
5.0811199452212
4.32555948547344
-2.42397389898852
6.98846668905887
-1.74841625312319
-7.05709039606024
-0.19200387278357
-3.47334134411852
1.29988679660379
0.722547123211402
2.39091312591694
-0.188701481480906
3.58134513413465
1.40654153273278
0.225338389050094
1.86392281710448
0.339802969773862
3.14045437342555
1.12238242143745
4.57547391841967
9.05843930675035
-1.41212401179039
1.22160830213037
0.309296311978647
-1.25687592915638
6.77907604038707
4.99342678615393
3.30158362801854
-0.149660700418815
2.6352465295741
5.57178045254196
0.365393006337406
0.781348624607365
-3.85504998825845
2.52858043603464
3.07151387891333
1.96795002552227
0.0659587144502698
1.64373600603477
4.22292375408809
6.49238599432844
5.18229786386193
0.628095069405402
0.434170160237424
10.0511827641727
-3.73269388735228
-0.806646057904502
0.684782281451151
3.47339731789232
-1.78708524810961
-3.74472174603133
0.0615022141954469
-2.21301433599118
-2.52013591486486
4.21818956325431
1.03445177154984
-2.85184929531901
3.0101992582097
5.20864133153238
