# predict_model; Vecm
# max_attributes; 15
# description; Austrailan macroeconomic dataset
# number_predictions; 75
# predict; 10yrNSWT-bond
# lag_parameter; 4
# horizon; 1
# name_prefix; aus_macrodata
# method; dm_FactorAnalysis(copy=True, iterated_power=3, max_iter=1000, n_components=11, noise_variance_init=None, random_state=0, svd_method='randomized', tol=0.01)
# prediction_type; rolling
"V1"
-0.414638406032543
0.522461612885995
-0.435701617290668
-0.893502013142528
0.125590592706201
0.267309186523565
-1.14908172074383
0.231442456432203
0.359078345773252
0.200532767772438
0.0227968753121276
0.126078209224731
-0.734613718295788
1.16691439100574
0.588193928596012
0.144416150790345
0.32914573972893
-0.197159320840803
1.05060433101011
-1.92860664379474
-0.681140574510375
0.0931657301374874
-0.0101978323023338
-0.442403702791044
-0.0384762358692728
0.887887240132919
-0.817503812289403
-0.126780440251911
0.0149754837100862
-0.589035963861343
0.502916723882846
0.289212736462851
-0.321730640034932
-0.015037630075934
0.026013932150959
0.277521352120579
0.0907649634518262
-0.151817020346928
-0.335756865816832
-0.033805369169932
0.0678274530302137
0.511217391668727
0.447258410247166
-0.413875146959169
0.166310568309274
0.526457540292282
-0.209576984651026
0.173164534224854
0.13520710802541
-0.478857591431629
0.187141999024732
-1.92754230813322
0.0501872219499793
-0.107032544889716
-0.37218726539036
0.0114830827386973
-0.700973337611662
-0.105120433448423
0.0366586848336592
0.411361426333809
-0.0295298482644605
0.28064091619853
0.114397572933969
-0.0986449425774331
-0.0222715624156937
-0.548996957924232
-0.357720853217376
-0.31681459758778
0.424544634167729
-0.362912408496069
0.472597720003264
0.449419170009747
-0.149764121961222
-0.119489719034367
-0.251038829366826
