# predict_model; Vecm
# name_prefix; aus_macrodata
# description; Austrailan macroeconomic dataset
# lag_parameter;4
# number_predictions;75
# horizon;1
# max_attributes;15
# predict;IP-WPP
# prediction_type;rolling
# method; Part-GFS_granger_graph(n_components=13)
"V1"
12.7009771035903
36.3315213084553
-13.345738940573
-44.902706252955
20.9566454397397
3.24430963843002
-15.6088895785857
-13.4512430871871
-13.2112539766564
8.55435584916111
-14.2098896056285
29.3717844306922
-25.6112557026979
2.13740274236207
9.88785687851625
11.194361560248
35.9312101765001
-7.81405374282937
15.2659152273852
8.96562681075851
12.1068288839206
42.1301242908923
39.834257665025
-47.2245821252519
32.249514858375
-23.8971550688725
-100.06347592203
29.4925118913447
16.2411720309884
-14.775829696892
-13.6791208277857
9.54537935288856
9.63602515163168
-3.35843417592065
6.90809122687351
-0.387056799019097
-11.8348562113125
8.22086346857504
10.3424599807631
-35.0942683659145
-6.23391822988375
38.4162361818001
-8.70379397460404
-5.96015632646764
-7.83153523728976
-37.1254824490559
22.3554872186324
13.3057094682547
-17.6173971740486
0.222310076260014
-40.9621104149573
-28.0336436537729
-13.8956627559944
20.4435350694535
25.9871545999185
2.54913031044301
-27.5894384732713
50.5401052044841
-24.7554628928764
5.0598957441369
-43.787083869014
-26.3681967598126
46.1313784037285
-56.3883723837787
6.78387783122829
-33.0632666101864
-11.5638759986072
-20.3168315546836
-21.5304599668348
30.6881640623735
0.980720325197069
-32.8858379722216
-8.92217615037493
38.1629793284938
7.16110092155326
