# predict_model; Vecm
# max_attributes; 15
# description; Austrailan macroeconomic dataset
# number_predictions; 75
# predict; Cap-IntPro
# lag_parameter; 4
# horizon; 1
# name_prefix; aus_macrodata
# method; dm_PCA(copy=True, iterated_power='auto', n_components=13, random_state=None, svd_solver='auto', tol=0.0, whiten=False)
# prediction_type; rolling
"V1"
9.39918243673085
20.3424502201335
13.2306975698587
0.183249731627841
-7.36877006499234
18.2060953576978
6.46598308190893
5.64969536650167
40.7606020968242
32.9153093218671
-8.1092213587202
-23.0802899349599
-1.52887449585496
2.70400070928354
2.24170907184588
-0.0212464855776802
15.9577639709142
1.03524672805385
53.3727909920572
-10.5158613543998
8.52431995909951
12.3665087311018
17.2017220740214
-0.143373833994712
3.58454914113104
7.47524501941363
15.2649714200912
9.47617739415296
12.4369447982908
12.7825853218032
-12.0251444503047
16.5959869909192
3.58437253283077
12.0624948020125
9.84472365559843
-0.141144514178148
13.1588389036137
7.82917727784996
12.4985776219057
2.85956798739254
13.3469316301306
20.4488466633923
27.4684134603168
23.5599447353909
1.65816158890849
21.695255037119
31.5447239442463
19.3314568436196
27.1694946674104
-0.652300871097445
-2.62198504911804
-25.5369730126288
-1.67586356733459
-18.7512429975765
8.76961391583525
5.48890413206133
6.66772502137632
10.8941397478306
-3.0092332830351
5.05249058697163
9.26139805466311
12.7817064546349
15.1528988171673
5.52413867798471
-1.49323778493953
-3.20633298347515
-0.966832069638438
7.62677588554504
-6.03107722051286
7.43235860238454
-4.09017764762299
-10.6487937287162
9.15226860519011
12.7493779435695
0.926805942199164
