# predict_model; Vecm
# max_attributes; 9
# description; Austrailan macroeconomic dataset
# number_predictions; 75
# predict; Urate-LFT
# lag_parameter; 4
# horizon; 1
# name_prefix; aus_macrodata
# method; dm_PCA(copy=True, iterated_power='auto', n_components=6, random_state=None, svd_solver='auto', tol=0.0, whiten=False)
# prediction_type; rolling
"V1"
-0.083872289949721
-0.131301658803185
0.0584997474217017
0.173850129517044
0.0180964808681084
-0.227780852712805
-0.0185623067327793
-0.1068580369795
-0.0373101916664959
-0.0542425410390579
0.125839798632256
-0.193405683671573
-0.438533886408316
0.116243125001583
0.152934115363216
0.207387302278138
0.0229375635901255
0.0160769952069493
-0.438164846355934
0.59840686908198
0.18975047364807
0.394311655318529
-0.174140231173827
-0.250088633005662
-0.26545512272885
-0.246225927122122
0.0421747212563934
0.104441171336491
0.132084476769915
-0.221156361848366
0.191356640941106
-0.0626843560789633
-0.0395167430284047
0.0640940350688144
0.071100101237778
-0.0343416262510265
-0.0746792160686635
0.159413675657718
-0.152318993562817
-0.0140697506249674
0.00627013029870703
-0.0602405184535287
-0.0613507249057805
0.090904179172922
0.0387238430967836
0.00539582756189587
-0.185235667175386
0.257114112735652
-0.105169020228393
-0.2895811821393
0.272758100867129
-0.110935809956396
0.171909594530225
0.176838753285243
-0.405127481325053
-0.360129972425008
-0.128532104038604
-0.366364592501143
-0.045732663932246
0.0291861096339242
0.153316635949285
-0.113245940643905
0.424201060534113
0.437576595367649
-0.0135782204559556
0.108620047746469
0.035612375075159
0.217055083510599
-0.251465406203813
0.0900574510633491
0.243283527993666
0.0291614121176082
0.0573403669120461
-0.163465800182644
0.0637687938328473
