# predict_model; Vecm
# name_prefix; aus_macrodata
# description; Austrailan macroeconomic dataset
# lag_parameter;4
# number_predictions;75
# horizon;1
# max_attributes;15
# predict;ExrateJPY
# prediction_type;rolling
# method; Part-GFS_granger_graph(n_components=3)
"V1"
36.1378471038386
-4.269807734783
0.417997575255205
27.6389135206433
34.6505421488553
-7.46296917153931
-16.0520780483412
-15.9680344631133
-0.352772765626596
-2.63498734909972
-18.7318474794172
-35.4578874199343
-8.40031405390588
22.3759308869827
-16.650192817782
-36.6544638575527
-10.1586427360375
-4.14999390558557
-14.7427998185619
-23.4708462696749
5.1910444496347
26.3928296490842
-2.36901821127998
9.87790823738269
23.1615506281069
-8.55275822765804
-7.44407352996929
12.1299348099577
21.7819202175686
37.2024564426552
-9.69092707115942
-4.27166057706543
1.13254478578928
7.21893009446741
-3.39434250101292
3.46618757296853
20.384136912965
5.75530017105718
-2.32502865600289
10.3102535317981
6.42506735166458
-2.10929804424741
16.1765677196087
3.33663883850301
14.4006766528249
34.255745661678
16.2749949859264
6.59808292399383
-15.6848620898947
-28.9610956706713
-14.6368288566746
-60.3310147487152
-38.0959214928874
42.5296937204088
-25.271410041035
-7.64425180352194
-53.582992188331
-48.380468059056
-0.378834750880352
21.7937889118663
18.6047235324112
11.2395429093895
-1.42320865105366
3.11821974273225
23.8461016091379
2.50077330656927
-5.96503517013118
-3.15343829304397
4.92789886329598
7.37206494698781
11.3971802177826
21.9152191114952
-18.8860454157704
-10.2200231249549
-4.43384245284698
