# predict_model; Vecm
# max_attributes; 9
# description; Austrailan macroeconomic dataset
# number_predictions; 75
# predict; HStartsTotal
# lag_parameter; 4
# horizon; 1
# name_prefix; aus_macrodata
# method; dm_FactorAnalysis(copy=True, iterated_power=3, max_iter=1000, n_components=3, noise_variance_init=None, random_state=0, svd_method='randomized', tol=0.01)
# prediction_type; rolling
"V1"
-0.351324969992543
-13.8131438802948
-21.1039610002339
60.6969807718554
47.2338053541182
-26.9393513515128
1.31659754682527
17.6133307176637
-3.64249391040492
-19.824547081917
12.6728016373077
29.1639050652423
4.27015192599166
-8.51853687628295
-24.58973341691
-18.4301003486047
11.2971924224328
16.8404674632691
18.7415541218882
1.01799982900276
47.6720431525554
39.0248746183122
-6.73320325531412
14.2259902099731
11.5902591003384
-1.01449934774092
-14.8174762649754
15.5823249312016
14.8722842877894
-11.0934642179601
9.86610923140614
17.446094276589
-16.6789304541969
-7.94345116558295
21.3846677692555
11.3037880495887
-5.12492001060761
-8.54854125495942
12.5219254273071
22.8700375982099
2.94060582020955
3.73560707040723
-1.371216601458
11.9434050047096
7.99680563333289
9.48076862929081
-27.4053505911376
12.1219419723382
-32.1771573402173
-19.6215906984474
-14.8803280256289
-37.9427512741833
68.1367978767316
-4.16113774216597
-18.273135471443
-45.0747679787527
-66.7916460747227
-14.1666822789649
-5.09353550196096
12.4484440009968
8.51567271731002
1.74632528011078
12.3030338228515
24.1317247573614
-2.31748664985201
15.4191633769881
-0.235110537286033
-5.85250900453666
-9.59400799525963
24.7124335486124
17.7041083842861
15.9431541457561
7.92836466725884
-22.0710985568984
-1.43786556323237
