# predict_model; Vecm
# name_prefix; aus_macrodata
# description; Austrailan macroeconomic dataset
# lag_parameter;4
# number_predictions;75
# horizon;1
# max_attributes;15
# predict;IP-ME
# prediction_type;rolling
# method; Part-GFS_te(n_components=14)
"V1"
19.4006487729885
10.3607961576552
59.6424555324313
-11.8092530871628
-9.4895667352266
5.90841587111205
3.99902308396435
-8.43591100739896
31.9826997602455
-0.474457332569058
5.16646308422257
14.5908947997163
17.5054624844899
-35.204872801313
-12.4202383496912
14.2650127228738
7.12215133131048
-63.1258643984672
11.6816914399994
11.2380501246529
-2.71888523971001
-1.24651043375737
1.0822441618319
-3.5331925648808
-34.4248254519504
36.0748447463149
-28.7838853654047
15.0184533763075
4.99565313529871
56.1046511660387
13.9223987935825
-12.1191008176824
12.6017326105574
16.194831103704
1.77411450166917
1.70063489470545
7.03124653799293
8.51304563762011
22.6674398578092
9.83698646941269
-5.49717101436246
-29.4392084881779
-23.2300314943853
26.4100820688853
5.34671592166422
-0.635933904922864
11.0023940992345
-9.62550280034531
24.4863611610146
7.56483747499297
-6.25518842024081
-36.4442186768239
36.727396496513
-4.57112323085634
18.2494830211031
19.6554116711835
-3.54764174136724
-10.3317781019761
-12.3915943988372
7.5620604432845
-21.7381211623366
-13.9482333023347
-15.0118799081601
8.590822033956
-13.8290807770224
5.69276332942931
9.99399685421248
-7.33219123984739
-8.80505914029324
-24.3752300636821
-9.34520410485269
-16.9808323465443
-4.13196025945821
-17.7756913066479
17.5678481933408
