# predict_model; Vecm
# name_prefix; aus_macrodata
# description; Austrailan macroeconomic dataset
# lag_parameter;4
# number_predictions;75
# horizon;1
# max_attributes;15
# predict;BM
# prediction_type;rolling
# method; Part-GFS_granger_graph(n_components=3)
"V1"
4.35715408612156
-0.0822500138693231
2.48191232441884
-4.61140856631361
-5.16623057272811
3.30701661811577
1.57548693258523
3.98239160334049
-0.83012219449537
-2.57664575798189
3.02121334101853
-1.37814824945227
-2.99180499107018
-3.12617215233082
4.18550447055147
3.78984459701593
-4.79945521041055
0.0149793066301056
-3.61357800837743
-3.09789672164512
-1.10284256716645
3.83225970590467
-0.288824940011129
-0.959784442164836
-4.36165180307639
10.6624513207446
-41.0711998664681
-8.01418184070833
0.567225647605042
-7.64207425164661
16.0330860765625
11.1513451503567
-2.95217957823876
0.796700515614901
-1.88337910319835
-4.78743425115125
-0.318432271870759
-3.75724494304431
2.25326101626544
4.78431390650826
-7.20321654496844
3.75529850781007
-0.742516420797682
2.33861819346225
-0.136670957618188
-2.96617492713747
-4.46836950455215
-1.12649042168519
0.553156055150775
7.08691624311968
7.76753056431544
-2.09812625270406
2.23786126124467
7.64490689749869
-7.2221291305542
-7.10828944252048
-2.7688938910386
-2.8450186520788
-2.9019075290088
5.5642017341872
-3.8973659675611
4.54979389691594
4.6286334172538
-3.75704324606624
1.72045380988511
0.409301237999724
3.31011271733745
-2.34287885300714
3.29729587330414
-0.975589158443382
-1.71190501828013
4.03028178584785
-2.41186608342809
4.27350611546992
-2.30944306438498
