# predict_model; Vecm
# max_attributes; 15
# description; Austrailan macroeconomic dataset
# number_predictions; 75
# predict; IP-Total
# lag_parameter; 4
# horizon; 1
# name_prefix; aus_macrodata
# method; Hits_granger__graph(n_components=5)
# prediction_type; rolling
"V1"
7.26639061535821
1.01791056555759
-2.42425721525996
2.11632569943098
-1.14406334057527
-1.78029153563392
5.19559861010283
6.08332939445347
0.731610998186757
8.02895708148797
-6.89432719359435
-0.550693251866872
1.54277919355055
-0.785276868568323
-4.28433339695517
1.18859729847799
4.01756166491303
13.7574838490487
2.80795857941554
3.64908456283413
-0.867534241332162
-1.31523623287355
-0.0295051917064899
1.18927544383069
5.6760930224912
1.44971454730793
0.790369024256717
2.73243222087685
1.27852731002775
-1.16930779955295
-2.22611889199759
-4.5628647313564
0.387201612057343
5.69376285615193
-1.06883653070096
0.226821054186979
-3.90642085446681
5.09408248577173
4.05725975173496
-3.28101006731667
-2.35761190099341
0.882962230464617
3.55983081148014
8.35902741975849
-2.47305932121823
2.41737073208289
-1.38376739978261
-2.723894028367
13.1566549066913
5.83653447415452
2.55985535495128
-6.76435484787293
-4.34094853850345
2.45711231668054
-5.40424556384048
7.51770353466983
7.75237243425352
3.40275098217784
3.27940029758392
-5.19807987693887
-6.038500387482
8.58796829336903
4.62565364795333
8.22354587763026
-0.884994584038083
-1.59280139630865
7.94707222866003
5.91077699894998
4.63087023604701
-1.07012693428379
3.22415435029333
3.21289291854383
10.185575027956
3.84230696176233
4.69785336736954
