# predict_model; Vecm
# name_prefix; aus_macrodata
# description; Austrailan macroeconomic dataset
# lag_parameter;4
# number_predictions;75
# horizon;1
# max_attributes;15
# predict;Exports
# prediction_type;rolling
# method; Part-GFS_te(n_components=9)
"V1"
3.91816996514594
11.5859118698201
15.039581256069
-2.2558558573677
15.49353638694
24.3777800538031
34.4254225009733
2.88184281022855
-19.245633502345
9.76208152501091
-15.1901676064413
9.1792798858428
3.42239000836557
-3.31304826265981
10.3668648596448
18.3558671852471
5.35005696483928
22.531586399965
-3.46030905792787
15.0695255102366
-10.3292980524138
2.55234219047729
1.63496930735608
-9.18529155844575
5.10255454917904
-18.7290083917919
7.992634143254
3.69207342887828
1.63592217641425
-16.1160293158734
-0.797877905762152
-12.8302231178448
12.3005703339653
26.1100060365758
-6.42935685633363
16.1866616415912
7.57074391402195
5.78062036011399
-0.735511744966342
7.13837253176324
-5.59360712618723
8.82619062561453
1.86183898073393
-4.05797683581861
8.07187493783052
10.8332089021337
19.0197068808951
-7.31294878956372
15.4926744455708
7.74838717405915
-2.36374838513714
4.92824285689633
5.83867763851516
8.0330669764202
5.35065411563991
1.22421748654806
16.2096585231358
11.5630518389451
-3.42557818575392
-5.9634385722897
-0.179539072994844
-9.62104414794197
7.1256193495553
20.0552748268718
18.330062857539
-6.52116267620947
1.13752193126049
14.9611416508062
0.0454109556678106
13.7271499527669
9.22432662115103
-7.09009885226026
9.92339656383509
16.1118859180694
10.0485108560285
