# predict_model; Vecm
# max_attributes; 15
# description; Austrailan macroeconomic dataset
# number_predictions; 75
# predict; HCE-Pet
# lag_parameter; 4
# horizon; 1
# name_prefix; aus_macrodata
# method; dm_KernelPCA_fit_inverse_transform_True_kernel_rbf(alpha=1.0, coef0=1, copy_X=True, degree=3, eigen_solver='auto', fit_inverse_transform=True, gamma=None, kernel='rbf', kernel_params=None, max_iter=None, n_components=14, n_jobs=1, random_state=None, remove_zero_eig=False, tol=0)
# prediction_type; rolling
"V1"
-20.9742314747308
-19.3821041953819
3.06433794933038
27.3372809900058
-11.5028206172781
-0.218110693927334
3.5920185341104
-42.304653447967
52.1233574949451
-5.57185122542191
5.65279403550602
0.770959764670281
40.6815087804101
-16.5829446803683
5.43284030578271
32.9028818254383
-7.40356470232809
-16.9462907169169
-6.99764049882072
-27.0883539835416
55.2719652784364
84.4250406383811
14.9193339198299
2.09616839137667
-73.7230811367047
12.1028212730029
-11.4370713453324
13.459000529473
-4.80532093650212
9.21460371806711
-7.68843589981738
58.5798738711014
-55.7402478697849
-1.74857501266209
7.28702354244251
-22.7586672154392
9.08861849858955
10.3313244695735
-7.9290310743939
15.0505048875063
0.591801591143772
-11.4039339257424
-32.1452788289434
33.4873609758879
-11.1299323483266
23.4815932237941
-35.8368982510501
-10.4587934529566
-24.0955157328519
-5.77708047461912
-3.61015395815261
2.22767561648641
17.6655233989884
-21.6366136703294
10.4562722921731
-27.8228513040417
-20.7154303836963
-2.42514193443471
-13.8448110489563
-25.4887201392028
-5.5567571758266
-8.44259291677563
-5.42555953997447
-3.4997071859132
-5.29181227662839
1.75087300960708
-8.66917643910934
-3.44218706830965
-2.980683291616
-5.93441886658296
9.10682016677307
7.48866616269013
-3.18113063071593
13.512885041943
10.978456203556
