# predict_model; Vecm
# max_attributes; 15
# description; Austrailan macroeconomic dataset
# number_predictions; 75
# predict; Cons-InsFin
# lag_parameter; 4
# horizon; 1
# name_prefix; aus_macrodata
# method; dm_PCA(copy=True, iterated_power='auto', n_components=9, random_state=None, svd_solver='auto', tol=0.0, whiten=False)
# prediction_type; rolling
"V1"
7.08691298675493
9.67506160468887
9.72155038202508
6.35825390198255
7.05671010729997
7.14713306412444
18.3324481359338
5.03708729623156
8.23108621905092
13.0027092432662
9.36367856822996
4.35791845732559
14.8739771656329
12.7508796792904
8.80101490933539
7.14675118213584
10.0437196424784
2.23015328063608
-12.4247903564074
4.72552049534212
1.81621268256457
0.544419562298533
-5.10063890278499
-6.22359922334924
0.337011175781997
3.67340514248199
1.35169258112349
-0.833169692897796
10.0909929354091
2.07657028275272
6.08509259448668
11.0203591819997
9.02755715377211
2.72725065063177
-0.0105855200055465
1.18174199950541
3.14980738202131
11.8007054262708
8.90791631562578
5.48391675626387
4.40896962114639
5.07199574730917
-1.42830813942629
8.5592958258131
18.1557722310657
13.5537693725868
10.174010690223
8.21816311947837
-3.27002830256546
-9.56477382159684
-9.38315434465721
-17.4316721669705
-3.56336018296214
2.12639551502765
-5.8663778583741
-8.03009193922385
-0.39725708243738
5.28535935989295
1.06734611523413
10.469775211982
0.277349992543066
7.21999495099796
-7.84045793394817
-9.08847328304497
1.82062004434997
2.56958541779257
11.646542469939
4.87891521421759
-1.91722378093528
1.04127098997873
10.7544645554305
14.4590950666394
1.8438277254428
10.0604157269888
-6.24799685497662
