# predict_model; Vecm
# max_attributes; 15
# description; Austrailan macroeconomic dataset
# number_predictions; 75
# predict; HCE-AVCE
# lag_parameter; 4
# horizon; 1
# name_prefix; aus_macrodata
# method; Hits_granger__graph(n_components=9)
# prediction_type; rolling
"V1"
-2.37493466184164
-4.67312001640152
4.50479140294731
2.81186628807368
-3.87310593095177
2.04176630001299
2.53948809340149
14.4294904471996
5.25069981673238
-10.3883226476983
0.442919626983966
-7.52804407903693
7.07570747450489
-3.44005415899975
-7.81035660793654
-14.5614741388504
8.61269096681386
26.8153530867071
-1.58225581918893
-10.1857691822726
-4.53994249473892
-0.0624506759184735
-5.09453726748486
17.1599971031283
-2.09784394555854
4.58615114084589
-5.70350057998732
-9.15194841280031
3.28490501096165
0.483578305537845
-26.9176937047386
21.9493854914702
3.79727182633449
-4.50885925779609
8.71270685018048
13.7131405141862
-17.5002301178574
8.97785355359696
10.849244342009
-10.3044747157042
6.89813071832452
-14.4329299082099
12.7688393349707
-8.52358819576252
10.8706800828205
-1.3327492320968
-8.73224662167532
1.36834727840204
-6.44303347369057
2.87364627629194
16.1025290149167
42.4373772754925
35.765247875718
0.357477954823355
-5.04123563526838
-14.3438670255979
0.612312374229916
1.98519217780299
-9.56496854593971
-4.32820120615414
5.9456964155249
-20.1411329464907
7.20477105310216
17.9732458866454
6.14548753497149
0.0599396786165444
-4.87656960929268
11.5813917502063
-12.4774057171523
3.6534557969801
2.708945344233
-3.38677649332377
6.83689686728038
-2.60928129520615
5.1819924090091
