# predict_model; Vecm
# max_attributes; 15
# description; Austrailan macroeconomic dataset
# number_predictions; 75
# predict; ExrateMYR
# lag_parameter; 4
# horizon; 1
# name_prefix; aus_macrodata
# method; Hits_granger__graph(n_components=4)
# prediction_type; rolling
"V1"
-0.0413138050195747
4.0284072477135
-25.9133227838295
5.04670328626847
52.8594899703112
14.1195800119305
25.8495324969396
38.3617913168695
25.3741103538846
-1.05054054093751
5.62059987552687
-6.15029609768074
13.5355050488327
9.85679819305404
-7.68505224372646
-1.47211853372697
-2.53225065435266
-31.3656587953799
-45.6046039759092
-69.2815201322474
-0.246703837326023
11.6886469756392
4.33663643537559
6.35549576009559
13.5638850345858
30.9849626200471
2.88911704736802
15.5771754740973
18.5060025383759
30.3740365112147
22.8726486142208
25.7869582226755
14.4081171720553
-1.82310961899162
-2.18377273956305
14.2971712072414
-0.672016326050392
-18.239441847848
-13.829550138704
-14.3246820430598
-11.164186653068
3.73846971162597
11.3414141522528
-5.34905626266298
-0.0604941837660014
27.0824304999684
6.9356919079797
6.55899181811946
3.64664618094187
10.0130199215129
6.05390904605289
-58.447061285151
-23.0291626105422
-2.07136444540347
-12.5758193063085
27.9770241921966
19.3240858872598
0.978786469049332
22.6456639208197
15.8512632453971
-32.5073543934707
32.6902558040276
-6.26357585576474
-15.2214283443345
5.90912347967278
31.506670158995
7.79786285071362
-8.89486131216881
14.7343713269805
-2.23299604944171
12.6666719098063
3.71014710040003
4.99663321618161
0.103433859166973
-4.03341095608003
