# predict_model; Vecm
# max_attributes; 15
# description; Austrailan macroeconomic dataset
# number_predictions; 75
# predict; Emp-PtPer
# lag_parameter; 4
# horizon; 1
# name_prefix; aus_macrodata
# method; Hits_granger__graph(n_components=13)
# prediction_type; rolling
"V1"
2.07966477007356
3.28892656196685
-0.118361838549998
8.78172083470453
7.05132535023163
6.38914142774688
-1.13742862350256
11.8554372896236
-2.12992791554076
2.8865433171376
5.9462557013152
2.44290574875875
-1.334283989853
0.0470322082944581
6.95666566186435
-0.351503384366849
5.75914970252996
3.92730734686915
-6.49344250058722
5.95838902502867
7.96767998688265
12.0624229194272
6.79680164129109
2.12859645286008
2.67100898135986
3.18017619859611
4.6940304812704
3.78768479913099
4.71898436556953
3.12047840586689
-3.85186138400015
1.37333272336169
-1.48117490065137
1.43424492606872
-1.44410828084758
4.89227795192301
2.60900190914407
4.03689458853826
5.45678103380502
2.52592311170239
1.49232414731744
2.25722317764435
3.16249711302525
4.96602977003765
-0.67834685643674
3.62747621303895
5.20624635706911
-0.727217541688371
4.01924669945799
5.48819147503677
2.67451692502513
1.20132762078889
-2.14449721208096
1.04621755400521
7.96838007293843
-0.0632562758403479
1.41111034863108
3.03404389442693
6.92523067786355
-1.81492075675919
-4.0744596475112
-1.16069475342689
6.90561128491933
-4.10153497957706
4.5770488199565
1.38620659202924
-0.290675346906892
2.26482168229755
4.65875004066927
7.66935875513934
5.0375377641012
-2.45980820036227
4.25274880108775
-4.42036767686938
0.126341075679911
