# predict_model; Vecm
# max_attributes; 15
# description; Austrailan macroeconomic dataset
# number_predictions; 75
# predict; RGDP
# lag_parameter; 4
# horizon; 1
# name_prefix; aus_macrodata
# method; Hits_granger__graph(n_components=11)
# prediction_type; rolling
"V1"
3.71487657221131
3.77978420423714
4.16975700780489
4.34520595292713
-0.877855028987493
7.12049110646632
7.30963762073659
1.72555187090347
7.39787000471835
5.35051338683854
4.34687913236309
7.25359844190601
4.769589003329
3.64665770205908
7.59739862334756
4.94589825624101
7.31842893913291
-0.200801780437713
1.92212603147338
-0.514872767178583
7.25892432656801
2.92216441677223
2.64192363860521
-1.08673630722923
5.96765121529126
0.056094504531388
6.5468708803058
0.682592596129141
-3.11761689701438
2.79050270260555
9.96602522460449
3.90701699236817
-0.742576073265265
12.1163194844755
-0.0933980106091019
-0.772158764773961
0.681208821149105
7.83342780789773
4.51528435613836
0.963084968730373
3.03502489788878
-2.13775951991029
1.35188513856748
5.13051224715121
7.08153477172406
9.9636698993661
3.55838467325519
1.75231833218463
3.58501234237931
1.74217624133047
2.89698468292015
-1.98757754183282
-1.59573622099383
2.37043384623398
-0.534056292595739
2.06287493610497
1.93947175599511
2.27532172037173
-0.529175942490506
2.60725010029001
-0.159634444868076
1.93010185469678
3.30558188283267
6.72482307621817
5.98035773111156
3.26244800893135
1.18691623728828
3.99343136451095
-0.138391171145297
0.976820360329379
2.19986390105618
4.67660015208351
3.40059979164386
4.39176634628525
-0.108260376548845
