# predict_model; Vecm
# name_prefix; aus_macrodata
# description; Austrailan macroeconomic dataset
# lag_parameter;4
# number_predictions;75
# horizon;1
# max_attributes;9
# predict;M3
# prediction_type;rolling
# method; FCBF(n_components=5)
"V1"
2.66153272538206
-5.17935867449527
-1.57583256295341
2.40405966763481
1.21081489849312
1.70116758059883
-4.46919644120534
-1.08010626818741
-2.10918639374547
1.09415084202754
2.16467403242528
1.77162066721252
0.670569183709093
-0.528628111105104
3.23570173961588
2.68880831143164
3.70315188111272
-9.94826654279709
0.272883687523662
15.5026296718501
-4.44630066564538
-4.99041920071094
0.654043238561893
-3.0392451864703
0.264868608274124
4.23429200732457
2.3392801916531
-11.8673197116659
7.63015291092644
6.67246181102025
-3.8908954753817
-3.46039281676305
-4.55414007373822
0.711717363909328
3.38421088684649
-0.115416698687257
9.12819744535246
-9.06560801337968
1.52255534805192
5.17948218727722
3.3038336854694
1.71553832432782
2.90900060085973
-8.13761054810825
-2.05334663799788
9.62561690247872
3.58990516640031
-1.37661565113073
7.93868452681048
-15.1297929598188
-0.00499123943923818
1.32636003006932
-1.25028908728166
-7.76689304493878
2.6346425359914
-4.89777607945616
0.810575916036859
-4.75312798933689
5.83751220219627
7.82541872822578
12.3341983260872
-5.30693818865528
8.40380957865877
-1.00031007109378
-0.0343563616781009
2.41280031592964
-0.384861702083315
1.80313070423619
-5.1391155564555
-3.47869897164759
-2.02564812136314
0.614308932876941
7.82228350629129
2.39180900982615
-0.943429570229941
