# predict_model; Vecm
# max_attributes; 15
# description; Austrailan macroeconomic dataset
# number_predictions; 75
# predict; Currency
# lag_parameter; 4
# horizon; 1
# name_prefix; aus_macrodata
# method; Hits_te_(n_components=10)
# prediction_type; rolling
"V1"
1.80560571680853
4.1146252055242
-5.43969412991906
2.93985289204443
1.81821080749527
1.12594563478223
-0.789406797635353
0.930030374883508
2.99540479628887
-1.00819180386853
-0.837833585015707
4.1654136416474
-0.923301149299975
-1.07799742469876
-3.67874789116861
-2.85481828770476
3.91472729202481
5.24411687162751
-5.90023250797295
2.67760299592284
-3.45717898412849
-4.50117226400964
4.1004516380051
-0.619547874022973
13.8008021970554
-6.66473520873407
-8.38612268632907
3.05199202246031
2.08889253456831
2.24176897021032
-5.8750772973034
-2.03259219354962
-2.09171978585811
3.11738960547967
-3.60056713155419
4.14015029745527
-5.05136484665824
7.66109127097779
-10.5711749944141
3.88008760974708
0.280240063146502
2.06627687412928
3.26858428581739
-5.06006023335363
0.0194141183789849
-4.71988185931574
1.70733679347494
-7.6084681057114
1.30500454813231
2.91220091863445
1.73370051502051
12.2958009546632
13.5855206161808
-8.10648759439116
-3.56636754409333
-3.35457864148155
-13.1038234478282
9.00665938051098
-11.7799897346645
-1.54362185425602
-0.0410194596955787
-1.66709905382325
0.303545738093133
-2.14935240831903
5.1899233590289
5.06397626825276
-16.1210670242931
-0.141098512144084
7.25580775410624
-0.31435875471145
-2.38080500403437
-2.06022906257815
7.98693762566006
-4.06441441966507
-2.97718521320408
