# predict_model; Vecm
# max_attributes; 15
# description; Austrailan macroeconomic dataset
# number_predictions; 75
# predict; 10yrNSWT-bond
# lag_parameter; 4
# horizon; 1
# name_prefix; aus_macrodata
# method; Hits_te_(n_components=3)
# prediction_type; rolling
"V1"
-0.392553204291176
0.245159984086922
-0.417915456454348
-1.00725441702273
-0.0195847646477023
0.333245373743412
-1.03856116928803
-0.388991487439533
0.320818260535004
-0.159888915384928
-0.318404302473649
-0.217309272674445
-0.168835273158362
0.678140813029166
0.335582809772946
0.937981518110431
0.271234896795581
-0.0989641510237753
-0.142714932078522
0.376311793428899
-0.174310765644811
0.219780059204713
0.137587488718817
-0.358224457274571
0.25089941484205
0.498908154792289
-0.234739644649893
-0.494287205362388
0.131703662675403
0.191223987676193
0.405319880532986
0.259179655972889
-0.373371219525697
0.197426203551742
-0.218619303386772
-0.187939406096966
-0.00250793977364674
-0.168372365394096
-0.189229096794708
0.195898600207215
0.650874216946895
0.347529061874861
-0.027571342601432
0.11658373336353
-0.0348647963892596
0.171708945246904
0.537115079128338
0.0857887055751497
-0.221036827512257
-0.430290715032995
0.0873127373535526
-0.2809594788552
-0.553122417706113
0.520329977591363
-0.394661325269771
-0.423831584741747
-0.126527748387216
0.493816902374153
0.186383739021759
-0.048562585480364
-0.135309204586309
-0.0324783487000665
0.046917337254329
-0.18131763655062
-0.144278563132926
-0.16635106152059
-0.102045341647366
-0.112263396323733
-0.213681203982055
-0.189800789624804
0.00564473572508811
-0.0223936405792589
0.195607861448778
-0.128560212655829
-0.072745170499583
