# predict_model; Vecm
# max_attributes; 15
# description; Austrailan macroeconomic dataset
# number_predictions; 75
# predict; RGDP
# lag_parameter; 4
# horizon; 1
# name_prefix; aus_macrodata
# method; dm_FactorAnalysis(copy=True, iterated_power=3, max_iter=1000, n_components=12, noise_variance_init=None, random_state=0, svd_method='randomized', tol=0.01)
# prediction_type; rolling
"V1"
4.72352421999302
2.95681488272706
2.61152269872125
1.70367386650567
6.54863568616274
2.57196388568907
6.30127603746699
5.84067881812019
-8.03325583029897
-5.81144963826982
2.09268781253763
2.89176049891132
9.24431631994165
3.05568849483705
4.52423497923116
4.54763902639273
4.48342637341771
2.91122091517168
9.20091723400007
-4.16109981133157
-6.77062086816913
8.52391225141866
-1.65431697513511
2.52432133937249
2.14921552081094
1.79125847619658
6.26727889325089
1.79784709528189
1.16522475712671
0.492874516995892
5.32635767614199
4.1075330902846
2.36016645205213
8.91990580796536
2.51650378478816
-0.417714057537642
3.88292672395142
4.34433389529893
2.75424220915318
5.77017478485416
-0.525580937743965
1.16480729276431
1.17848502504983
4.31788590619969
8.37930307143467
4.16275584224777
3.31081247428471
3.04023142708024
3.59019363398032
3.52363963359003
2.40503104869006
-6.33338692959014
-4.13903855698197
1.36333792435841
-1.35180551390825
3.4721241408061
0.271613066379798
3.84508759303913
2.02302227979788
4.23471856619941
0.0689355979568695
3.30460754775544
4.49892155622308
3.65503770202383
2.82405702201848
-0.241124183521386
5.49288474444149
0.958932887089522
-0.936191560563931
2.62784696192152
5.54628204595718
2.29659335712768
-1.1277234753827
3.94461283044756
1.94924507654566
