# predict_model; Vecm
# max_attributes; 9
# description; Austrailan macroeconomic dataset
# number_predictions; 75
# predict; Cons-Food
# lag_parameter; 4
# horizon; 1
# name_prefix; aus_macrodata
# method; dm_FactorAnalysis(copy=True, iterated_power=3, max_iter=1000, n_components=4, noise_variance_init=None, random_state=0, svd_method='randomized', tol=0.01)
# prediction_type; rolling
"V1"
2.03807135918642
2.26710715581928
-3.14006155739116
-5.7587094764043
2.67491669516999
-2.51414557419724
5.33245012471271
5.99976599491061
3.46117897941147
1.08440105626819
-5.39974598760677
0.527741869454994
4.5564683364599
0.619154485877355
-2.83748970492734
2.98148455653707
3.84667131132465
6.66603233064918
1.95962237128308
-6.37370511885735
11.3761540739982
4.44558516474176
1.53849760832567
10.8533615325341
7.65389057229125
8.89793159889416
3.69360312433793
1.05454788566642
2.2948578699462
-4.19781803354078
6.3980613878436
1.96539722847322
2.60029879734182
2.02869708349011
3.88578055387553
9.27215384427556
-2.38168935295352
0.943386436232142
8.42328049496442
2.84455204755787
5.071756120428
1.59223359222284
-0.105504782608055
4.82969038237102
4.40373275457314
-0.789656950555997
6.9719263167739
5.8623479962336
0.378235304939969
13.281434304242
-6.19563864147729
-0.402214734604656
-12.3138256351051
8.3714439293407
7.96081429116605
5.87358860542451
-3.070958361327
3.74191822876044
1.74649147055528
2.45007110080883
4.912379128034
0.467644073969552
0.185289810823068
0.296293698476778
7.31758187590151
5.54026665932277
1.33009743901274
2.33762001139559
5.16457355711823
6.36719043779007
4.29967574293985
-1.26085218140449
2.3937241740528
0.945645864758215
1.81871871294859
