# predict_model; Vecm
# max_attributes; 9
# description; Austrailan macroeconomic dataset
# number_predictions; 75
# predict; DomSales
# lag_parameter; 4
# horizon; 1
# name_prefix; aus_macrodata
# method; dm_PCA(copy=True, iterated_power='auto', n_components=5, random_state=None, svd_solver='auto', tol=0.0, whiten=False)
# prediction_type; rolling
"V1"
4.48726786606163
6.65878830969704
-2.01839961907392
7.86530713630088
6.28496775254553
6.7418125442388
6.19882857967485
9.27937092012266
12.2498393803686
3.56901430018393
10.83741306796
11.2099417707195
10.1472678672735
5.52373362116729
8.9817844369155
-6.60044692850749
17.7735040754954
10.4491045753589
1.27678847188642
1.03004601083596
6.01848313697724
-14.3472378681262
10.8736134521022
4.35739266616443
-0.877634398756517
14.2143230073146
9.71429027803992
7.34923287094058
15.6409066061384
7.73407051595463
10.0239304622048
5.73048088944408
2.31253629907902
4.27590809224844
11.0474271787037
7.2320624640913
8.59727936392225
19.9227149187386
4.74027488331444
19.4955581993493
10.8495314512989
2.41730058930766
4.76311065942115
9.31641209980096
6.6212737854158
5.34001964149589
6.30747331307035
1.82235494242795
14.7000908809222
-0.0845418042307094
5.79619052569954
20.504859492534
-5.23967837135823
9.09550925434858
5.71996859348709
5.54687808227384
-6.42911023673607
-14.6462223281425
-0.100658129079737
6.51317474707248
8.84441852522021
9.44080472362269
-1.37694936078936
12.7670772217074
4.78266593455419
10.2138991856695
15.3783105805604
-6.70552169264133
4.63903302825051
-2.22265776418136
2.26222307910445
-4.47363358637296
-4.16695201544832
4.30255273613691
2.79276152937999
