# predict_model; Vecm
# name_prefix; aus_macrodata
# description; Austrailan macroeconomic dataset
# lag_parameter;4
# number_predictions;75
# horizon;1
# max_attributes;15
# predict;HStartsNT
# prediction_type;rolling
# method; Part-GFS_granger_graph(n_components=10)
"V1"
-43.8834935364669
-119.110689847693
55.1883792398539
-36.1101310330767
34.8527103115537
-17.3992796664864
-6.09631405199767
3.20425272835143
10.6674682151224
1.81079469625063
19.5108552066758
38.0104738880142
49.6870050069012
107.106615165327
-26.8207053733449
-28.0522685098388
-126.830413293201
62.3729742145491
-80.9623504132898
-56.0205887270824
19.5856060121749
34.113803744733
5.30550946454464
-28.4741804039329
-19.8661764671201
0.652939920179737
-41.8106698242362
-115.723291582679
108.994641601575
82.6251022108983
-0.810575725331899
15.1577201884548
-15.9738526333578
49.2809544589699
57.2380835888936
14.5027894623443
-30.9080544691157
48.7279663134965
52.9633654766181
15.0595695187631
-17.3069627528729
4.18298264581582
-90.058791437881
-30.920492652237
-27.8222473983106
49.2513484227904
-10.2113183826895
9.59124184401345
-116.598682230627
-96.9400477157647
-7.96487672777617
91.0746876032966
35.6892128387668
76.6393215678284
-76.0118926477242
-74.9171213075135
-85.2061704706393
33.7173051443567
-27.9226086535443
-7.76902788914228
-24.202435057471
-19.2309684272775
63.3344750720655
-26.4697926269779
23.805996962313
3.98399051088783
23.112721405424
54.678369193026
-59.9296375287016
13.8191600415521
-61.2530151166594
29.8522510806684
-3.38874121434677
15.8485338634556
26.1449689736774
