# predict_model; Vecm
# max_attributes; 9
# description; Austrailan macroeconomic dataset
# number_predictions; 75
# predict; IP-WPP
# lag_parameter; 4
# horizon; 1
# name_prefix; aus_macrodata
# method; dm_PCA(copy=True, iterated_power='auto', n_components=1, random_state=None, svd_solver='auto', tol=0.0, whiten=False)
# prediction_type; rolling
"V1"
4.8263572246797
1.27289464017929
-7.46414552393025
4.76961212074983
-9.03525260628599
8.16874993615531
1.01414626956303
-1.35734877028153
-3.64020006284347
-9.331459745699
10.1061581518613
4.44789663580349
2.42105184907919
18.8269483005138
9.25090438098488
-6.2459540631977
0.310151804065558
-0.0150426009941373
5.41509897984427
22.4090622584408
3.23857134161202
-3.50062616644432
1.16311454878463
-6.13334395525378
-7.37216657879794
4.10862107290456
-2.72883091551308
2.57162303323319
7.71416276604994
-2.09343319372149
0.499863941328329
-7.51307767810334
-5.21672580350703
12.2101893398709
26.4564122303859
1.96177710133798
4.87963237225227
-11.1093965938862
-1.35731915370069
0.594361551062679
-0.347863243142693
1.08132767745127
0.0694384950898188
-2.88027709623166
5.12952616230589
1.83859775774036
-7.34900225066066
-0.553176753863431
10.2341057465816
-11.6638101496635
-0.795541534952204
1.04715608917668
-3.71258706452658
-11.0651219028589
-23.872360228916
-24.4577095087958
18.3099619681798
6.97859120281948
-6.66232998836891
-37.8380489523876
5.19417410720568
7.83411385162911
-3.46832893186625
-3.97876436300221
9.59724310932513
5.39212341787584
-9.15660998996282
-13.3867827440284
-8.52662479818948
6.76271459207426
16.8004259576607
9.53518453977757
-9.88069285130819
-4.62139254364681
3.18818261828176
