# predict_model; Vecm
# max_attributes; 15
# description; Austrailan macroeconomic dataset
# number_predictions; 75
# predict; LabForce
# lag_parameter; 4
# horizon; 1
# name_prefix; aus_macrodata
# method; dm_KernelPCA_fit_inverse_transform_True_kernel_rbf(alpha=1.0, coef0=1, copy_X=True, degree=3, eigen_solver='auto', fit_inverse_transform=True, gamma=None, kernel='rbf', kernel_params=None, max_iter=None, n_components=15, n_jobs=1, random_state=None, remove_zero_eig=False, tol=0)
# prediction_type; rolling
"V1"
-2.74606382257227
2.8338255895804
-0.538415895619945
3.12380064594004
0.80139535012895
0.708210226535888
1.01486302898209
2.65918229587173
-1.64191320674217
-0.288880392234367
-1.22726158119254
2.14825842600473
-1.48865105398155
-0.177330277681508
1.21997290023689
3.63084962243481
1.61192503611717
-0.410125688752173
2.84949496576983
-0.663488843763929
1.20201915839699
-2.23313024042455
14.5641110641205
-2.28464544844527
6.02755895689559
3.95028925989337
-3.07876992579349
2.36690995117737
3.55111498910252
0.985184048971856
0.327062108054376
1.58467894265971
1.15437315306473
-0.159107094436817
0.138751212895823
4.10873529114146
3.07534108590078
2.98056800479551
3.75300311481246
-0.171319264159962
2.75610014506939
1.63840701698773
4.67058921588816
-0.729427971886099
5.3915906198107
3.05088233984413
-4.9557839676874
1.0855395784373
-2.35354893876689
1.96369568015504
5.5200421072606
1.20492807122547
3.84276540138733
2.61166111280406
-0.280497675695853
0.477784735486145
3.00874055105603
0.67263436418277
1.02071031011725
0.570440833240368
0.732074773818773
1.04060577672633
5.12957176335664
1.71649606871197
2.13229489346404
0.210599118887659
2.73495581018646
0.926505431875993
3.37410641264314
2.19141821153953
1.14358915761075
-0.415232511417335
2.46562256830811
0.246452925447558
1.19119424157924
