# predict_model; Vecm
# name_prefix; aus_macrodata
# description; Austrailan macroeconomic dataset
# lag_parameter;4
# number_predictions;75
# horizon;1
# max_attributes;15
# predict;HCE-AVCE
# prediction_type;rolling
# method; FCBF(n_components=11)
"V1"
7.27890886287388
10.966107156087
-5.88250842509483
3.28654081173748
-1.22124999962728
-11.6854713542609
-6.45735939025772
2.63069498469487
3.35684727174508
2.37407650191665
-4.14146432270546
1.88959841845818
-1.38407404610238
-6.2621451106678
3.3677010854011
-25.3018697164748
-6.61019903172528
23.8753336407607
60.1515390591052
-38.9318460467921
13.7954329447969
13.0873522937933
-6.90625364395475
6.93400296064635
4.04302555722337
0.608608975266215
-24.9415036711832
0.389543045374733
-11.1860292036884
1.71634369144583
2.07829850307342
-12.2221062559142
14.8190702119347
4.41992915077897
-10.1408804608653
-1.25738460297041
6.22733267688499
-6.62952832341263
25.3205898520373
-5.20715318650837
-4.29539811049447
-10.1979328289136
-4.25566204940812
19.6262569155031
-0.536351412572283
-6.86462452486181
3.26993149639807
-1.96571027595725
-19.6742896865747
20.0506114430774
3.62566353590266
-24.9781881968781
-0.213977996961511
10.6427595952868
0.939290931015043
4.95057873678532
-5.66137986206397
4.43304848155623
4.91739799926733
-16.4578344351642
8.64173647782532
3.67565206609282
8.3584994598774
0.637102020979433
2.33648982945305
-1.38522769920914
-2.46386526466783
5.75267827886772
2.33729336450997
-1.46574901718056
-6.21413406700929
6.50493153587344
29.26259469102
-17.4739079530002
12.6174146728239
