# predict_model; Vecm
# max_attributes; 15
# description; Austrailan macroeconomic dataset
# number_predictions; 75
# predict; 90daysBkbills
# lag_parameter; 4
# horizon; 1
# name_prefix; aus_macrodata
# method; Hits_granger__graph(n_components=7)
# prediction_type; rolling
"V1"
0.207931462628783
-0.122536598597978
-0.87126010757501
-0.592838575154561
-0.749920383277251
-0.22266171534564
-0.210109454013192
-1.29647732275449
-0.177224018501904
-0.334357833049877
0.410085565507311
-0.375558331906081
0.413240804573013
0.237141292766591
0.0988985104887317
0.896967706112769
0.0688718845038364
0.685057530671328
0.0195454083837717
-0.464616018658428
-0.391346129530187
-0.548869277853776
-0.356291267106168
-0.214773676870236
0.506994041796386
0.43955316096619
-0.398606289957166
0.200252639888784
-0.346735724987785
-0.265206668342328
0.55958762516486
0.810237727188533
0.665309442246193
-0.536364026571382
-0.371174123067479
0.153985992338265
0.182656000096335
0.197593230023077
0.0156617589488626
0.0333623708970402
0.094101681750034
0.467987273510079
0.10283558318805
0.333528475985448
0.425244991413357
0.0635611495977967
0.443609938810887
0.0959396319294108
0.105807365992827
0.272789456015147
-0.188684014693406
-3.59211722332991
-2.00294858184893
-0.17348865822757
-1.14522338955845
1.49394926657895
-0.306320796186039
0.351502442927645
0.464833263110169
0.141835731345687
-0.197790847667671
0.425932521543865
0.101593482236412
-0.269748904031994
-0.140548924332136
-0.601003532049013
0.459588462840856
-0.733567412276445
-0.185096375793892
0.0472118222326779
-0.898884733064292
1.01700547816143
-0.605996201689396
0.454217422095616
0.371502802613445
