# predict_model; Vecm
# max_attributes; 15
# description; Austrailan macroeconomic dataset
# number_predictions; 75
# predict; RGDP
# lag_parameter; 4
# horizon; 1
# name_prefix; aus_macrodata
# method; Hits_granger__graph(n_components=5)
# prediction_type; rolling
"V1"
5.73732842642265
3.21484939961624
3.36077037241427
4.36412141010415
2.16393653378522
6.86212110389422
8.15138331770018
2.01149254325988
8.97192093253034
7.36837977172633
1.61336614576975
5.75789544744251
3.72029128810157
1.80881277473504
4.09189182730194
6.29689292778601
4.10758647403074
0.621857999563257
-0.154992390694553
2.69785313007215
6.82880474769302
4.11305258235153
4.81850353241138
-0.265355107602821
4.5907521571299
3.02182430564025
5.56980273028978
0.752673240729397
-0.737408029772626
3.44740987006438
5.06534434480893
3.41019401247001
5.92506171514266
6.58922134577686
-0.160332961833797
3.26263213298239
4.37350884583499
2.34442326432122
4.1670360430134
3.01427850470025
4.15988878895375
1.24801880338632
2.42210050062858
5.49697004925683
9.13543307096258
4.61236618688022
2.52552869789755
1.88935406036764
5.22012548145312
1.34439462460319
3.26461716795303
-7.89283507860898
4.01953804030284
3.30767996537008
-0.040874050681895
2.44130233845404
2.45081330948076
1.3617429039365
1.10730369163327
2.04140727253843
1.81791688836533
-0.724087894085289
4.45738959185637
4.47106198867287
5.94460974231688
3.4153479451201
2.21191673163248
2.28940715903257
1.17870407666309
3.35130316513759
4.72838154482943
3.36383885506105
2.53207740191155
3.06600810113506
2.68366868681935
