# predict_model; Vecm
# max_attributes; 9
# description; Austrailan macroeconomic dataset
# number_predictions; 75
# predict; Gov
# lag_parameter; 4
# horizon; 1
# name_prefix; aus_macrodata
# method; dm_PCA(copy=True, iterated_power='auto', n_components=1, random_state=None, svd_solver='auto', tol=0.0, whiten=False)
# prediction_type; rolling
"V1"
-8.21084397973847
2.54654028051633
-0.942313281723761
8.28279047700659
4.59612180929131
8.7623289957577
-4.91932811736523
-1.51205607225087
2.35975569140131
3.95402087141222
1.45192900427615
-0.514741063502032
5.04061596402872
0.50440966110179
4.71646490428233
2.78512724825551
-0.628150550709414
0.433140378839106
4.05796576519003
12.322431937269
11.2299480486676
9.2208830551338
2.75921194086856
-1.27195732798594
0.867859927405609
7.71505363169611e-05
3.7398749793393
3.24099112459903
2.82308394533055
2.80381529117614
3.15229197593651
3.06006991194302
2.8210971150051
3.05668653142501
8.31243313714151
4.88125040487885
10.8742401760543
2.85293829572382
3.13805182711041
3.45736661761506
1.9259627837546
3.28653581126823
2.72285967137541
2.19237654705287
4.215112191303
5.44784807238011
0.316152086539131
3.67030180864857
2.65228551743441
-0.350401555636239
4.03275588112862
6.48177826616745
-0.511003525016287
6.08283178789659
11.9137793751914
-0.72908054774859
9.00456761799442
5.31514934143039
0.883824054425563
2.24579977856966
3.4894417938252
1.36421832539978
3.67745000050365
3.82471932152495
2.73779884770108
5.04980500907612
5.39202992719858
5.69979482821705
4.65132415996531
2.50131406388946
1.70757035202965
0.339570378302703
0.824229541037751
1.17129538250245
1.31068399025031
