# predict_model; Vecm
# max_attributes; 15
# description; Austrailan macroeconomic dataset
# number_predictions; 75
# predict; Cons-FurEqu
# lag_parameter; 4
# horizon; 1
# name_prefix; aus_macrodata
# method; Hits_te_(n_components=3)
# prediction_type; rolling
"V1"
-0.611605645422219
2.71970349870551
-8.92887499881348
5.18949932171169
-1.72427133965438
0.120241077923344
9.54743312533303
-0.617088058278971
5.78609217247085
-6.36931369028323
-0.898966698020153
-2.82802473916806
2.11867771750081
13.9621230580192
0.909263033568409
18.657633245335
2.64763176957876
14.1926640667095
25.2355558221352
-2.38345793036564
-9.93170251836848
11.184585716365
3.96660788332332
-2.67826902219078
4.16398708528098
14.9691649000184
14.8902225658972
6.18803904430336
5.26657385220812
0.138555991443349
2.63603291424433
10.4976509693418
2.87152964153915
4.145007055996
10.0557932807592
9.80097821095854
6.2652391012808
0.773316556299699
3.95387117359784
-9.08800183618528
-4.49224864814209
0.0751421918826446
15.0932914362427
17.8623503935919
6.33067490614154
8.94838823664025
5.57943580748984
6.41330445412012
12.6034388114653
-1.35167380797756
0.191131050253389
11.6206597372321
10.7245061165456
-11.8393544975168
-10.1962250766475
-6.22617563607377
3.21847575996038
11.8946213170579
13.639165591674
-2.47286346193503
1.25849177581408
6.13293840458112
-3.58460535804866
8.85270190675735
2.38438210175037
8.33929649912102
1.62377339907404
-3.83607472465015
4.22543718303295
8.27606325482
4.24424820011099
2.92957193569941
-8.30360789674934
14.4481248678396
6.5623015612056
