# predict_model; Vecm
# max_attributes; 15
# description; Austrailan macroeconomic dataset
# number_predictions; 75
# predict; IP-Total
# lag_parameter; 4
# horizon; 1
# name_prefix; aus_macrodata
# method; dm_KernelPCA_fit_inverse_transform_True_kernel_rbf(alpha=1.0, coef0=1, copy_X=True, degree=3, eigen_solver='auto', fit_inverse_transform=True, gamma=None, kernel='rbf', kernel_params=None, max_iter=None, n_components=10, n_jobs=1, random_state=None, remove_zero_eig=False, tol=0)
# prediction_type; rolling
"V1"
10.3629065817108
7.26723316098972
-5.06213102251281
-4.01663197344952
6.99389930083584
-2.14584107292233
3.93218228305364
0.418304594667716
2.40594717051953
6.45845485621943
-1.32151362247461
10.5984071247311
7.18619437302631
7.57678169094978
-0.844751959977918
2.87265698541823
1.7518957045855
3.18689581268077
14.691084565788
2.92069850099447
2.01387428279682
2.45865988026335
-5.42040284134096
-1.74230679526947
3.65543830285931
1.40427714690377
6.21324242578143
-0.701567400781504
2.12060789794489
-0.379831388370321
-3.30774034269493
-8.4490918086544
3.53334021909984
-8.03808423348442
5.58539248316171
-4.15186327841333
1.81673839719909
2.48135496169726
-0.35679130356007
3.65101430851968
-3.34694072230837
-1.22019003714665
10.532996369404
2.35724917271878
3.03303578892839
-6.83631370293824
10.2955213766426
7.00826821483662
8.92029505692942
5.30278556104099
1.87372104273458
-0.0166453147950893
-16.6690055007092
4.56638824852613
4.83801201395077
8.08891876159489
8.89872335081717
4.92136768782553
0.212403632909699
5.84987259909499
-6.57616612170489
3.3020153552279
11.9635623735825
14.3483927765093
-1.76653714147463
0.194430986202834
12.7894724874719
7.73981729618091
-1.65308778877383
-2.88362692413114
-7.64103292863005
-2.78389170456939
24.3866462800215
-4.22843683994514
4.41080116752483
