# predict_model; Vecm
# max_attributes; 9
# description; Austrailan macroeconomic dataset
# number_predictions; 75
# predict; Cons-RenDwe
# lag_parameter; 4
# horizon; 1
# name_prefix; aus_macrodata
# method; dm_FactorAnalysis(copy=True, iterated_power=3, max_iter=1000, n_components=5, noise_variance_init=None, random_state=0, svd_method='randomized', tol=0.01)
# prediction_type; rolling
"V1"
4.54782007132103
3.02941418223159
2.36834629295774
2.51314714221883
2.71111520168947
3.46062176916856
3.13769120928641
3.4126880268674
4.22517198507072
3.82523024900992
3.05362238625917
3.45875358303739
3.67832357443202
3.76047868353673
4.46469800919394
3.63909449439993
2.82606980663185
1.68195508996531
1.71124588400218
2.21603347189161
1.91381466298405
2.93727034741995
3.08236480644613
3.00906762227898
3.59017655700341
3.69314417953766
3.22976326140687
3.17813496123642
3.62582608491508
3.84530138420424
4.17922121498296
3.55895169532015
2.96872511543081
2.88671662814501
3.28146859319386
3.76941268401504
2.88283406476733
2.80282614189764
2.99093944814981
3.08390336095988
3.0550345758391
3.03023720693561
2.59859498406781
2.76106117640367
2.97294946986172
2.79611996454007
2.3143686165083
2.44941933107167
2.31230446502858
2.07802414622608
2.33113661966228
3.00166090438192
3.40819405057542
2.72970542033547
2.68717204709875
2.78841877211221
2.85669191046892
3.00270824173494
2.96673049433064
2.75618486178507
2.45514688281208
2.31252930539505
2.26091127884669
2.19456760646361
2.22954008847562
2.27333784301411
2.25282001368239
2.43842895771019
2.34275884159994
2.24861696634402
2.17028826583992
2.08964386975935
2.22304060673868
2.1227902614897
2.24753423778529
