# predict_model; Vecm
# max_attributes; 15
# description; Austrailan macroeconomic dataset
# number_predictions; 75
# predict; IP-WPP
# lag_parameter; 4
# horizon; 1
# name_prefix; aus_macrodata
# method; Hits_granger__graph(n_components=10)
# prediction_type; rolling
"V1"
8.29976223058751
-10.7466959795983
11.8227175172038
-52.7670765636202
-18.7527012336868
13.1937226110334
-1.73109862917042
-13.7159994761814
-29.0069575107246
22.3099574714484
3.20178627427433
6.77915100488199
6.49763767595555
7.64152733716962
15.2144618989283
-2.33986169153873
38.9665556118884
9.51639386672457
-10.1260980655585
-60.0592909078512
28.3172322182483
13.2222703136599
-4.25806241281001
4.91112843060527
-17.2372374419168
-9.67676422467301
8.54397885695868
-5.05781681354122
4.44918143677056
14.4293910160233
25.0642774269916
-36.4233916460526
9.81721564510523
20.5548081536536
4.17131090751759
4.66506109637826
12.0789851541117
-15.3785115294147
-21.1733009522154
-1.27639224824278
0.481828574401206
6.7847446277949
-8.64889286568245
8.1653401540843
-8.6694476873421
-4.67072796612162
20.5052916086819
-27.0309949234908
0.383994737494503
-41.2134530315505
-36.8594919605507
-47.2131745151518
-37.578929032493
51.0568008141151
1.84343342804245
-1.56085890221145
-3.78337435502451
-43.5475037640932
-39.8397325548497
-34.2394015890957
-7.68744441460813
5.53287930836477
0.0473436976633546
-21.3735696863011
29.4760569561572
20.2132541775483
-30.9065089388575
2.18356525976321
-3.14295434700505
17.9620154231144
4.9157701809507
-64.1319699318525
27.4733363102687
12.053885268793
-3.63954259819461
