# predict_model; Vecm
# max_attributes; 9
# description; Austrailan macroeconomic dataset
# number_predictions; 75
# predict; Gov-Nat
# lag_parameter; 4
# horizon; 1
# name_prefix; aus_macrodata
# method; dm_FactorAnalysis(copy=True, iterated_power=3, max_iter=1000, n_components=5, noise_variance_init=None, random_state=0, svd_method='randomized', tol=0.01)
# prediction_type; rolling
"V1"
5.75006180551552
1.40979042602761
0.658828022406287
2.43263024219085
11.1640925640296
-10.7059555147684
2.16939294554375
13.697967343092
-1.16012773238115
6.18039359594942
13.4020486191999
-7.55330703567343
5.94899799585865
-1.39100111965156
5.63395536956102
1.52726013743321
13.6802025542808
10.4823240267492
11.8367598483998
-1.46309939777345
3.18624678011157
12.0045113558264
-9.58211506597842
3.18988482319282
1.97399018696431
0.899380486268542
4.83816334933328
7.04677823687236
0.548008069793847
1.10509981488214
-2.06287186698464
6.83147586345315
4.39430550069073
-2.43308842534979
4.78044139052766
3.38634478290777
12.8492030090548
10.6166808030402
-2.33012612208961
1.51774708939499
-1.49557160485515
3.81834136059397
12.1569592622846
9.94455653728556
8.38004342679835
1.49635406646515
2.48728215676334
-2.73622154744571
-0.654817503476302
10.4428993149577
3.50729621989294
14.9994853326762
1.32322005976384
1.88097950551782
-0.271011028292379
2.60155661721514
7.48823984602889
5.52732812561528
1.20997203603705
10.6338107254457
8.92035809772126
-3.11719039481559
4.69410546890652
3.30455866164101
12.8277299788544
1.75458673976476
-2.08288299062808
-9.73460247602252
3.83053145261598
-7.91477949208283
10.2770724192727
8.98486590093617
5.62104225978661
-0.924855665485195
-1.99777737237516
