# predict_model; Vecm
# name_prefix; aus_macrodata
# description; Austrailan macroeconomic dataset
# lag_parameter;4
# number_predictions;75
# horizon;1
# max_attributes;15
# predict;Urate
# prediction_type;rolling
# method; Part-GFS_te(n_components=3)
"V1"
0.0733963750593782
0.0355242982833881
-0.0101881666902285
0.247174224746606
-0.157166855198255
-0.180111383543354
0.0772184063424644
-0.189135928245269
-0.376516200512505
0.311924047628356
-0.060763815626081
0.100687959627633
-0.0687441695180928
-0.113510022413801
0.413405533682993
0.189648347810162
0.00462534720899135
-0.107490930355539
-0.541783339035341
0.0723186896180842
-0.0197255209442968
0.140867430111238
0.0757814997854263
0.0940623825056968
0.0861941316280933
-0.358630455003468
0.0199614782775753
-0.0834489739720271
-0.240504972358809
-0.143435105525435
0.0824136452628365
0.190004669898566
0.223055852097057
-0.0154573441909621
0.0233363689260596
0.0398249938632692
-0.21840094326835
-0.0931992498865499
-0.308940026247995
-0.152129432143119
-0.0618399565379369
0.166590907306796
0.0879558290709219
0.0549102808362033
-0.0681757106167491
0.0705062722784783
0.0221887955880539
0.181980037988462
0.11333451524083
-0.268155858137914
0.370799408829992
-0.704600316457435
-1.40942936269606
-0.482291782888937
-0.715948726887113
0.0749130321439308
0.549249761493073
0.24806331371475
0.171735273977398
-0.107290662682306
0.1627713719924
-0.053502282428487
-0.0504861519885134
0.507058828698639
0.00586830663016744
-0.0871984357072878
-0.322328822153437
-0.110265786506358
-0.116220567762483
-0.0166764789644381
0.190715115925672
-0.10504023862074
-0.289117603547798
0.04830093046688
-0.0369082928304281
