# predict_model; Vecm
# max_attributes; 9
# description; Austrailan macroeconomic dataset
# number_predictions; 75
# predict; HCE-UTF
# lag_parameter; 4
# horizon; 1
# name_prefix; aus_macrodata
# method; dm_FactorAnalysis(copy=True, iterated_power=3, max_iter=1000, n_components=6, noise_variance_init=None, random_state=0, svd_method='randomized', tol=0.01)
# prediction_type; rolling
"V1"
1.24230707453448
-5.47252245191605
-0.575846891235992
4.46780160764089
0.814550998413609
-1.07333668131627
-5.62788243334516
-3.36457241721374
4.47640177733229
-2.22161792846661
7.73939552754221
-0.986289411630113
-6.51787537036093
0.857351221284307
2.30890392316516
4.47102185199066
2.08278979172051
-3.024475106183
-2.68157277717312
2.38638600793483
20.5864437019155
-13.9945684459145
-2.80522169729562
5.17553805463934
4.60433002290819
-2.39845956651827
1.2328099804642
-0.134706085746778
-3.4306321228055
-6.13972148685029
4.21673311267292
7.84901784186228
7.64260818893831
-10.854436404411
-12.3032196296443
5.8293284934448
0.270951574425503
5.00163430994924
2.12747742678917
-19.1810001242959
5.37606228010635
-0.347645749752294
0.33287544704341
4.82576475111205
-2.05591878970545
-2.79728793489306
0.218193611785765
5.96427736404073
7.25352359637234
-6.35977086799339
-4.74648649714177
-20.1624896178415
-14.5364148753581
15.4617909528888
0.33734372238717
1.50442116144108
5.96908349151236
-0.520735375662214
-2.09240281727482
2.1790744466202
-0.590116497014566
0.224459227454805
-1.20930768904003
8.40788104244059
-5.32228590871484
6.32453373829168
2.27300806497818
-8.57472651960731
-2.61283354713747
2.07032845253347
-1.95285833366704
0.169203842608191
-1.05782153329336
-0.428486242423018
-3.38781792286157
