# predict_model; Vecm
# name_prefix; aus_macrodata
# description; Austrailan macroeconomic dataset
# lag_parameter;4
# number_predictions;75
# horizon;1
# max_attributes;9
# predict;ResInv
# prediction_type;rolling
# method; FCBF(n_components=9)
"V1"
-23.1416859641539
11.1099594504879
-6.9394704647291
7.20744846334309
20.8248219664807
23.9702862493001
-4.81960713629585
31.8580997225451
7.82699329807239
6.35191250593194
-6.5224190929153
26.5056206615405
15.2258173815472
-1.51253196149671
22.1140025870067
34.7970916331366
25.788574515752
40.6238146979447
64.230973717676
-155.088114004956
-37.4388361413418
45.1755311923637
26.5273790608695
42.8414096091645
53.9091409301891
39.3056854418035
-22.8198412768543
25.1220763097459
25.0225678537214
-2.61246980386631
49.4384173339681
4.77062158651793
18.555969262948
3.04417812868375
-4.03589515036895
-0.339550651090267
34.3146485179621
50.1267606485772
2.37571024344587
-40.5990762017542
14.5526901015826
18.8660827173494
-0.133726766668429
22.9760959756207
-26.4308898865725
-3.31459398503696
27.5490644465804
-11.584115921789
-21.0247756743073
10.4938052753265
21.2802907160224
-30.3636038932164
-15.341964538605
-14.0477833614728
20.9159404108433
2.06151534098552
37.4547140488933
-17.578100415061
31.5346165056159
-31.4987761961197
9.11627238906437
-3.95881769053588
5.19323854225428
4.47407159896131
-17.4488256579328
-11.1506916988199
-1.84212939242539
7.97533647764425
-9.05987385773394
10.444179732132
-1.31185249145146
15.1475734898707
5.76228717283173
23.6091916949573
4.27260291753925
