# predict_model; Vecm
# max_attributes; 15
# description; Austrailan macroeconomic dataset
# number_predictions; 75
# predict; InvLevel
# lag_parameter; 4
# horizon; 1
# name_prefix; aus_macrodata
# method; Hits_granger__graph(n_components=10)
# prediction_type; rolling
"V1"
3.55285378960568
0.277757839445585
2.57946250364779
2.45740076113577
10.3908108220844
0.401912259249162
3.2675584678886
-6.65985823855322
-9.0968711471288
0.687556974270949
4.48916087333015
-16.8272093085294
-5.53576893636328
8.65203746488096
20.0877574748976
10.354380867328
2.70123466130057
2.59288542163899
10.0995737172765
-1.66500102276759
15.4294960421295
-6.30115205713562
3.79037579454689
-0.646070092794428
2.53714653265927
-5.46028899610048
-0.674464345342476
-3.3682265268699
7.31018064377698
-12.7613899391735
-7.40261208684007
2.96353772143087
19.604355024436
9.69683055459272
-3.76348605883989
0.369755741187436
16.5749574582142
8.1446820560814
10.2698572339984
-5.36558340458867
-3.82389355741178
9.05869643659863
-4.26112239116501
1.4519516134048
6.96276624616542
-0.614268895264226
-0.558010874152006
7.8925705912637
3.67270486131024
22.3176230358266
8.69611564044504
-4.08605179124779
12.0941798308961
-1.30911190762799
-5.65728193456608
-5.43217878459512
-2.64648590251949
9.40692664815587
-16.2129600061379
7.51053940080721
3.36444978873585
13.710464420268
5.25866914886253
-6.4501100953311
-4.50185901935943
11.299516112138
-2.49883688643299
-4.24474119926366
6.81773958052725
-5.28099797407273
6.9889593033787
-2.62331066701901
-13.508792242434
3.76540391740025
-14.3897709445699
