# predict_model; Vecm
# max_attributes; 15
# description; Austrailan macroeconomic dataset
# number_predictions; 75
# predict; IP-EGWWS
# lag_parameter; 4
# horizon; 1
# name_prefix; aus_macrodata
# method; dm_PCA(copy=True, iterated_power='auto', n_components=12, random_state=None, svd_solver='auto', tol=0.0, whiten=False)
# prediction_type; rolling
"V1"
6.5217328531165
6.78104248418627
-2.35351728769692
-13.3342450459669
-0.222929871169081
5.40791095454013
7.45284812097912
8.42812911375205
15.9145904696311
9.60860906626353
2.01688118811161
1.84802423545452
2.95005221384687
3.59700584574009
0.268992978895182
0.917699623455425
1.14134696444889
11.9023570147685
-4.16797360986137
10.0303870344882
-6.96472583717066
5.86448480284632
-5.47790713180519
-2.78838848161968
5.80556788539476
-3.60840779925216
3.53133377466635
3.31115164337783
-3.78915608747569
-1.75737934071796
-9.95993661713449
-6.30161620518829
4.45873140794007
2.75407946355176
-0.669701890729904
-5.35877834513379
7.82369525246153
6.52337261058314
-9.1877862237653
4.28909145669785
6.97622131082483
10.7904891128726
-0.776759050624765
-1.87965960751533
-16.9801670509477
-3.36622663398652
13.1165980776742
-6.48283358520489
8.3002550000795
-9.57433204130268
-3.05609906075788
-33.8409704504641
-10.3894119167594
29.0070443688979
-1.39622825381593
3.84511672024954
24.7493917488168
-6.01601745259684
-1.96646582021447
-10.262806285617
10.5840975643143
14.1420463084245
-1.21879297051151
0.137429958801715
-7.92519541751957
4.6036619122774
6.95766787398341
18.7196235720417
-5.29740707648236
-15.8525739121909
9.21218903475566
-0.111720447140624
-14.8598273038327
6.43473956668601
4.00875460314249
