# predict_model; Vecm
# max_attributes; 15
# description; Austrailan macroeconomic dataset
# number_predictions; 75
# predict; ResInv
# lag_parameter; 4
# horizon; 1
# name_prefix; aus_macrodata
# method; Hits_te_(n_components=3)
# prediction_type; rolling
"V1"
-3.21645167227829
5.24071146359079
3.11003556845653
13.3394686141754
14.2992737709136
17.3857201289055
30.6545097666156
9.94705380582212
9.08127699746313
19.2560140745324
-42.1806721955218
8.44587237398127
-15.8578123004575
19.922011381897
27.8467333414681
6.43125019519042
23.8694201846115
-22.5219265712202
-65.4757626236931
80.3700366969021
44.9046271138283
62.0313783567921
37.7831926128952
32.7589392720388
20.9312827005939
7.23052052761745
2.23613219878178
8.55349771801012
11.8550674011916
1.56431251459438
36.7210324121803
4.75905146048555
21.1521894127676
12.6334068903128
-0.108511230248891
9.23814757198249
13.251624525457
32.2121549951474
-18.5009165188281
-9.70447661706659
16.1430797162085
-16.1684997222163
27.4208942582991
-26.3507356677219
-18.0165193404186
-0.000575514697891855
3.08945712125946
35.8892663948101
4.30631380093896
1.18826738365137
-7.73082460958282
-25.9582384229425
2.18705146003626
0.987438460257307
24.7451156429897
18.0815729198988
10.1937092736403
19.3901661763469
2.28069654168228
2.50369027013042
4.11534182568085
-11.161236195661
-0.95001083986275
3.89546303356633
-12.5748710313833
17.8807745134424
4.25621418268318
-1.30827089339035
0.978906890648835
-10.7772217320472
1.95270984384486
26.4811103512928
-1.47510401352349
-5.52466814131689
10.3759345506322
