# predict_model; Vecm
# max_attributes; 15
# description; Austrailan macroeconomic dataset
# number_predictions; 75
# predict; IP-Min
# lag_parameter; 4
# horizon; 1
# name_prefix; aus_macrodata
# method; dm_PCA(copy=True, iterated_power='auto', n_components=12, random_state=None, svd_solver='auto', tol=0.0, whiten=False)
# prediction_type; rolling
"V1"
24.172629238692
1.50774984025374
16.6907253045301
-4.36749474261961
-15.8451608195167
4.88069452755509
1.56796361009592
-6.40994552726645
-42.4714785311079
36.5896388900816
1.01064509722017
11.8397407674905
-1.69196985260393
-3.59457527716827
-12.6473079618807
17.8932851278859
-6.13691093493565
3.27347393811466
19.0161886859977
-0.0118072072228461
12.0157607711331
30.0803868895264
-8.44650385825595
-2.48623554280415
3.86605626931613
-0.426687984142684
-5.3368888825179
7.75600480953834
-13.077915517362
-1.48490013919344
-7.09910525009535
-1.245042105613
-4.87767908283039
-1.01614191690511
-5.26506260052462
12.5560731839863
9.41389159702574
12.3665920296576
11.0595303405816
0.594103860763831
-3.36470820779475
-15.6501076225664
26.4815050057322
8.69809874642285
-5.46692331635908
13.742705629312
-21.301342571175
7.12901716730889
-8.15496211512099
8.27029677626781
2.31748922946419
-1.61289550538418
17.0208142241876
5.36812050842154
21.5735657902729
20.7388405708206
5.8312640592142
10.1925326532134
3.29018579011761
-2.94512230986773
-9.94957760625638
-2.83381333249811
16.0402160942048
16.2903933835556
9.62052718177529
0.0847490898889161
5.17052776418171
15.3538002137393
16.8325717637603
7.87199906465996
18.8123738682472
-0.0350798241172696
13.3902998009867
21.4600491248066
0.509864653582989
