# predict_model; Vecm
# max_attributes; 15
# description; Austrailan macroeconomic dataset
# number_predictions; 75
# predict; Cons-Other
# lag_parameter; 4
# horizon; 1
# name_prefix; aus_macrodata
# method; dm_PCA(copy=True, iterated_power='auto', n_components=9, random_state=None, svd_solver='auto', tol=0.0, whiten=False)
# prediction_type; rolling
"V1"
12.3067320715693
4.6639760922247
8.97854442397119
0.0541663034290674
5.92578804080039
-2.24355304029222
7.76982053339757
-3.30045577581976
8.42333480047403
0.867098733586488
6.11305842509887
7.7499731274731
12.2930383975979
4.66852161604633
1.45997453982088
-1.28528364137963
5.08970656038548
-15.9169109363865
-1.83912269677655
25.9327587371888
-8.15618377193906
9.65368348559951
7.76973687182026
0.374611228292844
-1.44419709666174
1.96061442214289
3.75759088162305
1.54716978755199
1.48092956207339
1.36559407230063
11.7745049461156
-3.26684170278786
8.58364566594521
7.54503378837342
5.53971879394668
7.94211130939731
8.10237113044195
3.54878846523545
6.32089642354251
7.3458303053471
7.36851414973698
10.8369703064533
7.11551145464679
8.10560737524289
3.38091202384392
2.66182557067407
11.0408316450765
13.1435890033674
5.30613778589401
-0.891418957479326
-3.35362562955925
-0.915976771445521
-5.60047670473162
1.23770603744948
7.45737406814818
-1.48691331306707
9.3797019571479
6.71503995870009
2.12741413030473
1.32007131047038
4.20244087599502
2.64964165044683
0.889040135882609
7.22705271129313
-1.72706879477051
6.29848429166622
-6.37062676771436
-0.343465612002856
1.06158008823912
4.87595973630836
-0.130172593780167
-1.68037928871825
4.78134380158081
-1.70983481439611
6.71357707787694
