# predict_model; Vecm
# max_attributes; 15
# description; Austrailan macroeconomic dataset
# number_predictions; 75
# predict; Imports
# lag_parameter; 4
# horizon; 1
# name_prefix; aus_macrodata
# method; Hits_granger__graph(n_components=8)
# prediction_type; rolling
"V1"
15.5068463180938
18.5468665167655
1.69240551326873
13.4133708512613
11.517433046895
22.5711449124964
32.842016435201
-7.33512127121462
15.181261621836
-51.9686098194614
2.91454959907722
27.8745416454307
1.9319595256334
14.6486540667639
5.60518635949707
10.0604619345409
4.59481497442205
0.306637643935134
5.76824546388243
7.96447824576505
-0.197829119423086
18.8378503903107
-14.2168380603138
-12.0408089784908
23.3599858531847
8.92381467567009
11.8088517818584
15.9258019563872
25.8643977758887
15.1149191960523
25.1439303533058
8.87036414017786
21.4763228469924
23.1489773074606
-6.791217741901
3.40123689916532
10.6639860416354
18.4604808251109
0.721260531397355
11.0907119504903
-0.773418537099882
27.0041470808872
6.56854768491892
14.063734034593
17.5704077062344
23.50694873307
12.6449422946055
14.9971260588191
15.3792243474532
34.2454134160221
4.56899489992315
25.6876717438891
-14.6573237625582
-0.00555499031411366
-5.89066919567189
26.4534673639979
6.5936102086578
-6.72735234930066
6.77838988221347
7.97323237081615
10.1462504226305
11.2176622714953
10.0848521448146
-15.6710122062332
13.130908529274
-0.84861265019466
-2.80610320360345
-9.81958526693836
-10.4442007859988
7.22005692256179
-22.6388710811825
21.2355048083103
-28.7684139188957
-6.39158580740066
0.152314205586077
