# predict_model; Vecm
# max_attributes; 15
# description; Austrailan macroeconomic dataset
# number_predictions; 75
# predict; HStartsSA
# lag_parameter; 4
# horizon; 1
# name_prefix; aus_macrodata
# method; Hits_granger__graph(n_components=9)
# prediction_type; rolling
"V1"
29.0095871203477
-5.41314121364643
-26.530063513699
-34.8210540783845
41.9830590953299
8.77648116447868
-43.993893628625
46.6704558197564
-46.077682329537
40.9856835264467
-0.696110639214234
135.141839969326
-89.05728868692
20.4996234530512
5.53616767105475
65.2834789302239
29.6850617762557
-4.11948992068021
96.0035020516896
47.377509244844
-32.4475826981251
15.6292186810477
8.0791963582795
0.62369183814909
9.84260542909285
-58.2495419315268
10.9681729579806
-5.19545778135748
-0.120817750409799
66.3376523357018
3.98949101778584
11.0586208638871
-73.9629200588341
10.8731738388195
43.5253297792099
-36.6690418088001
62.9660015771461
16.9107932530557
-34.6171704705446
38.507609382211
-0.446958211603603
-29.0439167514921
-10.2980502030521
16.4388073891488
-15.8176419190698
0.780182541361963
-2.08319800118534
5.6562167695131
-49.310662878571
-17.696707692613
-18.0503437403355
-65.7936474971772
-0.628823533116293
-20.8372344890104
55.8456974665753
13.5106341554728
-74.0969779177902
9.33904677383832
-5.08950974078679
-46.4513641792497
-47.1698673273175
-31.6790036226242
10.453840003709
31.7319107173302
27.8533389281419
-38.164257142145
3.88334864800573
-15.9070522067227
10.5925959524024
24.2152798457009
11.1319676948261
-9.10290335767158
13.7598377726374
-0.151665172224572
-6.9945518482244
