# predict_model; Vecm
# name_prefix; aus_macrodata
# description; Austrailan macroeconomic dataset
# lag_parameter;4
# number_predictions;75
# horizon;1
# max_attributes;15
# predict;RGDP
# prediction_type;rolling
# method; Part-GFS_te(n_components=9)
"V1"
4.00376859931671
7.772299205193
-0.531864594081311
0.65658256831333
3.20630385327105
8.33837366103486
5.25096874919472
6.54405461311979
1.08914647981854
9.45178523612049
4.13809339239423
-0.284310302883501
11.8245671980339
1.76942281248443
10.7965077089801
0.028995944378321
7.32573070130407
-1.82507083380044
-2.03410611562586
2.13558726443206
6.7120168248236
1.91931886451464
-0.184351411767164
-0.705744268341737
2.62478375373384
5.05908921332829
3.27964154110302
4.5638108078589
4.48031706136298
1.02754917649021
9.57556137394735
-3.41893857280156
-3.74249604597452
7.97046704712088
1.53932645207401
3.26979381376391
5.86613533265291
3.82434200130338
0.563687002236413
0.962573418323775
5.3460006101766
0.0643402390467711
-0.553110261298276
3.07770792994678
7.78069337557592
3.22424566124797
3.64424699574275
4.46957693440537
3.83445137870432
1.40058748171572
5.59565055112105
-6.00983386879336
16.6348012265817
0.820976081019726
2.29661975413136
-4.1943180098524
2.69231655895936
1.78773713661551
3.60006740898842
5.2577150965978
-0.595279816214817
3.97223456574405
1.81026199656957
3.79818075173674
5.28660366311558
4.56777529472165
-0.432240432939235
8.26070582157167
1.75945039236928
0.371233023998586
3.60541416086976
4.0404666965671
0.248873793418948
3.92334583597414
5.80964969173829
