# predict_model; Vecm
# name_prefix; aus_macrodata
# description; Austrailan macroeconomic dataset
# lag_parameter;4
# number_predictions;75
# horizon;1
# max_attributes;15
# predict;Emp-HoursPt
# prediction_type;rolling
# method; Part-GFS_granger_graph(n_components=7)
"V1"
9.34496642099786
8.21714351418759
-1.43640964763718
1.69205124337379
7.34951110647655
4.02305643089525
4.49376068679998
4.47131339958693
1.86737328395475
2.23479090533667
8.95585963349383
-8.9865210840753
7.59378812100855
2.26228746335008
6.39197916860236
3.18044483119485
4.37522013419312
6.76242357538487
-6.12397409148545
18.103751491466
2.94670003467466
7.75866566972416
9.88984403946388
1.93177652043002
5.17251185854426
6.05675601686764
2.95285402056109
9.85906503207025
10.526849383568
-0.495268147212959
-1.38614003787909
1.6822488963312
0.237068539286337
1.59851322912492
0.631390598449487
1.32642489542439
11.6472414891288
6.55696093993222
1.99830915326379
1.242914936373
-1.42696386663273
3.27540902032835
6.19872563297165
10.2251787897349
-2.81227192290736
-4.96735925902581
7.18633024558723
0.61017935532049
3.23725884756305
3.28561404943484
0.0215305788280238
1.62775756958014
5.36953089287823
1.61681445875639
10.3420570799726
7.06575835115839
6.18304759834024
5.14775936582752
1.37855341832367
-0.843409413697704
1.28847824104093
-0.933964050699476
2.13767089296845
4.76117622916817
5.00605841656059
-0.206592682313351
-7.15584956708428
3.01399216895226
-3.77947402682322
7.61747045214101
6.81015060140881
-0.860740620510549
7.54486333012174
3.56207735533889
1.85306216333325
