# predict_model; Vecm
# max_attributes; 15
# description; Austrailan macroeconomic dataset
# number_predictions; 75
# predict; HCE-TelEqu
# lag_parameter; 4
# horizon; 1
# name_prefix; aus_macrodata
# method; Hits_te_(n_components=10)
# prediction_type; rolling
"V1"
-8.32907692004541
-7.78072123811095
-1.63808411795006
5.16302886582453
1.06025305956099
4.54814946559822
6.93461043880053
-13.5708506845737
11.0925397221822
-8.72355570582144
7.06887934873542
-3.18890766959293
-0.407274377766887
-7.36047178901047
10.7052428971443
-12.851381951483
2.60459226811861
0.699370766076098
4.02869062449125
1.98950868160171
19.4911142620994
-13.2943497643511
-1.82763587752985
-0.281377700374043
9.32848925351835
-1.23655227909786
-8.59021216202131
2.15205610797807
-7.92125265372711
-9.27255282328417
-3.10415549490719
-7.61570238409362
10.1844082933843
-4.2752811650681
6.3876177787293
10.5364712224142
6.90746966350373
15.1488376426858
-15.8788969398565
2.82331671699138
-7.58654986611603
9.80578400302881
5.29625555467173
-15.5737063064545
-2.97815535100154
3.44429146469625
-4.98620956385619
6.61373979850517
1.88543454281294
-5.57991010809751
-0.852663739910356
-10.2486583273602
26.8974628310517
12.0126540544037
-10.8219826575066
-6.41160769994402
-0.254804559140023
1.57859915882089
-4.38515788129169
2.46151959003617
2.61437618458736
0.0489757592331863
-3.4121610692366
0.51249964361542
2.9708319971835
-3.32244105716391
-2.81603712883223
3.75756106332166
-0.471218755519047
-1.60740205482465
-1.10451930645234
0.172518731255158
7.71399344598287
-8.17491597665797
-7.10945824435935
