# predict_model; Vecm
# name_prefix; aus_macrodata
# description; Austrailan macroeconomic dataset
# lag_parameter;4
# number_predictions;75
# horizon;1
# max_attributes;15
# predict;Cons-Other
# prediction_type;rolling
# method; Part-GFS_granger_graph(n_components=7)
"V1"
5.60868347187009
0.863900881870112
7.53391035467493
-0.142572299983014
11.8444402462775
-3.96899204913774
6.03059325919281
0.701157524425415
3.98671110971165
10.2570917575216
6.57781712033608
14.8281308721422
1.67199483993745
14.5137123865359
-4.5279366935626
-3.85647032209684
3.97002539619555
-3.36029287228731
8.20042334336341
2.91756617289701
3.63414649050602
5.89554630336292
1.75395226167448
4.29294394133872
4.04008051317307
7.10549666376439
2.91587779248558
1.91818196876967
6.5092637755289
-0.15219546413678
1.87482423708774
6.18036596409964
7.1506112731156
11.099084768173
3.88562063132438
9.78010958681791
2.18356287633074
4.599709871115
3.71782076264438
7.25519651971694
11.7633122378744
10.3623304197327
8.33413891395032
4.00908389721551
6.37290073534397
7.63129658751242
8.0584460172634
10.7076354483729
3.4708371658258
-5.14023863585104
-9.50527574573368
2.4640954065696
7.62272350214135
-0.860634944407308
6.1259710160534
6.33022851997369
3.71599046112019
8.26942308140889
8.66315418123518
-0.321316166456777
5.07591635572019
-2.73136861646535
7.31084002851801
0.582975992490234
5.35888336122554
-1.24170593005214
-3.48435504475411
-5.22093302308057
0.0432718965404377
4.04308844861542
-4.97520223451119
3.40906324439116
2.05047018202814
4.62139598370659
3.67082688381375
