# predict_model; Vecm
# name_prefix; aus_macrodata
# description; Austrailan macroeconomic dataset
# lag_parameter;4
# number_predictions;75
# horizon;1
# max_attributes;15
# predict;M1
# prediction_type;rolling
# method; Part-GFS_te(n_components=4)
"V1"
7.13360049384509
-1.58631491668113
19.1598515714092
-18.3705407433426
8.97989959862419
-8.24957843617176
-0.0619360558606333
0.282618081465779
3.27193830881428
2.70389626176668
-14.9272725174399
12.6414818445441
-0.447153971574016
3.10866892980685
-2.54549405683018
4.31078912471091
-3.16734234052337
17.0697357440864
3.1536381895146
14.9398137156338
-13.3129340345765
0.844528865387107
-7.54443134390915
5.19165575019202
-1.48429798281163
-46.3762231891165
-47.877247252888
-116.420168691792
-79.2310594832843
-6.36280318172342
-113.615432167983
37.3707368004455
-15.0888748323768
-29.5433564673408
-9.6999823946101
19.0551035856931
-32.4510689944517
-16.649587494782
43.4035814300719
-11.0618299494391
3.43288769311656
-1.5772833455332
17.1184634034477
20.0354763247799
-0.874996318421224
-28.884035056608
31.7724161120841
-16.1701409691504
42.6843288912544
-14.4440096542702
-49.9856554179307
26.842088478734
29.7075314783153
40.5574580048889
7.48176491453736
-42.0607125953528
-17.3714654962475
13.9839140439613
-22.6448015880719
3.00410237288915
13.6034696784993
-27.2480829842753
35.9343592054144
-6.57045106006578
-2.0249458174932
-9.74350897306423
7.18781768328024
-28.4922523126485
7.08807209706224
15.1651715605383
1.25577061180576
3.17832715330785
2.88271058285412
9.48705504670288
-6.75030968881705
