# predict_model; Vecm
# max_attributes; 9
# description; Austrailan macroeconomic dataset
# number_predictions; 75
# predict; ExrateMYR
# lag_parameter; 4
# horizon; 1
# name_prefix; aus_macrodata
# method; dm_PCA(copy=True, iterated_power='auto', n_components=2, random_state=None, svd_solver='auto', tol=0.0, whiten=False)
# prediction_type; rolling
"V1"
-8.45435906104477
13.962904030667
-13.5931594800787
8.12806518942335
-19.9393681555979
7.89595332670415
24.0966703989921
34.9155569257067
9.95213698270697
34.3202354137344
10.5254911397643
1.80347232570658
-2.45135255667281
12.2025747540421
-6.01037787140783
8.40628532718935
-16.996141988564
-19.5724937954753
-6.07547181278535
-21.2216985032651
-17.3776605581811
-18.058283969526
-1.77710188036723
-13.5594073422956
0.200158148246855
26.7607063186819
-2.67444404258946
16.4551057459199
15.2638051400535
22.7154612846808
10.8296752645331
37.0453299965594
12.7502347660581
12.3124289513967
11.817891019859
10.2864260941834
8.97268166960353
2.85048510950136
-10.8505793744004
-3.24146008429242
-13.5461721318253
-0.0977582781238013
1.47023161549912
-8.17977001989171
-5.03704074585138
24.9532078895131
4.52349426147377
6.93671114829507
-2.34662796783287
5.81141756401191
-13.3073723397146
-44.3415641015298
31.3295013413798
-2.58854167209358
-11.2205833558564
15.5303166718175
-8.14025396507096
-27.7648919904585
20.6899509195127
16.8376433530767
0.594950355042213
16.69595076254
-1.3799535354459
1.79526660839133
21.6042524383154
-12.3489230973869
-3.67947803322782
7.52690408953133
11.8750736030644
-10.632852844355
-9.71702024187713
-34.0393350351861
-2.70473366480597
2.71575682043068
3.69555078277185
