# predict_model; Vecm
# max_attributes; 15
# description; Austrailan macroeconomic dataset
# number_predictions; 75
# predict; Urate
# lag_parameter; 4
# horizon; 1
# name_prefix; aus_macrodata
# method; Hits_te_(n_components=7)
# prediction_type; rolling
"V1"
-0.208734572316293
-0.00458510577148335
0.0297184470152718
0.00722450981793017
0.172957860222337
-0.30623044155136
-0.183827591462296
0.255187347022531
-0.396542608232932
0.364539701098723
-0.312510113736259
0.0397374333617678
-0.0996744618674093
0.619150417819901
-0.0611839893577457
0.282364522502654
-0.0398660929517639
0.000490332082756156
-0.425021481179497
0.484324930467386
0.360183483649034
0.254775780150243
0.00390433665873518
-0.278892202213888
-0.0703775797794653
-0.471148201593929
0.383684591398146
-0.109820131630229
0.264931507996683
0.0938800212132319
-0.00832987489613953
-0.0186664197467148
-0.0759632839302003
-0.0584779361091937
0.293954631480042
-0.322264999702948
-0.148095299628959
0.22947950507869
0.0194314498446077
0.0616942893843272
0.0211614380908778
-0.0925821467785779
-0.323932600456798
0.262804100199945
0.0364988685579377
-0.0322698533564125
-0.177063286050605
0.26822069232861
-0.106502655744893
0.0397794790081889
0.143679973930268
0.124695590902772
0.218279534678473
0.383136204522738
-0.619722212202274
-0.304418951215321
-0.408594614400749
0.569955069389083
-0.145580010528407
0.189041653599163
-0.272020266466177
-0.0376067577817718
0.109881964305434
0.0605983365224692
-0.115320658713317
-0.159105221943047
-0.0485405737027609
0.076941774105886
0.154443823796753
0.0337090662005066
0.0373047278873811
-0.0474331339598585
-0.155578254426226
0.249317968213115
-0.152904739708541
