# predict_model; Vecm
# max_attributes; 9
# description; Austrailan macroeconomic dataset
# number_predictions; 75
# predict; IP-MP
# lag_parameter; 4
# horizon; 1
# name_prefix; aus_macrodata
# method; dm_PCA(copy=True, iterated_power='auto', n_components=2, random_state=None, svd_solver='auto', tol=0.0, whiten=False)
# prediction_type; rolling
"V1"
8.55335131950034
-6.71977843003991
5.05960044797526
-5.48465504037579
1.69663829375853
3.32108192357352
-6.24415568905294
3.84734366139585
6.12329671966716
1.12132138413495
-14.7681129346661
8.45016227804726
5.69768651256436
7.67768020453425
-5.77885872472593
-14.2447628920515
6.14039354019855
-1.44040061960448
5.80975423252927
-19.4473971892308
11.7500693239539
17.3123245330995
-29.692212928087
17.1746807022715
20.6500291162745
19.8327184635138
-6.27478544716995
-11.3119067833655
8.3245749110237
18.7343684324188
11.0759955083321
13.1482557292202
-15.5217015745116
-7.64818753358092
9.75859742825206
-7.37067142702677
-3.11060962153299
1.53673954771274
-5.97554557522449
-27.8815088655846
2.67002374573769
7.7406843918878
21.6882474584765
14.9586403901904
12.9660640144472
10.2729782389475
-7.30396955623737
-12.7378889506278
28.6860812195989
25.7337292870224
25.1732506223418
19.9507949731686
53.1864249924126
-25.4088386905191
-35.9870604095999
2.53293438638759
-13.8538400139031
2.04490525774596
9.41943305071662
-10.5658611890779
4.80714134235894
17.5320968746198
11.7897069260556
26.3378943836534
3.00292452370935
-10.5393751416847
-6.79662330129348
-14.1163191555135
-7.05645332798935
-10.9968020943618
29.0187853540363
6.72854784790067
-15.8183826811292
-4.4054489239201
-7.96390103342883
