# predict_model; Vecm
# max_attributes; 15
# description; Austrailan macroeconomic dataset
# number_predictions; 75
# predict; HStartsQLD
# lag_parameter; 4
# horizon; 1
# name_prefix; aus_macrodata
# method; dm_PCA(copy=True, iterated_power='auto', n_components=10, random_state=None, svd_solver='auto', tol=0.0, whiten=False)
# prediction_type; rolling
"V1"
-23.8108626555968
-57.4855608888001
53.3158110388459
30.9115464581788
-4.16868756224164
-26.0035163889733
4.4538326434747
-128.569845211163
-103.402039765494
29.6379393497113
-14.4877150112021
6.30690555371646
27.0748083705723
33.1663091759645
-22.6290477317958
15.2721613045855
4.32877594083573
10.9349292654597
31.1513979818123
-62.2597411690645
34.6114298406417
17.8022594999572
67.3413201127211
44.7624393160083
46.123120594999
4.85575962333387
-45.5739004498204
26.5592445399553
65.804169965113
65.0169118187219
-137.751832517513
50.9998522040192
-116.447093973225
-1.38879464024316
11.2543773511353
8.03811279947765
21.0869172150701
-15.4013102651786
34.491852244408
-1.30854558522002
16.6042088963131
4.60794426682665
23.3457261536652
-9.28094689714258
-32.047067147625
34.4952417343706
0.166197624712832
-31.2705955446498
29.8418058071447
-113.141230513982
-74.9641295296821
12.8892477088555
28.8648237187906
3.55864494768492
-40.4566856121361
-55.4764022397761
-71.5927312173967
-19.9681291784356
3.64925350899572
-40.6814165555195
-42.7956330626802
-23.5751452122323
49.3452696574196
45.8997792234166
14.7799663245213
-43.7664546730464
-3.61216267252945
12.6486961604985
-6.11967647636372
46.5015373503557
7.24014826975202
-1.78960841436563
28.6754248258134
33.734269823719
-3.54197102322767
