# predict_model; Vecm
# name_prefix; aus_macrodata
# description; Austrailan macroeconomic dataset
# lag_parameter;4
# number_predictions;75
# horizon;1
# max_attributes;15
# predict;Unum-LFT
# prediction_type;rolling
# method; Part-GFS_granger_graph(n_components=6)
"V1"
1.25550058567093
-12.6331776044886
13.6978972676176
8.92715029571546
0.365072356358686
-4.64283812721633
-16.5889537317692
-10.5440620464528
-19.1173944305961
-10.3007643969263
6.07382633447355
-13.717991762745
-28.7882403868547
-15.9407254218031
-1.71894285825493
-4.10633818545455
-19.2870029752963
-11.7254575907523
-23.0294503702326
11.964631035645
-0.59750358467637
12.8488501330041
9.74423149578623
17.0827224473806
-6.90174502798518
-21.1476182796489
-16.5189036311306
-7.31324350509073
6.23792690496114
9.41730634440283
-1.01593371650812
-44.5976191115997
-12.3411372908023
5.66761769672122
-9.36784452600508
-12.8919281656603
-0.888856294345773
-14.6178597775645
9.04755907810234
-4.0578421487663
0.166278963413288
-13.1698248683037
-14.4528976943701
-2.18457640694135
-0.371549780893604
-20.8707927863436
-23.8480607001805
10.0982416244379
1.45605249464232
1.10771511659199
49.6417891418737
79.204712529765
76.4374526710375
-77.3412717697069
-5.68157484969075
9.32274512861505
3.1134852204289
-14.2411879915452
-14.5478724412201
-10.6655048279631
-3.47996832633143
14.6272502406088
27.7315079357936
14.4942022525117
6.07305121526995
6.22238808491669
-7.83367948551932
0.32414089654916
0.910250707511991
17.5236170243471
4.17865337746658
7.47314342510837
8.82282015825863
10.0872089302754
13.3948043867232
