# predict_model; Vecm
# name_prefix; aus_macrodata
# description; Austrailan macroeconomic dataset
# lag_parameter;4
# number_predictions;75
# horizon;1
# max_attributes;15
# predict;PIMP
# prediction_type;rolling
# method; Part-GFS_te(n_components=13)
"V1"
2.53721230606385
19.3102698735925
13.3152086527733
-13.0917620854381
20.5927076814167
-11.4023891316477
-6.66712579862086
7.00766276039833
-22.0211399154674
-19.4274048392353
-21.5354481594614
11.7043756335234
16.3456323986993
-2.32882878582628
13.9160055504553
-14.842733306606
5.25195237208207
-7.46719345047221
-83.9002757831165
16.1373816500358
6.22552271355323
17.9858943513367
-37.5289908892747
16.2838974560518
3.56336953527217
3.04081446358525
11.0736677916918
2.77430295422953
4.49657011965142
34.2653824928766
3.19169275989154
18.1308122429805
8.12240667836128
-18.9348264818021
14.2812177174087
-0.364071677470795
38.8118852371402
-17.7346334455085
0.477137446630931
11.5940327319698
-5.26961818883455
5.52136386012876
0.486183352633373
0.868146704623957
7.63566868785451
25.9717406631122
3.63074215505833
10.510340915181
-4.38479937074438
0.303755331614473
5.91904530975857
-118.198671455322
-34.0494289202277
36.0973498031322
3.13407645606147
38.0595463405803
-16.7847707306257
9.33665961277514
21.7811535286723
4.1218843559834
12.5263358301074
24.7198564611374
20.1612816657785
-17.7823951056536
9.19566720588199
-6.47662823187132
8.95586462317419
8.77804642847153
13.1720849386368
-23.8686959824415
0.517143591758795
-0.76408026090495
24.4635236939506
-22.9560601546974
2.70223493933802
