# predict_model; Vecm
# max_attributes; 15
# description; Austrailan macroeconomic dataset
# number_predictions; 75
# predict; HCE-MV
# lag_parameter; 4
# horizon; 1
# name_prefix; aus_macrodata
# method; dm_FactorAnalysis(copy=True, iterated_power=3, max_iter=1000, n_components=10, noise_variance_init=None, random_state=0, svd_method='randomized', tol=0.01)
# prediction_type; rolling
"V1"
-8.18805640409949
-8.92644805208263
0.589683470389187
-6.08996661777687
-1.64635891315409
-1.46914064758615
-5.65042665788887
0.105361295263742
-30.6486183092291
27.3263858032911
-8.84238046171656
3.41469909513777
-0.578446284839648
-3.02938775713946
6.32763693733521
-5.7426820502741
-0.231207158002222
-5.11769959202944
31.1037023705204
-32.4399787574232
-17.5888246793944
13.085122609715
3.54397813701228
-0.71996338700968
6.38002923406085
7.95362067937612
-14.7208311759872
0.105582046284111
0.850008210031916
-1.86814723530721
-11.7581705654789
8.70617276310031
4.81793670819812
-1.42597791490849
8.72063520434227
-12.9513117617315
5.75911900429412
0.752869288412472
-4.75585004389445
3.83623154653973
-5.39844525144389
4.86618620948512
-0.0871932761275376
-0.327175463997628
-0.00359730768869171
-1.77727618787578
-3.34448964636396
2.39067816134506
-3.79254674119639
5.71617414264341
1.03764356470524
18.140368883255
27.4788573525199
-17.0621997788396
-3.84011830227732
-2.85084910082061
-1.87268246855954
-0.250687287386478
-0.153116042745313
-3.32767529800486
5.35269164550588
2.77858491635189
-5.42982226506014
-3.03076734065131
4.38502652564501
0.493583952381821
4.57825189184593
-2.69244179916823
0.24046472896593
6.57823351090692
2.99555956219646
-7.53510105625695
2.94769120719453
5.93437712917041
0.855365552542628
