# predict_model; Vecm
# max_attributes; 15
# description; Austrailan macroeconomic dataset
# number_predictions; 75
# predict; EXrateKRW
# lag_parameter; 4
# horizon; 1
# name_prefix; aus_macrodata
# method; dm_KernelPCA_fit_inverse_transform_True_kernel_rbf(alpha=1.0, coef0=1, copy_X=True, degree=3, eigen_solver='auto', fit_inverse_transform=True, gamma=None, kernel='rbf', kernel_params=None, max_iter=None, n_components=13, n_jobs=1, random_state=None, remove_zero_eig=False, tol=0)
# prediction_type; rolling
"V1"
-28.9531567733573
16.1868056895511
10.6988632565521
1.56861840451374
14.9100656381958
13.8975216130893
-10.5867930010502
48.5699096189897
104.057905614391
-37.3742773570882
-76.7983952240281
-1.18854387151748
-53.1564295268879
-25.923723859575
46.8479444854883
15.8695823094338
-9.37829582939906
-17.6756721092782
-18.9859764796899
41.5371218035415
38.1565231260418
76.1825710599393
-68.7325755226845
-55.2353196127082
34.310253557121
-43.7988456660174
-18.565838269478
38.4192417512343
-35.4544659361297
1.22485271647223
30.3869826252178
126.482958518697
-26.8937070683497
-42.0945883408325
45.7453981124283
12.4993057741296
-3.91554603086275
-69.7737734377237
-22.0012544980788
26.6640472639982
-48.0517939656869
12.5377079826689
21.0174012158446
-53.7507144817956
7.6051678845167
-0.301411555660242
-16.3360733275422
53.27884350627
208.525602266097
-31.2877231598424
-21.7972898272309
20.3647553953944
-24.3957487105723
34.2994121064891
43.6085493531999
11.8923679227399
-45.4317995121028
5.67086811027384
3.95910713302933
45.4896495697535
2.66731966101276
2.80719248499187
41.6890002466802
14.3043186114185
-2.32877841982852
-15.5076288555569
-28.1046184504586
15.0257875315642
15.824001982641
-33.1417715594869
-42.9349079008895
-30.7471875490612
42.8209990286489
-58.2502244168202
-16.0299520607643
