# predict_model; Vecm
# max_attributes; 15
# description; Austrailan macroeconomic dataset
# number_predictions; 75
# predict; IP-TCO
# lag_parameter; 4
# horizon; 1
# name_prefix; aus_macrodata
# method; Hits_granger__graph(n_components=6)
# prediction_type; rolling
"V1"
-4.66224832748333
-21.3458402735493
-16.9576745368021
-21.7848285614954
25.6761738234257
6.14440440104712
-8.40718913070909
-10.3492081498394
-35.0869383493485
56.2941413018571
16.6374595147776
-2.01265923921951
12.054887647716
0.0324055341983794
3.97012931110363
-29.061844013716
-10.4907034103183
22.6255046854666
85.4469217019804
-24.5558902418782
9.41185813367267
19.5942459781556
-3.02026209222895
33.4733881616449
-10.3153503521871
9.58267376181481
0.503909720658918
-2.59908642369519
-1.21153735494469
-24.9764632406945
-14.2553865040494
0.705203354338636
15.9455601706318
6.04354795936816
-11.8340719581237
-7.37582217556206
-23.2067750820555
-27.9409376632289
-9.57268161364358
-16.9888843619136
6.49759609210992
-22.0918333677129
-1.14287278385737
-29.0871905087921
6.96061567379939
7.78272926074836
30.8343001030402
13.4578820143079
-6.90149403524279
-12.7600211383464
-17.7519696840187
19.3593177541895
-10.8125483436461
-30.1312554080876
-66.2314350707812
-15.8733473773182
-34.0497689532854
-12.5938714913956
-29.1741157824079
1.90123119553481
1.83071421488139
-3.03070936869918
-1.5178158128195
5.86159505280366
-19.6421900373176
4.10492043194849
22.8423668190945
-9.21946140981003
-16.4147807704352
61.5982698539313
30.2107686631464
-12.2990653075155
14.8700601639376
-5.24294799420709
-70.6733454104605
