# predict_model; Vecm
# max_attributes; 15
# description; Austrailan macroeconomic dataset
# number_predictions; 75
# predict; HCE-DTA
# lag_parameter; 4
# horizon; 1
# name_prefix; aus_macrodata
# method; Hits_granger__graph(n_components=3)
# prediction_type; rolling
"V1"
3.72440807595863
-0.295314676848935
-10.6410722259267
1.43939725592529
-2.0468798382446
11.7864493254405
0.670910385224206
-15.8135606032377
15.598566484333
-11.2221142734997
14.0145933532415
-4.70161001194787
-2.47301727029667
-12.879102865383
0.196732800676709
-7.49360429182058
10.8794284702824
3.14241891942064
-32.331968224233
-26.8996312466261
47.0553648569539
-8.84381967522308
11.7741849110811
7.71836522384505
3.60287228538346
-0.356590797634073
2.62118145384142
12.784106077216
-18.5580548810915
-9.73317160426988
7.8619338795655
12.1057762314826
-13.0448737019546
-6.21918246746673
-4.28156264251831
-22.4231715790551
-17.5114090584183
27.0291639155485
-6.18042041368307
1.92067984273855
-5.79348867158485
5.56323310636336
5.71685745541208
-4.44362098636331
17.5331474934802
-1.29824237166401
-11.6240454666304
6.24105697201065
4.16866613295509
-5.69352235750678
-11.513355551234
8.44743134304575
21.3149949500882
-0.417812766163203
13.3622257854921
12.1554785839289
-3.85780060824143
4.34338765947608
-11.0845116455538
8.12754620161601
-11.1292718555967
-7.70878351376573
-1.35479640800484
7.9437653127808
16.9053043377287
-14.3285793260145
5.77520218968494
-9.21501874414967
-11.5303085249264
15.6578169000473
-6.59210476718988
20.6361544383953
9.25682189910649
-14.3032298918018
-10.6007219519555
