# predict_model; Vecm
# max_attributes; 9
# description; Austrailan macroeconomic dataset
# number_predictions; 75
# predict; ExrateCNY
# lag_parameter; 4
# horizon; 1
# name_prefix; aus_macrodata
# method; dm_PCA(copy=True, iterated_power='auto', n_components=3, random_state=None, svd_solver='auto', tol=0.0, whiten=False)
# prediction_type; rolling
"V1"
-7.65417061926394
10.79852534757
-7.84409168650573
-6.20383792480013
-8.76407740236405
-21.8257763406046
-3.53585364831407
-3.70342589172265
-3.72265873843275
-48.1388525916561
-31.7676772437719
37.6724527403883
20.006252307057
4.17583757557464
-5.76419419416835
8.33085592182175
-11.9855378331431
-23.947054616402
-3.43040998301201
-9.25844873257241
-16.9403379344313
-16.2997099599251
-12.1544747538357
12.3334172181879
-16.8368152052499
16.7351408553351
-10.9598757866796
20.198400225083
26.3684716640786
37.4209897542803
22.6602110700504
5.38102115468276
9.86819010407551
42.5206069451988
13.4285443189844
14.967697242485
14.3590358069557
10.8395107480276
-16.5748870249965
-3.93329002566283
-8.83182095433381
4.65736031203385
-2.1539391170297
-5.11400697222866
1.68475906099701
21.3991734287675
0.45972353014712
11.9174797058144
-3.6481171397491
-13.5182964458359
-33.4499503783397
-36.2353032853569
21.5809662403856
-22.4360479342206
-21.5858125818543
22.6291106771195
-26.1321073527536
-10.6999759225917
49.2146331864822
41.9984329579811
2.51045117146119
31.4279885588043
11.5609390386081
-14.8483222040818
2.99538604010168
-25.6818934616518
15.1127755978796
-11.2732104292823
-5.21059249429591
-31.8248349928669
-7.71850455030516
-16.7869209374219
-13.2898551798451
36.3798204430813
-25.5047239329222
