# predict_model; Vecm
# max_attributes; 15
# description; Austrailan macroeconomic dataset
# number_predictions; 75
# predict; Unum-Total
# lag_parameter; 4
# horizon; 1
# name_prefix; aus_macrodata
# method; Hits_granger__graph(n_components=9)
# prediction_type; rolling
"V1"
-2.61176122652768
-17.5860984444653
4.23416555351685
-5.90571072938444
-30.5683940819395
12.9205053013413
14.7293778158369
5.47562029865398
-22.3558193312697
-59.1452681044901
24.517391724015
-19.3120711024797
-10.2736451264038
-5.86701180216293
1.63049740093107
-11.4728482191567
9.38431995894038
-7.80093143946839
18.0971077476298
-0.312795777866296
1.784952298149
23.4872878382955
22.3772816777138
10.034699689343
-2.96806588011024
-25.7545268893446
-15.2354900672863
19.8973888919823
9.98254563847109
-5.28976904466565
-4.09569142687817
9.15298595081387
-22.4139735046363
18.2471737859533
-0.36768180543344
10.3828687640665
-11.8019233493294
-17.7357813153608
24.1231942696691
-10.4944430194868
4.62737611585974
5.50374316856031
-31.7423641240581
-16.9488304219202
4.0466664344259
-5.95628680447485
-35.5324776866782
13.7551649195545
-0.875042743270822
-11.4691086454713
18.9853120642012
-15.6235663811827
28.9698010109381
34.6818354692196
12.8478065152804
28.285549267103
3.10031679268919
6.38528560526032
-1.68167709203223
-3.25672973464462
-6.22909400487685
2.2121674738304
6.25647181733834
17.6036251214331
5.84661643073167
6.27396253832382
8.0834681414672
7.75813299941453
20.549373325337
11.3457876128751
3.07715669396358
19.772299377905
15.6131449736647
-17.5908607689559
-25.2525163475582
