# predict_model; Vecm
# name_prefix; aus_macrodata
# description; Austrailan macroeconomic dataset
# lag_parameter;4
# number_predictions;75
# horizon;1
# max_attributes;15
# predict;Cons-Food
# prediction_type;rolling
# method; Part-GFS_granger_graph(n_components=2)
"V1"
-1.29898594403166
-1.92885864147322
2.21904542907629
-0.68364584521
2.41028076307633
-0.841311852746382
1.95931819052979
7.36123519337644
4.13280579301677
2.64233878029316
-2.05245398065179
-4.27388185316685
1.45780533870037
2.83137149480394
1.74891342503412
5.78726008452782
5.58970876085337
-1.44783157542095
4.62786334243411
-2.60524321882092
12.6825361875909
1.09883427523487
2.0381464200603
5.82153781588414
3.45969713596269
3.89457340481644
7.37978581955128
-2.62005886123724
0.583123373681185
-5.47081774774913
15.9364068214054
-2.01813071912619
2.68181894551165
8.8811857745843
7.17331297014585
5.57184674265875
1.46079466910939
3.19777207717662
1.92093357537377
3.27721937737336
4.9658682573644
-1.2816399888466
0.809193149419034
3.65014630242146
-1.49721223849927
3.8754114393825
4.60889174440031
7.01658780057879
-2.71793972543397
6.40069779477246
-2.09116506347452
4.54256842048704
5.48434218591586
3.75724883763014
0.230911795788161
5.10116508631531
-3.86543345901296
3.03737976585015
2.32132182635352
3.23328745191197
3.18744823940005
1.53900831487859
-0.069062924853659
4.16747632957355
6.55328985157693
1.13384519164521
2.49462063999999
3.96138937365893
3.66768480476427
1.41057636583143
4.06586088563174
3.36853565881472
6.39815098090216
3.50540002934045
2.41546917737089
