# predict_model; Vecm
# max_attributes; 15
# description; Austrailan macroeconomic dataset
# number_predictions; 75
# predict; HSexfinVal
# lag_parameter; 4
# horizon; 1
# name_prefix; aus_macrodata
# method; Hits_granger__graph(n_components=10)
# prediction_type; rolling
"V1"
21.8893840303288
-1.27931645895882
17.4794206005529
18.9930170991228
0.739773521287369
62.2954874448023
33.4712793813297
42.9441120321757
-7.32108682427777
-50.4476433528548
17.7720493122468
62.2971152431249
-3.20682694539995
40.7867286386399
-5.19404318979559
35.6737771436677
41.3961037679346
-39.7312706609959
-7.2142573349251
-51.3397995226243
-0.661496876104006
56.3985486296308
31.4292740223039
20.0199287868034
-17.9329140168977
-18.9462341480864
34.5802580422181
-7.83444338481362
30.5932414764756
54.1380584936571
51.393615046121
-9.99194483670095
-142.407022080981
52.0749106973901
-23.2730896537317
-2.95437021171392
33.6542546584767
78.3743568667607
-28.2839825518949
16.4042607240885
25.1753707399114
33.4686212068803
3.7930464262849
22.0584518202169
3.03296198862881
9.90340525081293
-19.2160264709333
21.3994717784189
-12.2704476915414
100.863163692547
-59.233820251112
167.61664624343
97.7141601949058
60.0180962373558
-12.3284687861321
-104.899377984137
-33.2240067136883
-21.5185354292542
7.3103971507337
-21.1128820759942
23.4471680910087
-1.86810155793391
10.2298022368283
13.5239180206436
33.7281257282375
-27.3092718926005
-19.8677947452662
31.7391841385127
-7.10241091427821
29.2514010752856
31.205679475937
-28.0666830417471
16.5990234621016
5.54978253930625
-6.78410819130546
