# predict_model; Vecm
# max_attributes; 9
# description; Austrailan macroeconomic dataset
# number_predictions; 75
# predict; Cons-Final
# lag_parameter; 4
# horizon; 1
# name_prefix; aus_macrodata
# method; dm_FactorAnalysis(copy=True, iterated_power=3, max_iter=1000, n_components=5, noise_variance_init=None, random_state=0, svd_method='randomized', tol=0.01)
# prediction_type; rolling
"V1"
3.59624533022515
4.86820248350149
1.86777116949559
1.98412278424192
4.68103958712389
2.44379266180001
6.06814767268112
6.87750398310991
2.84462276045588
3.97940664179215
7.09579505754755
5.59636207672195
6.44341748140603
6.2239280519025
4.55192049445165
5.07585079512318
3.03138938986787
2.49416609946528
4.34094771876367
2.67876107768731
2.29893503221099
4.07335522793561
-0.325012229166371
1.47008552883225
3.71805109925429
5.55251294055191
6.99538040000122
3.73920042944135
1.37588720300252
2.57332898248303
6.7016946608721
6.1532917336166
4.91742906471182
6.33437164049109
3.79485311379833
3.14424801433241
0.970669237416162
3.54623930832769
3.81171301554684
4.67938926060487
3.40636285913631
4.31792296945381
2.74252084269687
5.47126140844642
6.90386976561602
4.36945031771511
5.13361548178864
4.82785593895671
4.63470260123423
-2.88539259996211
-2.01589254266996
3.36212264275618
-2.34613140883741
2.31936375320226
0.20033626498358
2.34374877853031
1.91467602012141
4.72485892228322
3.33218143900975
4.22122113080454
3.63884644905008
3.78463589372934
0.98936612943489
-0.213657650497165
2.91163522799055
2.17029986607474
2.05882231015943
1.61606819932625
1.9435576862547
1.58882940989219
2.16825270862202
2.16957168205175
1.4257118741217
2.14544412335099
2.88479752710604
