# predict_model; Vecm
# max_attributes; 15
# description; Austrailan macroeconomic dataset
# number_predictions; 75
# predict; IP-NMM
# lag_parameter; 4
# horizon; 1
# name_prefix; aus_macrodata
# method; Hits_granger__graph(n_components=15)
# prediction_type; rolling
"V1"
20.631681611683
-19.5188429139566
-22.5678674450969
-41.4564969641363
15.4078594252976
4.30291505193115
54.3739745208051
-10.254419316194
0.706930287857228
-7.69475355270111
12.45050519071
-3.18511026552852
1.4713230115931
9.30064402518971
25.9717582362474
-39.6543530871815
151.322421347188
3.6732243150036
3.22410766583236
-39.4570024528173
18.1913623348493
-25.898586002441
14.1295364439344
20.1527389874227
166.884085390108
-0.342847305573649
-19.3304628505443
32.2302903109585
-36.4375090500299
-8.85210862751568
10.2352934306592
23.9174487116627
-12.2983887887213
0.0150657874855056
-38.9904715148747
10.4008801406136
-0.887114459573835
-12.6336848418064
64.0129692781282
-13.1876016878912
38.3653725032869
7.26687176931093
11.2792595469701
-52.905575527592
71.1605619509985
35.8744064615989
-53.6344303299595
-26.3553199228155
77.8874253216561
-83.5013441966596
-9.38070543837716
-92.4754008866784
-46.1118065755007
-16.0079677915161
80.3936083728962
70.1365314329204
-1.10277042370417
78.2893158807122
-22.282671499558
-21.6067041606482
28.914686451227
-46.3396619052104
-34.7658949776186
2.39765444294897
-11.4180582559226
6.08258277491572
27.4769949798056
-0.258345803511272
19.5458086583808
6.76993079385752
-9.56529668208411
-2.7350792480175
10.1929912625233
26.3745258845443
11.2187484409182
