# predict_model; Vecm
# name_prefix; aus_macrodata
# description; Austrailan macroeconomic dataset
# lag_parameter;4
# number_predictions;75
# horizon;1
# max_attributes;15
# predict;Mbase
# prediction_type;rolling
# method; Part-GFS_granger_graph(n_components=1)
"V1"
4.23938623096272
2.68403268356901
-5.71382135554705
-11.7292061846021
38.7570316856358
39.5340265660054
84.2677970451498
-2.79836546413132
-6.36769227808735
5.76959315052682
-17.3350989373493
-3.61947745660379
-5.08681327098699
-7.83911982657525
72.2019386952991
-62.9921424414208
-74.665975139295
7.00726409011443
30.3374377833177
42.9423379609769
18.7532029300224
-5.38814973464736
48.360021047323
-58.9438259082421
17.8343469243706
-6.75100691407964
-25.0427164583475
-15.700934821634
19.5632712733489
16.941627869722
-5.24314359694493
11.6529644485246
12.2308047352483
-8.2162334319032
16.3924822969519
6.55700095597036
1.77257898035394
-15.4588238590328
10.793118976477
-19.6181446419621
-10.6274890580924
16.3242704611996
8.10851847981617
6.37463369291504
5.31641739881235
13.4296118070113
4.05436922031106
-13.6272218077324
6.84885489099095
12.4534700560129
1.33468153239005
-30.6411163095222
21.8202630770469
35.6092072676577
72.2895273498616
-24.1029664609302
-9.06670314268102
-9.60884643167076
3.93437529203988
-9.89334718665566
-3.20915858789113
0.226051059227572
-1.42202552378449
-15.0805341160663
7.40404399769665
2.77080692454439
1.92692314775175
-11.8917090273692
3.70260446613266
11.8563794380956
1.45157329648852
-78.9672416414038
-28.1809620610873
42.2301410974396
80.5206839161121
