# predict_model; Vecm
# max_attributes; 15
# description; Austrailan macroeconomic dataset
# number_predictions; 75
# predict; Cons-CloFoo
# lag_parameter; 4
# horizon; 1
# name_prefix; aus_macrodata
# method; Hits_granger__graph(n_components=11)
# prediction_type; rolling
"V1"
6.95393083727302
-2.56216139282873
5.95143826657868
-1.64852815658563
-2.53281955691933
-2.83435697407449
5.36799642223139
5.60258031193214
-1.3493495972873
7.01696646218544
12.8944491293128
10.587493634108
2.51158683700703
7.91601813306153
-0.896701577251645
7.55208055345657
-1.81743642805981
-11.9484964738267
51.5078440812897
-9.34587607722955
-4.29850756787096
59.925733451955
-7.22655361527479
-5.65754952013417
-8.27032235321701
25.704198324393
-10.0252890903605
12.3784671834713
3.07955734280008
18.296348317254
0.950482603953501
7.23169791872004
20.2576792194243
13.1824514234259
1.98686036241029
-8.6817019948586
32.3569880860893
12.5844091650944
4.09428009585952
-0.170248834370674
14.2285867520546
3.83913141219143
29.0308605521616
23.4445544715545
-6.60665190013399
-7.73004251525132
11.2259329146369
-1.66114943671437
4.40381452332822
-6.23696193962508
-39.1796873996686
-2.9768228195709
33.2465789934561
9.15264715355633
20.3946877624529
-6.05508957684343
-7.09115290873446
-0.467909653240128
7.92106800557425
19.1196238974173
-3.9783375611568
-1.34759882258543
0.740158736343278
-5.08436308121842
5.81473088433431
12.5410799368103
-0.104562311998073
-0.78071187773477
6.29620373684409
4.56203147646825
2.29814896292611
14.6176298014877
0.293361560946094
-6.31755872616257
2.71636918163967
