# predict_model; Vecm
# max_attributes; 15
# description; Austrailan macroeconomic dataset
# number_predictions; 75
# predict; Emp-PtPer
# lag_parameter; 4
# horizon; 1
# name_prefix; aus_macrodata
# method; Hits_te_(n_components=12)
# prediction_type; rolling
"V1"
2.30398961718361
-1.67529303524065
1.08490897987104
3.20871366171196
6.06066715779232
8.72960631894386
2.90896186999626
2.3360852707499
9.68243891668152
4.15457429253339
1.0363467893049
3.40189501973829
0.272429802771857
2.79710676580812
-0.941065156253514
5.67806392385961
9.11400011361742
5.40211981514737
3.62619440855608
-15.6948553137757
4.96923975843573
10.2580770934467
10.4471890812063
8.94040287629859
5.34205558214599
-1.90873392913639
7.9854846652145
7.3555228097159
3.1520848043959
-5.31724275911683
1.8130314514864
1.91657693358106
-1.42540239469511
4.08674169965082
0.79395162993066
6.20920829568341
0.758166723721728
4.91224805137039
3.10048546670112
1.54140497792653
5.67795705727017
3.79278367044124
0.885307048033237
-2.87387209215298
4.63136565252714
-3.5537393379094
9.15034960690365
1.33484841237762
2.65216867186338
-1.85324170011937
2.2831122376153
4.1634597684168
3.30794678700522
-3.25700920347205
11.6402354697963
2.19171011448489
6.34532077226908
2.80224915199991
-4.7551176635803
8.37842618330811
-0.177440466284758
-3.09119956638631
8.20153312979183
-3.09403421819753
6.39280943493622
-0.901955083695878
-5.55807678324643
2.63274711798486
3.44975894845395
4.07028790099846
7.9004264992201
-3.45014942846411
2.39984961295789
3.5137572551017
-1.8074449406628
