# predict_model; Vecm
# max_attributes; 15
# description; Austrailan macroeconomic dataset
# number_predictions; 75
# predict; HSexfinNum
# lag_parameter; 4
# horizon; 1
# name_prefix; aus_macrodata
# method; Hits_te_(n_components=15)
# prediction_type; rolling
"V1"
26.255881933983
-29.6468572561595
-36.9308386622837
-58.185164465195
78.4328325723294
3.22072647228212
0.348452953264099
-12.5901933117174
30.3467308767361
52.66938240212
-0.423826319777005
10.0323058174521
10.6874441110307
47.5489893663456
-25.8294022096369
17.6627427165094
-14.5452141679432
3.2478292649988
-81.2539524688216
40.2125710450147
-1.15271470104709
50.7136358669914
51.2192881551369
-44.7350555571239
28.0541218447472
26.5303093421467
-89.3981012873901
10.4100202285429
-11.9426322787656
53.1310569313355
29.4589791924481
-9.27020929642069
-43.5714861392604
15.5144050027384
-7.28996474579044
39.7457365153304
21.0930249068696
-44.8700699654918
9.79960200749582
16.3602788119571
23.6815416070483
19.9885507915633
-1.53267618631735
12.4610501505474
-12.2153156579087
57.330314019123
-19.2840662687563
68.0561920492924
-76.1387649384869
-21.8188540366948
-75.0541035329624
-14.3234528851217
22.6924406690578
57.7343258039765
13.9318737703819
-66.3620842384766
-67.2623432538924
-12.7477260486595
-20.0827403277609
-23.7601312365123
-5.38904575956511
2.66637245765101
47.5360862118062
-8.70983804518814
-26.897692143824
-7.65840189993067
6.99763281987242
0.565118885719193
15.8887174542334
91.316420646731
72.7472412493428
-10.7373170391039
13.8905084707733
-69.8657764039122
-20.8493197329563
