# predict_model; Vecm
# max_attributes; 15
# description; Austrailan macroeconomic dataset
# number_predictions; 75
# predict; LoaAdv
# lag_parameter; 4
# horizon; 1
# name_prefix; aus_macrodata
# method; dm_PCA(copy=True, iterated_power='auto', n_components=10, random_state=None, svd_solver='auto', tol=0.0, whiten=False)
# prediction_type; rolling
"V1"
-3.78793120895407
-2.89338712271089
7.62297314348919
1.68257980179183
-5.55035706271597
-0.087049820487302
-2.26735264794898
8.96750578363635
7.14737484506369
-5.56092807910154
-0.720052398999757
8.65594310154264
-4.19189072578963
1.68012697448398
4.80276729581448
-6.74204846274271
4.80638243564865
-7.67721654277944
7.695564895727
-1.16916103633181
-3.97325350860569
-1.47119181694392
7.05417294977534
-5.5538013157447
0.22939790960714
4.78159222892875
8.99806975926848
-10.624022505195
6.98665851225418
-1.93650089650255
-4.15232694041954
-5.86839744139645
-2.26704397225479
-4.20255543282305
-4.93810139651021
3.10553292614021
-3.14599120479234
0.676726910268963
-2.2943128390553
2.71263575340599
3.2833687565751
-0.232944921177193
-5.07351883797645
-8.96816716749217
10.3601788477295
0.491472495223835
2.16193027354902
7.3773256253111
1.52556200896458
3.72244994033001
-8.46419412969988
0.0363975105349635
4.73484319768701
-0.634260601581434
5.17253757548677
-4.02155526535772
-2.03447572553326
-0.393073893529652
-0.963170108384413
-1.09263227419567
0.710485214197582
-2.18466297544364
-1.80651546524942
-2.65014411732553
3.40743608956809
2.74390027343672
1.45519070994817
-4.86188755980613
0.89687619475842
1.40448427771991
-2.59860198383003
1.00727221576394
1.71351702326899
0.845810663055996
-0.0259052234247005
