# predict_model; Vecm
# max_attributes; 9
# description; Austrailan macroeconomic dataset
# number_predictions; 75
# predict; Imports
# lag_parameter; 4
# horizon; 1
# name_prefix; aus_macrodata
# method; dm_PCA(copy=True, iterated_power='auto', n_components=6, random_state=None, svd_solver='auto', tol=0.0, whiten=False)
# prediction_type; rolling
"V1"
6.53195988683803
9.29151970941
0.730793102278826
6.00866339880674
16.349131447319
15.8259385815525
7.10405734692
11.7697425876155
35.9632295199286
-28.3267243402382
143.234921852785
7.01209979563931
18.2224139797092
14.6214686093793
14.7243181922124
6.9507911375798
18.2857768266043
-5.3348951040125
2.10614571442371
6.45784598333661
-3.65160684564777
18.0505803651103
-12.5274842622743
-6.0097680089578
17.781930125146
23.3695193009217
1.42958997691239
-1.60498213921519
8.51049004668967
34.1009129589139
11.9733116577547
13.0379796416838
2.25470395259889
14.9150708820213
13.6355656513799
16.1109637639361
20.7405617308392
10.2329306261673
-0.610983736870119
6.21765045800206
1.25449829207577
8.1728578209773
12.4526258415315
10.7736187815897
1.76332186651468
7.41782725897216
9.48106370624616
10.4093164453333
17.1585725769152
17.6181449085563
5.62075240552378
-46.8033721358874
-12.1420189980243
-4.55454803647988
7.34042559407384
22.5810702646788
-1.15935393071329
4.18771863906155
17.4373716398695
21.3016143024097
-2.760001924836
10.8407705980921
0.992556583515434
7.30668509818539
18.6005559249748
7.96390949388563
8.0506024196452
-3.04389912733342
-11.7776557135834
-15.108731932769
19.5833049460487
-3.96063135164501
-16.3679693280778
-9.08421766573498
-2.84379378604828
