# predict_model; Vecm
# name_prefix; aus_macrodata
# description; Austrailan macroeconomic dataset
# lag_parameter;4
# number_predictions;75
# horizon;1
# max_attributes;15
# predict;IP-Total
# prediction_type;rolling
# method; Part-GFS_te(n_components=7)
"V1"
4.62312977518787
-1.46779138817469
7.82147796966123
4.240887069829
-4.14525298358471
2.23123880945523
-0.33171598411207
8.52881995830411
3.23548896925448
3.7668854206579
1.9779311039821
2.98403759915603
-0.517652185079875
0.03686431367968
-3.52879317545427
-2.06718763313074
0.405111613380564
18.0871507531346
6.66585571987866
0.688147771162437
2.06292158464978
-1.54178769059959
1.70010353756202
-1.79944470131056
8.06728826263984
-0.96852732432217
0.758043648421976
2.43335671253325
11.9007192818098
-5.69137197979109
-4.94245178831525
0.266316077088959
-1.30594731337119
5.13381708195895
-0.338085299430465
-0.718217818130497
4.09280223817405
2.05170367230377
3.16444114473532
-2.03162381957754
0.926117181191911
-2.60373182063697
7.92512827016938
10.7073697355
0.656612857293328
0.284955298750114
5.24956138728104
-2.07864647850955
10.4070656554399
2.83872204801482
4.86665132479398
-9.51685710084982
-11.4037667917756
1.04389959806569
4.74684272897401
7.37086056564533
8.65362766139658
4.26172822160947
0.180784520297381
-1.03145040824531
-9.03209422361834
7.95136589105721
8.07851349046663
3.67466670636714
5.42421521023884
-5.35335454971392
7.02493781781417
5.34615521376513
-0.86601427489803
1.75367557861635
4.18518071462201
3.26648440949227
7.82915283542535
-0.570830419584718
11.871460063953
