# predict_model; Vecm
# max_attributes; 9
# description; Austrailan macroeconomic dataset
# number_predictions; 75
# predict; ResInv
# lag_parameter; 4
# horizon; 1
# name_prefix; aus_macrodata
# method; dm_KernelPCA_fit_inverse_transform_True_kernel_rbf(alpha=1.0, coef0=1, copy_X=True, degree=3, eigen_solver='auto', fit_inverse_transform=True, gamma=None, kernel='rbf', kernel_params=None, max_iter=None, n_components=8, n_jobs=1, random_state=None, remove_zero_eig=False, tol=0)
# prediction_type; rolling
"V1"
-1.80394651813329
-6.0062248995558
-4.26110184539048
-10.7920359118194
15.6164240717861
19.3172986469386
18.0583457709321
26.6175040682699
18.6422699221732
4.18659994188889
2.22972653467556
16.305056603799
14.1811583435845
-6.07521442767628
24.9382828970528
36.5035399684471
43.7535026330465
9.77034224681702
-91.9483511318087
-80.8569241787628
12.3592662664366
77.9693813270298
-29.644959887746
26.8412883710021
28.3694974018923
60.0714008391435
-26.2540091705903
12.0621291998492
22.5493906991411
0.623491504726699
0.908247324025729
80.8971662990153
-4.69644382706666
6.5429783072164
19.9495865542846
-30.9963901432834
-4.30542455702381
20.1417837200848
-5.24103748105437
1.59068951266163
6.34496361581414
6.03459240195636
-20.0865124547483
11.2950658907462
10.3089768825118
6.81281627281195
6.1553247853892
0.696402011455736
42.6641528651755
-10.6738669170798
-0.162609836338576
-31.2909109395041
-15.4060400738234
-10.713468698542
22.5162828232427
-2.21731493817234
16.3023091451312
0.456972272832836
-30.4671111270138
28.3713641253495
-4.02923815078211
45.119815222244
-25.8209702236252
22.3796430196111
-7.60561846476838
-1.24078808634488
-44.3055801489123
14.127793973394
-0.017401089132388
-12.2989553253268
2.35775071339316
13.4280785532211
30.1483604040747
13.8112545318483
5.07752109297099
