# predict_model; Vecm
# max_attributes; 9
# description; Austrailan macroeconomic dataset
# number_predictions; 75
# predict; BM
# lag_parameter; 4
# horizon; 1
# name_prefix; aus_macrodata
# method; dm_FactorAnalysis(copy=True, iterated_power=3, max_iter=1000, n_components=5, noise_variance_init=None, random_state=0, svd_method='randomized', tol=0.01)
# prediction_type; rolling
"V1"
0.474405007678169
-0.606273047045172
-0.722704299014602
-0.884531959855469
0.840253532746194
0.0662321830858787
2.3124766688864
0.278539590630319
0.00478224431175911
-0.956779545830876
2.22819958899526
2.48736391353779
0.166708485906996
-0.110409868640006
-1.27051449111238
-3.08227291301464
-0.951814230331755
2.87493064669991
4.61438091622341
-4.08434930289362
-0.721381891342236
2.5530447823151
-1.61722094753669
-2.23294905335325
0.156758202519638
-4.50563040757234
-10.6243762248622
-18.5672960783026
3.14488268970355
4.17002412896322
-7.76175093378782
-1.60424292802516
3.31366254320525
-2.59763607476364
1.69982239932608
-0.974575736954455
4.10129986974836
5.07262355472506
2.14342735520783
-0.848688801782415
-3.55331673304686
-3.48516510984313
3.50021828893711
1.05209726826419
0.319883348142306
-0.448696578387142
4.92433141227618
5.00730750520815
-1.66403707740981
-12.3501426510612
4.18255063960975
32.1568376944822
-3.89448513562917
-10.676420271509
-0.794891607613018
-2.24073578881748
-2.24878030765834
5.19519707388628
2.17396834866236
-2.79667941823847
3.149327658858
-1.00527901041385
-3.18675746284185
-11.0197691924449
-5.8549056281257
0.839245337368686
-1.40894128704973
-1.80435711612325
-0.793816401784014
0.412037787964859
-1.35979137722658
3.80892525131125
-0.37513722964352
0.0543961992355602
0.241473563412641
