# predict_model; Vecm
# max_attributes; 15
# description; Austrailan macroeconomic dataset
# number_predictions; 75
# predict; Cons-HCR
# lag_parameter; 4
# horizon; 1
# name_prefix; aus_macrodata
# method; dm_KernelPCA_fit_inverse_transform_True_kernel_rbf(alpha=1.0, coef0=1, copy_X=True, degree=3, eigen_solver='auto', fit_inverse_transform=True, gamma=None, kernel='rbf', kernel_params=None, max_iter=None, n_components=11, n_jobs=1, random_state=None, remove_zero_eig=False, tol=0)
# prediction_type; rolling
"V1"
5.84585666344892
-1.5548644456617
-9.79633921952165
-11.9401707725459
6.999196996632
6.79773543750899
11.103189665781
2.22622101674032
0.238146906293214
10.3080491144194
9.1620017485558
19.9573209112249
6.74832428354265
-0.988169768430221
0.716983423100555
-0.570045842254122
15.2011931553293
-13.7836833336752
-1.36490673313094
4.84706666865104
15.5146647583114
-15.3411758443936
-3.08570790586819
-0.821330513848776
-13.524228183897
2.60891746479178
9.38691791067366
2.08273731463586
5.75623411561079
-0.679844364045092
10.1624627705157
-4.94723461004188
0.629585403799664
-2.98652663822233
0.547080789129387
5.57557598411264
-12.1860263239567
6.19785928197185
2.31526115465179
-0.62570279758519
-5.55155489403988
6.89329061451318
4.69627380699486
21.6310663751605
-5.61843190868805
-2.22290756452881
-1.93405014500891
1.88153162988684
10.8878614430304
-9.55463293485053
0.929883079904703
-7.57134160340373
-13.5991732422458
11.0019632861938
1.52696771541217
2.68131881710722
-0.0265428209994224
1.32914376115497
4.09787997361256
10.0743329830788
2.76874813363248
-7.29252809077257
26.6164457127165
-2.69848550209192
-9.50623236336869
3.04915939664637
5.34004708214063
11.6926867883798
-15.399830775311
-3.21089597358822
-1.43903439030306
-0.794478408920845
4.06399935226081
10.4524423366998
18.4092912073484
