# predict_model; Vecm
# max_attributes; 15
# description; Austrailan macroeconomic dataset
# number_predictions; 75
# predict; Cons-RenDwe
# lag_parameter; 4
# horizon; 1
# name_prefix; aus_macrodata
# method; dm_PCA(copy=True, iterated_power='auto', n_components=12, random_state=None, svd_solver='auto', tol=0.0, whiten=False)
# prediction_type; rolling
"V1"
4.04555889484633
2.18365659133075
2.13840620159076
3.46995715053061
2.27021065477625
3.07480528400204
3.4648802634039
4.01803343762252
4.19344298634339
3.33831163688312
3.42253771958008
3.77532996635693
3.21565756009235
3.71605470363838
4.84726406562117
3.93242775373275
2.46223883562459
2.39065679892965
2.74540601884246
1.69975214456243
2.23833595600824
2.66032263782987
3.46151922494071
2.67030040709146
3.64252782979358
4.33860532711001
3.12101393848257
3.3192707819882
3.24605197782351
2.73067853614608
2.91832125215377
4.54726453912849
3.76065324268684
3.62760171184046
4.05317537866262
3.1397859122043
3.70880931935852
2.48518578990047
2.98235273516336
3.0054855134734
2.92503016925007
3.06711646459941
2.97598782216323
2.3357423832432
3.28081201335102
2.47547795049595
2.66021817176759
2.32133790380476
2.5371354540558
1.98888311222224
2.68441814364019
2.74740978093888
3.46640961858005
2.30633541089063
2.41276183023526
3.02608610607575
2.72752589329492
2.84066497918466
3.03994079629936
2.7095557875297
2.42576832576576
2.22892905738899
2.28557368314437
2.20096197646052
2.16090392781613
2.59871680998651
2.16701000601184
2.40162783356574
2.3673024106709
2.25871288958263
2.03185419124274
2.16177616713736
2.26302543417225
2.13802884270246
2.29830214911094
