# predict_model; Vecm
# max_attributes; 15
# description; Austrailan macroeconomic dataset
# number_predictions; 75
# predict; HSexfinVal
# lag_parameter; 4
# horizon; 1
# name_prefix; aus_macrodata
# method; dm_PCA(copy=True, iterated_power='auto', n_components=10, random_state=None, svd_solver='auto', tol=0.0, whiten=False)
# prediction_type; rolling
"V1"
-15.3011673387471
-5.33289627141283
9.56421498885149
-2.23210242387927
-12.2226347064332
8.06034891205843
12.647042190654
-83.0063948359923
-85.2173942281677
-32.8642689279353
54.3830480357732
35.6202876987772
27.6533397346765
35.6981928176956
6.90864269730556
17.8733669265016
6.64497893896701
-42.3654921209334
-31.9001229161021
-75.7875641138992
78.2243212295141
43.9045316657854
30.1133494398438
20.5761804376298
20.3763735936529
-21.2675063048159
-14.9133929679355
13.6864108885095
61.2541490963722
67.6600989485657
-74.4911856247727
31.0194742175032
-64.6715215943455
47.5381072606111
0.308011253425437
13.8167355725619
11.6947756674629
-17.7348661254481
29.1480466022005
15.6889731919954
5.19802880143
24.63704485859
-7.63732082020005
-26.6645058210122
5.42531304671122
34.5057984629331
-7.36420603835633
-32.1163497710996
5.85174053736975
-91.8908659008265
-38.0960226747046
49.9029139345703
66.5056732661982
26.7368732462907
-3.04095770636141
-45.8182039562575
-24.7334939192628
-26.1367071353696
-22.0028928759026
-47.4047969019211
18.8500425600182
-0.182585722749341
21.3572246488389
23.8167552602896
-17.7767855282349
-10.1785451942483
-10.7012990701331
13.7613851582555
3.32638829064903
18.7619142098815
25.0753023379971
10.317523314885
34.0619993091845
-21.1400974460043
0.522039071825024
