# predict_model; Vecm
# name_prefix; aus_macrodata
# description; Austrailan macroeconomic dataset
# lag_parameter;4
# number_predictions;75
# horizon;1
# max_attributes;15
# predict;Currency
# prediction_type;rolling
# method; Part-GFS_granger_graph(n_components=3)
"V1"
-4.93018700407242
5.04977066905891
-2.50075150631992
3.24389008101027
1.76537089585217
-1.89593122788663
0.648098538012338
-2.5625752145873
-0.243829702943836
-0.491981805371451
-0.242920246373286
-1.62372029462851
-2.18122059363456
-0.712333012820282
0.0274970376706856
1.51499377310351
3.92555015071449
5.89884855389327
-7.08736933970052
1.28558943699355
2.3351217740047
-11.3340563354574
0.3417753485166
-7.91678408907589
8.70915311324376
8.85353425343943
0.621346752948888
12.8227955220781
-15.0382512078378
-2.75800176667253
0.311713943187162
2.30463141247099
0.562317389557353
-3.23357983989336
3.1244529135798
1.30376759328042
-3.82854238303216
6.14632498610716
-1.04611102042526
-0.381414378072241
-0.917679116318566
0.0645711402911187
3.46306488109481
-2.87324873619932
9.90777444630187
-0.403240736975873
3.09503731616848
0.501244968374347
-6.66578335039894
9.9116782577561
-3.87543486195564
7.78094754379531
6.5297402646763
13.493534695276
11.5896209634533
2.97447913417502
5.20851849835278
-3.0812181899953
-2.9086096471656
1.8246313562607
2.2990648510273
-4.16002136858368
1.19523718928896
-7.64998986728644
3.3473529576311
0.886666971472207
2.06688921088447
10.7230625872039
-2.64595453150105
5.19614098131719
-5.0352536031354
3.49186833512976
-7.59381190637234
-11.4902491955153
2.51808965938345
