# predict_model; Vecm
# max_attributes; 15
# description; Austrailan macroeconomic dataset
# number_predictions; 75
# predict; ExrateNZD
# lag_parameter; 4
# horizon; 1
# name_prefix; aus_macrodata
# method; Hits_granger__graph(n_components=7)
# prediction_type; rolling
"V1"
-13.3612264709224
14.137829625606
-19.9513258427531
6.69056339036464
9.23819077885798
-0.254466251957824
24.0129711610397
-47.2835983154528
26.2597617977951
25.9368191722739
-9.91067053492853
0.10743137032551
-3.28364587821228
-5.38790979332856
16.970965614949
23.4312919598746
-3.28945537840328
-16.2259110425423
26.1940739708074
13.5867287915168
27.2823225899057
19.2241462719295
-25.1568308178762
11.9297422644855
-10.2731221031262
-1.15133340417319
-53.3695944057926
-3.26544482625254
-15.9342849533258
-19.41945020485
9.59616685861693
1.06088301023709
-12.09086658539
-10.1770843490945
-10.2999016571165
-0.232885862726363
0.868332416128123
12.0433654364555
-13.3992567021937
-5.03024279864296
-1.32691071626066
3.64676668167508
30.6169801779431
1.11304921813067
-19.2879227670064
4.19201666980551
17.1950938821362
0.882664687639686
1.02500861500237
14.9569407206405
-7.56290414884623
-3.12611390077686
41.0714367798154
31.7970434005337
-2.0388525553681
-5.98700462516467
-9.67276160534783
-7.07021232038603
5.67095975584536
-0.230950666056991
5.34748430598684
-0.703417761155973
5.02181247869587
-11.6372420277877
-16.8615322125254
8.48485668146937
-13.0572980998873
7.19920633149503
-4.85240910811757
-0.587520086840941
-17.6948731738606
-21.0473343929636
-19.8613270847565
-15.6880193021488
11.7532241241053
