# predict_model; Vecm
# max_attributes; 9
# description; Austrailan macroeconomic dataset
# number_predictions; 75
# predict; HCE-AVCE
# lag_parameter; 4
# horizon; 1
# name_prefix; aus_macrodata
# method; dm_PCA(copy=True, iterated_power='auto', n_components=1, random_state=None, svd_solver='auto', tol=0.0, whiten=False)
# prediction_type; rolling
"V1"
-1.8973229993507
-0.229916324320192
-2.28517528480014
1.96239214150769
3.10156871403936
-0.764461719256876
2.03624170516613
-1.30848211574444
-1.14149728086043
-3.41582053837312
7.25511878271668
-0.508667253517189
4.79541062505399
1.58036329538613
9.22100021882803
-4.86302052317304
-16.3546557982257
-14.7380325485664
-8.53729033489164
-7.53127040221316
-7.04081731217206
10.1827988861377
2.56828055529387
-3.64541864531244
1.24092036689677
-0.270463879183031
5.21396653268114
4.97344476816243
-0.517628797698839
-3.15703865479678
-1.6125508905349
-7.48787404660405
-0.841336679531314
4.9326163974684
7.29576365525046
2.63238836242998
5.0307656054156
2.47315374175602
-12.7793620105399
11.6918164000546
-1.56936036658518
-3.64226997299108
4.04031390358541
-0.641397224112052
6.0025712025545
-1.38308537421137
-1.35085758550975
3.42061977414531
-5.59593589343114
1.59148948391208
4.40876434470874
15.7699885894922
3.38098482298355
-4.01932391585577
9.43241327257682
-7.96639131975459
-10.2824712145339
-5.57439391350835
12.1993309455872
2.65666232510367
-1.58727758673641
-1.76668963761249
-5.95352541765406
4.48322867491113
4.22949603005988
1.40385383107674
1.73844789042196
-1.59836886737757
-2.68379662294703
2.29422686644384
-1.65244115893842
-1.05747624472847
-2.28299389919202
1.78675521813836
2.63001133839968
