# predict_model; Vecm
# max_attributes; 15
# description; Austrailan macroeconomic dataset
# number_predictions; 75
# predict; CPI-ALL
# lag_parameter; 4
# horizon; 1
# name_prefix; aus_macrodata
# method; Hits_te_(n_components=4)
# prediction_type; rolling
"V1"
0.862980603612843
0.539867150280131
-1.30171791157627
0.0992052696877066
-1.16183757682882
3.93460503758495
-0.367558721378656
-3.1571750885252
0.922739957981659
-1.09016277917483
-3.43554555868197
-1.44353837986696
0.661209398501129
-2.00830901375988
0.0991172929447147
1.6164267255616
2.40224351931728
0.529752614504126
1.86161730801425
6.31615823557684
-1.26566345874571
-1.3791099589951
1.06715239013874
-0.52135842663873
3.03224695969721
1.53229027886365
-2.85659930475881
-0.019857687759459
1.58485780211364
2.83711124400575
-1.23150412895515
-2.37679840866621
1.80167571469695
2.861627803344
-2.49545806469344
-0.996287388130298
-1.58917596955069
0.694836237072788
-1.38383651909342
0.469561571883716
-1.7458238521513
-0.340731815188777
4.91696445574211
3.85763770451718
-3.30922791976426
-2.31946715748092
0.278763416167444
-1.62663994723269
-2.34606131886503
-0.240780589091697
1.07012571410518
1.05619332414489
-5.58759214657617
-1.42458610084599
-1.02020952528284
8.32959720909404
-1.83627491979445
-6.22733301893365
-1.77155582100478
3.30092143232667
-0.879334546869414
0.902813728042947
0.88232028699184
-4.40490308814423
0.106410748967043
0.681084555031939
-0.579298858297837
1.56482698339621
-1.35543186660871
0.167706027905415
1.8958410953807
-3.4513883705743
3.31478539832491
-1.24702056571463
2.98648519151178
