# predict_model; Vecm
# max_attributes; 15
# description; Austrailan macroeconomic dataset
# number_predictions; 75
# predict; IP-WPP
# lag_parameter; 4
# horizon; 1
# name_prefix; aus_macrodata
# method; Hits_granger__graph(n_components=9)
# prediction_type; rolling
"V1"
6.74688509829134
-10.3669522747698
15.1151058910975
-52.9245668242469
-23.7343762835468
11.3231303139563
-1.04227484217035
-11.6745902943353
-27.5932668331613
2.70802882788663
-7.68350531485255
-0.539320202090562
1.92671162996673
1.55098999862662
10.8345281172504
5.89933395560388
39.2360549576954
4.47508378145798
-17.0612480745437
6.87833478800503
-0.889942737127385
-10.3283377345011
4.384163536923
-5.84367964269282
-0.465944864105187
13.1137564751404
1.27101677145482
-3.47425487556738
5.10426281927384
12.7205663975071
16.530981491753
-13.0487748439707
-13.4066640540137
20.259202354049
32.7420496771942
20.4913123388909
24.6421324848954
-7.8313196693477
-10.6997864713541
-5.97034581026638
-3.61475924031499
-1.08818216010252
-16.1813477313306
7.93576926338301
-3.65572321895211
2.47690099980397
8.59498362334951
-10.1077454420962
10.6363109428706
-57.2508530715801
-2.34689403041898
-49.0970874886962
-1.9076443649677
49.5247340487987
20.4577770359784
-7.18162014495557
-21.7258969954275
-34.6487105998363
-28.9193934601953
-17.217113567214
-8.86644721327236
6.20708102208964
-18.3657292753643
-13.2134745644751
40.5767616413363
2.03999795814791
-28.8323905912856
4.29268658212912
-41.9569955211058
40.9751758182637
-7.11904140349824
-13.2811994662539
-5.0419753323525
12.3157606562268
2.30807266881035
