# predict_model; Vecm
# name_prefix; aus_macrodata
# description; Austrailan macroeconomic dataset
# lag_parameter;4
# number_predictions;75
# horizon;1
# max_attributes;15
# predict;Cons-Food
# prediction_type;rolling
# method; Part-GFS_granger_graph(n_components=1)
"V1"
2.02702229396428
4.18728592375324
2.0905104502444
-3.83735710215409
-4.09909396541179
3.50331870052387
2.04990851972231
5.02027702744092
6.33136273057836
3.01027997906152
-1.91886437257321
-2.20826896391846
-1.60536615368566
2.3526861084045
4.15359518134022
3.90199511975757
5.84080712321346
0.588580176179695
2.83615154141747
0.0445470926398932
10.767053727639
2.06079707743734
0.470157008230835
7.26530253383314
1.92156371400152
4.06348628678067
6.18597255173788
1.61654333610859
-2.79509843874264
-2.85932560099606
14.4710417392389
3.46300978523242
1.64832890683048
8.21320228649271
7.95849631147736
4.36826485866329
2.32581130378437
3.08242170691781
2.32033932403667
3.48057437327099
4.07872277685573
-0.969745297978812
1.120295825665
3.66212356052008
-0.814749482651609
5.42373582792336
4.73381189592284
7.25830831908417
-3.0570583768028
4.75305141604153
-0.651553623903368
5.76943249445841
9.69553572915258
3.87980485162626
-0.849536625631748
5.41313698575215
-5.02954650735062
3.18856189336337
2.31173588492715
3.02595473375819
3.19052217967012
0.972919513990766
1.82403043992925
3.06352388773715
5.50343614626405
3.59306265498351
2.60924983696958
4.4353244181381
2.43790918170001
1.83742171450104
3.94796595973877
3.36683929587778
4.45114869317085
3.22261783306565
4.16597702497281
