# predict_model; Vecm
# max_attributes; 15
# description; Austrailan macroeconomic dataset
# number_predictions; 75
# predict; HSexfinVal
# lag_parameter; 4
# horizon; 1
# name_prefix; aus_macrodata
# method; dm_KernelPCA_fit_inverse_transform_True_kernel_rbf(alpha=1.0, coef0=1, copy_X=True, degree=3, eigen_solver='auto', fit_inverse_transform=True, gamma=None, kernel='rbf', kernel_params=None, max_iter=None, n_components=14, n_jobs=1, random_state=None, remove_zero_eig=False, tol=0)
# prediction_type; rolling
"V1"
-39.3437592083289
31.0013735774493
47.2053169499934
-22.6593025918392
48.3910572723263
-2.22394176432904
27.6657480781585
14.7179882861018
66.0472835841015
-4.56508527635321
15.6034485004979
-75.6671089110991
98.6086567238821
52.395124650098
21.8301059153456
52.9230475578158
-64.8713903556132
-68.8390599110139
-37.704329465287
-5.24437737371326
61.8874747998336
-43.9895106391645
116.782043719061
51.5116833201693
-30.2878629377652
-110.178116279179
25.6153217257802
17.6958082409031
65.5347009390288
20.8908668998842
14.9693136295938
-64.2239216695949
-58.1810423453342
34.0663188216764
-43.2635611740477
12.2994269580922
58.2513470401571
4.27742954633224
19.3035732273038
-7.99091004720055
-7.65502679471619
100.260141075106
26.1022531465092
16.7313082230986
11.8799697687651
-0.796534934534199
272.053091830076
29.5843708351546
-10.8346162884686
-71.5387539982462
-48.0292158012818
13.7564060171686
70.2247413857232
24.3036638315461
-21.4430267290241
-19.7798235894123
-46.5467533169699
-42.0441987121609
-3.93188373573445
-17.1321514158346
-48.2103500977936
9.29501322228119
32.1745432930037
-52.5939669920853
60.3962890191201
-4.19964006927378
53.6743971484849
-42.4406680035708
71.3127765519365
-2.19940730767051
4.48359669958358
56.8893615175061
-28.3501664720905
5.48868388109285
-37.0704976985345
