# predict_model; Vecm
# name_prefix; aus_macrodata
# description; Austrailan macroeconomic dataset
# lag_parameter;4
# number_predictions;75
# horizon;1
# max_attributes;15
# predict;HCE-TelEqu
# prediction_type;rolling
# method; Part-GFS_granger_graph(n_components=5)
"V1"
-4.32050214276128
-6.62005943415553
1.32755224684096
-8.94389708116425
5.91297282285959
-1.40801831659225
3.40680733917737
6.41897736550685
5.50828614593202
4.78555729412458
-2.94131211074656
-2.50249164345225
-4.84671279980174
-9.7024181029263
8.71809403225413
-21.2476544321881
-22.2503462761455
-9.39084196580792
7.33825566862504
29.0943622426025
35.8593643267311
2.1209171324943
-9.45749212863745
-0.199300214828788
6.63725362312833
2.78505595267291
-11.7884445955978
-5.040051849053
21.1592486424892
10.3295930060213
13.0293741611084
8.84750611725415
-5.52226197097653
-1.67978254196749
-2.62029626464652
-8.04827807780575
-8.41752235949374
-1.60563934406527
-2.21538700251032
-9.78145998964741
6.99399896958628
-2.97544916063152
-6.37590158631341
-7.90307843325971
2.01981545137307
-3.26430442223712
6.2434669918273
-0.771401096863625
-1.17082632803404
-3.38032548699595
14.6812947630561
-4.98259269256932
3.89481707874248
7.45317000235675
2.62711324823976
-5.50676724870984
1.42767665434008
2.48636425984099
2.45913086013494
1.3225410084951
0.876206932362136
-7.33799630077774
10.5768370205362
-2.98171015004774
4.38834592761944
-3.11826642579726
-0.0043046205669105
-3.34882462415795
3.53793024693592
0.720414679642654
-2.39050322941423
-1.49163677179633
6.35777895766032
3.98272944869611
-7.17852219271147
