# predict_model; Vecm
# max_attributes; 9
# description; Austrailan macroeconomic dataset
# number_predictions; 75
# predict; Cons-Hea
# lag_parameter; 4
# horizon; 1
# name_prefix; aus_macrodata
# method; dm_FactorAnalysis(copy=True, iterated_power=3, max_iter=1000, n_components=1, noise_variance_init=None, random_state=0, svd_method='randomized', tol=0.01)
# prediction_type; rolling
"V1"
5.81448307943828
0.843704328324988
12.3713660380415
-2.77157500408522
10.8669203274514
-1.07003142810089
-5.12567851904473
8.3451731464525
1.63891838222501
3.98927767847276
-14.2631292135339
-9.75243599697808
-17.6874613892104
12.912373901076
-0.6043245209396
11.1566760781496
-1.7270441078831
6.17939845250909
2.28662766592373
2.06033944248766
-0.271667007020031
-3.86195507265068
13.5732788618205
8.53709636168462
14.5857126488154
12.0085031985782
7.03526674771414
9.00248127398169
7.37709813956946
2.24880959745034
18.9321871700096
-7.14293873014674
7.34985290299607
24.9353679807001
5.90900958830984
8.19913994467455
-5.49920553459798
-4.39172149895055
-10.3787764444131
29.0001906231957
-1.09999745130725
12.066285743724
5.3227840362367
5.79388112980073
5.81081278534703
-0.659521819739475
8.82168639313577
-2.44204264821412
-2.23092906639438
14.11855582154
2.27429970448353
-5.54876314438008
-3.5326950939569
-10.8601511715278
9.90787020422754
15.016619862303
12.5067256698225
-2.23373475095702
-0.0121944201477806
-2.84965603410112
0.559048994305844
3.64519825178904
-2.87924516225677
3.83284526254528
-2.56794018779506
1.93146708256979
1.47541538579304
5.6610709521914
2.72877795394557
3.99721297636956
5.2943764278656
9.33230875155018
8.29801020453241
12.3189846855507
9.08853916297554
