# predict_model; Vecm
# max_attributes; 9
# description; Austrailan macroeconomic dataset
# number_predictions; 75
# predict; Cons-Com
# lag_parameter; 4
# horizon; 1
# name_prefix; aus_macrodata
# method; dm_FactorAnalysis(copy=True, iterated_power=3, max_iter=1000, n_components=8, noise_variance_init=None, random_state=0, svd_method='randomized', tol=0.01)
# prediction_type; rolling
"V1"
5.83830351712999
25.7539325916315
27.97315468296
4.09143592951345
2.7973786610702
10.7339258639581
27.7801569759989
-3.82846715652521
9.75125799375795
2.96522474266871
-0.299845205837991
11.6474456643895
13.8217518249107
19.4813134319837
21.648440115615
9.93878663935972
-0.167339851641821
22.6315364479624
-10.3306708461874
3.55630758827444
70.7117044747515
-21.0335411252842
12.0621203654232
-0.926906555414571
6.55561862411784
5.55828160818343
-7.23716884817928
16.7109632198359
21.1725960830404
-9.27810236606872
7.21753122407836
1.16509482667626
12.7500858158954
10.5495310492957
-11.9779474515733
17.286341436617
3.27099902478751
0.615677717767233
16.1386883964099
-1.22056754779759
4.7162920254554
11.3501851997288
2.29562770398057
-1.17185716257042
7.85815646499484
-0.365252345179061
6.01127715566912
3.31518868496477
-0.128006132277104
-9.12075830370114
10.6079417959697
-9.89284322168047
-9.25641448818675
-5.07800596135142
12.3185890642488
2.06331799039579
5.77701036402454
4.12996756562608
-2.39722557138737
10.987479627025
8.0306478819599
-1.98739470249203
9.44069587608985
-6.26751442024414
5.14278246862927
4.29026529983207
-0.627970455303615
1.97127659161288
8.50034109190962
-0.635615870040703
-7.03912311995104
-6.2489358250545
13.4330844942132
8.31106498583503
15.1367744555398
