# predict_model; Vecm
# name_prefix; aus_macrodata
# description; Austrailan macroeconomic dataset
# lag_parameter;4
# number_predictions;75
# horizon;1
# max_attributes;15
# predict;Emp-PtPer
# prediction_type;rolling
# method; FCBF(n_components=14)
"V1"
3.89568864615744
-8.32256620419242
-11.709860288947
2.17262560849401
5.83296304768994
2.99219810484782
2.37101635160171
1.19035774213348
11.5260183323634
-1.36872193177046
5.8517896011437
6.55780441853582
-1.64340093664689
-0.794753372587635
2.19462455838316
4.22429162138048
-0.1170750675808
3.79812872336377
8.87662732060979
11.0398242600276
9.90384481870839
9.0087717844243
5.61805598564382
-1.08882701350513
3.359356143304
2.28844552256551
12.5318125583741
0.920519081405246
8.8656312406291
-1.14675448456171
1.51779502903076
-4.21992399866038
0.354379167247281
-2.01658441034223
9.00277648438496
-2.40472617857423
2.90330192814096
4.88961393440049
3.22117422316628
3.9570625028694
-0.398152003451166
4.69534312320782
1.64865674994678
4.49443722332838
-1.99827039091266
3.02266429755992
4.63437280781692
2.56365311363064
1.56696365338538
6.37724188708865
-2.26449243501426
-1.83534389309115
5.83736187567817
2.43349299412904
10.4832344179234
5.79043406602756
7.1807018852261
3.74399359038054
3.0654240412523
-2.44353796385588
-4.40627131444232
0.865326392919063
0.513602115661917
1.88757268955966
7.87923064199675
0.66979668840851
-3.66858284869131
2.86072020131849
5.86307747217073
-3.40749274548096
3.86564311849214
-3.28029629107651
15.3088071884075
-5.76070296947081
-3.12602859834331
