# predict_model; Vecm
# max_attributes; 15
# description; Austrailan macroeconomic dataset
# number_predictions; 75
# predict; IP-ME
# lag_parameter; 4
# horizon; 1
# name_prefix; aus_macrodata
# method; Hits_granger__graph(n_components=11)
# prediction_type; rolling
"V1"
9.46469153897417
25.4183987519177
-31.3877670481424
0.14297045895724
19.2083046976663
-1.27182997677114
-21.4450604898374
5.95459485823204
55.067233930381
41.257604338851
8.6016723089645
18.7067329674141
31.5904795546128
-35.2443914412393
-23.4685304396509
15.5506171523722
1.12282524972546
12.9454146099585
13.0665166612385
18.3882996091258
8.01484380024442
-2.38998880795975
-15.3489472071732
2.43172334027933
-2.8236533145579
15.1900887234484
-20.7920515722301
14.0359760728542
-7.96252159649606
12.2681445994322
-10.0495816016002
-12.0426077446208
-3.34203603290617
4.3828730922275
-5.63376590815079
1.28967923903413
10.1559412681023
13.4984868963945
10.0553120374978
20.3966218616358
-7.29744269074578
-21.4995252966476
-20.6757120048136
13.350579420493
15.0855091681612
-23.4424918857584
18.0618488318279
33.0126828310417
4.69722250659501
50.1266490948816
-30.7961915759972
-52.4907119668907
-28.7336800117357
9.26589477453923
-7.15731600786161
42.1749907930311
9.80960143652963
1.43243494524823
1.35668961019626
-8.12896571868474
-5.9043007665751
-37.9722749324397
-18.7003768023441
19.0745642004613
0.596131387888915
22.1222060978987
26.4126032697196
-36.6875138665887
10.3354192272848
-17.9543072733102
10.9501047608092
-10.7802500574264
9.98458636337813
-0.666378895775063
-28.2346228534067
