# predict_model; Vecm
# max_attributes; 15
# description; Austrailan macroeconomic dataset
# number_predictions; 75
# predict; RHDI
# lag_parameter; 4
# horizon; 1
# name_prefix; aus_macrodata
# method; Hits_granger__graph(n_components=12)
# prediction_type; rolling
"V1"
3.39958776339022
2.34668960386833
8.478114853157
5.33012444636005
12.1740261713504
-1.30220076206234
-2.01972880033648
4.47170145663729
0.140072327763614
-2.05121588963489
13.4607287751559
6.94844744314703
5.0122924222961
2.61273745622348
3.62391148570867
19.777800451298
-8.74662440653029
-15.5688871626566
-0.8517590507069
16.9575209197559
1.73996508675779
10.206972804359
15.5076048587771
4.9837666272543
14.8132361386258
-19.3959399494378
-8.85649013142242
5.13358259581561
6.97908485524909
-0.854703827933388
-7.3483051010372
7.68409056467385
1.91965467052502
18.8532283816014
0.909568281169486
12.9819204053189
2.36603365943164
4.80020391959047
6.11228386515394
-3.58638675595658
2.71534321841011
-0.906937506909324
3.85700815721556
3.15490159456796
6.42715399256927
6.42589460443107
9.74969850752939
8.88993556863766
2.92016917848408
3.52758204984007
5.48985194692707
8.28771395893893
2.89296902030808
12.8580706804314
-9.35132524494054
5.10217208065444
6.36520904415898
10.9426340665244
5.64984064750006
-0.833187566241512
12.5315350565334
-7.07792080898998
-5.43253045107066
13.5227582026818
1.07929292414714
11.839461455342
-11.5896643037684
2.84328600297841
-15.4064894957666
4.75164414422432
7.55369050136335
-9.95407934591429
7.33399176792073
4.64093593695415
0.221323925596544
